site	in_koel	neher2016_category	neher2016_note	in_neher2016	harvey2023_category	harvey2023_note	in_harvey2023	shah2024_category	shah2024_note	in_shah2024	plos2015_geometric_predicted_dn_ds_gt1	plos2015_note	plos2015_gene_site	plos2015_wiley81_class	plos2015_wiley87_class	plos2015_bush99_class	plos2015_shih07_class	plos2015_pan11_class	plos2015_meyer14_group	plos2015_koel13_group	plos2015_b_human_linear	plos2015_b_human_nonlinear	plos2015_fel_dnds	plos2015_fel_dnds_internal	plos2015_slac_dn_all	plos2015_rate4site	plos2015_distance_to_sa	plos2015_notes	plos2015_pan11_site	plos2015_meyer14_site	plos2015_koel13_site	virus_evolution2016_koel_table_site	virus_evolution2016_dn_ds	virus_evolution2016_dn_ds_percentile	virus_evolution2016_inv_distance_r	virus_evolution2016_inv_distance_percentile	virus_evolution2016_gene_site	virus_evolution2016_unpassaged_tips_dnds	virus_evolution2016_nonsiat_tips_dnds	virus_evolution2016_siat_tips_dnds	virus_evolution2016_cell_tips_dnds	virus_evolution2016_egg_tips_dnds	virus_evolution2016_unpassaged_tips_dnds_rank	virus_evolution2016_nonsiat_tips_dnds_rank	virus_evolution2016_siat_tips_dnds_rank	virus_evolution2016_cell_tips_dnds_rank	virus_evolution2016_egg_tips_dnds_rank	lightgbm_review_koel_table_site	lightgbm_review_passage_shap_rank	lightgbm_review_date_shap_rank	lightgbm_review_dn_ds_rank	lightgbm_review_leisr_rank	lightgbm_review_entropy_rank	lightgbm_review_gene_site	lightgbm_review_mean_shap_passage	lightgbm_review_mean_shap_date	lightgbm_review_dnds	lightgbm_review_mean_leisr	lightgbm_review_mean_entropy	lightgbm_review_pval_positive_selection	lightgbm_review_mean_shap_passage_rank	lightgbm_review_mean_shap_date_rank	lightgbm_review_dnds_rank	lightgbm_review_mean_leisr_rank	lightgbm_review_mean_entropy_rank	lightgbm_review_passage_top_feature_count	lightgbm_review_passage_top_feature_terms	lightgbm_review_date_top_site_rank	h3n2_site_state_rank	h3n2_site_state_mean_abs_shap	h3n2_substitution_rank	h3n2_substitution_mean_abs_shap	h3n2_patristic_site_state_rank	h3n2_patristic_site_state_mean_abs_shap	h3n2_patristic_substitution_rank	h3n2_patristic_substitution_mean_abs_shap	wic_full_site_state_rank	wic_full_site_state_mean_abs_shap	wic_full_substitution_rank	wic_full_substitution_mean_abs_shap	wic_patristic_site_state_rank	wic_patristic_site_state_mean_abs_shap	wic_patristic_substitution_rank	wic_patristic_substitution_mean_abs_shap	wic_filtered_site_state_rank	wic_filtered_site_state_mean_abs_shap	wic_filtered_substitution_rank	wic_filtered_substitution_mean_abs_shap	wic_filtered_patristic_site_state_rank	wic_filtered_patristic_site_state_mean_abs_shap	wic_filtered_patristic_substitution_rank	wic_filtered_patristic_substitution_mean_abs_shap
1	False			False			False			False	False		17								0.0	0.0	0.584289137	0.255600912		-0.005638			False	False	False	False					17	0.737875777592	0.71766017921	0.0	0.724045791463	0.0	122	177	167	218	31	False						17	1.1108790711590211e-06	0.0	0.5511341379105748	1.038302456634724	0.015278290672456	0.0095862484907736	216	145	87	180	199	0			125	0.0018454957558729	341	0.0	133	0.0012482194983986	160	3.2164025874999143e-05	129.0	0.0006247500455708	121.0	0.0005366775448362	133.0	0.0006355897785191	111.0	0.0007490315510277	133.0	0.0002146710544438	146.0	0.0	133.0	0.0003037484622252	146.0	0.0
2	False			False			False			False	False		18								0.0	0.0	0.611085813	0.887535369		0.7147			False	False	False	False					18	0.482756020641	1.44296636194	0.484337134835	1.92745086135	0.0	190	100	129	106	31	False						18	0.0001134827194474	3.4647222608166807e-06	0.5462421002694756	3.610556700945159	0.1222805305687585	0.0051808159655159	96	49	88	32	78	0			35	0.0209687562830773	71	0.0065157935911981	35	0.0170800184234603	72	0.0062336854816941	118.0	0.0009590697379218	110.0	0.0007981644101137	120.0	0.0010084712827959	107.0	0.0008483427286774	56.0	0.0040182549336743	60.0	0.001902721328192	54.0	0.0046510589642195	55.0	0.0023217254568846
3	False			False			False			False	False		19	N	N			P			0.0	0.0	2.305518852	3.224666296		3.268		Not plotted in 1981 and 1987	True	False	False	False					19	3.96065961885	6.95443272036	0.487774151516	7.40133694972	0.0	3	8	122	8	31	False						19	0.0020118178901316	0.000148417445873	0.999936166922418	4.893312526483603	0.7477423836323397	0.0031249037092211	14	2	43	10	16	0		2	51	0.0127166005026761	48	0.0137815125432075	54	0.0091452321984135	37	0.0167644372900082	48.0	0.0130837952009087	34.0	0.0174146975273749	38.0	0.0169908702562641	58.0	0.0071322964982201	29.0	0.0148794331089822	28.0	0.0136309697443713	30.0	0.0123092853616035	33.0	0.0076817823718302
4	False			False			False			False	False		20								0.0	0.0	0.210064247	0.0		-0.07925			False	False	False	False					20	0.5	1.5	0.999823079054	2.49985048343	0.0	141	89	50	72	31	False						20	5.81807324039923e-07	0.0	0.466215364283842	1.665245202558635	0.0162162077069411	0.0001323027419305	233	145	114	109	190	0			305	0.0	418	0.0	294	0.0	296	0.0	147.0	0.0004221220860745	142.0	0.0002681068276007	146.0	0.0004711225341097	148.0	0.0002192798370387	112.0	0.0005385214152476	118.0	4.562976750913654e-05	115.0	0.0005914115166515	124.0	4.357544579665378e-06
5	False			False			False			False	False		21					P			0.0	0.0	0.807681672	0.413881332		2.975			True	False	False	False					21	2.06374079405	4.14313605154	1.53931467135	4.1310157454	0.0	18	22	19	35	31	False						21	0.0002016979642778	2.566046464656769e-06	0.4362301643202786	4.069497426919553	0.1476570680602035	3.292578278772258e-06	78	56	122	24	71	0			306	0.0	157	9.634742530781382e-05	173	0.0001946327506979	158	4.3287215699671294e-05	132.0	0.0005555226416262	123.0	0.000529420405346	116.0	0.0010877940789791	124.0	0.0004603879433978	113.0	0.0005119077625756	117.0	6.448854022320868e-05	100.0	0.0010255957579554	104.0	0.0002571156659095
6	False			False			False			False	False		22								0.0	0.0	0.495001958	0.287718302		0.1509			False	False	False	False					22	1.37231924389	0.453063467305	0.918274471218	1.36291800166	0.0	64	238	61	145	31	False						22	4.031624276846587e-05	2.0921580516312186e-07	0.8995218577852546	1.825900469965772	0.0459606036166229	0.3733692356402947	134	109	53	94	114	0			138	0.0014877218226634	116	0.0020698837612607	131	0.0012603221283286	143	0.0003415426590389	70.0	0.0047969637823032	68.0	0.0050134626123567	76.0	0.0038879927065788	70.0	0.0043792969475775	67.0	0.0026595701823408	48.0	0.0047475140159135	61.0	0.0037236467208565	49.0	0.004349699320814
7	False			False			False			False	False		23								0.0	0.0	0.508981185	0.548740694		0.5265			False	False	False	False					23	0.457187706777	1.81133877953	0.918149101228	3.1790031414	0.0	201	78	65	50	31	False						23	1.9869837962435124e-05	0.0	1.241674243014987	1.941609060155906	0.0253185323319025	0.6873262362656632	154	145	22	86	152	0			345	0.0	417	0.0	310	0.0	307	0.0	92.0	0.0028103701233249	77.0	0.0037084445433257	92.0	0.0023662515463462	79.0	0.0032093657624304	84.0	0.0012687346398615	80.0	0.0009449895347707	84.0	0.0014319820816183	80.0	0.0008237462018646
8	False			False			False			False	False		24								0.0	0.0	0.535521125	0.136379508		0.2266			False	False	False	False					24	0.914117266924	2.26402337917	0.459093192662	2.72465971295	0.0	112	55	143	65	31	False						24	0.0001423593133367	6.041466125019605e-07	0.4978281683521384	1.655446842438277	0.0401703691075318	0.0008958094384971	85	84	102	112	120	0			59	0.0087466013325769	108	0.002550647280641	49	0.010760260689951	123	0.0010085490449552	81.0	0.0033553981968283	72.0	0.0041602347598204	88.0	0.0026177936902531	75.0	0.0033977509197712	49.0	0.0050431694919527	43.0	0.0054168512968312	55.0	0.004384645030265	50.0	0.004074562470857
9	False			False			False			False	False		25	N	N						0.0	0.0	0.585722881	2.085783469		0.3775	112.8961392		False	False	False	False					25	0.457058633462	2.26400209542	0.459074550614	2.72460442167	0.0	211	56	146	66	31	False						25	7.142555392181857e-05	1.837394084621687e-06	1.4637475258878885	3.410024527394831	0.0568000650977325	0.8460443114169681	113	61	16	37	104	0			352	0.0	416	0.0	311	0.0	298	0.0	181.0	0.000106872380908	176.0	2.873364925598128e-05	182.0	0.0001293339918851	170.0	5.783039690583196e-05	126.0	0.0002797884188744	121.0	3.901444534899017e-05	131.0	0.0003644715175442	120.0	3.0295283253186843e-05
10	False			False			False			False	False		26								0.0	0.0	1.200740404	0.811517162		1.248	109.4205617		False	False	False	False					26	0.998358341184	2.98985448833	1.49814402734	4.48738155897	0.0	96	32	27	33	31	False						26	0.0001721415348582	8.396959736348315e-07	0.4287825519326432	2.852166235554865	0.1009315303877719	2.502675465270106e-13	81	78	129	55	87	0			339	0.0	415	0.0	157	0.0004441562355344	157	6.094536939749652e-05	141.0	0.0004561034052397	124.0	0.0005159648229686	149.0	0.0004461972964265	123.0	0.0004722692333021	88.0	0.0011949781652697	67.0	0.0016013843658193	87.0	0.0013115544688992	77.0	0.0009595776355781
11	False			False			False			False	False		27								0.0	0.0	0.037715155	0.0	0.0	-0.6478	105.7545935		False	False	False	False					27	0.0	0.0	0.0	0.0	0.0	223	265	167	293	31	False						27	0.0	0.0	0.0661659425737115	0.2425389703651312	0.0019296871847121	5.136240388924951e-11	279	145	354	328	378	0			324	0.0	414	0.0	349	0.0	266	0.0	212.0	0.0	233.0	0.0	215.0	0.0	232.0	0.0	213.0	0.0	241.0	0.0	214.0	0.0	241.0	0.0
12	False			False			False			False	False		28								0.0	0.0	0.431094345	0.165240917	3.499343365	-0.02397	102.5472521		False	False	False	False					28	0.499847753767	1.99657215063	0.99950442716	2.99586057533	0.0	164	66	52	54	31	False						28	4.759375555606479e-05	0.0	0.2213297149321755	1.379391275795408	0.0205214004572242	3.068066629759638e-16	124	145	201	137	168	0			326	0.0	413	0.0	356	0.0	347	0.0	177.0	0.0001305360929513	165.0	8.301840024535492e-05	169.0	0.0001931573103507	160.0	0.000134483790357	115.0	0.0004259457864946	112.0	0.0001189323888262	124.0	0.000440727961169	114.0	5.739916487562205e-05
13	False			False			False			False	False		29								0.0	0.0	0.077667761	0.0	0.814198935	-0.5596	99.298575		False	False	False	False					29	0.0	0.0	0.0	0.0	0.0	223	265	167	293	31	False						29	0.0	0.0	0.0725090122367602	0.0826930068364431	0.001280511389093	3.6987093311762004e-10	279	145	335	390	401	0			328	0.0	412	0.0	316	0.0	349	0.0	168.0	0.0002044419411413	231.0	0.0	155.0	0.0003434977217798	230.0	0.0	212.0	0.0	242.0	0.0	160.0	9.864900212469622e-06	242.0	0.0
14	False			False			False			False	False		30								0.0	0.0	9.56e-17	0.0	0.0	-0.6819	96.21634621		False	False	False	False					30	0.0	0.0	0.0	0.0	0.0	223	265	167	293	31	False						30	0.0	0.0	0.0047022804904878	0.0	0.0	3.5329470401506956e-17	279	145	522	445	493	0			261	0.0	411	0.0	329	0.0	351	0.0	174.0	0.0001662874956796	225.0	0.0	179.0	0.0001548007328748	224.0	0.0	211.0	0.0	243.0	0.0	213.0	0.0	243.0	0.0
15	False			False			False			False	False		31								0.0	0.0	0.148679073	0.0	1.659583599	-0.2919	92.88451486		False	False	False	False					31	0.500383174134	1.00013747319	0.0	1.00010044982	0.0	133	124	167	164	31	False						31	0.0	0.0	0.6139757046207256	1.242886171914791	0.0096296742966558	0.0790272110346999	279	145	76	156	241	0			208	0.0	155	0.0001667804161988	195	1.524885883943178e-05	134	0.0007966590925899	171.0	0.0001890200112931	148.0	0.0001893154547822	166.0	0.0002361378965806	151.0	0.0002040901619526	210.0	0.0	244.0	0.0	212.0	0.0	244.0	0.0
16	False			False			False			False	False		32								0.0	0.0	9.56e-17	0.0	0.0	-0.6907	89.69408425		False	False	False	False					32	0.0	0.0	0.0	0.0	0.0	223	265	167	293	31	False						32	0.0	0.0	0.0258479242728511	0.0825694155589837	0.0004268380723889	8.895278703034268e-28	279	145	446	403	447	0			219	0.0	410	0.0	331	0.0	333	0.0	218.0	0.0	221.0	0.0	210.0	0.0	220.0	0.0	209.0	0.0	245.0	0.0	211.0	0.0	245.0	0.0
17	False			False			False			False	False		33								0.0	0.0	0.160898737	0.142051851	0.898126819	-0.3922	86.00470789		False	False	False	False					33	0.0	0.0	0.0	0.0	0.0	223	265	167	293	31	False						33	0.0	0.0	0.0312749278549414	0.0779536171649884	0.0008536752020946	3.499422026474212e-16	279	145	412	441	418	0			204	0.0	409	0.0	315	0.0	312	0.0	245.0	0.0	220.0	0.0	222.0	0.0	219.0	0.0	208.0	0.0	246.0	0.0	210.0	0.0	246.0	0.0
18	False			False			False			False	False		34								0.0	0.0	0.040192883		0.448907961	-0.6374	83.8549379		False	False	False	False					34	0.457110235575	0.905635897646	0.459130549555	1.36239468217	0.0	203	160	141	149	31	False						34	0.0	0.0	0.1501824220297851	0.3900745537767779	0.0056201690080346	8.907647532842781e-05	279	145	244	285	282	0			201	0.0	407	0.0	263	0.0	316	0.0	244.0	0.0	219.0	0.0	224.0	0.0	218.0	0.0	207.0	0.0	247.0	0.0	209.0	0.0	247.0	0.0
19	False			False			False			False	False		35								0.0	0.0	0.075444474	0.0	1.000032061	-0.573	81.95486641		False	False	False	False					35	0.5	0.500042877568	1.00008848966	2.00023926032	0.0	141	196	46	95	31	False						35	4.663550664042204e-05	0.0	0.1948957835586768	0.4042152133032187	0.0064902164760511	0.0010627173387444	125	145	217	275	272	0			243	0.0	396	0.0	203	0.0	320	0.0	72.0	0.0045483136579883	73.0	0.0041233935405998	75.0	0.0040243335767521	72.0	0.0036340338381057	71.0	0.0022626623495019	61.0	0.0018951665317401	72.0	0.0022050158918804	63.0	0.0015173326173452
20	False			False			False			False	False		36								0.0	0.0	0.203211119	0.149596421	0.0	-0.347	79.87641726		False	False	False	False					36	0.0	0.0	0.0	0.0	0.0	223	265	167	293	31	False						36	0.0	0.0	0.1274117927159913	0.6394108253094037	0.0062181786768786	3.4930664545213832e-09	279	145	267	226	273	0			145	0.0007204817267624	119	0.0019495678319259	166	0.0003338634221508	132	0.000835418310362	243.0	0.0	218.0	0.0	238.0	0.0	217.0	0.0	206.0	0.0	248.0	0.0	155.0	3.872445207362021e-05	248.0	0.0
21	False			False			False			False	False		37								0.0	0.0	0.336670019	0.486110298	1.500164718	0.2889	79.96156591		False	False	False	False					37	0.0	1.00010510185	0.500044220406	1.50015827799	0.0	223	125	95	124	31	False						37	0.0002721035449161	3.864620015512203e-08	0.4288493689726594	1.190672136880034	0.0757346368293907	0.0022608003638117	68	133	128	161	93	0			174	0.0001348120841106	142	0.0007391406845165	178	0.0001467059593353	141	0.0003564081323913	47.0	0.0147822597495289	42.0	0.0145391298123382	41.0	0.0156489710765269	28.0	0.0184964030023435	37.0	0.0105556465454774	25.0	0.0155798649732476	35.0	0.0106895291681806	16.0	0.0200218475856583
22	False			False			False			False	False		38								0.0	0.0	5.84e-16	0.0	0.0	-0.7225	76.57601239		False	False	False	False					38	0.0	0.0	0.0	0.0	0.0	223	265	167	293	31	False						38	0.0	0.0	0.0273052234513902	0.1652478288328031	0.0016050997582803	3.038078534506842e-27	279	145	429	356	392	0			224	0.0	406	0.0	199	0.0	259	0.0	192.0	4.840667819614916e-05	235.0	0.0	195.0	5.0389205871802565e-05	234.0	0.0	205.0	0.0	249.0	0.0	208.0	0.0	249.0	0.0
23	False			False			False			False	False		39								0.0	0.0	5.84e-16	0.0	0.0	-0.6907	74.5130017		False	False	False	False					39	0.0	0.0	0.0	0.0	0.0	223	265	167	293	31	False						39	0.0	0.0	0.0025047468724028	0.0	0.0	6.364298280610983e-26	279	145	539	445	493	0			228	0.0	405	0.0	254	0.0	189	0.0	226.0	0.0	252.0	0.0	230.0	0.0	251.0	0.0	203.0	0.0	250.0	0.0	207.0	0.0	250.0	0.0
24	False			False			False			False	False		40								0.0	0.0	0.086090144	0.0	0.499976558	-0.5846	71.30337685		False	False	False	False					40	0.49983566628	0.5	0.0	0.5	0.0	165	199	167	239	31	False						40	1.8987276266454008e-06	0.0	0.1261390893890175	0.892614348467205	0.0070064861771723	6.001113925161593e-31	203	145	268	196	268	0			231	0.0	404	0.0	222	0.0	191	0.0	228.0	0.0	248.0	0.0	231.0	0.0	247.0	0.0	193.0	0.0	251.0	0.0	205.0	0.0	251.0	0.0
25	False			False			False			False	False		41					P			0.0	0.0	0.826580338	0.612562158	5.378250216	0.9954	70.65806506		True	False	False	False					41	1.76641951989	1.06608110264	0.704204918047	2.12804288351	0.0	32	114	79	88	31	False						41	0.0003071076401519	9.835959137121502e-08	1.2134621167660584	4.907152342921133	0.2096315977878212	0.4242492625970153	62	120	24	9	55	0			67	0.0067359371248149	51	0.0129581152718829	114	0.0019636901777546	62	0.0079301339119313	73.0	0.004121795050188	57.0	0.00831296090843	84.0	0.0028330098218319	56.0	0.0072573930463438	82.0	0.0013452696862095	58.0	0.0019156787863395	80.0	0.0016203449119367	57.0	0.0019790666448176
26	False			False			False			False	False		42								0.0	0.0	5.84e-16	0.0	0.0	-0.7214	69.28775094		False	False	False	False					42	0.0	0.0	0.0	0.0	0.0	223	265	167	293	31	False						42	0.0	0.0	0.0096236835221989	0.0	0.0	1.2390876230347509e-15	279	145	492	445	493	0			387	0.0	403	0.0	223	0.0	199	0.0	238.0	0.0	247.0	0.0	233.0	0.0	246.0	0.0	202.0	0.0	252.0	0.0	196.0	0.0	252.0	0.0
27	False			False			False			False	False		43								0.0	0.0	0.394753366	1.023783422	2.400503061	0.2047	68.92714556		False	False	False	False					43	0.965961501261	1.44305102453	0.0	1.44504920341	0.0	100	99	167	138	31	False						43	9.1683837901719e-06	0.0	0.2090855237943193	1.145969469000258	0.0135404304511231	6.473600524946923e-06	174	145	208	166	209	0			487	0.0	402	0.0	224	0.0	202	0.0	144.0	0.0004381949402154	133.0	0.0003905990476773	160.0	0.0002745517743329	144.0	0.0002539915067874	131.0	0.0002311226988524	97.0	0.0004628132522931	136.0	0.0002551285827397	105.0	0.0002349147098973
28	False			False			False			False	False		44								0.0	0.0	9.56e-17	0.0	0.0	-0.7239	71.01795056		False	False	False	False					44	0.0	0.0	0.0	0.0	0.0	223	265	167	293	31	False						44	0.0	0.0	0.0746101454177062	0.2431421127984135	0.0018374185700438	6.00907280811465e-08	279	145	326	324	382	0			489	0.0	401	0.0	225	0.0	206	0.0	241.0	0.0	245.0	0.0	244.0	0.0	240.0	0.0	201.0	0.0	240.0	0.0	204.0	0.0	240.0	0.0
29	False			False			False			False	False		45								0.0	0.0	0.134668256	0.0	0.478997484	-0.503	71.71200864		False	False	False	False					45	0.0	0.0	0.0	0.0	0.0	223	265	167	293	31	False						45	5.8395515342226844e-08	0.0	0.1717907736919606	0.5044181985112755	0.0057720604113482	1.082502458674402e-07	269	145	229	246	279	0			492	0.0	400	0.0	229	0.0	167	0.0	164.0	0.0002253093658119	149.0	0.0001832377979703	197.0	4.739751728985805e-05	167.0	6.547740476218216e-05	200.0	0.0	253.0	0.0	203.0	0.0	253.0	0.0
30	False			False			False			False	False		46								0.0	0.0	0.344627081	0.136099939	3.498686839	-0.1646	74.29365708		False	False	False	False					46	1.49926034422	1.49923048799	0.5	1.4994460201	0.0	48	94	99	131	31	False						46	4.958001861117698e-05	8.516027285278914e-07	0.264327366303678	0.811483938004545	0.027603114189329	8.607085274000588e-07	123	76	172	203	143	0			496	0.0	399	0.0	233	0.0	177	0.0	165.0	0.0002231765825568	143.0	0.0002547403711226	173.0	0.0001824866170788	157.0	0.0001599489434834	136.0	0.0002060560928403	104.0	0.0002740837493377	139.0	0.0002211051893272	110.0	0.0001071324307598
31	False			False			False			False	False		47	N	N						0.0	0.0	0.742998944	1.923030119	4.488907278	0.5897	73.25157911		False	False	False	False					47	1.82823453385	4.52809199541	1.37722365184	4.54106900861	0.0	29	19	39	28	31	False						47	0.0002422009397534	6.257470492654698e-07	1.37339937685591	3.916149297995348	0.1753512832903562	0.6823825952456006	70	82	19	26	63	0			124	0.0018503259774358	92	0.004087377906919	128	0.0013178445650522	75	0.0057994439650862	109.0	0.0015085861733263	99.0	0.001221643823072	119.0	0.001025433291843	100.0	0.0011040984302353	76.0	0.0015278842877437	69.0	0.0015125640269179	85.0	0.0014046287269932	61.0	0.0016559467534144
32	False			False			False			False	False		48								0.0	0.0	0.145157824	0.311763929	1.3467897	-0.3621	70.10689773		False	False	False	False					48	0.914140579623	0.0	0.918372962699	1.36242992287	0.0	111	265	60	148	31	False						48	2.0706046998788689e-07	0.0	0.3355441625822329	0.9695157964669948	0.0142298372891636	0.0006881211799089	255	145	150	191	205	0			501	0.0	398	0.0	486	0.0	180	0.0	187.0	7.06178091551787e-05	240.0	0.0	193.0	6.588245567547786e-05	239.0	0.0	199.0	0.0	255.0	0.0	200.0	0.0	255.0	0.0
33	False			False			False			False	False		49					P			0.0	0.0	1.138226213	1.807198409	12.48734541	0.8871	71.36903322		True	False	False	False					49	1.64235467118	1.56074300548	3.67239312462	4.94106373728	0.0	37	82	3	26	31	False						49	0.0016017999971189	3.402187438115548e-05	1.0005134223613288	4.851703538814923	0.5263315482604184	0.0009092393049836	17	17	40	11	29	0		14	502	0.0	397	0.0	491	0.0	241	0.0	40.0	0.0183278748514094	60.0	0.0073650400828139	29.0	0.0244408094625702	53.0	0.0085001371713996	36.0	0.0108699851509376	38.0	0.0067865711134613	41.0	0.0080243056230545	34.0	0.0076368316281146
34	False			False			False			False	False		50		N				EG1		0.0	1.0	0.314324871	1.118890041	1.916963554	-0.21	74.14917087		False	True	False	False					50	0.965062028948	0.0	0.0	0.0	0.0	103	265	167	293	31	False						50	5.16604356225584e-05	0.0	0.8901136959709	1.936983627892745	0.025964200927006	0.3566432255554604	121	145	54	88	149	0			113	0.0025420361894703	109	0.0024330501855239	112	0.0020289402150496	117	0.0013750630338478	184.0	8.036151187176208e-05	173.0	5.301100942416552e-05	188.0	0.0001079555313076	159.0	0.0001438082989929	118.0	0.0003777434243495	106.0	0.00021063617261	113.0	0.0006163912129755	103.0	0.0002977161487786
35	False			False			False			False	False		51								0.0	0.0	5.84e-16	0.0	0.0	-0.7106	74.9569584		False	False	False	False					51	0.0	0.0	0.0	0.0	0.0	223	265	167	293	31	False						51	0.0	0.0	0.0630451272225997	0.0804064543322552	0.0008025517645547	4.516797888956417e-09	279	145	365	419	434	0			481	0.0	419	0.0	493	0.0	253	0.0	215.0	0.0	226.0	0.0	249.0	0.0	252.0	0.0	198.0	0.0	256.0	0.0	215.0	0.0	256.0	0.0
36	False			False			False			False	False		52						EG1		0.0	1.0	0.081247351	0.0	0.0	-0.5721	74.99147919		False	True	False	False					52	0.0	0.0	0.0	0.0	0.0	223	265	167	293	31	False						52	0.0	0.0	0.0052686174749469	0.0	0.0	5.281678503300137e-17	279	145	520	445	493	0			460	0.0	408	0.0	495	0.0	258	0.0	208.0	0.0	188.0	0.0	213.0	0.0	191.0	0.0	194.0	0.0	257.0	0.0	233.0	0.0	257.0	0.0
37	False			False			False			False	False		53								0.0	0.0	3.18e-16	0.0	0.0	-0.7239	75.65948794		False	False	False	False					53	0.0	0.499987587753	0.0	0.499991338486	0.0	223	212	167	247	31	False						53	0.0	0.0	0.0262232608282798	0.0809933772243387	0.0015028528832004	1.2541266543300999e-19	279	145	440	406	398	0			469	0.0	420	0.0	498	0.0	249	0.0	248.0	0.0	187.0	0.0	214.0	0.0	192.0	0.0	217.0	0.0	258.0	0.0	232.0	0.0	258.0	0.0
38	False			False			False			False	False		54								0.0	0.0	0.041177206	0.0	0.44889503	-0.6505	72.13160225		False	False	False	False					54	0.0	0.452791621122	0.0	0.454094560677	0.0	223	249	167	280	31	False						54	0.0	0.0	0.0675887244878808	0.0826035725261293	0.0020126378377587	3.9798275249296886e-08	279	145	348	398	370	0			471	0.0	434	0.0	499	0.0	237	0.0	289.0	0.0	186.0	0.0	212.0	0.0	186.0	0.0	230.0	0.0	259.0	0.0	230.0	0.0	259.0	0.0
39	False			False			False			False	False		55								0.0	0.0	3.18e-16	0.0	0.0	-0.7216	68.79847508		False	False	False	False					55	0.0	0.0	0.0	0.0	0.0	223	265	167	293	31	False						55	0.0	0.0	0.0267931265095698	0.1616631196853783	0.001229387951553	1.186806604237182e-18	279	145	436	367	404	0			503	0.0	444	0.0	503	0.0	215	0.0	304.0	0.0	193.0	0.0	308.0	0.0	187.0	0.0	229.0	0.0	260.0	0.0	221.0	0.0	260.0	0.0
40	False			False			False			False	False		56								0.0	0.0	0.086097212	0.194783733	0.499994678	-0.5846	65.34824155		False	False	False	False					56	0.0	0.0	0.0	0.0	0.0	223	265	167	293	31	False						56	0.0	0.0	0.0636067727511753	0.1619950629221069	0.0016562231958202	1.3740150873612568e-11	279	145	362	363	388	0			534	0.0	443	0.0	484	0.0	219	0.0	298.0	0.0	194.0	0.0	307.0	0.0	198.0	0.0	227.0	0.0	261.0	0.0	220.0	0.0	261.0	0.0
41	False			False			False			False	False		57								0.0	0.0	9.68e-17	0.0	0.0	-0.7106	61.92731897		False	False	False	False					57	0.0	0.0	0.0	0.0	0.0	223	265	167	293	31	False						57	0.0	0.0	0.0031375252769846	0.0	0.0	6.6602165529859096e-43	279	145	532	445	493	0			536	0.0	442	0.0	461	0.0	233	0.0	247.0	0.0	199.0	0.0	306.0	0.0	200.0	0.0	218.0	0.0	262.0	0.0	219.0	0.0	262.0	0.0
42	False			False			False			False	False		58								0.0	0.0	0.077635952	0.0	0.813467049	-0.5597	59.89325312		False	False	False	False					58	0.0	0.0	0.0	0.0	0.0	223	265	167	293	31	False						58	2.2793610896701657e-07	0.0	0.1089022169073033	0.2486904622237521	0.0028011969321538	2.515228350657161e-09	253	145	286	310	343	0			544	0.0	441	0.0	463	0.0	490	0.0	295.0	0.0	200.0	0.0	305.0	0.0	199.0	0.0	204.0	0.0	263.0	0.0	195.0	0.0	263.0	0.0
43	False			False			False			False	False		59								0.0	0.0	0.121900762	0.0	0.499995943	-0.4971	56.69600104		False	False	False	False					59	0.0	0.0	0.0	0.0	0.0	223	265	167	293	31	False						59	0.0	0.0	0.2049410578420642	1.43811218543626	0.0121372372512194	2.524318728112055e-09	279	145	209	130	218	0			546	0.0	440	0.0	475	0.0	457	0.0	193.0	4.64933068502657e-05	179.0	1.0898097448201651e-05	198.0	4.552974858211747e-05	177.0	3.749578465070707e-05	192.0	0.0	264.0	0.0	188.0	0.0	264.0	0.0
44	False			False			False			False	False		60			C					0.0	0.0	5.84e-16	0.0	0.0	-0.7149	54.28661436		False	False	False	False					60	0.0	0.0	0.0	0.0	0.0	223	265	167	293	31	False						60	1.3628458421739973e-06	0.0	0.3196922882668249	0.5587118005185987	0.0061513599042572	2.384785258820757e-05	211	145	158	242	274	0			135	0.0015162815858129	135	0.001208978191628	115	0.0019498277765752	115	0.001383117346423	294.0	0.0	202.0	0.0	298.0	0.0	205.0	0.0	190.0	0.0	265.0	0.0	172.0	0.0	265.0	0.0
45	False			False			False	aggregated_top20_epitope_C	Aggregated across seasonal top-20 sites in Fig. 4a; epitope C.	True	False		61			C		P			0.0	0.0	1.684685614	4.241359232	17.07683135	3.102	53.10285434		True	False	False	False					61	3.19974345884	5.8868187881	0.0	5.4496988515	0.0	8	12	167	20	31	False						61	0.000304475022048	2.1050188443889687e-05	0.5011776215661521	2.905398292540597	0.4476368468968356	0.0015319551891067	63	21	99	50	36	0		18	95	0.0037989740239942	53	0.0126986530956888	81	0.004652027053483	76	0.0045306357933571	24.0	0.0336526725099444	39.0	0.0151731383670253	23.0	0.0322263300842088	45.0	0.0101701235154167	9.0	0.0499100160195733	29.0	0.0132896080100724	9.0	0.0436201885071845	35.0	0.0073120898847747
46	False			False			False			False	False		62			C					0.0	0.0	0.288104947	0.245551716	1.499936223	-0.3377	51.69672399		False	False	False	False					62	0.0	0.499989303208	0.0	0.499992533955	0.0	223	208	167	245	31	False						62	4.511721877534666e-05	1.137082267502698e-07	0.6212264063833607	2.078064421790032	0.0867018643177492	0.0023083309899315	127	117	75	80	90	0			548	0.0	439	0.0	476	0.0	462	0.0	87.0	0.0031339065390215	105.0	0.0009981008619599	97.0	0.0021342938649559	109.0	0.0008008624454001	62.0	0.0032861870321424	266.0	0.0	62.0	0.0037080905085227	266.0	0.0
47	False			False			False			False	False		63			C					0.0	0.0	0.609807332	0.856908901	3.943465782	-0.009944	48.95662383		False	False	False	False					63	0.551696242975	0.558000970608	0.0	0.556093937632	0.571402113676	129	185	167	226	15	False						63	4.558564120957976e-05	4.370395811521787e-07	0.5334034900860029	1.15851407890808	0.0506122657808638	0.0353144829470155	126	91	93	164	108	0			96	0.0035362152599644	438	0.0	72	0.0052672300097754	463	0.0	89.0	0.0029701231596106	86.0	0.0024805977603463	64.0	0.0060562979480961	71.0	0.0036770059304389	154.0	1.5189457614025203e-05	116.0	6.92479980072654e-05	159.0	1.0118701261905175e-05	117.0	4.005624722078153e-05
48	False			False			False			False	False		64		C	C					0.0	0.0	0.664503233	2.264258601	6.402431078	0.4067	48.53753069		False	False	False	False					64	1.64828541841	1.29496931737	0.717496478436	2.02344574876	0.0	35	112	78	90	31	False						64	0.0002695106237423	5.01908766140284e-06	0.6122933612037197	3.115701141420865	0.5269197209475365	0.0514944581954924	69	39	77	46	28	0			160	0.0004008073113634	111	0.0022444452831964	187	5.542840550132859e-05	145	0.0002945344383836	44.0	0.016040908406121	53.0	0.0104221738289298	46.0	0.012809088605442	57.0	0.0072165533775669	20.0	0.024244145555796	30.0	0.0130215983420273	19.0	0.0217951243908416	27.0	0.0093972575136367
49	False			False			False			False	False		65					P			0.0	0.0	0.706049329	1.214069414	4.991240509	2.484	45.01991225		True	False	False	False					65	1.50055870661	0.999994836361	0.499940582425	1.99995299953	0.498587834688	40	131	111	98	19	False						65	3.137240412762214e-05	0.0	0.775090092349365	2.317541634818765	0.0386620301448419	0.1641653237666421	142	145	59	70	123	0			192	3.031356131652144e-05	153	0.0001805240888329	175	0.0001718550560418	162	1.940468727903376e-05	83.0	0.0032331848469578	88.0	0.0022563052185335	81.0	0.0029882268964342	91.0	0.002010698221545	74.0	0.0017553826085228	72.0	0.0013040531638799	75.0	0.0019657491037066	67.0	0.0013480642930746
50	False			False			False			False	False		66		C	C	C	P			0.0	2.0	1.422049859	2.572793536	10.14045249	3.265	43.50343004		True	False	False	False					66	0.478457795626	0.94889683539	1.43033904392	2.3741582362	0.0	197	155	36	82	31	False						66	0.0005841546729615	4.448688001857145e-06	1.0851906280084778	3.401939613072605	0.4191977338948542	0.2414005052556098	44	42	29	38	38	0			55	0.0113426646901114	37	0.0200939780173615	56	0.0085599726415201	45	0.0130895588398085	26.0	0.0324190152443769	40.0	0.0150333418010925	19.0	0.0358894332984135	40.0	0.0119861077464252	18.0	0.0284107764959373	20.0	0.0237273695050584	17.0	0.0259205294013746	13.0	0.0227370989309721
51	False			False			False			False	False		67			C					0.0	0.0	0.105370548	0.091577304	0.711418793	-0.5032	42.01276532		False	False	False	False					67	0.35345841431	0.355542915573	0.704126802917	0.709616925545	0.0	216	261	80	221	31	False						67	2.3580147520672917e-07	0.0	0.1719070477618845	0.5882576932224677	0.0073624917707272	0.0020076627289494	251	145	228	228	262	0			528	0.0	437	0.0	538	0.0	475	0.0	120.0	0.0008804988576742	131.0	0.000395399853384	143.0	0.0005316288282814	131.0	0.0003916121054468	107.0	0.0006460482220118	254.0	0.0	107.0	0.0007782388172321	254.0	0.0
52	False			False			False			False	False		68								0.0	0.0	0.039799023	0.0	0.0	-0.5271	43.97559589		False	False	False	False					68	0.0	0.0	0.0	0.0	0.0	223	265	167	293	31	False						68	0.0	0.0	0.0038517973866823	0.0	0.0	3.795039047897021e-23	279	145	524	445	493	0			510	0.0	436	0.0	546	0.0	477	0.0	292.0	0.0	204.0	0.0	296.0	0.0	206.0	0.0	158.0	0.0	239.0	0.0	170.0	0.0	239.0	0.0
53	False			False	top25_site_C	Top-25 posterior inclusion position; antigenic site C in Fig 2 discussion.	True			False	False		69	C	C	C	C		EG1		0.0	2.0	1.789885057	10.66956633	13.4720214	3.268	42.10886786		False	True	False	False					69	4.1137603052	6.79608449459	4.13183853904	8.63165987835	0.0	2	9	2	6	31	False						69	0.0003954400458324	1.9611934188425687e-06	2.4784649455654444	10.94429123019586	0.3610467700414609	0.99991038306648	57	60	6	1	41	0			60	0.0086820169956726	20	0.0358958869313032	78	0.0049899624725761	27	0.0204444199987983	13.0	0.0505222020125095	16.0	0.0383067760925532	18.0	0.0360298113022939	19.0	0.0274248436518553	8.0	0.0640127259271275	9.0	0.0463262275811046	7.0	0.0579335512259894	6.0	0.0386147294944666
54	False			False			False			False	False		70	C	C	C	C		EG1		0.0	2.0	0.41295613	0.29476704	4.939823444	-0.01153	44.84549972		False	True	False	False					70	1.82797363442	2.26501257963	0.459074550614	1.36267212789	0.0	31	53	146	146	31	False						70	2.8266042918950573e-05	2.8176305430889345e-07	0.322817191406643	2.738552675053186	0.0380397809598838	1.579893299486253e-10	146	101	157	58	124	0			187	5.696825349539352e-05	435	0.0	121	0.001798113841336	129	0.0008938206080348	53.0	0.0113583682662501	35.0	0.0161690392825618	55.0	0.0091095919476317	42.0	0.0117846068995845	38.0	0.0104136640368575	17.0	0.0280481017756854	36.0	0.0105803148101084	20.0	0.0155734163173564
55	False			False			False			False	False		71								0.0	0.0	0.041968508	0.0	0.5	-0.5747	45.67303511		False	False	False	False					71	0.0	0.0	0.0	0.0	0.0	223	265	167	293	31	False						71	0.0	0.0	0.0329524640277041	0.3169310140182599	0.0038911780154421	4.929023943126484e-16	279	145	407	304	318	0			511	0.0	433	0.0	548	0.0	502	0.0	110.0	0.0014472248958259	206.0	0.0	96.0	0.0021438259777698	209.0	0.0	165.0	0.0	238.0	0.0	167.0	0.0	238.0	0.0
56	False			False			False			False	False		72								0.0	0.0	0.3219603	0.14196768	2.24475458	-0.06566	42.28288735		False	False	False	False					72	0.0	0.45281796797	0.0	0.454113048397	0.0	223	243	167	275	31	False						72	3.824124721152362e-05	1.0660370864886524e-06	0.1827996164177275	1.251491613193741	0.1235816700221739	3.220345036261952e-12	137	71	224	153	77	0			523	0.0	422	0.0	530	0.0	504	0.0	143.0	0.0004384799181912	130.0	0.0003975998708242	125.0	0.0007784290527338	135.0	0.0003420726929308	54.0	0.0043163048425764	79.0	0.0009511803234048	65.0	0.0035785784124762	106.0	0.0002050352501923
57	False			False			False			False	False		73			E	E	P			0.0	0.0	1.012647809	0.87952832	9.630528655	0.7059	39.19768416		True	False	False	False					73	0.750457375138	2.92343583145	2.29583405401	5.16946049086	0.0	120	33	9	21	31	False						73	0.0005477540626502	3.036292482010624e-07	0.4319791060733497	2.164780211550395	0.1298350945132975	2.484483352892401e-06	50	99	127	74	73	0			72	0.0055522732067478	88	0.0047465795845519	89	0.003705746108739	86	0.0036006768713176	91.0	0.0029302025536537	85.0	0.0025785774639539	63.0	0.0061328572975071	84.0	0.0025124036509417	81.0	0.0013583138070327	105.0	0.0002233683698285	79.0	0.0016366752563427	107.0	0.0001805703590301
58	False			False			False			False	False		74		N						0.0	0.0	0.404397932	0.121998991	3.834282973	-0.06385	37.0566743		False	False	False	False					74	1.4464072295	1.92279073855	0.483431870747	2.40636506657	0.0	58	70	135	80	31	False						74	0.000686528326958	2.4029868861973214e-07	0.9335356705920872	2.864999438128473	0.1382619440245377	0.0200285142595655	42	106	51	54	72	0			525	0.0	432	0.0	528	0.0	531	0.0	82.0	0.0032792872519319	136.0	0.0003610938272488	105.0	0.001631530758639	126.0	0.0004440146957021	91.0	0.001138065938899	91.0	0.0005968367370003	76.0	0.0018989945120098	94.0	0.0004485790328909
59	False			False			False			False	False		75			E					0.0	0.0	0.36543568	0.829004835	3.499727749	0.374	33.38254863		False	False	False	False					75	0.999940205653	1.50038764716	0.0	1.50046073407	0.0	91	86	167	122	31	False						75	1.678765343097222e-05	0.0	0.4927591463704072	1.243270536706982	0.0132960866997954	0.0176551026534626	158	145	104	155	212	0			505	0.0	431	0.0	527	0.0	536	0.0	163.0	0.0002385081839742	157.0	0.0001535063876159	159.0	0.0002790233417952	142.0	0.0002725064142782	125.0	0.000292532743124	102.0	0.0003563361597796	126.0	0.0004182981725493	98.0	0.0004079772445056
60	False			False			False			False	False		76								0.0	0.0	2.73e-16	0.0	0.0	-0.7149	32.25691233		False	False	False	False					76	0.0	0.0	0.0	0.0	0.0	223	265	167	293	31	False						76	0.0	0.0	0.1199860381025427	0.080694661413194	0.0008536752020946	5.88629359704084e-05	279	145	277	412	418	0			457	0.0	430	0.0	509	0.0	538	0.0	291.0	0.0	207.0	0.0	294.0	0.0	210.0	0.0	161.0	0.0	237.0	0.0	174.0	0.0	237.0	0.0
61	False			False			False			False	False		77								0.0	0.0	5.84e-16	0.0	0.0	-0.6907	28.62110706		False	False	False	False					77	0.0	0.0	0.0	0.0	0.0	223	265	167	293	31	False						77	0.0	0.0	0.0025013215302558	0.0	0.0	7.36446946487629e-29	279	145	542	445	493	0			396	0.0	429	0.0	514	0.0	544	0.0	139.0	0.0004836312387326	153.0	0.0001755008359702	127.0	0.0007598488960751	163.0	8.716495042541774e-05	159.0	0.0	210.0	0.0	176.0	0.0	210.0	0.0
62	False	cluster_transition	WU95 to SY97 set K62E/V144I/K156Q/E158K/V196A/N276K	True			False	aggregated_top20_epitope_E	Aggregated across seasonal top-20 sites in Fig. 4a; epitope E.	True	False		78		E	E	E	P			0.0	0.0	0.818014801	0.725665146	5.682150479	1.272	28.66194578		True	False	False	False					78	0.476472531437	1.42022982543	2.38834962571	3.79493415816	0.0	198	105	8	39	31	False						78	0.0004350430489648	6.120285899106532e-06	1.0690917928616883	4.488474204171243	0.986057207874904	0.1150974231683712	54	34	31	21	6	0			14	0.0566474268433061	11	0.0563151470306739	17	0.0435284033189144	18	0.0266414657964035	8.0	0.0921428633926406	3.0	0.0904586710541454	7.0	0.0705666305625611	10.0	0.0369257929782498	7.0	0.0777755392314057	14.0	0.0354597795702782	11.0	0.0392986628862832	21.0	0.0151421330407137
63	False			False			False			False	False		79	N	E	E	E				0.0	0.0	0.082367662	0.0	0.897797842	-0.5775	25.23069799		False	False	False	False					79	0.0	0.0	0.0	0.0	0.0	223	265	167	293	31	False						79	5.2946279931595174e-08	0.0	0.3365063101941297	1.241496626708879	0.0101810143370493	7.831529592227834e-06	271	145	149	158	234	0			92	0.0041907895400518	43	0.0165135409579862	71	0.005300631497948	28	0.0199817388119609	194.0	4.5682397630196646e-05	183.0	3.1582151360684957e-06	153.0	0.0003845642959451	182.0	1.0283088866661705e-05	167.0	0.0	211.0	0.0	177.0	0.0	211.0	0.0
64	False			False			False			False	False		80								0.0	0.0	0.039794306	0.0	0.479303514	-0.5272	23.85401458		False	False	False	False					80	0.0	0.480780936665	0.0	0.481311358624	0.0	223	229	167	265	31	False						80	0.0	0.0	0.0638355225531211	0.0789371376203656	0.0004268380723889	1.473916358492595e-09	279	145	360	439	447	0			388	0.0	428	0.0	515	0.0	546	0.0	308.0	0.0	208.0	0.0	293.0	0.0	201.0	0.0	170.0	0.0	212.0	0.0	178.0	0.0	212.0	0.0
65	False			False			False			False	False		81								0.0	0.0	0.086099707	0.0	0.999996094	-0.5846	24.32668079		False	False	False	False					81	0.999976778465	0.0	0.0	0.0	0.0	89	265	167	293	31	False						81	0.0	0.0	0.167492129911235	0.567398119122257	0.0038207583558689	4.239706277925164e-08	279	145	231	240	322	0			398	0.0	427	0.0	516	0.0	540	0.0	309.0	0.0	209.0	0.0	309.0	0.0	212.0	0.0	181.0	0.0	213.0	0.0	299.0	0.0	213.0	0.0
66	False			False			False			False	False		82								0.0	0.0	0.15544766	0.0	0.814262348	-0.4257	25.20266386		False	False	False	False					82	0.841099557258	0.0	0.846916698694	0.0	0.0	115	265	73	293	31	False						82	0.0	0.0	0.348909018070636	0.5794705774799371	0.0060466599125907	2.971712533139209e-06	279	145	145	231	275	0			400	0.0	426	0.0	459	0.0	507	0.0	201.0	7.143055523729537e-06	210.0	0.0	203.0	1.494146870065906e-05	211.0	0.0	129.0	0.0002414164503308	214.0	0.0	111.0	0.0006610454003005	214.0	0.0
67	False			False			False			False	False		83		N	E	E				0.0	0.0	0.210661531	0.824993168	1.422275372	-0.2832	22.15401225		False	False	False	False					83	0.0	1.06539343954	0.351646486703	1.41749507035	0.0	223	116	163	143	31	False						83	3.134085998061336e-05	0.0	0.3622474083950777	1.8534741047225	0.0273840099890975	0.0137333279741481	143	145	142	91	145	0			85	0.0048119767638489	123	0.0018265959297962	99	0.0031242357470084	112	0.0015642501927102	140.0	0.0004682279547178	126.0	0.0004968802294907	144.0	0.0005169250221556	129.0	0.0004079215535534	106.0	0.00065642125853	87.0	0.0006409722632413	117.0	0.0005403977786981	96.0	0.0004347491545592
68	False			False			False			False	False		84								0.0	0.0	9.56e-17	0.0	0.0	-0.7149	19.80926574		False	False	False	False					84	0.0	0.0	0.0	0.0	0.0	223	265	167	293	31	False						84	0.0	0.0	0.0695917240058059	0.080694661413194	0.0008025517645547	4.8186834823141384e-08	279	145	341	412	434	0			402	0.0	425	0.0	457	0.0	508	0.0	320.0	0.0	274.0	0.0	310.0	0.0	306.0	0.0	173.0	0.0	215.0	0.0	296.0	0.0	215.0	0.0
69	False			False			False			False	False		85								0.0	0.0	0.188798933	0.0	1.499967677	-0.3487	22.04413701		False	False	False	False					85	0.0	1.0	0.0	1.0	0.0	223	126	167	167	31	False						85	0.0	0.0	0.0898769881147995	0.4042149305053487	0.004090594350612	5.3238167540901316e-11	279	145	305	277	314	0			403	0.0	424	0.0	392	0.0	509	0.0	325.0	0.0	254.0	0.0	311.0	0.0	305.0	0.0	151.0	3.470329118815095e-05	216.0	0.0	119.0	0.0005185996391325	216.0	0.0
70	False			False			False			False	False		86						EG1		0.0	1.0	6.73e-16	0.0	0.0	-0.6926	21.93196472		False	True	False	False					86	0.0	0.0	0.0	0.0	0.0	223	265	167	293	31	False						86	0.0	0.0	0.359097309455428	0.2482610551329823	0.0021645577867579	0.0081222458693867	279	145	143	311	365	0			404	0.0	423	0.0	394	0.0	511	0.0	189.0	5.9370356491885656e-05	305.0	0.0	190.0	7.11399436052826e-05	304.0	0.0	298.0	0.0	217.0	0.0	295.0	0.0	217.0	0.0
71	False			False			False			False	False		87								0.0	0.0	2.29e-16	0.0	0.0	-0.6926	18.16459584		False	False	False	False					87	0.0	0.0	0.0	0.0	0.0	223	265	167	293	31	False						87	0.0	0.0	0.0747901607310636	0.0826930068364431	0.0008025517645547	7.598258332158775e-08	279	145	325	390	434	0			406	0.0	421	0.0	403	0.0	512	0.0	322.0	0.0	304.0	0.0	327.0	0.0	302.0	0.0	297.0	0.0	218.0	0.0	293.0	0.0	218.0	0.0
72	False			False			False			False	False		88								0.0	0.0	5.84e-16	0.0	0.0	-0.6907	17.96602575		False	False	False	False					88	0.0	0.0	0.0	0.0	0.0	223	265	167	293	31	False						88	0.0	0.0	0.0024410684166661	0.0	0.0	3.4636309241017447e-25	279	145	546	445	493	0			408	0.0	395	0.0	405	0.0	514	0.0	321.0	0.0	301.0	0.0	326.0	0.0	301.0	0.0	295.0	0.0	219.0	0.0	292.0	0.0	219.0	0.0
73	False			False			False			False	False		89								0.0	0.0	0.036271202	0.0	0.0	-0.6275	16.27854821		False	False	False	False					89	0.0	0.0	0.0	0.0	0.0	223	265	167	293	31	False						89	0.0	0.0	0.0260843817776614	0.080694661413194	0.0008536752020946	8.229461083466427e-20	279	145	442	412	418	0			386	0.0	394	0.0	406	0.0	505	0.0	311.0	0.0	300.0	0.0	323.0	0.0	299.0	0.0	294.0	0.0	220.0	0.0	291.0	0.0	220.0	0.0
74	False			False			False			False	False		90								0.0	0.0	9.56e-17	0.0	0.0	-0.6975	16.91769983		False	False	False	False					90	0.0	0.0	0.0	0.0	0.0	223	265	167	293	31	False						90	0.0	0.0	0.0483178439214485	0.079227855813834	0.0004268380723889	3.270209258497414e-15	279	145	389	435	447	0			375	0.0	393	0.0	407	0.0	518	0.0	318.0	0.0	298.0	0.0	320.0	0.0	295.0	0.0	293.0	0.0	221.0	0.0	290.0	0.0	221.0	0.0
75	False			False			False			False	False		91			E	E	P			0.0	0.0	0.46077663	0.386033021	4.444485568	-0.02106	19.70979846		True	False	False	False					91	0.758636179736	1.47683295908	1.53317192475	2.97594329509	0.0	119	95	21	55	31	False						91	1.5193394063095187e-05	1.5586184578544485e-07	0.999972074940198	2.320482122246082	0.1810353722420659	0.0378922129083853	163	112	42	69	61	0			47	0.0142234576043276	366	0.0	60	0.007070185107591	519	0.0	39.0	0.0188987389942054	41.0	0.0146323894889902	43.0	0.0154764267204756	39.0	0.0120650422148582	105.0	0.000684213597908	64.0	0.0016583193819419	99.0	0.0010556687175922	64.0	0.0014834047673403
76	False			False			False			False	False		92								0.0	0.0	3.18e-16	0.0	0.0	-0.6819	21.28030077		False	False	False	False					92	0.0	0.0	0.0	0.0	0.0	223	265	167	293	31	False						92	0.0	0.0	0.0097135945323856	0.0	0.0	2.1393928126314668e-10	279	145	491	445	493	0			385	0.0	365	0.0	409	0.0	525	0.0	317.0	0.0	310.0	0.0	318.0	0.0	309.0	0.0	291.0	0.0	222.0	0.0	287.0	0.0	222.0	0.0
77	False			False			False			False	False		93								0.0	0.0	0.108843135	0.0	0.0	-0.4506	21.42445597		False	False	False	False					93	0.0	0.0	0.0	0.0	0.0	223	265	167	293	31	False						93	2.64246341320291e-07	0.0	0.1480012717516041	0.9695157964669948	0.0189882701161725	1.8869199184065132e-08	249	145	248	191	176	0			368	0.0	364	0.0	390	0.0	456	0.0	202.0	5.8462922428639845e-06	158.0	0.0001475915255566	199.0	3.728273988874289e-05	166.0	7.616184735981532e-05	145.0	8.053464161648723e-05	89.0	0.0006246713655033	137.0	0.0002353832546421	92.0	0.000483578882106
78	False			False			False			False	False		94	N	E	E	E	P			0.0	0.0	0.843338603	1.05502832	6.980596263	3.178	24.94950848		True	False	False	False					94	3.49472614201	3.49765591472	1.99911581303	5.49660712688	0.499295167858	5	26	13	19	18	False						94	0.0001273326501192	3.4676892241554383e-06	0.7691489102487777	4.572546800954591	0.1253635688601604	0.0037529053654082	91	48	61	19	76	0			121	0.0021093974115175	112	0.0022301797833169	136	0.0010695076673104	109	0.0018282095406471	93.0	0.0027126139174972	82.0	0.0030180266416575	83.0	0.0028579225023021	94.0	0.0017396828143853	51.0	0.0045927245071771	56.0	0.0021671335427367	59.0	0.0040920741357577	58.0	0.0018910925762019
79	False			False			False			False	False		95								0.0	0.0	0.559371382	0.698632545	2.6944095	0.9612	25.86504375		False	False	False	False					95	0.914641917521	1.81215670178	0.459093174745	2.7257951392	0.0	107	74	145	61	31	False						95	8.677490480685169e-06	8.854299526907853e-09	0.4048072037098801	2.232170943378348	0.037781114234464	0.0001621944834614	175	138	133	73	125	0			115	0.0024698548564027	107	0.0028288395160473	138	0.0010371382214472	133	0.0007970017620766	99.0	0.0021771408065934	95.0	0.0016759141780173	112.0	0.001233065339636	98.0	0.001252039492396	77.0	0.0014739728034046	54.0	0.0023722434719809	78.0	0.0016922410381081	59.0	0.0018817239932353
80	False			False			False			False	False		96			E					0.0	0.0	0.255342568	0.204174555	2.119118912	-0.3619	25.02949862		False	False	False	False					96	0.0	0.717838553783	0.0	0.724177168869	0.0	223	176	167	216	31	False						96	1.4037561249296671e-05	0.0	0.5203893453056377	1.038302331713618	0.0165575178187774	0.0117938018774125	164	145	96	181	188	0			181	9.939302874273424e-05	139	0.00090582431572	189	4.074512394855886e-05	135	0.0007216431407615	162.0	0.0002493274714589	128.0	0.0004485520966508	135.0	0.0006104609077394	121.0	0.000496805178505	287.0	0.0	223.0	0.0	307.0	0.0	223.0	0.0
81	False			False			False			False	False		97		E	E	E				0.0	0.0	0.329735898	0.06392361	2.693459746	-0.1402	28.05462483		False	False	False	False					97	1.82823453385	0.452782845813	0.0	0.454088400489	0.0	29	250	167	281	31	False						97	1.6623600778999316e-05	0.0	0.1421699606718416	1.323999350626242	0.0251035974433221	1.917408102460864e-12	160	145	255	144	153	0			191	3.972793816331345e-05	121	0.0018673537796236	387	0.0	122	0.001081351836697	190.0	5.317253389888487e-05	169.0	6.637760349883805e-05	191.0	7.064398389572002e-05	164.0	8.152842154723846e-05	306.0	0.0	224.0	0.0	158.0	1.1459708076108433e-05	224.0	0.0
82	False			False			False			False	False		98			E	E		N		0.0	2.0	0.174625177	0.0	1.476738661	-0.303	29.94903344		False	True	False	False					98	0.492491899307	2.45695502945	0.492935706764	2.95038838418	0.0	171	48	116	56	31	False						98	0.0003453475212033	9.948902334540626e-07	0.6286550779504052	2.624491654427197	0.1567092803518297	0.002670895033429	61	74	73	62	66	0			16	0.0460806430556595	129	0.0014255714514335	18	0.0427737011834418	74	0.0061866579680669	130.0	0.0006076440607879	127.0	0.0004673720429266	113.0	0.0011430672279105	114.0	0.0006642089086291	108.0	0.0006193366516248	70.0	0.0014278909119647	96.0	0.0010952610921961	66.0	0.001353953013197
83	False			False			False			False	False		99	N	E	E	E	P	N		0.0	2.0	0.425652853	0.402916194	3.826643163	0.2916	32.77488665		True	True	False	False					99	0.483294552381	0.962612318851	0.484546348248	1.44641697763	0.0	181	146	128	135	31	False						99	0.0005557461559743	2.8907654983181053e-06	0.9702124562910648	2.875536694335818	0.3346556688463369	0.0976532676076019	48	53	47	51	43	0			28	0.0258459065637608	47	0.0141094061886545	30	0.019095930225214	54	0.0096919859616108	62.0	0.0066625621523976	59.0	0.0079341436846776	59.0	0.0070701756138835	66.0	0.0051413600605608	43.0	0.0073088495107886	47.0	0.0048482962874566	42.0	0.0075800258871994	43.0	0.0052611635914508
84	False			False			False			False	False		100								0.0	0.0	1.0	0.0	0.0	-0.6306	34.74467537		False	False	False	False					100	0.0	0.0	0.0	0.0	0.0	223	265	167	293	31	False						100	0.0	0.0	0.0161022690308154	0.0	0.0	0.0027917282454014	279	145	459	445	493	0			372	0.0	363	0.0	368	0.0	454	0.0	316.0	0.0	312.0	0.0	317.0	0.0	293.0	0.0	307.0	0.0	225.0	0.0	327.0	0.0	225.0	0.0
85	False			False			False			False	False		101								0.0	0.0	0.072552386	0.0	0.89779003	-0.5389	37.62252842		False	False	False	False					101	0.0	0.905581538215	0.459093191019	1.36230042818	0.0	223	165	144	152	31	False						101	8.886226555090352e-07	0.0	0.2285055561109351	0.7267371440982119	0.0082791643681988	2.075318163524611e-07	221	145	193	213	256	0			373	0.0	362	0.0	369	0.0	384	0.0	182.0	0.0001062243395245	150.0	0.0001815901777336	180.0	0.0001532005694279	122.0	0.0004888511752571	128.0	0.0002506907065334	226.0	0.0	114.0	0.0005992624842687	226.0	0.0
86	False			False			False			False	False		102			E					0.0	0.0	3.18e-16	0.0	0.0	-0.6926	36.19726206		False	False	False	False					102	0.0	0.0	0.0	0.499997112759	0.0	223	265	167	244	31	False						102	0.0	0.0	0.0758098605200426	0.2482610551329823	0.0028011969321538	7.339741979829262e-09	279	145	322	311	343	0			364	0.0	361	0.0	370	0.0	394	0.0	314.0	0.0	327.0	0.0	316.0	0.0	312.0	0.0	327.0	0.0	227.0	0.0	326.0	0.0	227.0	0.0
87	False			False			False			False	False		103			E					0.0	0.0	0.046506138	0.0	0.448916627	-0.5509	32.60884282		False	False	False	False					103	0.0	0.4528356419	0.0	0.454125464221	0.0	223	242	167	274	31	False						103	0.0	0.0	0.075580956577698	0.1590082898876	0.0045249787678016	4.510905964298794e-07	279	145	324	377	301	0			374	0.0	360	0.0	374	0.0	396	0.0	134.0	0.0005518708803632	138.0	0.0003492045775357	132.0	0.000679687491732	140.0	0.000284295396604	326.0	0.0	228.0	0.0	325.0	0.0	228.0	0.0
88	False			False			False			False	False		104			E					0.0	0.0	0.652121798	0.655275996	4.49875895	0.4789	32.81325333		False	False	False	False					104	1.49985695271	0.499983456156	1.49982070338	1.99987296687	0.499659764321	43	213	24	100	17	False						104	8.076523423107617e-06	1.5464551409615402e-07	1.2054961190620683	2.326366550331684	0.0387328051069879	0.6472834496760265	178	113	25	68	121	0			48	0.013574385875826	35	0.0215946523687241	39	0.015216661524119	35	0.0171900002161894	113.0	0.0013084247570061	104.0	0.0011346115945663	123.0	0.0009672950023133	106.0	0.0009065153179264	66.0	0.0028618849381114	63.0	0.0017385458529236	70.0	0.0023951518395077	62.0	0.0016197755192465
89	False			False			False			False	False		105								0.0	0.0	0.038163989	0.0	0.0	-0.6143	29.97745562		False	False	False	False					105	0.0	0.0	0.0	0.0	0.0	223	265	167	293	31	False						105	0.0	0.0	0.0067529553527947	0.0	0.0	3.9368438098787604e-14	279	145	509	445	493	0			376	0.0	359	0.0	375	0.0	398	0.0	313.0	0.0	326.0	0.0	315.0	0.0	327.0	0.0	325.0	0.0	229.0	0.0	321.0	0.0	229.0	0.0
90	False			False			False			False	False		106								0.0	0.0	6.73e-16	0.0	0.0	-0.7142	30.16827352		False	False	False	False					106	0.0	0.0	0.0	0.0	0.0	223	265	167	293	31	False						106	0.0	0.0	0.0061556544933539	0.0	0.0	5.605585890116795e-29	279	145	514	445	493	0			377	0.0	358	0.0	376	0.0	400	0.0	288.0	0.0	325.0	0.0	313.0	0.0	326.0	0.0	321.0	0.0	230.0	0.0	320.0	0.0	230.0	0.0
91	False			False			False			False	False		107		C	E					0.0	0.0	0.344008465	0.0	3.591194668	-0.07917	29.6050154		False	False	False	False					107	1.37133062663	1.81113138325	0.918223658986	2.72460436862	0.0	67	79	62	67	31	False						107	0.0057124060290275	4.310351659230282e-06	1.0159935756559284	3.155441381200477	0.5591598510239202	0.2527819052056963	6	44	36	45	25	1	91N		379	0.0	357	0.0	379	0.0	360	0.0	59.0	0.0094262706293058	64.0	0.0061824450078942	60.0	0.0069921824558284	68.0	0.0046941929056794	22.0	0.0195241080931936	21.0	0.0236165605480735	20.0	0.0211642317709657	29.0	0.0089989521916433
92	False			False			False			False	False		108		C	E	E	P			0.0	0.0	0.742512901	1.026103466	5.296140527	0.9868	27.66895826		True	False	False	False					108	2.90246489045	1.4448479093	1.45230180691	3.37476328002	0.0	11	97	32	47	31	False						108	0.0024669628496781	9.619609111652744e-06	0.9726846845872767	3.439755486626826	0.8940892695570369	0.1134503152329662	12	29	46	35	12	1	92R		69	0.0066057772884921	75	0.0059523388455619	65	0.0055018397835776	49	0.0106967072208478	61.0	0.0088440298656186	45.0	0.0137212660382816	66.0	0.0051801157294365	44.0	0.010485521485657	40.0	0.0079483563698041	33.0	0.0119877924977142	39.0	0.0092059642148496	36.0	0.0069891925412006
93	False			False			False			False	False		109								0.0	0.0	0.264276218	0.0	2.0	-0.1997	24.85767687		False	False	False	False					109	0.0	0.5	0.5	1.0	0.0	223	199	99	167	31	False						109	6.105776259037318e-06	0.0	0.1181555768811069	0.7277896606679094	0.0101810143370493	5.703358632376989e-11	183	145	279	211	234	0			196	1.4509340995169824e-05	356	0.0	381	0.0	362	0.0	148.0	0.0004070417743172	174.0	5.1616733969686815e-05	148.0	0.0004538888807839	174.0	4.160083168725111e-05	320.0	0.0	231.0	0.0	148.0	9.114097498815876e-05	231.0	0.0
94	False			False			False			False	False		110			E	E				0.0	0.0	1.416228019	7.671344982	7.389322172	3.251	21.31704788		False	False	False	False					110	1.48584118747	5.37792667621	1.99303974104	6.88821662749	0.492452504542	50	14	16	12	21	False						110	0.0001140106982278	4.4124760213254655e-06	1.9126855909363143	3.261937951164541	0.2941363449226833	0.9258200589654456	94	43	12	42	48	0			26	0.0276609549699811	50	0.0133389129438057	21	0.0304823635637469	69	0.0064575208657146	52.0	0.0122036887021477	70.0	0.0045940365613211	48.0	0.0121791688780779	41.0	0.0118214254216292	32.0	0.0127495249472982	51.0	0.0036616475015393	28.0	0.0137188407156282	30.0	0.0088381973717657
95	False			False			False			False	False		111								0.0	0.0	9.56e-17	0.0	0.0	-0.7264	17.77138965		False	False	False	False					111	0.0	0.0	0.0	0.0	0.0	223	265	167	293	31	False						111	1.2581151005238628e-05	0.0	0.141080441491315	0.4961780279649172	0.004615069072038	8.880534193461143e-06	167	145	257	253	300	0			381	0.0	355	0.0	382	0.0	363	0.0	179.0	0.0001149336049127	323.0	0.0	301.0	0.0	324.0	0.0	139.0	0.000146115082828	232.0	0.0	150.0	8.143196829893585e-05	232.0	0.0
96	False			False			False			False	True	Predicted dN/dS > 1 under the RSA + inverse-distance geometric model.	112			D					0.0	0.0	0.660491014	0.829772351	4.93863774	0.4427	15.23899112		False	False	False	False					112	1.82855679659	1.81176360709	0.0	1.81679898446	0.0	26	76	167	111	31	False						112	1.0558012781443282e-05	1.0519677324232152e-07	0.5356103913024597	1.82228926812067	0.0374145266347935	0.0037665461688586	171	119	91	96	127	0			103	0.0028499496029937	126	0.0017166644430924	100	0.0030590774375341	113	0.0015156230759309	77.0	0.003670200596699	67.0	0.0052471229531938	70.0	0.0045928259636709	67.0	0.0050980987916447	149.0	5.937533791294039e-05	233.0	0.0	127.0	0.0004015503109425	233.0	0.0
97	False			False			False			False	False		113								0.0	0.0	9.56e-17	0.0	0.0	-0.6819	12.14298427		False	False	False	False					113	0.0	0.0	0.0	0.0	0.0	223	265	167	293	31	False						113	0.0	0.0	0.0095030077532302	0.0	0.0	1.587260775059589e-11	279	145	493	445	493	0			384	0.0	354	0.0	383	0.0	364	0.0	261.0	0.0	322.0	0.0	290.0	0.0	323.0	0.0	309.0	0.0	234.0	0.0	309.0	0.0	234.0	0.0
98	False			False			False			False	False		114								0.0	0.0	0.051734272	0.0	0.499989312	-0.5412	9.611072766		False	False	False	False					114	0.0	0.0	0.0	0.0	0.0	223	265	167	293	31	False						114	0.0	0.0	0.0162706593200435	0.0	0.0004268380723889	7.960260917531873e-09	279	145	458	445	447	0			439	0.0	353	0.0	384	0.0	366	0.0	260.0	0.0	320.0	0.0	269.0	0.0	322.0	0.0	316.0	0.0	235.0	0.0	316.0	0.0	235.0	0.0
99	False			False			False			False	False		115								0.0	0.0	0.041967396	0.0	0.5	-0.5747	11.82266341		False	False	False	False					115	0.0	0.0	0.0	0.0	0.0	223	265	167	293	31	False						115	0.0	0.0	0.0068936385430079	0.0	0.0008536752020946	1.191276955859292e-16	279	145	507	445	418	0			440	0.0	352	0.0	386	0.0	367	0.0	259.0	0.0	313.0	0.0	268.0	0.0	321.0	0.0	155.0	1.5048789005836252e-05	236.0	0.0	315.0	0.0	236.0	0.0
100	False			False			False			False	False		116								0.0	0.0	0.051743629	0.0	0.499962434	-0.5412	13.9077944		False	False	False	False					116	0.0	0.499924770969	0.0	0.499947489105	0.0	223	215	167	252	31	False						116	0.0	0.0	0.0152224294224687	0.0	0.0004268380723889	3.306061100354713e-11	279	145	469	445	447	0			441	0.0	351	0.0	410	0.0	368	0.0	257.0	0.0	319.0	0.0	261.0	0.0	320.0	0.0	315.0	0.0	267.0	0.0	314.0	0.0	267.0	0.0
101	False			False			False			False	False		117								0.0	0.0	0.145953988	0.411010335	1.349307251	-0.3592	17.34716891		False	False	False	False					117	0.457084391017	0.452782845813	0.918186374706	1.36228369197	0.0	207	250	64	154	31	False						117	3.077937829424756e-06	0.0	0.2975436037831095	0.7277896606679094	0.0238851576937887	0.0012376573479354	195	145	165	211	157	0			442	0.0	350	0.0	377	0.0	370	0.0	256.0	0.0	318.0	0.0	253.0	0.0	319.0	0.0	314.0	0.0	209.0	0.0	313.0	0.0	209.0	0.0
102	False			False			False			False	False		118			D					0.0	0.0	0.081274412	0.0	0.499976571	-0.572	19.98577124		False	False	False	False					118	0.499588568857	0.0	0.0	0.0	0.0	170	265	167	293	31	False						118	0.0	0.0	0.0273574177917953	0.1597601989683473	0.0024855209904965	3.9535290709293226e-21	279	145	428	372	354	0			447	0.0	349	0.0	424	0.0	373	0.0	255.0	0.0	317.0	0.0	260.0	0.0	318.0	0.0	312.0	0.0	268.0	0.0	311.0	0.0	268.0	0.0
103	False			False			False			False	False		119			D					0.0	0.0	0.167993947	0.121045206	2.000663351	-0.2038	22.51887422		False	False	False	False					119	1.00064037995	0.50006688919	0.500174344649	1.00019577361	0.0	81	194	90	162	31	False						119	0.0	1.283762014906556e-07	0.1994573524577703	1.349200143030083	0.0179373585431176	5.018437438442236e-21	279	115	214	139	179	0			117	0.0024154581114928	138	0.0010471959956788	119	0.0018785983461787	110	0.0016311623803524	97.0	0.002230854496341	102.0	0.0011436829393521	104.0	0.0017371865290982	103.0	0.0009898511751003	311.0	0.0	270.0	0.0	310.0	0.0	270.0	0.0
104	False			False			False			False	False		120								0.0	0.0	0.108845992	0.0	1.346672183	-0.4507	25.7475747		False	False	False	False					120	1.82854450076	1.35842768057	2.75545571699	3.63329990756	0.0	27	107	7	41	31	False						120	1.818817160347039e-05	2.6144543333910954e-09	0.6418202702342568	1.941609060155906	0.0275227836953156	0.0707717929484635	157	143	72	86	144	0			448	0.0	348	0.0	438	0.0	374	0.0	172.0	0.0001730276483217	152.0	0.0001785926668121	183.0	0.000128658594668	155.0	0.0001615173514854	310.0	0.0	302.0	0.0	286.0	0.0	302.0	0.0
105	False			False			False			False	False		121								0.0	0.0	0.207012392	1.450696695	1.499678201	-0.1031	24.34297744		False	False	False	False					121	0.999845484614	0.499879124767	0.0	0.499917267265	0.0	94	217	167	254	31	False						121	0.0001511605120843	0.0	0.766556451875846	1.268345242145855	0.0328412262025318	0.2333614023202696	84	145	63	149	133	0			158	0.0004042861238303	122	0.0018643590346018	439	0.0	127	0.0009370852092071	98.0	0.0021888283549656	92.0	0.0019386214100164	103.0	0.0017707881636186	95.0	0.0017368056027499	286.0	0.0	303.0	0.0	285.0	0.0	303.0	0.0
106	False			False			False			False	False		122					P			0.0	0.0	0.568696268	0.607293324	4.5	0.3983	27.98439861		True	False	False	False					122	0.5	2.5	0.5	2.5	0.0	141	40	99	71	31	False						122	0.0001119069948208	2.232542902129621e-07	0.650490856375069	3.335224885466447	0.1039462826040364	0.002403607574924	97	107	69	40	85	0			147	0.0006576737849696	97	0.0038456112032167	177	0.0001486749551943	126	0.0009708647140132	90.0	0.00295212335335	74.0	0.0039393513967732	95.0	0.0021549654610732	82.0	0.0028899680427236	100.0	0.0007470110044123	83.0	0.0008435783697405	97.0	0.0010721766906668	83.0	0.0007935605296679
107	False			False			False			False	False		123								0.0	0.0	0.048050536	0.205581251	0.500010706	-0.6623	28.95461281		False	False	False	False					123	0.0	0.0	0.0	0.0	0.0	223	265	167	293	31	False						123	0.0	0.0	0.0667146635368145	0.1654406081422416	0.0166296438802572	2.0422365582524252e-10	279	145	351	349	187	0			451	0.0	161	3.160915759665149e-05	196	1.2549061464572184e-05	163	9.874845319082228e-06	254.0	0.0	315.0	0.0	258.0	0.0	316.0	0.0	285.0	0.0	304.0	0.0	284.0	0.0	304.0	0.0
108	False			False			False			False	False		124								0.0	0.0	3.18e-16	0.0	0.0	-0.6926	26.26172623		False	False	False	False					124	0.0	0.500673312228	0.0	0.500489996975	0.0	223	188	167	229	31	False						124	0.0	0.0	0.0629655823411733	0.0827271113369766	0.0008025517645547	4.190321227615339e-10	279	145	366	386	434	0			452	0.0	347	0.0	443	0.0	375	0.0	253.0	0.0	314.0	0.0	257.0	0.0	315.0	0.0	250.0	0.0	305.0	0.0	250.0	0.0	305.0	0.0
109	False			False			False			False	False		125			E					0.0	0.0	0.106598436	0.0	0.975107772	-0.4453	27.13276724		False	False	False	False					125	0.0	0.485273707304	0.0	0.485597901216	0.0	223	224	167	258	31	False						125	0.0	0.0	0.0534475028405579	0.4821279685569879	0.0047459824283	5.898588055098619e-19	279	145	379	259	298	0			453	0.0	346	0.0	450	0.0	376	0.0	252.0	0.0	294.0	0.0	256.0	0.0	314.0	0.0	249.0	0.0	306.0	0.0	249.0	0.0	306.0	0.0
110	False			False			False			False	False		126	N							0.0	0.0	9.56e-17	0.0	0.0	-0.7264	30.76342001		False	False	False	False					126	0.0	0.0	0.0	0.0	0.0	223	265	167	293	31	False						126	0.0	0.0	0.0911932098260189	0.0826930068364431	0.0008025517645547	1.262988835364221e-05	279	145	302	390	434	0			454	0.0	345	0.0	451	0.0	378	0.0	251.0	0.0	291.0	0.0	255.0	0.0	291.0	0.0	247.0	0.0	307.0	0.0	247.0	0.0	307.0	0.0
111	False			False			False			False	False		127								0.0	0.0	0.155418055	0.583694792	0.814509305	-0.4258	30.784727		False	False	False	False					127	0.839131965704	0.826156049453	0.0	0.830870934594	0.0	117	169	167	209	31	False						127	5.839126334140202e-07	0.0	0.324614678926882	0.4967897951025611	0.0040223410073444	0.0001650144695131	232	145	156	249	316	0			416	0.0	344	0.0	452	0.0	379	0.0	250.0	0.0	271.0	0.0	254.0	0.0	273.0	0.0	246.0	0.0	308.0	0.0	246.0	0.0	308.0	0.0
112	False			False			False			False	False		128								0.0	0.0	0.818533411	2.971515934	4.997732953	0.7835	28.89151384		False	False	False	False					128	1.9985178732	4.49820288791	0.499965816371	4.49848508549	0.0	20	20	110	31	31	False						128	2.615296552229572e-05	4.216961014587171e-09	1.2779851209726474	3.773177710443506	0.0509798120625046	0.5786960496839519	149	141	20	28	107	0			102	0.0028590173264988	103	0.0030038188970662	76	0.0051384712366497	73	0.0062084399606131	95.0	0.0023418271404831	98.0	0.0014061657481899	77.0	0.0033627141754932	96.0	0.0016685195312872	46.0	0.0058775795890838	52.0	0.0030753511584833	51.0	0.0053954633294169	56.0	0.0020783055766619
113	False			False			False			False	False		129								0.0	0.0	3.18e-16	0.0	0.0	-0.7216	31.16977619		False	False	False	False					129	0.5	0.5	0.5	0.0	0.0	141	199	99	293	31	False						129	0.0	0.0	0.0815548088445612	0.3233783059134827	0.0021645577867579	1.808528432197279e-08	279	145	310	296	365	0			417	0.0	367	0.0	456	0.0	380	0.0	267.0	0.0	270.0	0.0	270.0	0.0	290.0	0.0	243.0	0.0	309.0	0.0	243.0	0.0	309.0	0.0
114	False			False			False			False	False		130						EG4		0.0	1.0	0.166404464	0.427209881	1.127019147	-0.5327	34.17562901		False	True	False	False					130	0.550476733059	1.11335980258	0.547394403972	1.66420724796	0.0	130	113	85	114	31	False						130	0.0008126584019314	8.073280148746588e-07	0.4745030928095736	1.57258056883604	0.0836834156124248	0.0012926232900929	34	81	111	119	92	0			418	0.0	368	0.0	437	0.0	431	0.0	123.0	0.000761742384002	115.0	0.0006971248727199	126.0	0.0007708908610356	113.0	0.0006854875852572	86.0	0.0012522844015081	73.0	0.0012503235866231	92.0	0.0011669664401759	71.0	0.001181507645529
115	False			False			False			False	False		131						EG4		0.0	1.0	5.84e-16	0.0	0.0	-0.7264	33.17946569		False	True	False	False					131	0.0	0.0	0.499977897941	0.500028708121	0.0	223	265	109	235	31	False						131	3.788285379240714e-07	0.0	0.120907946423883	0.7449689760124317	0.0084630325452034	9.467613397899188e-23	243	145	273	207	253	0			420	0.0	369	0.0	434	0.0	433	0.0	268.0	0.0	266.0	0.0	271.0	0.0	268.0	0.0	241.0	0.0	310.0	0.0	241.0	0.0	310.0	0.0
116	False			False			False			False	False		132								0.0	0.0	9.56e-17	0.0	0.0	-0.6907	33.28415464		False	False	False	False					132	0.0	0.0	0.0	0.0	0.0	223	265	167	293	31	False						132	0.0	0.0	0.0030146730285565	0.0	0.0	2.186023409746731e-20	279	145	534	445	493	0			412	0.0	382	0.0	414	0.0	435	0.0	281.0	0.0	265.0	0.0	272.0	0.0	266.0	0.0	260.0	0.0	311.0	0.0	260.0	0.0	311.0	0.0
117	False			False			False			False	False		133			D					0.0	0.0	0.086255165	0.115916093	0.999319258	-0.5843	31.0223612		False	False	False	False					133	0.0	0.0	0.0	0.0	0.0	223	265	167	293	31	False						133	0.0	0.0	0.077458854854843	0.2433291350017698	0.0182869509338914	2.136087511894225e-07	279	145	317	323	178	0			422	0.0	392	0.0	415	0.0	438	0.0	195.0	4.187202299392834e-05	161.0	0.0001171372222289	189.0	0.0001016463137391	158.0	0.0001445911965824	240.0	0.0	312.0	0.0	240.0	0.0	312.0	0.0
118	False			False			False			False	False		134								0.0	0.0	0.232895403	0.0	0.813984074	-0.292	27.4567416		False	False	False	False					134	0.0	0.0	0.0	0.0	0.0	223	265	167	293	31	False						134	0.0	0.0	0.2095494795083421	0.3310374396033254	0.0037224477451927	2.587266975709647e-05	279	145	206	290	324	0			425	0.0	391	0.0	416	0.0	439	0.0	280.0	0.0	263.0	0.0	273.0	0.0	265.0	0.0	261.0	0.0	313.0	0.0	261.0	0.0	313.0	0.0
119	False			False			False			False	False		135								0.0	0.0	0.076329783	0.0	0.483290003	-0.517	28.77831434		False	False	False	False					135	0.0	0.48279790822	0.0	0.483366643884	0.0	223	225	167	261	31	False						135	0.0	0.0	0.0797006035611571	0.4827995255041517	0.0050029280209695	1.53014225662405e-14	279	145	313	258	293	0			427	0.0	390	0.0	417	0.0	441	0.0	278.0	0.0	262.0	0.0	288.0	0.0	263.0	0.0	263.0	0.0	301.0	0.0	263.0	0.0	301.0	0.0
120	False			False			False			False	False		136								0.0	0.0	2.73e-16	0.0	0.0	-0.6897	26.11638623		False	False	False	False					136	0.0	0.0	0.0	0.0	0.0	223	265	167	293	31	False						136	0.0	0.0	0.0076315684191432	0.0	0.0	1.942626081974679e-14	279	145	502	445	493	0			429	0.0	389	0.0	418	0.0	432	0.0	277.0	0.0	261.0	0.0	280.0	0.0	262.0	0.0	277.0	0.0	314.0	0.0	277.0	0.0	314.0	0.0
121	False	named_substitution	FU02 cluster change attributed partly to N121T	True	top25_site_D	Top-25 posterior inclusion position; antigenic site D in Fig 2 discussion.	True			False	False		137			D	D	P	EG2		0.0	1.0	1.083570732	4.739588964	8.173032342	1.185	26.84455672		True	True	False	False					137	1.37170693666	0.905608808373	1.37762010161	2.72470156357	0.0	65	162	38	64	31	False						137	0.000778170818144	6.362069824729392e-05	1.0819264295708046	5.222467421778364	1.1338294982867143	0.2347273089379782	38	11	30	8	4	0		4	5	0.1253333349225169	28	0.0247712720453667	2	0.1227464516503371	16	0.0298461605926194	42.0	0.0181187676788406	30.0	0.0217216367144665	34.0	0.0201754216496645	31.0	0.0160295781703309	27.0	0.0153017043585654	22.0	0.02357764787167	38.0	0.0101186758863974	32.0	0.0079939946120855
122	False			False			False	aggregated_top20_epitope_A	Aggregated across seasonal top-20 sites in Fig. 4a; epitope A.	True	False		138	A	C	A	A	P	EG2		0.0	1.0	0.8316274	1.170949732	6.787030331	0.7452	24.27176252	Probably wrong in 1987	True	True	False	False					138	0.914117266924	5.88753154806	0.918149101228	5.90410009651	0.885308958903	112	11	65	14	12	False						138	0.0005701494407714	2.7938018430061404e-06	1.5334425229498598	4.407614604827401	0.3224926872610451	0.7746267985444507	47	55	15	22	45	0			34	0.0213472824658725	46	0.0145919679797595	40	0.0150516228156168	30	0.0192676388909518	55.0	0.0108535034820057	66.0	0.0054513666596445	51.0	0.0116628451322052	51.0	0.0087520151733927	60.0	0.0036245665183804	45.0	0.0052247319185509	53.0	0.0053235565293995	51.0	0.004072725067437
123	False			False			False			False	False		139						EG2		0.0	1.0	9.56e-17	0.0	0.0	-0.7106	25.02117834		False	True	False	False					139	0.0	0.0	0.0	0.0	0.0	223	265	167	293	31	False						139	0.0	0.0	0.0032373840014953	0.0	0.0	4.506584718646205e-18	279	145	531	445	493	0			432	0.0	388	0.0	427	0.0	442	0.0	276.0	0.0	260.0	0.0	279.0	0.0	261.0	0.0	272.0	0.0	316.0	0.0	272.0	0.0	316.0	0.0
124	False			False			False			False	False		140		N	A	A	P	EG2		0.0	1.0	1.145811504	0.560436782	12.16852656	1.374	24.5788592		True	True	False	False					140	2.28626314548	5.43705929166	3.21613820944	7.26973185661	0.443024491624	16	13	4	10	28	False						140	0.0001409726155048	4.397535434038798e-07	0.4359365007225165	4.586679449070888	0.1274781307080938	4.196925732747861e-09	86	90	123	18	75	0			25	0.0279075607552742	16	0.0379103284640115	20	0.0319666064564394	11	0.0393571531623601	25.0	0.0334076141045406	32.0	0.018993184008692	35.0	0.0187133930962098	38.0	0.0121751244646717	70.0	0.0024909024656773	90.0	0.0006049352740033	67.0	0.003196922808033	85.0	0.0007033960275079
125	False			False			False			False	False		141								0.0	0.0	5.11e-17	0.0	0.0	-0.6897	22.57108046		False	False	False	False					141	0.0	0.0	0.0	0.0	0.0	223	265	167	293	31	False						141	0.0	0.0	0.1206972720069916	0.0794779687722136	0.0011589682919798	6.242279246864284e-05	279	145	274	430	413	0			362	0.0	387	0.0	428	0.0	444	0.0	274.0	0.0	259.0	0.0	278.0	0.0	260.0	0.0	271.0	0.0	317.0	0.0	271.0	0.0	317.0	0.0
126	False			False	top25_site_A	Top-25 posterior inclusion position; antigenic site A in Fig 2 discussion.	True			False	False		142	N	B	A	A	P	EG2		0.0	1.0	0.164004015	0.287042325	0.897788872	-0.4297	22.31045783	Probably wrong in 1987	True	True	False	False					142	0.0	0.905594961719	0.459074550614	1.36229607239	0.0	223	163	146	153	31	False						142	0.0003032396541215	1.049991207727116e-06	0.6468027183980486	1.821791523624795	0.0595761672360827	0.089980862281627	64	72	71	97	99	0			120	0.0021660721978816	25	0.026757672725224	135	0.001073102999404	44	0.0131366575217607	121.0	0.0008685198390499	81.0	0.0031941951893915	94.0	0.0021718621505343	89.0	0.0020767520111401	73.0	0.0019545096391991	55.0	0.0021721353714281	68.0	0.0029679854249634	53.0	0.0026996676850386
127	False			False			False			False	False		143								0.0	0.0	0.073558825	0.0	0.0	-0.3717	19.31162328		False	False	False	False					143	0.0	0.0	0.0	0.0	0.0	223	265	167	293	31	False						143	0.0	0.0	0.0499703424761394	0.0779209624542305	0.0004268380723889	0.0129814724971055	279	145	384	442	447	0			497	0.0	386	0.0	430	0.0	445	0.0	272.0	0.0	258.0	0.0	277.0	0.0	259.0	0.0	269.0	0.0	318.0	0.0	269.0	0.0	318.0	0.0
128	False			False			False			False	False		144		M	B		P			0.0	0.0	1.331911141	1.412090778	8.490547096	1.362	20.78830388		True	False	False	False					144	0.999814964159	1.99940022513	1.99968675739	5.49855767503	0.0	95	64	11	17	31	False						144	0.0012832474439813	2.752572928267558e-05	0.8122737503883649	3.82506522508267	0.9126677441395816	0.0072293524843855	22	18	58	27	11	0		15	64	0.0079128366699515	63	0.0093066106408171	68	0.0053465803328847	53	0.009989325173947	12.0	0.0544986191315264	17.0	0.0381807326253417	12.0	0.0504306718306724	15.0	0.0288648670682821	21.0	0.0230243371981439	15.0	0.0338886902389965	23.0	0.0210438740531599	42.0	0.0058490218238385
129	False			False			False			False	False		145		B	B					0.0	0.0	0.034915561	0.0	0.517288272	-0.554	18.95846967		False	False	False	False					145	0.0	0.0	0.0	0.0	0.0	223	265	167	293	31	False						145	0.0	0.0	0.0307369134127481	0.3304342757459494	0.0032880595563062	1.468743095746037e-27	279	145	415	293	336	0			431	0.0	385	0.0	192	2.6472392355126453e-05	446	0.0	297.0	0.0	257.0	0.0	275.0	0.0	258.0	0.0	267.0	0.0	319.0	0.0	267.0	0.0	319.0	0.0
130	False			False			False			False	False		146			A					0.0	0.0	0.08125269	0.0	0.5	-0.5721	15.28368913		False	False	False	False					146	0.0	1.0	0.0	1.49999133425	0.0	223	126	167	127	31	False						146	1.1477125478625605e-07	0.0	0.344034853571419	1.039515615041428	0.0101721932538163	2.674017660881104e-05	262	145	146	178	236	0			430	0.0	384	0.0	432	0.0	447	0.0	167.0	0.0002050106859841	155.0	0.0001715862504164	174.0	0.000180557015544	153.0	0.0001670742424768	140.0	0.0001331440321724	320.0	0.0	149.0	8.501583050097145e-05	320.0	0.0
131	False			False	high_confidence_site_A	Posterior inclusion probability at least 0.95; antigenic site A.	True	aggregated_top20_epitope_A	Aggregated across seasonal top-20 sites in Fig. 4a; epitope A.	True	False		147			A	A	P	EG2		0.0	1.0	0.391337755	0.22248568	2.74964718	-0.08282	12.96991025		True	True	False	False					147	1.24978625972	0.5	0.0	0.499970102838	0.0	73	199	167	251	31	False						147	0.0010918002353059	5.15917137721552e-05	0.2283301131443157	1.792674177083758	0.9506937299198944	4.372022845963737e-07	26	13	194	100	10	0		13	45	0.0149025673697401	23	0.030748678394577	57	0.0084016484890244	58	0.0083714970179152	17.0	0.0393098716542411	21.0	0.0319895928170912	20.0	0.0357959850206009	25.0	0.0194406105518588	26.0	0.0163535022094472	27.0	0.0136784386652513	26.0	0.0175035584458602	24.0	0.0113231144484704
132	False			False			False			False	False		148		A	A					0.0	0.0	6.73e-16	0.0	0.0	-0.7149	12.86227501		False	False	False	False					148	0.0	0.0	0.0	0.0	0.0	223	265	167	293	31	False						148	0.0	0.0	0.0685971853759604	0.0797354143048347	0.0018374185700438	1.194456549729669e-07	279	145	346	428	382	0			428	0.0	383	0.0	497	0.0	449	0.0	271.0	0.0	272.0	0.0	299.0	0.0	257.0	0.0	265.0	0.0	321.0	0.0	265.0	0.0	321.0	0.0
133	False			False			False			False	False		149	A	A	A	A	P	EG2		0.0	2.0	0.449366205	0.458907461	3.591241357	0.01744	11.44113039		True	True	False	False					149	0.0	0.0	0.459074550614	0.454088400489	0.0	223	265	146	281	31	False						149	3.022243117437612e-07	7.402957838732372e-09	0.1093918886901438	0.7457762148728043	0.072790530381537	4.388404048488944e-16	246	140	284	206	95	0			2	0.1439790274137311	7	0.0723437883567486	3	0.1195059581342998	8	0.044131501562013	54.0	0.0111498174949677	54.0	0.0097378493170926	57.0	0.0085670141122925	64.0	0.0053735326916204	301.0	0.0	322.0	0.0	300.0	0.0	322.0	0.0
134	False			False			False			False	False		150								0.0	0.0	3.18e-16	0.0	0.0	-0.6907	7.669712117		False	False	False	False					150	0.0	0.0	0.0	0.0	0.0	223	265	167	293	31	False						150	0.0	0.0	0.0025035489940622	0.0	0.0004268380723889	9.16611371449224e-32	279	145	540	445	447	0			426	0.0	381	0.0	219	0.0	450	0.0	273.0	0.0	273.0	0.0	251.0	0.0	256.0	0.0	169.0	0.0	323.0	0.0	175.0	0.0	323.0	0.0
135	False	named_substitution	Repeated effects include K135E; SI87 to BE89 includes G135N	True	high_confidence_site_A	Posterior inclusion probability at least 0.95; antigenic site A.	True	aggregated_top20_epitope_A	Aggregated across seasonal top-20 sites in Fig. 4a; epitope A.	True	False		151		M	A	A		EG2		0.0	2.0	0.345414058	1.991477093	3.996679916	-0.2223	6.678111742		False	True	False	False					151	0.999883903134	1.99990228774	1.99901212469	2.99935851349	0.0	93	63	14	51	31	False						151	0.0005396914126015	1.7390082025352586e-05	1.0871411169297742	3.199366059087105	0.7675011284050947	0.2449419973000928	51	23	28	43	14	0		17	3	0.1431921896597875	8	0.0697930953367337	5	0.0923670968581829	5	0.0477634270462441	38.0	0.0193517198977383	36.0	0.0159183357938995	45.0	0.0132727533765241	43.0	0.0108340767295249	25.0	0.0165244925013633	24.0	0.0187399964457245	32.0	0.0109674447145145	22.0	0.0146183690417354
136	False			False			False			False	False		152						EG2		0.0	1.0	0.034332229	0.0	0.448897389	-0.6625	5.380417118		False	True	False	False					152	0.0	0.452795242212	0.0	0.4540970728	0.0	223	245	167	277	31	False						152	0.0	0.0	0.0062577021584706	0.0	0.0	1.275840254162327e-15	279	145	512	445	493	0			424	0.0	370	0.0	433	0.0	451	0.0	275.0	0.0	275.0	0.0	274.0	0.0	255.0	0.0	264.0	0.0	324.0	0.0	264.0	0.0	324.0	0.0
137	False			False	top25_site_A	Top-25 posterior inclusion position; antigenic site A in Fig 2 discussion.	True			False	True	Predicted dN/dS > 1 under the RSA + inverse-distance geometric model.	153	A	A	A	A	P	EG2		0.0	2.0	0.339381836	0.428732986	2.998958332	-0.2383	7.954011833		True	True	False	False					153	0.5	0.0	0.0	0.0	0.0	141	265	167	293	31	False						153	0.000219081102556	3.383281513683548e-06	0.769040165038931	1.075627394742638	0.2340935921700834	0.2184781080879798	73	50	62	175	53	0			30	0.0240539383594164	40	0.0180589760178039	22	0.0279166009324182	32	0.0182524628184625	46.0	0.0154230760607	65.0	0.0059263292491953	49.0	0.0121172216485597	65.0	0.0052226767037794	124.0	0.0002932795407638	76.0	0.0011521466746568	123.0	0.0004445958725397	102.0	0.0003023409964454
138	False			False			False	aggregated_top20_epitope_A	Aggregated across seasonal top-20 sites in Fig. 4a; epitope A.	True	True	Predicted dN/dS > 1 under the RSA + inverse-distance geometric model.	154			A			EG2		1.0	1.0	2.620668357	2.779856762	24.0	3.268	8.823097471		False	True	False	False					154	1.0	10.0	0.0	10.5	1.5	85	5	167	5	4	False						154	0.001025658483472	4.584009600529832e-05	0.3328542962717221	1.305715881596436	0.724499106288585	3.786858271041304e-06	31	15	153	146	19	0			31	0.0240284397305207	21	0.0349294396258337	28	0.0205229968808734	22	0.0237257404994237	32.0	0.0253303316269762	9.0	0.0567252341850149	33.0	0.0207070895175506	30.0	0.0160324829795277	17.0	0.0293779267208665	5.0	0.0709357540818499	21.0	0.0211257572347788	5.0	0.0431606472776354
139	False			False			False			False	False		155								1.0	0.0	9.56e-17	0.0	0.0	-0.6819	10.36480785		False	False	False	False					155	0.0	0.0	0.0	0.0	0.0	223	265	167	293	31	False						155	0.0	0.0	0.01023571641502	0.0	0.0	1.004288179625616e-10	279	145	483	445	493	0			421	0.0	380	0.0	431	0.0	443	0.0	270.0	0.0	290.0	0.0	276.0	0.0	272.0	0.0	266.0	0.0	325.0	0.0	266.0	0.0	325.0	0.0
140	False	named_substitution	Repeated effects include K140E	True			False	aggregated_top20_epitope_A	Aggregated across seasonal top-20 sites in Fig. 4a; epitope A.	True	False		156			A		P	EG2		1.0	2.0	1.014286545	309286000000000.0	7.872802659	1.378	12.24175491		True	True	False	False					156	0.724665381452	3.59569323532	1.05537011765	4.2916538724	1.12998148021	123	25	43	34	7	False						156	0.0010427313264678	7.963214505508896e-06	3.687948850291858	6.868027423778944	0.4359806977046824	0.9922281424863718	30	32	2	4	37	0			108	0.0027453766566836	60	0.0101750743660469	75	0.0051757588272518	70	0.006362103766046	7.0	0.1039978746064194	7.0	0.0591688626890972	6.0	0.1010940818310446	3.0	0.056370865571611	4.0	0.1051961946536068	6.0	0.0673166914588532	4.0	0.1059835116851364	3.0	0.0576718064934837
141	False			False			False			False	False		157								1.0	0.0	0.177772524	0.0	0.974741763	-0.2651	14.77220175		False	False	False	False					157	0.0	0.0	0.0	0.0	0.0	223	265	167	293	31	False						157	0.0	0.0	0.0712328239361315	0.4821279685569879	0.005706992991723	1.844843013255777e-14	279	145	338	259	280	0			419	0.0	379	0.0	429	0.0	429	0.0	198.0	2.678647784049629e-05	184.0	2.67601324562028e-06	201.0	2.8063424167518182e-05	274.0	0.0	268.0	0.0	326.0	0.0	268.0	0.0	326.0	0.0
142	False			False			False	aggregated_top20_epitope_A	Aggregated across seasonal top-20 sites in Fig. 4a; epitope A.	True	False		158			A	A	P	EG2		1.0	3.0	1.859974	3.096528221	17.1109513	3.268	17.43644863		True	True	False	False					158	3.01075274848	4.52956407696	1.00248186959	5.02771318636	0.0	9	18	44	23	31	False						158	0.0009035008949811	0.0001698447693439	1.000005785048557	6.466958610778169	1.483266747696662	1.025592205260781e-05	33	1	41	5	2	0		1	52	0.0120753054979227	30	0.0227363647216684	66	0.0053979744505653	33	0.0178051699724063	11.0	0.0687455529795548	8.0	0.0568685310705943	11.0	0.0563184717440363	7.0	0.0478164404546865	6.0	0.0932499871722673	8.0	0.04699271134003	6.0	0.0600576151346148	11.0	0.0269487524096556
143	False			False			False			False	True	Predicted dN/dS > 1 under the RSA + inverse-distance geometric model.	159	A	A	A	A		EG2		1.0	3.0	0.096017924	0.0	0.500048075	-0.5975	16.50874793		False	True	False	False					159	0.500061711405	0.500053575395	0.0	0.500037394903	0.0	137	195	167	234	31	False						159	2.037020029079321e-06	0.0	0.24501877824351	0.827474526147277	0.0112572831841992	7.698151941409804e-07	202	145	181	200	224	0			165	0.0003446082172805	110	0.0023687304287559	168	0.0002872126563996	103	0.0026169755136047	191.0	4.995384260537468e-05	159.0	0.0001353047481126	185.0	0.0001254265391102	145.0	0.0002513906913509	270.0	0.0	327.0	0.0	270.0	0.0	327.0	0.0
144	False	cluster_transition	WU95 to SY97 set K62E/V144I/K156Q/E158K/V196A/N276K	True	top25_site_A	Top-25 posterior inclusion position; antigenic site A in Fig 2 discussion.	True	aggregated_top20_epitope_A	Aggregated across seasonal top-20 sites in Fig. 4a; epitope A.	True	False		160	A	A	A	A	P	EG2		1.0	3.0	1.569756379	1.959706767	10.98792087	2.313	13.12202973		True	True	False	False					160	0.917692515136	0.908268498396	0.0	1.3647489705	0.443341942765	106	156	167	144	27	False						160	0.0063945631220728	9.204510876548076e-05	1.0358283653285951	4.246921717004697	1.5941922111920916	0.1207956974725257	5	7	34	23	1	1	144N	3	8	0.0904684040975132	17	0.0375188518341966	12	0.0587238830122491	12	0.0367378288110439	1.0	0.2910322139347214	4.0	0.0827424076435593	1.0	0.1682804279913892	4.0	0.0544178760745406	1.0	0.2018800529802494	4.0	0.0736701080185808	3.0	0.1102591355079495	4.0	0.0447523706600731
145	True	koel7_and_cluster_transition	Koel 7 site; SI87 to BE89 involves N145K	True	high_confidence_site_A	Posterior inclusion probability at least 0.95; antigenic site A.	True	aggregated_top20_epitope_A	Aggregated across seasonal top-20 sites in Fig. 4a; epitope A.	True	False		161	A	A	A	A	P	EG2	P	1.0	3.0	1.904000776	2.548070888	13.19030573	3.261	9.564545313		True	True	True	True	0.672	0.823	0.082	0.883	161	0.457058633462	4.07557833105	0.0	3.63291673252	0.0	211	23	167	42	31	True	28	66	95	44	30	161	0.001055891608493	1.3707806484705014e-06	0.5211709469107371	3.165827893369516	0.5244142967476433	0.0034367925451914	28	66	95	44	30	0			4	0.1317897989732356	4	0.0886747465400366	4	0.0942944020868262	6	0.0470450299490624	3.0	0.1819921250274988	1.0	0.1501495864822337	3.0	0.1573047198446606	1.0	0.1169282051277834	5.0	0.1021861815217564	2.0	0.0835546427738113	5.0	0.1040004315588428	2.0	0.0600429856256811
146	False			False			False			False	False		162	A	A	A	A		EG2		1.0	3.0	0.034341561	0.0	0.0	-0.6625	10.1901926		False	True	False	False					162	0.0	0.452782845813	0.0	0.454088400489	0.0	223	250	167	281	31	False						162	2.338395685898595e-07	0.0	0.3021677139029635	0.9934217083624044	0.0126446906881239	6.156545847810435e-06	252	145	163	183	216	0			151	0.000572757033437	70	0.0066420550062934	182	8.388772909731946e-05	94	0.003118017069786	157.0	0.0002834347904396	118.0	0.0005502517011291	151.0	0.0004306517624141	127.0	0.0004213319397778	273.0	0.0	315.0	0.0	273.0	0.0	315.0	0.0
147	False			False			False			False	False		163						EG4		1.0	1.0	9.56e-17	0.0	0.0	-0.6897	10.39581036		False	True	False	False					163	0.0	0.0	0.0	0.0	0.0	223	265	167	293	31	False						163	0.0	0.0	0.0126463886673759	0.0	0.0	1.530530976033289e-13	279	145	472	445	493	0			415	0.0	378	0.0	426	0.0	409	0.0	282.0	0.0	287.0	0.0	281.0	0.0	289.0	0.0	274.0	0.0	300.0	0.0	274.0	0.0	300.0	0.0
148	False			False			False			False	False		164						EG4		1.0	1.0	5.84e-16	0.0	0.0	-0.6897	13.50925373		False	True	False	False					164	0.0	0.0	0.0	0.0	0.0	223	265	167	293	31	False						164	0.0	0.0	0.0093254311556126	0.0	0.0004268380723889	5.6821158325161616e-14	279	145	495	445	447	0			414	0.0	377	0.0	425	0.0	416	0.0	283.0	0.0	286.0	0.0	282.0	0.0	286.0	0.0	275.0	0.0	299.0	0.0	275.0	0.0	299.0	0.0
149	False			False			False			False	False		165						EG4		1.0	1.0	0.103024761	0.0	0.0	-0.5328	16.25168908		False	True	False	False					165	0.0	0.0	0.0	0.0	0.0	223	265	167	293	31	False						165	0.0	0.0	0.1750177918556134	0.6620794472227198	0.0052798756157687	1.71675370885899e-07	279	145	226	221	288	0			413	0.0	376	0.0	423	0.0	408	0.0	284.0	0.0	280.0	0.0	283.0	0.0	285.0	0.0	276.0	0.0	298.0	0.0	276.0	0.0	298.0	0.0
150	False			False			False			False	False		166			A			EG4		1.0	2.0	0.483659347	0.259527739	4.993263537	0.4557	17.62352291		False	True	False	False					166	1.49964118798	1.99931266357	0.49990582934	3.49913204748	0.0	45	65	113	45	31	False						166	9.455484877396668e-05	1.7516617141505814e-07	0.2473793615338948	2.092820266830832	0.0728455722446932	6.555896389696777e-07	103	111	180	78	94	0			433	0.0	375	0.0	413	0.0	418	0.0	183.0	8.828892690653944e-05	164.0	9.0990647922809e-05	176.0	0.000172295098892	162.0	9.737315347936076e-05	97.0	0.0008442988365861	95.0	0.0005260263409147	108.0	0.0007468852570126	101.0	0.0003331574892234
151	False			False			False			False	False		167						EG4		1.0	2.0	1.03e-15	0.0	0.0	-0.6926	14.71541395		False	True	False	False					167	0.0	0.0	0.0	0.0	0.0	223	265	167	293	31	False						167	0.0	0.0	0.0100517102977525	0.0	0.0004268380723889	1.0331514384763132e-16	279	145	486	445	447	0			434	0.0	374	0.0	422	0.0	424	0.0	285.0	0.0	279.0	0.0	284.0	0.0	278.0	0.0	278.0	0.0	271.0	0.0	278.0	0.0	271.0	0.0
152	False			False			False			False	False		168			A			EG4		1.0	2.0	0.041174718	0.0	0.0	-0.6505	13.09827261		False	True	False	False					168	0.0	0.0	0.0	0.0	0.0	223	265	167	293	31	False						168	0.0	0.0	0.0101194005740658	0.0	0.0	2.459809188079432e-12	279	145	485	445	493	0			435	0.0	373	0.0	421	0.0	426	0.0	286.0	0.0	278.0	0.0	285.0	0.0	277.0	0.0	279.0	0.0	272.0	0.0	279.0	0.0	272.0	0.0
153	False			False			False			False	False		169						EG4		0.0	2.0	1.0	0.0	0.0	-0.6306	9.774200476		False	True	False	False					169	0.0	0.0	0.0	0.0	0.0	223	265	167	293	31	False						169	0.0	0.0	0.0161022690308154	0.0	0.0	0.0027917282454014	279	145	459	445	493	0			436	0.0	372	0.0	420	0.0	427	0.0	279.0	0.0	277.0	0.0	286.0	0.0	276.0	0.0	280.0	0.0	273.0	0.0	280.0	0.0	273.0	0.0
154	False			False			False			False	False		170						EG4		0.0	1.0	0.073873054	0.0	0.0	-0.5596	11.09901168		False	True	False	False					170	0.0	0.0	0.0	0.0	0.0	223	265	167	293	31	False						170	0.0	0.0	0.0255003487828317	0.0	0.0	7.665235159788718e-12	279	145	447	445	493	0			455	0.0	371	0.0	419	0.0	428	0.0	269.0	0.0	306.0	0.0	287.0	0.0	275.0	0.0	281.0	0.0	274.0	0.0	281.0	0.0	274.0	0.0
155	True	koel7	Koel 7 site listed in paper	True			False			False	False		171	B	B	B	B	P	EG3	P	0.0	2.0	0.342353537	1.111139515	2.920217839	-0.3599	9.937021352		True	True	True	True	0.0	0.0	0.077	0.867	171	0.0	0.0	0.0	0.0	0.0	223	265	167	293	31	True	82	246	281	325	69	171	0.0001677299020462	0.0	0.1156234768386041	0.2431421127984135	0.1508352022329528	4.718674141005707e-06	82	145	281	324	69	0			39	0.0186135221278361	27	0.0254571247195297	38	0.0160558083118396	19	0.0265786982147289	65.0	0.0053673313794991	69.0	0.0048489421717024	74.0	0.0040345552218979	69.0	0.0043834077653415	282.0	0.0	275.0	0.0	282.0	0.0	275.0	0.0
156	True	koel7_and_cluster_transition	Koel 7 site; WU95 to SY97 set includes K156Q; FU02 change includes Q156H	True			False			False	False		172		B	B	B	P	EG3	P	0.0	4.0	0.887408758	0.230749117	5.178572344	1.054	12.45311828		True	True	True	True	0.672	0.832	0.1317	0.971	172	1.37121456512	0.452782845813	0.0	0.454238602874	1.3402492225	69	250	167	273	6	True	102	122	266	198	60	172	9.573996335814624e-05	7.326385102378139e-08	0.1319300950738579	0.8643226238491918	0.1821430694313137	2.4031721523364603e-20	102	122	266	198	60	0			7	0.0915546725659219	5	0.0855161573908475	14	0.054516374002956	13	0.0362924891680634	20.0	0.0379111624052549	26.0	0.0249876131132545	13.0	0.0477239264023292	17.0	0.0286254969654922	114.0	0.0004823751864539	110.0	0.000155023490586	105.0	0.0008301719583229	109.0	0.0001214202306296
157	False			False	high_confidence_site_B	Posterior inclusion probability at least 0.95; antigenic site B.	True			False	False		173		N	B	B	P	EG3		0.0	4.0	1.944170266	2.165991143	16.38692943	2.881	14.78498323		True	True	False	False					173	2.47240200389	8.15133823946	0.0	7.30686298501	0.757218111899	15	6	167	9	13	False						173	0.0012414467597056	4.672229376025751e-05	0.4856255613658047	1.242264535513378	0.1844714157097875	0.0015358772770621	23	14	107	157	59	0			20	0.038510464549419	10	0.0640634624550671	36	0.0164843153977068	24	0.0234624843146091	23.0	0.0344924354021891	19.0	0.0360026884335764	42.0	0.0156108654631364	52.0	0.0086309165422156	33.0	0.0116627772334531	26.0	0.0140087211941638	40.0	0.008937179385688	44.0	0.0051933272654135
158	True	koel7_and_named_substitution	Koel 7 site; repeated effects include K158R; WU95 to SY97 set includes E158K	True	top25_site_B	Top-25 posterior inclusion position; antigenic site B in Fig 2 discussion.	True	aggregated_top20_epitope_B	Aggregated across seasonal top-20 sites in Fig. 4a; epitope B.	True	False		174		B	B	B	P	EG3	P	0.0	5.0	0.932688566	1.896049593	8.325920643	1.207	16.37115164		True	True	True	True	1.36	0.958	0.1797	0.996	174	1.39100805724	3.21169558739	0.0	5.49812241298	0.0	62	28	167	18	31	True	4	28	66	79	44	174	0.0066692080021841	1.0261755772647475e-05	0.7045363852915747	2.08096229108364	0.333478179517727	0.012075801751972	4	28	66	79	44	2	158N, 158K		10	0.0808989658374571	1	0.1905228003786992	6	0.0879823346143378	1	0.1473505675848095	4.0	0.1482271489690154	6.0	0.0640263097883259	5.0	0.1359874132626282	5.0	0.0529283905289337	13.0	0.0385424695531125	31.0	0.0125460140055383	8.0	0.049891616209627	23.0	0.0115371422998732
159	True	koel7_and_named_substitution	Koel 7 site; repeated effects include Y159F; later text discusses position 159	True	top25_site_B	Top-25 posterior inclusion position; antigenic site B in Fig 2 discussion.	True	aggregated_top20_epitope_B	Aggregated across seasonal top-20 sites in Fig. 4a; epitope B.	True	False		175		B	B	B	P	EG3	P	0.0	4.0	0.671874002	10.23789439	5.085744845	1.204	16.77534571		True	True	True	True	0.49	0.75	0.1837	1.0	175	0.0	2.28659241191	0.0	2.33867557232	0.894251480451	223	52	167	83	10	True	3	8	117	204	3	175	0.0114505834533523	9.027312528985882e-05	0.4526497293353657	0.799112879287542	1.1935280493305092	0.0185588710927715	3	8	117	204	3	3	159Y, 159S, 159F	10	12	0.0642633436034947	12	0.045617738436919	15	0.0473530868025023	7	0.044145420268126	6.0	0.1215427823828097	5.0	0.0671328930909324	9.0	0.0633188028115059	13.0	0.0338794575430127	3.0	0.1650214578428588	3.0	0.0760737186744241	1.0	0.1388660841404884	10.0	0.0319794694153562
160	False			False	top25_site_B	Top-25 posterior inclusion position; antigenic site B in Fig 2 discussion.	True			False	False		176		B	B	B		EG3		0.0	4.0	0.218379492	0.11189875	1.921055467	-0.2015	17.26745944		False	True	False	False					176	1.94662894068	12.5417104801	5.44158773765	20.4287618664	0.0	21	3	1	2	31	False						176	0.0395941150750223	5.796492072261242e-06	2.18299483787832	3.75473785334179	0.9638853094238587	0.947165645482729	1	37	9	29	8	1	160K		68	0.0066092861771339	29	0.0228608382647421	58	0.0078393979316905	42	0.0138547154092262	15.0	0.0472545772849089	14.0	0.0434051574003722	15.0	0.0379044331849067	20.0	0.0261198897512812	16.0	0.0317564058206952	18.0	0.0278968385702762	16.0	0.0299056083642585	17.0	0.0193513555327039
161	False			False			False			False	False		177						EG4		0.0	2.0	0.051746985	0.0	0.499951686	-0.5412	16.22568137		False	True	False	False					177	0.499860538334	0.0	0.0	0.0	0.0	162	265	167	293	31	False						177	6.158201284928212e-06	0.0	0.0505281429234562	0.3165158010712144	0.0049518045834296	6.8007131202596596e-18	182	145	383	305	294	0			450	0.0	445	0.0	435	0.0	164	0.0	100.0	0.0021185846743022	89.0	0.0022233994724255	93.0	0.002323259815488	88.0	0.0021702275124716	242.0	0.0	276.0	0.0	242.0	0.0	276.0	0.0
162	False			False			False			False	False		178						EG4		0.0	2.0	0.210858712	0.216907816	1.501379358	-0.0873	19.64014885		False	True	False	False					178	0.500233318859	1.00120026096	0.0	1.0008671308	0.0	134	121	167	159	31	False						178	7.297228594808852e-06	0.0	0.1547888414451739	0.4754945707058578	0.0200243074720712	2.224974250831672e-05	179	145	239	262	171	0			449	0.0	343	0.0	436	0.0	455	0.0	156.0	0.0002852746403164	108.0	0.0009002293956716	162.0	0.0002630274740388	112.0	0.0007367497682063	141.0	0.0001260323639949	119.0	4.170107408268319e-05	135.0	0.0002621957378121	119.0	3.623735952984278e-05
163	False			False			False			False	False		179		B	B	B				0.0	0.0	0.189096406	0.108406369	1.49968392	-0.3477	21.11963432		False	False	False	False					179	0.0	0.500086079588	0.0	0.500060081225	0.0	223	192	167	233	31	False						179	8.553138525307146e-07	0.0	0.1517936276172187	0.4855693876386781	0.0208031991004897	8.858683468370488e-08	223	145	243	256	166	0			62	0.0084786534069159	101	0.0031458392127529	51	0.0103964416542609	87	0.0035964830166043	108.0	0.0016826981521493	147.0	0.0002300330806214	110.0	0.0013619420324271	139.0	0.0003196399443584	157.0	4.664078734199016e-06	122.0	3.0369693883969404e-05	154.0	5.0232236091497605e-05	112.0	7.57863021927565e-05
164	False			False			False			False	False		180	N	N	B	B				0.0	0.0	0.232341545	0.339823012	2.453670046	-0.2918	20.51377906		False	False	False	False					180	0.0	0.0	0.0	0.0	0.0	223	265	167	293	31	False						180	8.43811311587683e-06	3.220400269957173e-06	0.2098249494707824	0.5795140427027213	0.0255285880307546	8.077109762143832e-11	177	51	204	230	150	0			167	0.0002905525873075	87	0.0048471100099372	154	0.0005316260782286	119	0.0012674382665673	169.0	0.0002025296791387	146.0	0.0002311845920277	157.0	0.0002891608421772	150.0	0.0002107663340446	144.0	8.548369563399617e-05	88.0	0.0006261693295979	144.0	0.0001136882185285	91.0	0.0005003801069829
165	False			False			False			False	False		181			B					0.0	0.0	0.206058101	0.0	1.346696744	-0.3591	23.76791155		False	False	False	False					181	0.0	0.452793743315	0.0	0.45409608128	0.0	223	247	167	279	31	False						181	0.0	0.0	0.0297445746324473	0.1654406081422416	0.0154074192126031	4.509372522852716e-25	279	145	419	349	198	0			118	0.0022361232923664	90	0.0043094989530405	117	0.00192436388972	111	0.0015783772859055	328.0	0.0	328.0	0.0	328.0	0.0	328.0	0.0	328.0	0.0	207.0	0.0	328.0	0.0	207.0	0.0
166	False			False			False			False	False		182								0.0	0.0	0.2438621	0.0	1.999249758	-0.2716	24.46325708		False	False	False	False					182	1.49926135955	0.499846161374	0.499752140356	0.999630761698	0.0	47	218	115	179	31	False						182	3.928759886303389e-07	0.0	0.1881449700607956	1.359235445725833	0.0133472208094814	1.810850528047865e-14	242	145	219	138	211	0			446	0.0	446	0.0	455	0.0	425	0.0	204.0	2.8643872324948395e-06	215.0	0.0	205.0	5.49924053377891e-06	214.0	0.0	244.0	0.0	277.0	0.0	244.0	0.0	277.0	0.0
167	False			False			False			False	False		183			D					0.0	0.0	0.388045085	0.0	3.499914909	-0.09472	27.08836114		False	False	False	False					183	0.0	0.0	0.0	0.0	0.0	223	265	167	293	31	False						183	0.0	0.0	0.061448689972415	0.4863330803756514	0.0103374574007173	5.7006379855037465e-16	279	145	370	255	233	0			445	0.0	150	0.0003276172949748	194	2.163731095281436e-05	144	0.0003041096666711	175.0	0.0001589962527302	151.0	0.0001786418114885	172.0	0.0001840586156887	141.0	0.0002829913963717	245.0	0.0	278.0	0.0	245.0	0.0	278.0	0.0
168	False			False			False			False	False		184			A					0.0	0.0	0.168010289	0.001766983	0.666693445	-0.2489	27.97341601		False	False	False	False					184	1.00031023335	0.0	0.333443572534	0.333366179534	0.0	82	265	164	292	31	False						184	8.683103996736715e-05	5.571513630244992e-07	0.3180466222968991	1.86409852498926	0.0573594466230575	0.1516303840245122	106	86	160	89	101	0			172	0.000165555234175	448	0.0	162	0.0004030417620492	423	0.0	116.0	0.0011067672015169	111.0	0.0007921782595472	122.0	0.0010006530912517	108.0	0.0008211088835871	80.0	0.0013918849626071	71.0	0.0013900971169138	90.0	0.0011764494415918	74.0	0.0010530740195466
169	False			False			False			False	False		185						EG4		0.0	1.0	0.041974812	0.0	0.500042971	-0.5747	31.55469702		False	True	False	False					185	0.0	0.500142140236	0.500022101676	1.00022014872	0.0	223	190	98	161	31	False						185	1.6395400691744387e-06	0.0	0.4705636897972473	1.348420382890485	0.0233246738890856	0.0011716802756859	207	145	112	140	158	0			180	0.0001062850897379	523	0.0	179	0.000132370669769	422	0.0	126.0	0.0006583277883224	119.0	0.0005392186449756	129.0	0.0007058289919583	120.0	0.0005178898767387	95.0	0.0009017081077417	86.0	0.0006984993576836	95.0	0.0011033646001156	69.0	0.0012323821935729
170	False			False			False			False	False		186			D			EG4		0.0	1.0	0.123595899	0.0	0.0	-0.5046	32.82806504	Not plotted in 1987	False	True	False	False					186	0.0	0.0	0.0	0.0	0.0	223	265	167	293	31	False						186	0.0	0.0	0.0152916766266435	0.0	0.0	2.848903790927472e-05	279	145	468	445	493	0			444	0.0	522	0.0	454	0.0	421	0.0	258.0	0.0	276.0	0.0	259.0	0.0	307.0	0.0	248.0	0.0	279.0	0.0	248.0	0.0	279.0	0.0
171	False			False			False	aggregated_top20_epitope_D	Aggregated across seasonal top-20 sites in Fig. 4a; epitope D.	True	False		187			D			EG4		0.0	1.0	0.578396609	0.922230531	3.142602029	0.2984	35.90776198		False	True	False	False					187	1.37287508124	2.26414198394	0.0	2.72518642071	0.0	63	54	167	63	31	False						187	0.0010780199962975	1.6179786157926446e-05	0.9586722605953	2.559762970277836	0.9876570697153846	0.028655121199763	27	24	50	63	5	0			443	0.0	521	0.0	453	0.0	420	0.0	43.0	0.0170903213115518	27.0	0.0248693077724037	40.0	0.016294528885571	29.0	0.0179721159404755	31.0	0.0136687865506421	16.0	0.0292870772203886	25.0	0.0181795840562739	19.0	0.0168738792947468
172	False			False			False			False	False		188		D	D	D	P	EG4		0.0	3.0	0.34096065	0.368652005	2.356299477	0.1709	36.22870248		True	True	False	False					188	0.951410230985	0.0	0.954211568471	0.947873794974	0.0	105	265	58	192	31	False						188	1.237198934565206e-05	6.205884453651292e-08	0.3747737200025479	1.856788601484524	0.1066939015227153	0.0014974647232006	168	126	139	90	83	0			41	0.0172267030766699	69	0.0069677741486298	45	0.0132139633558654	25	0.0232720996747789	58.0	0.0094787087193768	37.0	0.0157846850032903	61.0	0.0064663118238287	48.0	0.0096836611172463	135.0	0.0002100496214042	280.0	0.0	140.0	0.0001963599201578	280.0	0.0
173	False			False	top25_site_D	Top-25 posterior inclusion position; antigenic site D in Fig 2 discussion.	True	aggregated_top20_epitope_D	Aggregated across seasonal top-20 sites in Fig. 4a; epitope D.	True	False		189		D	D	D	P	EG4		1.0	2.0	1.726543229	2.721277255	9.384502177	3.052	38.5518413		True	True	False	False					189	1.35996995745	1.3453978209	1.49751810251	2.76379703624	0.0	72	109	30	60	31	False						189	0.0007003424158061	1.6872527585668616e-06	0.4921675746851935	2.648878653249099	0.2989484142986278	0.0025151541364933	41	62	105	61	47	0			19	0.0388775189255906	32	0.0225546932754042	23	0.0259173224315939	36	0.0169539032938501	14.0	0.0503051438570736	18.0	0.036717938354782	14.0	0.0401012019203047	14.0	0.0318413010597568	14.0	0.0377813580138852	23.0	0.022472568746768	13.0	0.0355819420182714	18.0	0.0177342408715065
174	False			False			False			False	False		190	N	D	D	D		EG4		1.0	2.0	0.18616962	0.216897202	1.346904557	-0.1311	36.12464284		False	True	False	False					190	0.457110279369	0.0	0.0	0.0	0.0	202	265	167	293	31	False						190	0.0	0.0	0.1216504606589125	0.3179693096977526	0.004266883222375	1.065974436441997e-05	279	145	272	301	308	0			110	0.0027176471824845	520	0.0	164	0.0003938015747767	417	0.0	94.0	0.0025283846693899	90.0	0.0020592599317304	115.0	0.0010893806372312	87.0	0.0021932158008436	251.0	0.0	281.0	0.0	251.0	0.0	281.0	0.0
175	False			False			False			False	False		191			D			EG4		1.0	3.0	0.181587421	0.733379256	1.346684452	-0.3623	33.43252127		False	True	False	False					191	0.0	0.452782845813	0.0	0.454088400489	0.0	223	250	167	281	31	False						191	8.02446319320881e-07	0.0	0.446159276707865	0.7267371440982119	0.0093534533947057	0.0254515228262768	226	145	121	213	245	0			105	0.0028262272430557	84	0.0052804153584235	83	0.0044913153763745	88	0.003550681181087	262.0	0.0	181.0	5.98204598338724e-06	209.0	1.738366758565311e-06	279.0	0.0	252.0	0.0	282.0	0.0	252.0	0.0	282.0	0.0
176	False			False			False			False	False		192			D			EG4		1.0	1.0	0.043625447	0.0	0.0	-0.6078	29.78863597		False	True	False	False					192	0.0	0.0	0.0	0.0	0.0	223	265	167	293	31	False						192	0.0	0.0	0.0103525786243489	0.0	0.0	1.0482239830665987e-10	279	145	482	445	493	0			438	0.0	519	0.0	449	0.0	415	0.0	263.0	0.0	281.0	0.0	263.0	0.0	280.0	0.0	253.0	0.0	283.0	0.0	253.0	0.0	283.0	0.0
177	False			False			False			False	False		193			D					1.0	0.0	9.68e-17	0.0	0.0	-0.6926	27.02516538		False	False	False	False					193	0.0	0.0	0.0	0.0	0.0	223	265	167	293	31	False						193	0.0	0.0	0.1450382761204819	0.2482610551329823	0.0015028528832004	1.133062102561717e-06	279	145	251	311	398	0			437	0.0	518	0.0	448	0.0	414	0.0	264.0	0.0	282.0	0.0	264.0	0.0	281.0	0.0	254.0	0.0	284.0	0.0	254.0	0.0	284.0	0.0
178	False			False			False			False	False		194								1.0	0.0	3.18e-16	0.0	0.0	-0.6865	23.65157741		False	False	False	False					194	0.0	0.0	0.0	0.0	0.0	223	265	167	293	31	False						194	0.0	0.0	0.1694125651995174	0.0791073307150145	0.0008025517645547	0.0011703685108253	279	145	230	438	434	0			423	0.0	517	0.0	447	0.0	413	0.0	265.0	0.0	283.0	0.0	265.0	0.0	282.0	0.0	255.0	0.0	285.0	0.0	255.0	0.0	285.0	0.0
179	False			False			False			False	False		195			D					1.0	0.0	0.089727145	0.0	0.95848529	-0.5766	20.60028003		False	False	False	False					195	0.0	0.480636422015	0.96679984446	1.44365837878	0.0	223	230	56	139	31	False						195	8.065775723535638e-07	0.0	0.367603941023835	1.009085670512094	0.0124337585047971	0.0009377317651991	225	145	140	182	217	0			411	0.0	516	0.0	446	0.0	412	0.0	266.0	0.0	182.0	3.3925593435716616e-06	208.0	1.8515484305264565e-06	184.0	4.2689780690511626e-06	256.0	0.0	286.0	0.0	256.0	0.0	286.0	0.0
180	False			False			False			False	False		196								1.0	0.0	1.0	0.0	0.0	-0.6306	17.76527328		False	False	False	False					196	0.0	0.0	0.0	0.0	0.0	223	265	167	293	31	False						196	0.0	0.0	0.0161022690308154	0.0	0.0004268380723889	0.0027917282454014	279	145	459	445	447	0			410	0.0	515	0.0	445	0.0	411	0.0	287.0	0.0	284.0	0.0	266.0	0.0	283.0	0.0	257.0	0.0	287.0	0.0	257.0	0.0	287.0	0.0
181	False			False			False			False	False		197								1.0	0.0	3.18e-16	0.0	0.0	-0.6907	15.25545527		False	False	False	False					197	0.0	0.0	0.0	0.0	0.0	223	265	167	293	31	False						197	0.0	0.0	0.0028965162202663	0.0	0.0	1.2212540177205121e-20	279	145	536	445	493	0			409	0.0	514	0.0	444	0.0	410	0.0	249.0	0.0	285.0	0.0	267.0	0.0	284.0	0.0	258.0	0.0	288.0	0.0	258.0	0.0	288.0	0.0
182	False			False			False			False	False		198	N	N	D					0.0	0.0	0.284640425	0.073196015	1.499945159	-0.1969	13.8990043		False	False	False	False					198	0.499909974641	1.49978847695	0.0	1.49981773802	0.0	161	91	167	130	31	False						198	4.169548507655875e-05	4.67269333898204e-07	0.2272939436084562	1.760075113710892	0.0296395384928027	1.502251468363e-07	132	89	196	104	142	0			112	0.0025672673335169	94	0.0040016519149043	105	0.0029363949696472	68	0.0065292270816743	102.0	0.0020824858527557	97.0	0.0015682159636091	100.0	0.0019177489269022	92.0	0.0019995311550172	142.0	0.0001053390877946	115.0	7.76864820744813e-05	145.0	0.000107827990375	118.0	3.780512562731633e-05
183	False			False			False	aggregated_top20_unknown	Aggregated across seasonal top-20 sites in Fig. 4a; outside established epitope set.	True	False		199								1.0	0.0	1.134503055	0.221039542	3.591850326	1.403	10.54476583		False	False	False	False					199	0.457097367378	1.8116594563	0.0	1.81672431043	0.446958907648	204	77	167	112	25	False						199	0.0001986086378502	0.0	0.0316788481969044	0.2340945004791579	0.0106325163749606	8.525411587050893e-15	79	145	411	343	231	0			139	0.0014369078162983	113	0.002187186249916	110	0.0024774108947844	116	0.0013790162197965	19.0	0.0392252907388939	23.0	0.0295762220729144	16.0	0.0370147196593695	22.0	0.0248824057412419	259.0	0.0	289.0	0.0	165.0	4.7621993905594505e-06	289.0	0.0
184	False			False			False			False	False		200								1.0	0.0	0.08039887	0.0	0.448903588	-0.5556	11.38428683		False	False	False	False					200	0.0	0.0	0.0	0.0	0.0	223	265	167	293	31	False						200	0.0	0.0	0.028924895227823	0.2339841623756855	0.0024394711964909	1.094295509364023e-20	279	145	424	345	357	0			383	0.0	512	0.0	442	0.0	419	0.0	290.0	0.0	288.0	0.0	289.0	0.0	287.0	0.0	283.0	0.0	290.0	0.0	259.0	0.0	290.0	0.0
185	False			False			False			False	False		201								1.0	0.0	1.03e-15	0.0	0.0	-0.6975	9.203666928		False	False	False	False					201	0.0	0.0	0.0	0.0	0.0	223	265	167	293	31	False						201	0.0	0.0	0.0030465214413719	0.0	0.0004268380723889	5.14946191170962e-33	279	145	533	445	447	0			382	0.0	501	0.0	441	0.0	430	0.0	312.0	0.0	289.0	0.0	262.0	0.0	288.0	0.0	284.0	0.0	291.0	0.0	283.0	0.0	291.0	0.0
186	False	cluster_transition	SI87 to BE89 includes I186S	True			False	aggregated_top20_epitope_B	Aggregated across seasonal top-20 sites in Fig. 4a; epitope B.	True	False		202	B		B	B				1.0	0.0	1.291249394	0.844976807	9.792106042	3.268	10.69810981	Not plotted in 1987	False	False	False	False					202	0.0	0.5	0.500022234833	1.00001520064	4.48817567294	223	199	97	166	1	False						202	0.0039898368469266	2.36175578302164e-06	0.2303243454128727	1.995407197331714	0.2680135230096449	2.8694178229958306e-15	10	58	191	83	50	1	186G		22	0.0342030029623705	3	0.0990381163921645	37	0.01617362108966	9	0.0435619705689107	5.0	0.1455369843128632	13.0	0.0461400980383819	4.0	0.1387243363595826	8.0	0.0437156570301747	35.0	0.0113377492911206	44.0	0.0052248605654349	31.0	0.0118866418711477	41.0	0.0060135262116717
187	False			False			False			False	False		203			B			EG3		1.0	1.0	0.043053337	0.0	0.0	-0.6547	11.81830739		False	True	False	False					203	0.0	0.0	0.0	0.0	0.0	223	265	167	293	31	False						203	8.738074210561444e-07	0.0	0.0529264764070058	0.6481912466676844	0.0107481922366036	2.211404896715026e-37	222	145	380	224	230	0			380	0.0	511	0.0	440	0.0	452	0.0	176.0	0.0001362653966034	177.0	2.731061333482962e-05	178.0	0.0001679415207738	172.0	4.5236404362262456e-05	99.0	0.0007596900303615	111.0	0.0001312708740412	88.0	0.0012736764927147	113.0	7.209097958805832e-05
188	False			False			False			False	False		204	B	B	B	B		EG3		1.0	1.0	0.949551292	1.09982151	6.285805234	1.405	13.37000971		False	True	False	False					204	1.82864759218	0.452840916063	0.459074550614	0.908258449892	0.0	25	241	146	196	31	False						204	0.0001355251709816	1.5155333833933838e-07	1.8609731114389108	2.751688770921382	0.0572319555478584	0.9511642319365896	88	114	13	56	102	0			37	0.0195543407004273	24	0.0272574866354768	42	0.0148561003484357	23	0.0234676685851799	74.0	0.003933109115255	84.0	0.0029360899447876	85.0	0.0027567173507396	78.0	0.0032288637530102	85.0	0.0012630018514506	82.0	0.000844127390744	81.0	0.0015175820601976	84.0	0.0007428337459753
189	True	koel7_and_named_substitution	Koel 7 site; repeated effects include K189N; text notes S189N can be small	True	high_confidence_site_B	Posterior inclusion probability at least 0.95; antigenic site B.	True	aggregated_top20_epitope_B	Aggregated across seasonal top-20 sites in Fig. 4a; epitope B.	True	False		205	B	B	B	B	P	EG3	P	1.0	3.0	0.644092424	3.359095268	4.711163063	0.5502	11.70061822		True	True	True	True	0.474	0.763	0.0887	0.905	205	0.0	1.44591418402	0.492277928168	1.94164162988	0.0	223	96	121	105	31	True	11	19	120	113	42	205	0.0036385625528955	2.6912358190526484e-05	0.4462461336390069	1.643055372010044	0.3412063384534782	0.0001425749598464	11	19	120	113	42	0		20	1	0.5593663848212987	2	0.1068924670685279	1	0.5186161429241599	3	0.0563999169185315	10.0	0.074654405655104	10.0	0.0558649119877758	8.0	0.0700507686481962	6.0	0.0490838706748807	15.0	0.0325322168394943	13.0	0.0364762081546919	15.0	0.031635787869624	9.0	0.0323443845996445
190	False			False			False			False	False		206			B	B		EG3		1.0	2.0	0.327182691	0.364871097	1.347863707	0.08124	8.227579226		False	True	False	False					206	0.0	0.0	0.0	0.0	0.0	223	265	167	293	31	False						206	0.0001393271357399	5.019125332377474e-07	0.0774203491276104	0.2427325523430757	0.109472625920721	7.026162003318472e-10	87	88	318	327	80	0			126	0.0017880465202117	14	0.0437273469574815	77	0.0050902299596712	63	0.0074641424574292	51.0	0.0122354291870507	49.0	0.0118623152428178	52.0	0.0104081791054809	32.0	0.0137790417043176	103.0	0.0007304112664009	77.0	0.0010122414685826	128.0	0.0003993852631909	82.0	0.0007942356336403
191	False			False			False			False	False		207		N				EG3		1.0	1.0	9.56e-17	0.0	0.0	-0.7149	10.42625286		False	True	False	False					207	0.0	0.0	0.0	0.0	0.0	223	265	167	293	31	False						207	0.0	0.0	0.0270607087172004	0.0	0.0004268380723889	1.827398039816595e-05	279	145	434	445	447	0			378	0.0	510	0.0	411	0.0	448	0.0	315.0	0.0	256.0	0.0	314.0	0.0	271.0	0.0	313.0	0.0	292.0	0.0	312.0	0.0	292.0	0.0
192	False			False			False			False	False		208			B	B	P	EG3		1.0	1.0	1.374521056	2.199121317	11.82966101	1.362	12.23909064		True	True	False	False					208	1.93116914232	5.04585538651	0.0	5.05197486024	0.0	22	15	167	22	31	False						208	0.0003923745576406	6.806134477942281e-08	1.0573778583987592	3.97034686092426	0.205160655732269	0.1072177399965592	58	123	33	25	56	0			143	0.0007346951856727	105	0.0029212370710451	98	0.0031265646057065	90	0.0032453805211083	85.0	0.0031745196587643	101.0	0.0011549097156745	87.0	0.0026249246980928	105.0	0.0009128418053542	89.0	0.0011877964652561	84.0	0.000754983793398	93.0	0.0011306741410716	95.0	0.0004381231220861
193	True	koel7_and_cluster_transition	Koel 7 site; SI87 to BE89 includes N193S	True	high_confidence_site_B	Posterior inclusion probability at least 0.95; antigenic site B.	True	aggregated_top20_epitope_B	Aggregated across seasonal top-20 sites in Fig. 4a; epitope B.	True	False		209	B	B	B	B	P		P	1.0	0.0	1.245868194	1.861318188	6.287182285	1.706	9.811679612		True	False	True	True	0.672	0.845	0.098	0.936	209	0.914297840211	2.71797780427	0.0	2.7253550554	0.0	108	37	167	62	31	True	16	9	18	60	15	209	0.0016190470413662	8.98521254033575e-05	1.4300234917384025	2.670381732713027	0.7598560239944279	0.5314635147006211	16	9	18	60	15	0		5	6	0.0920076160279226	9	0.0653346452500456	8	0.0716118097033601	2	0.0590008979383444	21.0	0.0363489884181637	24.0	0.0282583381970372	22.0	0.0329008004677671	23.0	0.0218748216024297	12.0	0.0398188949681576	12.0	0.0372679455999924	14.0	0.0353899614831609	12.0	0.0250451920530324
194	False			False			False	aggregated_top20_epitope_B	Aggregated across seasonal top-20 sites in Fig. 4a; epitope B.	True	False		210			B			EG3		1.0	1.0	2.459872489	1.099479681	14.13611944	3.265	8.321469175		False	True	False	False					210	0.0	2.48021578739	0.0	2.49386535981	2.14012059075	223	45	167	73	3	False						210	0.0015507647521487	0.0	0.0940597221650581	0.0827271113369766	0.0568467332643156	2.027166968459528e-09	18	145	299	386	103	0			21	0.0348920761257183	41	0.0173587301260235	19	0.0358479278520272	20	0.0250661956460014	22.0	0.0349011544237762	43.0	0.0144923896786691	27.0	0.0252003759180931	35.0	0.0135466385522907	59.0	0.0037438410836685	65.0	0.0016545791862287	58.0	0.0041820325086515	70.0	0.0011851812264754
195	False			False			False			False	False		211								1.0	0.0	0.518580224	2.178852227	1.499866875	0.7646	11.69133431		False	False	False	False					211	0.499766898689	0.499989266933	0.0	0.499992509682	0.498579249751	168	211	167	246	20	False						211	5.924414203153255e-05	5.382585327973696e-08	0.2097000888863437	0.2376280344455072	0.0214435280824755	0.0043532023929499	118	127	205	339	164	0			183	6.537647387326824e-05	152	0.0001914202934143	385	0.0	161	2.373710069237264e-05	115.0	0.0012078589930952	106.0	0.0009682557862752	109.0	0.00146609638377	97.0	0.0012841821238644	57.0	0.0039967483298561	66.0	0.0016313128569663	50.0	0.0055716805436449	54.0	0.0026322879497389
196	False	cluster_transition	WU95 to SY97 set K62E/V144I/K156Q/E158K/V196A/N276K	True			False	aggregated_top20_epitope_B	Aggregated across seasonal top-20 sites in Fig. 4a; epitope B.	True	False		212			B	B		EG3		1.0	2.0	0.419250066	0.921852542	2.998981074	0.1002	14.37644412		False	True	False	False					212	0.0	0.0	0.0	0.0	0.0	223	265	167	293	31	False						212	3.870757000427948e-08	0.0	0.1495265237083524	0.6491076189700894	0.0718409861744019	2.897847667842406e-09	274	145	246	223	96	0			42	0.016127688753436	34	0.0222408050338294	47	0.0120303705602973	38	0.0147498859141817	33.0	0.0233262137119625	15.0	0.0415755801460263	31.0	0.0231020936595859	12.0	0.0340789862954421	317.0	0.0	293.0	0.0	317.0	0.0	293.0	0.0
197	False			False			False	aggregated_top20_epitope_B	Aggregated across seasonal top-20 sites in Fig. 4a; epitope B.	True	False		213		B	B	B	P			1.0	0.0	0.638034765	0.25260421	5.033763769	0.1696	16.44571345		True	False	False	False					213	1.46770281226	2.86843759506	0.0	2.90447240078	0.0	53	35	167	57	31	False						213	0.0016776249833673	5.810360263405772e-06	1.0065846492890906	3.692808058844713	0.6558762054428092	0.0633897778387868	15	36	37	31	22	0			50	0.0135635611339403	55	0.0114377758007922	113	0.0020130054912222	85	0.0036926716396582	36.0	0.0201095068513009	31.0	0.0210656495133008	36.0	0.0181263583803575	27.0	0.0185841237862578	10.0	0.0458121605471462	11.0	0.0377287210864738	12.0	0.0380541571709001	8.0	0.0324358984117838
198	False			False			False			False	False		214		B	B					1.0	0.0	0.772322027	2.306540645	7.235075098	0.6589	16.70434153		False	False	False	False					214	1.05055906842	2.09678783581	1.08830787194	3.19591468853	0.0	77	59	40	49	31	False						214	0.000406908102263	8.580645403707375e-05	2.355599211252376	4.557277725033343	0.7372464757644953	0.9953867885660518	56	10	7	20	17	0		8	66	0.0070716990093959	68	0.0079532539925715	74	0.0051989703842221	61	0.0080237988850663	27.0	0.0322891956843989	25.0	0.0256587078258086	17.0	0.0361473792328526	24.0	0.0212897283864979	28.0	0.0149601221969992	35.0	0.0095884342147821	27.0	0.0143774763854347	25.0	0.0097473791464207
199	False			False			False			False	False		215		M						1.0	0.0	0.921590313	3.945231301	6.147031038	0.3919	17.07504841		False	False	False	False					215	1.64772150549	2.19644355918	0.0	2.19979778861	0.0	36	58	167	86	31	False						215	0.0002419278674114	5.927101447444958e-07	1.0218320276184885	2.161776507091746	0.1071609877633274	0.1903975158602807	71	85	35	75	82	0			97	0.0032427452240074	79	0.0056658111942502	106	0.0029211803590348	100	0.0027851289186735	67.0	0.0051491433794201	58.0	0.0080104392942297	69.0	0.0047551602612332	63.0	0.0055238080899952	44.0	0.0072105424131762	37.0	0.006976192392593	43.0	0.0074689438256599	31.0	0.0087104195443444
200	False			False			False			False	False		216								0.0	0.0	9.56e-17	0.0	0.0	-0.6907	16.28929558		False	False	False	False					216	0.516170996286	0.0	0.0	0.0	0.0	131	265	167	293	31	False						216	0.0	0.0	0.0367756854468831	0.2478792668558152	0.0024587674185241	2.80653156364823e-14	279	145	401	320	355	0			371	0.0	509	0.0	380	0.0	440	0.0	319.0	0.0	264.0	0.0	319.0	0.0	264.0	0.0	318.0	0.0	294.0	0.0	318.0	0.0	294.0	0.0
201	False			False			False			False	False		217	D	D	D	D	P			1.0	0.0	0.372453304	0.958031686	4.498837679	0.186	18.53665294		True	False	False	False					217	0.9999148627	0.999870201157	0.0	0.999882891183	0.0	92	136	167	176	31	False						217	4.513981148207032e-06	0.0	0.2123208509765276	1.126165197449556	0.0248698948293689	2.36190842030434e-06	189	145	203	170	155	0			80	0.0050493737731655	52	0.0127442381948949	80	0.0047673808525789	64	0.0071885769033279	124.0	0.0007525907949467	113.0	0.0007067696497678	140.0	0.0005525791195375	136.0	0.000329381992968	153.0	1.8894619952025103e-05	295.0	0.0	166.0	3.2891198501485634e-06	295.0	0.0
202	False			False			False			False	False		218					P			1.0	0.0	0.574760376	0.680645965	3.873075547	0.2363	18.96607152		True	False	False	False					218	0.48198533315	2.40298435782	0.0	2.87724809313	0.0	196	50	167	59	31	False						218	0.0010540235169337	1.810069437838141e-07	0.5999470888071905	1.345805956706567	0.154430151412552	0.0563942908703352	29	110	79	143	67	0			171	0.0001850704104607	137	0.00114031023043	163	0.0004001202834352	114	0.0014182674004359	84.0	0.0031868436645835	80.0	0.0033250223150656	80.0	0.0030675263847236	77.0	0.0033360985542949	117.0	0.0003924220175518	92.0	0.0005608189511591	121.0	0.0005029147095525	88.0	0.0005765345353888
203	False			False			False			False	False		219			D					1.0	0.0	0.172335386	0.165064458	1.496033779	-0.4442	22.56384309		False	False	False	False					219	0.0	0.500010698041	0.0	0.500007466897	0.0	223	197	167	238	31	False						219	3.296330420133146e-07	3.9667489541348366e-08	0.2278946479449075	0.731703315596065	0.0367853458385306	1.52060097383118e-06	245	132	195	209	128	0			153	0.0005514678763705	508	0.0	150	0.0005566667112681	437	0.0	128.0	0.0006356239962853	267.0	0.0	141.0	0.0005498873170862	267.0	0.0	110.0	0.0005623203732268	296.0	0.0	120.0	0.000507854708156	296.0	0.0
204	False			False			False			False	False		220						EG4		1.0	1.0	0.081280047	0.085149505	0.499977638	-0.5721	23.68270587		False	True	False	False					220	0.0	0.0	0.0	0.0	0.0	223	265	167	293	31	False						220	8.240360641916e-05	0.0	0.1204799312333481	0.799112879287542	0.0098300268537507	2.0495303930219818e-12	108	145	275	204	240	0			370	0.0	507	0.0	378	0.0	436	0.0	197.0	3.4041044129276054e-05	171.0	5.58207632144202e-05	196.0	4.822193770594061e-05	165.0	8.113417689382217e-05	322.0	0.0	297.0	0.0	322.0	0.0	297.0	0.0
205	False			False			False			False	False		221	D	M				EG4		1.0	2.0	0.04798142	0.0	0.500005304	-0.6625	27.42966476		False	True	False	False					221	0.0	0.0	0.0	0.0	0.0	223	265	167	293	31	False						221	0.0	0.0	0.0402416276094599	0.2479512374420204	0.0016050997582803	7.798138623160644e-16	279	145	397	317	392	0			155	0.0005056467955557	132	0.0012564747190816	130	0.0012900612466994	125	0.0009744549987423	323.0	0.0	268.0	0.0	321.0	0.0	269.0	0.0	323.0	0.0	269.0	0.0	323.0	0.0	269.0	0.0
206	False			False			False			False	False		222						EG4		1.0	2.0	5.84e-16	0.0	0.0	-0.7239	30.45683644		False	True	False	False					222	0.0	0.0	0.0	0.0	0.0	223	265	167	293	31	False						222	0.0	0.0	0.0093627131395358	0.0	0.0004268380723889	2.9489540621006426e-11	279	145	494	445	447	0			369	0.0	506	0.0	366	0.0	434	0.0	324.0	0.0	269.0	0.0	322.0	0.0	270.0	0.0	324.0	0.0	208.0	0.0	324.0	0.0	208.0	0.0
207	False			False			False			False	False		223	D	D	D	D	P			1.0	0.0	0.393672069	0.336404074	3.842028222	0.2045	34.01839203		True	False	False	False					223	1.45001459026	0.480998698464	1.93685670703	2.40877949019	0.0	55	227	17	78	31	False						223	0.000154142652995	2.072020065531544e-06	1.0006048098969484	3.607299280910822	0.2479033784023075	0.2636141663975903	83	59	39	33	51	0			93	0.0039641498415358	82	0.0054434480807524	90	0.0036951754307283	65	0.0069922761746281	138.0	0.0004915391731123	125.0	0.0004975351342395	134.0	0.000627665798481	115.0	0.0006445169643801	130.0	0.0002398705443936	99.0	0.0004028250334261	116.0	0.0005525569449251	89.0	0.000545067097615
208	False			False			False	aggregated_top20_epitope_D	Aggregated across seasonal top-20 sites in Fig. 4a; epitope D.	True	False		224	D	N	D			EG4		1.0	2.0	0.334354309	0.0	1.998745262	0.09573	34.70854995	Not plotted in 1987	False	True	False	False					224	1.00003459186	0.999194981608	0.0	2.99922072325	0.0	84	141	167	53	31	False						224	3.8497798685470544e-05	4.367022188225696e-07	0.4465253174471288	2.749515490671449	0.0667632196840839	0.0010628323840291	136	92	119	57	97	0			54	0.0115064122905102	44	0.0154112788052233	46	0.0125094643315473	40	0.0140554521714768	56.0	0.0108434891927962	62.0	0.0063513132696638	54.0	0.0092022751147134	59.0	0.0062942210975164	41.0	0.0075235883207699	49.0	0.0046466134373027	34.0	0.0109010419095708	28.0	0.0093280958104372
209	False			False			False			False	False		225			D			EG4		1.0	1.0	0.24055151	0.0	2.244647288	-0.2733	31.44085954		False	True	False	False					225	0.914272225891	0.0	0.0	0.454088400489	0.0	109	265	167	281	31	False						225	0.0001137024976709	3.511728721945504e-07	0.3853726523786964	1.161017648278379	0.0268957339904451	0.000636319828257	95	97	137	163	147	0			367	0.0	505	0.0	373	0.0	407	0.0	152.0	0.0003504816928573	137.0	0.0003557947445789	152.0	0.0003971765919354	146.0	0.0002427164839123	116.0	0.0004110430200527	129.0	0.0	118.0	0.0005215968868192	144.0	0.0
210	False			False			False			False	False		226						EG4		1.0	2.0	3.18e-16	0.0	0.0	-0.7149	28.41142762		False	True	False	False					226	0.0	0.0	0.0	0.0	0.0	223	265	167	293	31	False						226	0.0	0.0	0.0166173762774884	0.0	0.0	1.301512247327635e-10	279	145	455	445	493	0			366	0.0	504	0.0	372	0.0	406	0.0	326.0	0.0	292.0	0.0	324.0	0.0	311.0	0.0	319.0	0.0	132.0	0.0	319.0	0.0	132.0	0.0
211	False			False			False			False	False		227						EG4		1.0	1.0	0.06383153	0.0	0.707053	-0.6274	25.34606246		False	True	False	False					227	0.0	0.71750325956	0.0	0.723933646912	0.0	223	179	167	220	31	False						227	0.0	0.0	0.0743086203224337	0.1595547309833024	0.0027447605153061	6.779785779279177e-08	279	145	327	373	349	0			365	0.0	503	0.0	371	0.0	405	0.0	327.0	0.0	293.0	0.0	325.0	0.0	313.0	0.0	308.0	0.0	138.0	0.0	308.0	0.0	133.0	0.0
212	False			False			False			False	False		228			D			EG4		1.0	1.0	0.287614345	0.934872044	3.5	-0.2235	23.38897975		False	True	False	False					228	1.5	1.0	1.0	1.5	0.0	41	126	47	126	31	False						228	0.0020497962292532	0.0001238711302221	1.0615351535644413	4.638872811505148	0.5079681074653849	0.194980573539574	13	4	32	16	32	0		11	74	0.0054884441587072	74	0.0061563394465638	79	0.0049730181896996	84	0.0038859826085573	16.0	0.0419260787142625	47.0	0.0127789259798703	28.0	0.0248808153637994	37.0	0.0130276332808238	39.0	0.0091346021195527	42.0	0.0055868927293239	29.0	0.0124039204832164	38.0	0.0062059309231117
213	False			False			False	aggregated_top20_epitope_D	Aggregated across seasonal top-20 sites in Fig. 4a; epitope D.	True	False		229		N	D	D				1.0	0.0	0.121811191	0.096860642	0.5	-0.4971	20.41538459	Not plotted in 1987	False	False	False	False					229	0.0	0.0	1.0	1.0	0.0	223	265	47	167	31	False						229	0.0006755801705312	1.5479213600227022e-06	0.2327394143556804	1.440406564062256	0.0516033475838922	7.542275712987407e-13	43	64	188	129	106	0			58	0.0088582288933556	22	0.0325395535405736	53	0.0095777563347667	14	0.0335902953046569	63.0	0.0059395061716194	56.0	0.0089832605796834	68.0	0.00488382756647	54.0	0.0081012232635784	61.0	0.0033269393516841	40.0	0.0056721206000831	64.0	0.0036698281310254	40.0	0.0060547910575324
214	False			False			False			False	False		230			D					1.0	0.0	0.765230109	1.257703849	6.233820978	0.5258	19.20589132		False	False	False	False					230	3.37807772182	4.32673262589	1.45067896723	5.77621287709	0.952588161787	6	21	33	15	9	False						230	0.0002048570816381	8.200849101290788e-07	0.9998530015567924	4.819447429069294	0.1578270316686712	5.379090970714051e-05	76	79	44	12	65	0			32	0.0234096486352545	45	0.0153807005306788	29	0.020401580164367	48	0.0113771277571741	35.0	0.0206612196582623	28.0	0.0232366608403323	32.0	0.0216746758713221	18.0	0.0274917995748368	72.0	0.0021025512566409	53.0	0.0025080452320878	74.0	0.0019901947376064	65.0	0.0014754841051486
215	False			False			False			False	False		231			D					1.0	0.0	0.083949657	0.0	1.000033093	-0.4509	15.86424207		False	False	False	False					231	0.500009471322	0.0	0.0	0.0	0.0	140	265	167	293	31	False						231	0.0	0.0	0.042008932251437	0.3962041492260049	0.0042728527289205	2.5631609854915552e-14	279	145	393	282	307	0			399	0.0	502	0.0	367	0.0	377	0.0	310.0	0.0	316.0	0.0	312.0	0.0	317.0	0.0	288.0	0.0	125.0	0.0	306.0	0.0	136.0	0.0
216	False			False			False			False	False		232			D					1.0	0.0	0.370044898	0.311157517	1.795562911	-0.06695	16.46977298		False	False	False	False					232	0.0	0.905647681186	0.459074550614	1.36235157494	0.0	223	159	146	150	31	False						232	7.412337019805166e-07	0.0	0.2527408688608352	1.823086024659707	0.0307098599106505	1.930894299806878e-11	227	145	176	95	140	0			129	0.0017258175772657	61	0.0101591696488748	142	0.000764419878342	46	0.0126130307859116	105.0	0.0018374568350052	96.0	0.0016502490060644	124.0	0.0008010506103212	86.0	0.0024865778777845	109.0	0.0005834789054031	144.0	0.0	112.0	0.0006421821446087	129.0	0.0
217	False			False			False			False	False		233	D	D	D	D				1.0	0.0	0.359353824	0.15840531	2.396630427	-0.1371	14.38711557		False	False	False	False					233	0.48252548024	2.88449263643	0.966863809158	2.88669521256	0.476358273115	194	34	55	58	24	False						233	0.0001310025634674	0.0	0.1879586757085166	1.262295374494281	0.0254198992126892	2.940537684179828e-15	89	145	220	152	151	0			133	0.0015744218548425	93	0.0040474929687222	120	0.0018457505326089	71	0.0062413600937451	112.0	0.0013803391801369	109.0	0.0008189361929615	128.0	0.0007494104393955	118.0	0.0006265482061163	289.0	0.0	143.0	0.0	288.0	0.0	128.0	0.0
218	False			False			False			False	False		234		M	D					1.0	0.0	0.313645538	0.0	2.059973681	0.5469	14.77861838		False	False	False	False					234	0.0	2.59007603091	0.0	2.58728165052	0.0	223	38	167	69	31	False						234	0.0	0.0	0.0025000492378215	0.0	0.0019615144002188	4.443711475471122e-27	279	145	543	445	375	0			156	0.000474549574436	31	0.0227246059280296	144	0.000742537918099	26	0.0210789283026381	114.0	0.0012961314213313	107.0	0.0009491814892323	111.0	0.0012822426279134	104.0	0.0009212302126218	290.0	0.0	140.0	0.0	289.0	0.0	126.0	0.0
219	False			False			False	aggregated_top20_epitope_D	Aggregated across seasonal top-20 sites in Fig. 4a; epitope D.	True	False		235		M	D		P			0.0	1.0	0.868049933	0.324404645	5.488971764	0.4613	14.22420376		True	False	False	False					235	0.5	0.999957118764	0.0	0.999970068645	1.49294870834	141	135	167	175	5	False						235	0.0007417000765266	6.930637132684618e-06	0.488100393256638	2.148832195335483	0.480206051756816	0.0007805189452109	40	33	106	76	35	0			46	0.0142634301652375	42	0.0172806384111615	26	0.0205537533360499	21	0.0237943492024166	28.0	0.027979506597801	44.0	0.0143602642015959	26.0	0.0268477567364536	34.0	0.0136870512400586	42.0	0.0073236979057965	41.0	0.005669128325921	45.0	0.0071333014833457	48.0	0.0043676830025912
220	False			False			False			False	False		236	D							0.0	0.0	0.973373379	1.172905993	10.50327432	1.434	15.08812464		False	False	False	False					236	0.0	0.499991879543	0.0	0.499983312859	0.0	223	207	167	248	31	False						236	2.0522793959296527e-06	0.0	0.0318683870322711	0.3214968917010186	0.0156805096289445	1.027251022621442e-16	201	145	410	298	195	0			173	0.000142336237578	145	0.0006133979330242	176	0.0001583880913094	147	0.0002654565787557	68.0	0.0050772424781122	83.0	0.0029664029218289	72.0	0.0044709097663123	85.0	0.0025027903133706	292.0	0.0	137.0	0.0	161.0	9.097846281306888e-06	135.0	0.0
221	False			False			False			False	False		237								0.0	0.0	1.180150708	0.354942873	12.49812863	3.21	15.99395356		False	False	False	False					237	0.0	18.4873237861	0.0	19.991628306	0.0	223	2	167	3	31	False						237	3.259217422618881e-05	0.0	0.1137165314767211	0.3175568867169262	0.0157033874434239	5.645597409370203e-07	140	145	282	302	194	0			407	0.0	524	0.0	388	0.0	372	0.0	88.0	0.0030139042944472	120.0	0.0005392029437109	86.0	0.0027544766307429	125.0	0.0004473811305364	63.0	0.0031775649281361	68.0	0.0015556093280601	66.0	0.0031999899191909	68.0	0.0012830000375259
222	False			False			False			False	True	Predicted dN/dS > 1 under the RSA + inverse-distance geometric model.	238					P	N		0.0	1.0	0.286727752	0.130432418	1.6478789	0.01819	13.67345818		True	True	False	False					238	0.501561818912	2.00761452792	0.501142876367	2.50859025352	0.0	132	60	87	70	31	False						238	9.058867393624784e-05	4.997130073243105e-08	0.2001388563925446	0.7236861513013029	0.1498814013803925	8.334549384067308e-07	104	129	213	216	70	0			119	0.0021756728159062	513	0.0	139	0.0009683228307711	371	0.0	107.0	0.0016971883768752	93.0	0.0017817910239445	90.0	0.0024711335802838	74.0	0.003424578288419	101.0	0.0007415683162132	127.0	0.0	98.0	0.0010604429655286	130.0	0.0
223	False			False			False	aggregated_top20_unknown	Aggregated across seasonal top-20 sites in Fig. 4a; outside established epitope set.	True	True	Predicted dN/dS > 1 under the RSA + inverse-distance geometric model.	239						EG3		0.0	1.0	1.539518527	0.512307042	8.877564893	2.589	13.16029427		False	True	False	False					239	0.409054922675	4.59073211659	0.358724892031	4.74437417347	0.0	215	17	159	27	31	False						239	5.2307830514715e-05	5.5926414114739344e-06	0.4003753847188983	1.847740652393878	0.3977666509017585	0.0140641358456823	120	38	134	92	40	0			127	0.0017800530904947	62	0.0100513667059979	85	0.0043861803995104	96	0.0029916495102986	29.0	0.026614926730111	22.0	0.0299469680248153	24.0	0.0307054986365162	16.0	0.0287312420447354	58.0	0.0038425190093657	57.0	0.0021327590286015	44.0	0.0072754724627526	52.0	0.0029248877177393
224	False			False			False			False	False		240								0.0	0.0	0.071067847	0.0	0.487557379	-0.5351	11.91891666		False	False	False	False					240	0.0	0.0	0.0	0.0	0.0	223	265	167	293	31	False						240	0.0	0.0	0.0587740058385088	0.0803436292515852	0.0004268380723889	1.455026658319003e-15	279	145	376	425	447	0			405	0.0	525	0.0	389	0.0	369	0.0	293.0	0.0	324.0	0.0	295.0	0.0	325.0	0.0	296.0	0.0	131.0	0.0	294.0	0.0	145.0	0.0
225	False			False			False	aggregated_top20_unknown	Aggregated across seasonal top-20 sites in Fig. 4a; outside established epitope set.	True	True	Predicted dN/dS > 1 under the RSA + inverse-distance geometric model.	241					P	N		0.0	1.0	3.719232918	2.642449555	34.51520098	3.268	10.22454686		True	True	False	False					241	1.37117590039	21.2807937532	0.918149101228	23.6125968254	0.443396676292	70	1	65	1	26	False						241	0.0150016726714739	0.0001330915657759	0.1658037307771901	1.138201719187927	0.7039552273719665	2.567681136120653e-11	2	3	232	168	21	3	225D, 225N, 225G	7	11	0.073886417720962	6	0.0809910835009849	10	0.0601656499613843	4	0.0502158093885131	2.0	0.2045186787469383	2.0	0.116890964755498	2.0	0.1622131608204033	2.0	0.1046846241642026	2.0	0.1715808043533655	1.0	0.1511527146322968	2.0	0.1281706428167836	1.0	0.0972004325332982
226	False			False			False			False	True	Predicted dN/dS > 1 under the RSA + inverse-distance geometric model.	242	N	D	D	D	P			0.0	0.0	2.070702578	1.656538028	13.1714694	3.247	8.625553933		True	False	False	False					242	0.96410899348	0.0	0.0	0.0	0.0	104	265	167	293	31	False						242	0.0001898926894555	2.3951108288715906e-06	0.0790727965603108	0.5046445599771076	0.1892836063374929	2.158336641557547e-18	80	57	315	245	58	0			15	0.0561048328143277	15	0.0433852841972145	13	0.055945571029633	10	0.0398368986242521	30.0	0.0265958770494792	48.0	0.0121130472091134	25.0	0.0277448998557217	36.0	0.0135035936531609	146.0	7.513878218221414e-05	120.0	4.16362737537275e-05	146.0	0.0001034030003424	121.0	2.575594475761981e-05
227	False			False			False			False	False		243			D	D	P			0.0	0.0	0.173942374	0.297069593	1.0	-0.3226	10.73644754		True	False	False	False					243	0.0	0.499989295268	0.5	0.999985059489	0.0	223	210	99	172	31	False						243	0.0001077945416102	3.394071829082625e-07	0.0363534962037227	0.3172387874566368	0.176280584949149	4.056201801849367e-14	98	98	403	303	62	0			82	0.0049459860007164	13	0.0439412798128108	95	0.0032564103122969	31	0.0191177956960606	80.0	0.0036070942963052	75.0	0.0037323165198521	65.0	0.0053839362187642	81.0	0.0029460514453934	83.0	0.0012718811956645	74.0	0.0011954230446762	82.0	0.0015084381399286	81.0	0.0007993886999479
228	False			False			False			False	False		244	N	N	D					0.0	0.0	9.56e-17	0.0	0.0	-0.7264	9.209819236		False	False	False	False					244	0.0	0.0	0.0	0.0	0.0	223	265	167	293	31	False						244	0.0	0.0	0.0064327523729479	0.0	0.0004268380723889	2.903546711786805e-11	279	145	511	445	447	0			401	0.0	539	0.0	408	0.0	365	0.0	296.0	0.0	321.0	0.0	297.0	0.0	310.0	0.0	299.0	0.0	139.0	0.0	297.0	0.0	139.0	0.0
229	False			False			False			False	False		245			D		P			0.0	0.0	1.461182524	0.580907665	14.04025161	3.217	10.79899283	Illegible in 1987	True	False	False	False					245	0.0	0.0	0.0	0.0	0.0	223	265	167	293	31	False						245	4.354194950914265e-05	0.0	0.0310244835984019	0.2415182790069915	0.0268911638794768	3.405473580782913e-14	130	145	413	331	148	0			53	0.0117298776002921	39	0.0196808379249691	48	0.0108831141386061	41	0.0139556059526234	66.0	0.0052445264346671	71.0	0.0044858979004061	67.0	0.00497793708911	61.0	0.0061366362629304	300.0	0.0	141.0	0.0	298.0	0.0	127.0	0.0
230	False			False			False			False	False		246			D					0.0	0.0	0.356528482		2.587025719	0.0115	11.7160695		False	False	False	False					246	0.0	1.50978007669	0.0	1.48005101742	0.0	223	84	167	132	31	False						246	0.000574355145565	8.436757122991098e-09	1.4355538425784704	1.431902991794638	0.1084426854792057	0.696616601260163	46	139	17	131	81	0			89	0.0044260554479227	57	0.0109461801802013	91	0.003640970728667	93	0.0031343731348815	71.0	0.0045647724568614	46.0	0.0132645293695642	73.0	0.0041469001744898	33.0	0.0137450825187448	79.0	0.0014048410160042	50.0	0.0039375323155037	73.0	0.0020178528378428	37.0	0.0067304392972777
231	False			False			False			False	False		247								0.0	0.0	5.11e-17	0.0	0.0	-0.7264	15.48295989		False	False	False	False					247	0.0	0.0	0.0	0.0	0.0	223	265	167	293	31	False						247	0.0	0.0	0.0976522634608396	0.0826930068364431	0.0008536752020946	1.432233944338315e-06	279	145	295	390	418	0			44	0.0160428788500305	59	0.0104190293904987	34	0.0173645786094775	51	0.010286756526851	150.0	0.0003622562863664	175.0	3.229727268497314e-05	171.0	0.0001856840687469	180.0	1.4882776259454554e-05	238.0	0.0	142.0	0.0	238.0	0.0	143.0	0.0
232	False			False			False			False	False		248								0.0	0.0	0.044821267	0.0	0.478429857	-0.6499	17.41477037		False	False	False	False					248	0.0	0.0	0.0	0.0	0.0	223	265	167	293	31	False						248	1.6243201936180293e-08	0.0	0.2725967062590403	0.8408876300646468	0.0048137970572842	3.191939142309923e-07	276	145	167	199	297	0			397	0.0	549	0.0	404	0.0	361	0.0	299.0	0.0	311.0	0.0	292.0	0.0	294.0	0.0	302.0	0.0	136.0	0.0	301.0	0.0	142.0	0.0
233	False			False			False			False	False		249								0.0	0.0	0.258563442	0.965903141	1.999081443	0.03883	20.51388705		False	False	False	False					249	0.0	0.0	0.0	0.0	0.0	223	265	167	293	31	False						249	0.0	0.0	0.1599893253637174	0.3958643124119105	0.0053312934426968	1.4814515559708e-06	279	145	235	284	287	0			36	0.0198299757067521	58	0.010810346999707	31	0.0188150541569203	52	0.0100838765684396	159.0	0.0002633334645611	140.0	0.0003139395724646	158.0	0.0002837681008225	132.0	0.0003653498379662	303.0	0.0	135.0	0.0	302.0	0.0	141.0	0.0
234	False			False			False			False	False		250								0.0	0.0	1.0	0.0	0.0	-0.6306	23.16276272		False	False	False	False					250	0.0	0.0	0.0	0.0	0.0	223	265	167	293	31	False						250	0.0	0.0	0.0161022690308154	0.0	0.0004268380723889	0.0027917282454014	279	145	459	445	447	0			395	0.0	548	0.0	402	0.0	381	0.0	300.0	0.0	295.0	0.0	300.0	0.0	296.0	0.0	304.0	0.0	134.0	0.0	303.0	0.0	140.0	0.0
235	False			False			False			False	False		251						EG4		0.0	1.0	3.18e-16	0.0	0.0	-0.7239	25.89546617		False	True	False	False					251	0.0	0.0	0.0	0.0	0.0	223	265	167	293	31	False						251	0.0	0.0	0.0712140995631707	0.0809933772243387	0.0008536752020946	1.057586443097073e-07	279	145	339	406	418	0			394	0.0	547	0.0	401	0.0	382	0.0	301.0	0.0	296.0	0.0	302.0	0.0	297.0	0.0	305.0	0.0	133.0	0.0	304.0	0.0	138.0	0.0
236	False			False			False			False	False		252								0.0	0.0	0.17565184	0.551198043	1.067056266	-0.3569	29.05854567		False	False	False	False					252	1.05888760865	0.355274721847	0.351959587583	0.35451169902	0.0	75	262	162	290	31	False						252	5.97702686259031e-07	0.0	0.2752200013475289	1.262393123444518	0.0149201850170476	0.0030697726256528	231	145	166	151	200	0			393	0.0	546	0.0	400	0.0	383	0.0	196.0	4.025168282790429e-05	185.0	1.9040037889378163e-06	200.0	3.676759423467583e-05	181.0	1.341351292607368e-05	262.0	0.0	126.0	0.0	305.0	0.0	137.0	0.0
237	False			False			False			False	False		253								0.0	0.0	0.040630243	0.0	0.499980311	-0.6472	30.79442542		False	False	False	False					253	0.0	0.0	0.0	0.0	0.0	223	265	167	293	31	False						253	0.0	0.0	0.0524836781108177	0.0798216005137358	0.0008025517645547	2.352574808406199e-13	279	145	381	427	434	0			392	0.0	545	0.0	399	0.0	395	0.0	302.0	0.0	297.0	0.0	303.0	0.0	298.0	0.0	239.0	0.0	130.0	0.0	262.0	0.0	134.0	0.0
238	False			False			False			False	False		254			D			EG4		0.0	1.0	0.261995429	0.0	2.400225545	-0.1001	34.46797045		False	True	False	False					254	0.966003568899	0.962032826638	0.0	0.96336817475	0.0	98	151	167	188	31	False						254	1.296944321434647e-05	0.0	0.2638686735562319	1.392698059662788	0.0216026783348316	5.677081809612057e-05	166	145	173	134	162	0			391	0.0	544	0.0	398	0.0	404	0.0	149.0	0.0003738071149317	154.0	0.0001733172060715	181.0	0.000147467846179	152.0	0.0002027473455532	221.0	0.0	128.0	0.0	239.0	0.0	125.0	0.0
239	False			False			False			False	False		255								0.0	0.0	0.125938495	0.0	1.000019881	-0.3273	36.58664478		False	False	False	False					255	0.500018950506	0.500006574961	0.500087107388	1.00005809296	0.0	139	198	92	165	31	False						255	9.99808804335094e-07	0.0	0.1557759311996501	1.110397300493742	0.0117436287440695	3.336107374355849e-28	218	145	237	172	219	0			390	0.0	543	0.0	397	0.0	403	0.0	303.0	0.0	299.0	0.0	304.0	0.0	300.0	0.0	237.0	0.0	145.0	0.0	225.0	0.0	131.0	0.0
240	False			False			False			False	False		256			D					0.0	0.0	0.034909297	0.0	0.517341753	-0.554	37.4350887		False	False	False	False					256	0.0	0.0	0.0	0.0	0.0	223	265	167	293	31	False						256	3.944601403682859e-06	0.0	0.0307548139403143	0.3306022814354523	0.0070324409587277	1.398858327341099e-22	193	145	414	291	267	0			389	0.0	542	0.0	396	0.0	402	0.0	203.0	4.507411603367283e-06	178.0	2.549474923111955e-05	202.0	2.2183894272814167e-05	179.0	1.739321280834524e-05	172.0	0.0	147.0	0.0	237.0	0.0	123.0	1.0448335399217889e-05
241	False			False			False	aggregated_top20_unknown	Aggregated across seasonal top-20 sites in Fig. 4a; outside established epitope set.	True	False		257						EG4		0.0	1.0	5.11e-17	0.0	0.0	-0.7149	34.60027532		False	True	False	False					257	0.0	0.0	0.0	0.0	0.0	223	265	167	293	31	False						257	0.0	0.0	0.0105846872177042	0.0	0.0004268380723889	8.722859459536756e-07	279	145	479	445	447	0			456	0.0	541	0.0	395	0.0	401	0.0	199.0	2.4801468833441523e-05	55.0	0.0095878472539316	194.0	5.337016468422457e-05	55.0	0.0080479516765355	143.0	9.476467557428282e-05	34.0	0.0118353477838545	164.0	5.788476197375483e-06	39.0	0.0060855370836698
242	False			False			False			False	False		258	N	D	D	D		EG4		0.0	2.0	0.492915254	0.277036577	1.777340043	0.3058	31.45894004		False	True	False	False					258	0.353041541068	1.06544501311	1.05576284424	2.12681595566	0.0	217	115	42	89	31	False						258	7.273900754753062e-05	2.5978796635943905e-08	0.857554351043357	3.459285845849511	0.059294104747315	0.131610548052222	112	134	55	34	100	0			94	0.0039619178889678	72	0.0065114241701967	107	0.00289712548141	101	0.0027748220801653	49.0	0.0129944262926104	52.0	0.010659993426265	47.0	0.0127237855110157	49.0	0.0092877587660423	64.0	0.0031240697506029	100.0	0.000378723002644	60.0	0.0040686543446313	73.0	0.0010656663226034
243	False			False			False			False	False		259						EG4		0.0	1.0	0.274056315	0.0	1.999551613	0.1096	27.78023755		False	True	False	False					259	0.499964168354	1.50028624475	0.499889271565	2.00014362471	0.0	157	87	114	96	31	False						259	7.461928318948877e-05	0.0	0.1256016956811755	0.4963301968333558	0.021064602189411	2.462400465583666e-07	111	145	269	251	165	0			458	0.0	540	0.0	393	0.0	399	0.0	305.0	0.0	302.0	0.0	206.0	4.623237804292994e-06	178.0	1.7718412123669496e-05	174.0	0.0	113.0	8.348413278833469e-05	151.0	6.776875084967758e-05	75.0	0.0010328266484693
244	False			False			False			False	False		260		D	D	D				0.0	0.0	0.073874657	0.0	0.81887138	-0.5597	26.32345567		False	False	False	False					260	0.0	0.819201939199	0.0	0.823771002224	0.0	223	171	167	211	31	False						260	0.0	0.0	0.0963346438704216	0.1654406081422416	0.001229387951553	8.03248319583012e-09	279	145	297	349	404	0			79	0.0052106075275039	76	0.0059494453619504	102	0.0029830002623924	82	0.0040697597548543	306.0	0.0	180.0	6.172891353598859e-06	168.0	0.0002098108876253	185.0	3.385261217302275e-06	175.0	0.0	148.0	0.0	179.0	0.0	147.0	0.0
245	False			False			False			False	False		261								0.0	0.0	0.044857527	0.0	0.0	-0.6499	22.70265946		False	False	False	False					261	0.0	0.0	0.0	0.0	0.0	223	265	167	293	31	False						261	4.207893380763046e-06	0.0	0.2007845393426865	0.5882576932224677	0.0110349025819342	1.120885250618808e-06	190	145	212	228	226	0			526	0.0	538	0.0	391	0.0	397	0.0	307.0	0.0	303.0	0.0	192.0	7.060099692553893e-05	303.0	0.0	150.0	5.803936741684897e-05	180.0	0.0	152.0	6.286166506453795e-05	148.0	0.0
246	False			False			False			False	False		262		D	D		P			0.0	0.0	1.035526059	0.301099875	8.530122865	1.119	22.29391717		True	False	False	False					262	0.0	1.35842758302	0.0	1.81642758793	3.11159533067	223	108	167	113	2	False						262	9.754007632028396e-05	0.0	0.0607892762007305	0.0827613385261898	0.0204758183082103	2.007912812273538e-12	101	145	372	385	169	0			17	0.0450451274536769	26	0.0264175103193845	16	0.0441154558558176	17	0.0276054204855528	45.0	0.0156852859142061	51.0	0.0110347448270162	37.0	0.0181042634555733	46.0	0.010082050167791	176.0	0.0	181.0	0.0	180.0	0.0	180.0	0.0
247	False			False			False			False	False		263			D					0.0	0.0	0.206289309	0.173110484	1.346806442	-0.3376	19.09205737		False	False	False	False					263	0.457074490528	0.452844492469	0.0	0.908270893368	0.0	208	240	167	195	31	False						263	2.2582980395092977e-07	0.0	0.1435466969418889	0.5789058182679402	0.0192523585897377	6.385310672583595e-08	254	145	252	233	174	0			524	0.0	131	0.0012581749822015	458	0.0	140	0.0003986778080531	111.0	0.0013814063967503	144.0	0.0002457699480531	108.0	0.0014718147211346	134.0	0.0003470657660001	177.0	0.0	182.0	0.0	181.0	0.0	181.0	0.0
248	False			False			False			False	False		264			D	D				0.0	0.0	0.344816076	0.164540125	1.9996723	-0.1642	18.11582227		False	False	False	False					264	0.0	0.999832796455	0.0	0.999878766688	0.0	223	138	167	177	31	False						264	2.342688432077392e-06	0.0	0.1094604162847867	0.4053844671294142	0.0087500634234443	7.475176603712273e-08	199	145	283	273	250	0			91	0.0042230195658508	64	0.008574016351005	82	0.0045905821174796	56	0.0088121119287908	151.0	0.0003563370829958	116.0	0.0006069534680263	107.0	0.0015447570909978	99.0	0.0011881428578693	178.0	0.0	183.0	0.0	163.0	8.261804944355082e-06	182.0	0.0
249	False			False			False			False	False		265								0.0	0.0	4.73e-16	0.0	0.0	-0.6907	14.47368289		False	False	False	False					265	0.0	0.0	0.0	0.0	0.0	223	265	167	293	31	False						265	0.0	0.0	0.0022729284214867	0.0	0.0004268380723889	8.443768008623122e-27	279	145	548	445	447	0			522	0.0	527	0.0	471	0.0	393	0.0	246.0	0.0	307.0	0.0	291.0	0.0	253.0	0.0	179.0	0.0	184.0	0.0	182.0	0.0	183.0	0.0
250	False			False			False			False	False		266								0.0	0.0	3.18e-16	0.0	0.0	-0.7225	12.16496409		False	False	False	False					266	0.0	0.0	0.0	0.0	0.0	223	265	167	293	31	False						266	0.0	0.0	0.0098496749123296	0.0	0.0	1.032109096293421e-13	279	145	489	445	493	0			521	0.0	537	0.0	526	0.0	392	0.0	206.0	0.0	308.0	0.0	252.0	0.0	308.0	0.0	171.0	0.0	185.0	0.0	183.0	0.0	184.0	0.0
251	False			False			False			False	False		267								0.0	0.0	0.077729073	0.0	0.0	-0.5597	13.84255366		False	False	False	False					267	0.0	0.0	0.0	0.0	0.0	223	265	167	293	31	False						267	0.0	0.0	0.0735277644878546	0.0827271113369766	0.0011589682919798	3.069779188083775e-08	279	145	331	386	413	0			520	0.0	536	0.0	525	0.0	391	0.0	209.0	0.0	309.0	0.0	235.0	0.0	292.0	0.0	180.0	0.0	186.0	0.0	184.0	0.0	185.0	0.0
252	False			False			False			False	False		268								0.0	0.0	0.044860641	0.0	0.479270118	-0.6499	12.66654472		False	False	False	False					268	0.0	0.0	0.0	0.0	0.0	223	265	167	293	31	False						268	5.774304418689513e-06	0.0	0.2506346222559055	0.672614872363133	0.0147349792021656	0.0001220485576562	184	145	177	219	201	0			519	0.0	535	0.0	524	0.0	390	0.0	170.0	0.0001929810583043	163.0	9.733100485169932e-05	177.0	0.0001707901151791	169.0	6.287665040160727e-05	138.0	0.0001502194750156	114.0	7.892490277387431e-05	134.0	0.0002940793137618	186.0	0.0
253	False			False			False			False	False		269								0.0	0.0	3.18e-16	0.0	0.0	-0.7216	15.64526976		False	False	False	False					269	0.0	0.0	0.0	0.0	0.0	223	265	167	293	31	False						269	0.0	0.0	0.0069833611383288	0.0	0.0004268380723889	4.168636964747464e-14	279	145	505	445	447	0			518	0.0	534	0.0	523	0.0	389	0.0	214.0	0.0	255.0	0.0	221.0	0.0	254.0	0.0	182.0	0.0	187.0	0.0	185.0	0.0	187.0	0.0
254	False			False			False			False	False		270								0.0	0.0	3.18e-16	0.0	0.0	-0.6975	18.31407871		False	False	False	False					270	0.0	0.0	0.0	0.0	0.0	223	265	167	293	31	False						270	0.0	0.0	0.0082533782143684	0.0	0.001280511389093	4.4873000062165165e-11	279	145	500	445	401	0			516	0.0	533	0.0	522	0.0	388	0.0	216.0	0.0	239.0	0.0	220.0	0.0	237.0	0.0	183.0	0.0	188.0	0.0	186.0	0.0	188.0	0.0
255	False			False			False			False	False		271								0.0	0.0	3.18e-16	0.0	0.0	-0.7142	19.38553051		False	False	False	False					271	0.0	0.0	0.0	0.0	0.0	223	265	167	293	31	False						271	0.0	0.0	0.0322276961526327	0.2410831412329117	0.0041417177881519	9.145469780607846e-20	279	145	409	334	313	0			506	0.0	532	0.0	521	0.0	387	0.0	205.0	0.0	253.0	0.0	219.0	0.0	190.0	0.0	184.0	0.0	189.0	0.0	187.0	0.0	189.0	0.0
256	False			False			False			False	False		272						EG3		0.0	1.0	9.56e-17	0.0	0.0	-0.6907	22.96089958		False	True	False	False					272	0.0	0.0	0.0	0.0	0.0	223	265	167	293	31	False						272	0.0	0.0	0.0057533148711989	0.0	0.0008536752020946	5.92501641977335e-17	279	145	518	445	418	0			515	0.0	531	0.0	520	0.0	386	0.0	210.0	0.0	213.0	0.0	218.0	0.0	188.0	0.0	185.0	0.0	190.0	0.0	189.0	0.0	190.0	0.0
257	False			False			False			False	False		273								0.0	0.0	0.10350246	0.0	0.0	-0.3948	25.07925492		False	False	False	False					273	0.0	0.0	0.0	0.0	0.0	223	265	167	293	31	False						273	0.0	0.0	0.0669485759138153	0.0791073307150146	0.0023883477589509	2.5735913495290282e-08	279	145	350	436	359	0			514	0.0	530	0.0	519	0.0	385	0.0	211.0	0.0	212.0	0.0	217.0	0.0	202.0	0.0	186.0	0.0	191.0	0.0	190.0	0.0	191.0	0.0
258	False			False			False			False	False		274								0.0	0.0	9.68e-17	0.0	0.0	-0.6897	26.72359684		False	False	False	False					274	0.0	0.0	0.0	0.0	0.0	223	265	167	293	31	False						274	0.0	0.0	0.0693523282480409	0.0794779687722136	0.0008536752020946	7.21055228779583e-08	279	145	342	430	418	0			513	0.0	529	0.0	518	0.0	453	0.0	213.0	0.0	211.0	0.0	216.0	0.0	203.0	0.0	188.0	0.0	179.0	0.0	191.0	0.0	179.0	0.0
259	False			False			False			False	False		275								0.0	0.0	0.174596139	0.336560656	0.960068432	-0.3031	30.46057367		False	False	False	False					275	0.965981833007	0.0	0.483953859515	0.481681106035	0.0	99	265	133	263	31	False						275	1.1302549143691566e-06	0.0	0.5355179882569937	1.635829961231966	0.0144882088023364	0.015799408187126	215	145	92	114	203	0			512	0.0	528	0.0	517	0.0	359	0.0	153.0	0.0003139152068281	168.0	6.951796583601219e-05	156.0	0.0003142468809368	175.0	4.120190153696864e-05	189.0	0.0	192.0	0.0	192.0	0.0	192.0	0.0
260	False			False			False			False	False		276	N	N	E	E	P			0.0	0.0	0.562240235	1.104531828	4.624127143	0.4542	32.18813216		True	False	False	False					276	1.41124916094	1.77663018403	0.704023093148	2.48217639792	0.0	60	80	81	76	31	False						276	3.575481165953547e-05	4.570118556642397e-08	1.5546893452767645	3.289891961862721	0.0420559355025194	0.7441886597228534	138	131	14	41	118	0			27	0.0259187812950318	77	0.0058033409475681	55	0.00863746109857	105	0.0022155285854746	101.0	0.0020825633847877	79.0	0.0033336394742892	98.0	0.0020910377803148	76.0	0.0033567207080424	94.0	0.0009519687418996	59.0	0.0019154293764521	83.0	0.0014782252017475	60.0	0.0018745139567804
261	False			False			False	aggregated_top20_epitope_E	Aggregated across seasonal top-20 sites in Fig. 4a; epitope E.	True	False		277		N	E					0.0	0.0	2.029351782	1.527931143	22.5613553	2.762	35.40447132		False	False	False	False					277	7.30264856789	10.9644891704	2.76651788088	15.5346180318	0.0	1	4	6	4	31	False						277	0.0013847553707849	0.0001156890187101	2.5812884496192505	7.385863746544554	0.7263243167342284	0.99999999804058	20	5	5	2	18	0		6	73	0.0055067444802191	66	0.0080441710626816	86	0.0041912251757148	77	0.0044848770475034	31.0	0.0261873801531305	38.0	0.0154789890589751	50.0	0.0120288556810521	50.0	0.0090091858613666	23.0	0.0189112915083083	36.0	0.007975967619538	24.0	0.0209887149584407	46.0	0.0045357797779274
262	False			False			False			False	False		278			E	E	P			0.0	0.0	0.871768977	1.305754709	6.747124048	0.9204	38.04311037		True	False	False	False					278	1.37117590039	4.98142839299	1.83629820246	6.3579669485	0.0	70	16	18	13	31	False						278	0.0002756952178358	6.345884644744605e-08	2.3453356760778306	5.843198600148246	0.1967456040378346	0.8212650242001763	67	125	8	6	57	0			13	0.0586938716928929	33	0.0223637682191416	7	0.0834732734606345	34	0.0176994834179471	41.0	0.0182016665581853	61.0	0.0066191351677962	44.0	0.0134690192921503	60.0	0.0061434796480987	55.0	0.0042347186247412	109.0	0.0001659367095941	47.0	0.0063074671546988	99.0	0.0004055164450337
263	False			False			False			False	False		279								0.0	0.0	0.100577784	0.077602902	0.500123698	-0.2789	40.02496127		False	False	False	False					279	0.0	0.50028121519	0.0	0.500259089385	0.0	223	189	167	230	31	False						279	0.0001210333008343	0.0	0.189178373398471	1.322824645360678	0.0171765995352759	3.574127431403648e-20	92	145	218	145	182	0			509	0.0	526	0.0	513	0.0	524	0.0	136.0	0.0005021288917958	132.0	0.0003952375735456	145.0	0.0005112290630886	143.0	0.0002578010754034	148.0	7.097080581556271e-05	194.0	0.0	143.0	0.0001210515540288	194.0	0.0
264	False			False			False			False	False		280								0.0	0.0	0.656366183	0.505035566	4.320216171	0.8181	40.49935147		False	False	False	False					280	1.44888048554	1.92422178208	0.967903690255	2.40851221546	0.0	56	69	54	79	31	False						280	6.21416661510919e-05	8.411548956143443e-07	0.9697840012901808	2.86920163287039	0.0451059558442311	0.0705190293951434	116	77	48	53	116	0			508	0.0	500	0.0	512	0.0	523	0.0	142.0	0.0004433024042315	112.0	0.0007303883917289	137.0	0.0005911579719548	116.0	0.0006420746612449	104.0	0.000729878851204	75.0	0.0011611475467641	102.0	0.0009436768763	72.0	0.0011270915864391
265	False			False			False			False	False		281			E					0.0	0.0	0.137378625	0.259796409	0.897815839	-0.468	37.01035902		False	False	False	False					281	0.0	0.905759130415	0.0	0.908300360996	0.0	223	158	167	194	31	False						281	5.1115371971637344e-08	0.0	0.3114749334979588	1.076326156181025	0.0094736685629793	0.0003494117183937	273	145	161	174	244	0			507	0.0	499	0.0	511	0.0	522	0.0	158.0	0.000275504063365	100.0	0.0012092105924318	175.0	0.000180188651607	128.0	0.0004136726947384	156.0	7.450128912232609e-06	195.0	0.0	162.0	8.701419100777683e-06	195.0	0.0
266	False			False			False			False	False		282								0.0	0.0	9.56e-17	0.0	0.0	-0.7264	35.6191832		False	False	False	False					282	0.0	0.0	0.54881529421	0.556176294576	0.0	223	265	84	224	31	False						282	0.0	0.0	0.016501076678844	0.0	0.0008536752020946	5.255962367861103e-08	279	145	456	445	418	0			527	0.0	498	0.0	510	0.0	521	0.0	207.0	0.0	205.0	0.0	211.0	0.0	208.0	0.0	163.0	0.0	206.0	0.0	169.0	0.0	206.0	0.0
267	False			False			False			False	False		283								0.0	0.0	0.492775507	0.276916942	3.558485682	0.303	33.50424284		False	False	False	False					283	0.352887334207	0.355254806727	0.704022978187	1.06372086585	0.0	218	263	82	157	31	False						283	2.859424919484381e-05	1.114345181903201e-08	1.2190036001168547	1.430999725372392	0.0163597656602885	0.6374749194964664	145	137	23	132	189	0			185	6.087973233128943e-05	471	0.0	174	0.0001736205676303	520	0.0	186.0	7.10784591601852e-05	135.0	0.0003682843818484	187.0	0.0001178782458689	137.0	0.000327572602914	121.0	0.0003433539495083	81.0	0.0008504471301138	122.0	0.0004991777172192	79.0	0.0008447027224053
268	False			False			False			False	False		284								0.0	0.0	0.16790803	0.0	2.000198759	-0.249	34.67669917		False	False	False	False					284	0.333339389217	1.33356969061	0.667049834387	2.00057839502	0.33399056046	221	111	83	93	30	False						284	5.016513398879868e-07	0.0	0.1252778834912102	1.164456111013433	0.0130725606384264	0.084634278077333	236	145	270	162	213	0			83	0.0049414807812025	127	0.0015298459796289	87	0.0041066633328731	124	0.0010059897656414	161.0	0.0002519297281832	198.0	0.0	167.0	0.0002106698974271	183.0	9.779513015290192e-06	164.0	0.0	196.0	0.0	156.0	2.958986809535959e-05	122.0	1.5022422293501494e-05
269	False			False			False	aggregated_top20_unknown	Aggregated across seasonal top-20 sites in Fig. 4a; outside established epitope set.	True	False		285								0.0	0.0	0.44404368	0.40439197	3.479717185	0.3649	33.36742347		False	False	False	False					285	0.499966927006	0.499719705856	1.49775543717	1.99834334995	0.0	156	219	29	101	31	False						285	2.810716890201603e-05	2.556564753820557e-07	0.2989406553979018	2.418199249318671	0.0310801980077348	0.000109640719715	147	105	164	65	138	0			176	0.0001304030588992	114	0.0021759158383229	188	4.418130381062788e-05	139	0.0004113954455895	119.0	0.0009295567765575	94.0	0.0017343134373331	114.0	0.001128796616585	101.0	0.0011007136527877	87.0	0.001236600174264	62.0	0.0017862319127261	94.0	0.0011065380901286	76.0	0.0009840416652697
270	False			False			False			False	False		286								0.0	0.0	3.18e-16	0.0	0.0	-0.7264	35.46704589		False	False	False	False					286	0.0	0.0	0.0	0.0	0.0	223	265	167	293	31	False						286	0.0	0.0	0.0772911743628651	0.1653669654700404	0.0019296871847121	7.077971034599885e-07	279	145	319	354	378	0			529	0.0	470	0.0	508	0.0	517	0.0	233.0	0.0	201.0	0.0	248.0	0.0	204.0	0.0	166.0	0.0	197.0	0.0	168.0	0.0	196.0	0.0
271	False			False			False			False	False		287					P			0.0	0.0	0.072730423	1.01834658	0.897781456	-0.5395	35.49727464		True	False	False	False					287	0.0	0.452782845813	0.459074550614	0.908176800979	0.0	223	250	146	198	31	False						287	0.000102264360452	8.137035800725535e-07	0.3645174281343796	1.131189567092505	0.0487693492919937	0.0001985251381216	100	80	141	169	112	0			530	0.0	469	0.0	193	2.1683701062973782e-05	515	0.0	173.0	0.0001669394484048	122.0	0.0005345007524006	130.0	0.0006948580236383	117.0	0.0006389384898483	168.0	0.0	198.0	0.0	171.0	0.0	197.0	0.0
272	False			False			False			False	False		288								0.0	0.0	0.302054462	0.388531431	2.5	-0.1251	38.75217814		False	False	False	False					288	1.0	0.0	0.5	0.5	0.0	85	265	99	239	31	False						288	4.170033887813657e-06	0.0	0.6546305678101079	2.106466947856093	0.0158870940455914	0.0940983232404925	191	145	68	77	193	0			107	0.0027538141046323	96	0.0039558844939811	96	0.0032359341258552	81	0.0041217560878843	145.0	0.0004361446650488	134.0	0.0003836467454017	138.0	0.0005771887143026	133.0	0.0003477412850828	111.0	0.0005516234374147	101.0	0.0003770601684709	109.0	0.0006821938838556	97.0	0.000422234140159
273	False			False			False			False	False		289			C		P			0.0	0.0	0.463531189	0.540826042	4.496744564	0.6555	39.00769598		True	False	False	False					289	0.5	0.999957128441	0.0	0.99997007614	0.0	141	134	167	174	31	False						289	1.3228886583349288e-05	0.0	0.5893094989334094	1.665245202558635	0.0505342345391779	0.0231039294563505	165	145	81	109	109	0			123	0.0019170703539818	104	0.0029818876503549	152	0.0005490046712229	131	0.0008410439086756	86.0	0.0031621915215095	91.0	0.0019526389165296	79.0	0.0030779101396713	102.0	0.0010927309212319	162.0	0.0	199.0	0.0	173.0	0.0	198.0	0.0
274	False			False			False			False	False		290								0.0	0.0	0.044849909	0.185675211	0.958461239	-0.6499	39.69268978		False	False	False	False					290	0.0	0.0	0.482488189187	0.480954420655	0.0	223	265	139	270	31	False						290	4.7312615525534187e-07	0.0	0.2370430315523836	0.5883996000409806	0.0103462553443525	0.0002703523294038	238	145	185	227	232	0			549	0.0	468	0.0	507	0.0	513	0.0	242.0	0.0	196.0	0.0	207.0	1.8625416185234235e-06	193.0	0.0	160.0	0.0	200.0	0.0	193.0	0.0	199.0	0.0
275	False			False			False			False	False		291	C	C	C	C	P	N		0.0	1.0	0.60933979	1.503593268	5.96771296	1.657	43.15318517		True	True	False	False					291	2.497496158	1.4997667526	0.99960204676	1.49982982812	0.0	14	92	51	129	31	False						291	5.587517934840088e-06	2.685178107188714e-07	0.4222071982065292	1.576557610061319	0.0457292983191343	6.45454258460942e-05	186	103	131	117	115	0			49	0.0135646121886675	83	0.0053920012694077	63	0.0058958906387865	39	0.0147002738608423	79.0	0.0036397600727963	87.0	0.0023587925740776	82.0	0.0028972721702303	80.0	0.0030199455333251	78.0	0.0014264875751777	85.0	0.0007213854600917	89.0	0.0011912977217573	90.0	0.0005121168191699
276	False	cluster_transition	WU95 to SY97 set K62E/V144I/K156Q/E158K/V196A/N276K	True			False			False	False		292			C	C		N		0.0	2.0	0.850110774	5.199227016	5.722218416	1.059	45.13729852		False	True	False	False					292	0.483075216046	0.961969879702	0.967936304497	1.92666320818	0.0	185	153	53	107	31	False						292	0.0004902301553778	3.559907586859013e-07	0.4277211180276491	2.875348956122284	0.1121992479109768	4.07557466358346e-07	52	96	130	52	79	0			33	0.0233646342370991	18	0.0371500931331186	44	0.0138768907935645	15	0.0333480928538344	34.0	0.0224753953426958	29.0	0.0220206069839493	30.0	0.0238627229637077	26.0	0.0191340180907632	47.0	0.0058767794830906	46.0	0.0051761799259296	49.0	0.0057388458936619	45.0	0.0047755349337016
277	False			False			False			False	False		293								0.0	0.0	9.56e-17	0.0	0.0	-0.6819	47.74021496		False	False	False	False					293	0.0	0.0	0.0	0.0	0.0	223	265	167	293	31	False						293	0.0	0.0	0.0100426052172317	0.0	0.0	4.766987502441239e-13	279	145	487	445	493	0			547	0.0	467	0.0	549	0.0	510	0.0	240.0	0.0	192.0	0.0	246.0	0.0	189.0	0.0	187.0	0.0	201.0	0.0	217.0	0.0	200.0	0.0
278	False			False			False			False	False		294	C	C	C	C	P	N		0.0	2.0	0.867759015	0.807161837	5.951947376	0.8754	48.57685084		True	True	False	False					294	0.474354740917	1.39976373897	0.0	1.42408062422	0.0	199	106	167	141	31	False						294	7.69096589436408e-05	3.7071967732395545e-05	0.3898703565392246	2.385284837504003	0.4927799918625821	7.265310870214918e-07	110	16	136	67	34	0		12	9	0.0831067273583758	36	0.0205925433537514	11	0.0597031764618225	55	0.0096553856690073	57.0	0.0104139621603022	50.0	0.0111059750600374	53.0	0.0095788129228238	47.0	0.0098815697763131	24.0	0.0188707012527797	32.0	0.0125351877724289	22.0	0.0211200333359735	15.0	0.0201168122900525
279	False			False			False			False	False		295			C					0.0	0.0	0.288186882	0.193294519	2.499813294	-0.3379	48.2815711		False	False	False	False					295	0.500065228518	0.999978505931	0.0	1.00025472828	0.0	136	132	167	160	31	False						295	7.725885635797958e-05	0.0	0.4117910777145709	1.490272937482375	0.0338432166894281	0.0002386774149654	109	145	132	125	131	0			545	0.0	151	0.0002270760696666	547	0.0	151	0.0001451136615827	188.0	6.262864685018032e-05	162.0	0.0001121675838857	184.0	0.0001281685157208	156.0	0.0001606476365308	127.0	0.0002761072869418	93.0	0.0005490560599111	101.0	0.0009893621865075	78.0	0.0009182480148518
280	False			False			False			False	False		296			C					0.0	0.0	0.76642361	1.526303735	6.657667193	1.163	47.8613308		False	False	False	False					296	1.91120475649	1.91353199277	0.0	1.9104855151	0.0	24	72	167	110	31	False						296	0.0003605512343649	3.751495985803204e-06	0.4770199074788386	1.773557733820869	0.1289122500459763	0.0020360129885552	59	46	110	102	74	0			87	0.0045180931795003	85	0.0049684925038389	103	0.0029812689418496	98	0.002918234456867	50.0	0.0126876818287649	33.0	0.0182413537593667	58.0	0.0073824178065693	62.0	0.0056679604822349	48.0	0.0054535185009098	39.0	0.0065463155955299	56.0	0.0043072636318583	47.0	0.0044064599195701
281	False			False			False			False	False		297								0.0	0.0	5.11e-17	0.0	0.0	-0.6819	46.65867354		False	False	False	False					297	0.0	0.0	0.0	0.0	0.0	223	265	167	293	31	False						297	0.0	0.0	0.0119932523184693	0.0	0.0	2.1366671878026243e-08	279	145	473	445	493	0			543	0.0	466	0.0	545	0.0	506	0.0	237.0	0.0	190.0	0.0	242.0	0.0	194.0	0.0	219.0	0.0	202.0	0.0	222.0	0.0	201.0	0.0
282	False			False			False			False	False		298								0.0	0.0	0.089720564	0.0	0.479164158	-0.5766	43.38204178		False	False	False	False					298	0.482531079834	0.0	0.48336797683	0.481101557542	0.0	192	265	137	269	31	False						298	1.7367843566948542e-06	0.0	0.0899571753178576	0.2521502481321013	0.0036748135705989	7.181411651600566e-07	206	145	304	307	328	0			542	0.0	465	0.0	544	0.0	526	0.0	235.0	0.0	191.0	0.0	240.0	0.0	195.0	0.0	220.0	0.0	203.0	0.0	223.0	0.0	202.0	0.0
283	False			False			False			False	False		299								0.0	0.0	9.68e-17	0.0	0.0	-0.7239	42.53936351		False	False	False	False					299	0.0	0.0	0.0	0.0	0.0	223	265	167	293	31	False						299	4.675837598006066e-07	0.0	0.0740271317393699	0.3240830404097267	0.0043229065624123	1.671180155091752e-11	240	145	329	295	304	0			541	0.0	464	0.0	543	0.0	516	0.0	234.0	0.0	197.0	0.0	239.0	0.0	196.0	0.0	191.0	0.0	204.0	0.0	224.0	0.0	203.0	0.0
284	False			False			False			False	False		300								0.0	0.0	9.56e-17	0.0	0.0	-0.6975	39.71745317		False	False	False	False					300	0.500053063591	0.0	0.0	0.0	0.0	138	265	167	293	31	False						300	0.0	0.0	0.0677782563777088	0.1584632394581053	0.003539079717576	1.9702513222573112e-08	279	145	347	378	333	0			540	0.0	463	0.0	542	0.0	527	0.0	232.0	0.0	195.0	0.0	225.0	0.0	197.0	0.0	222.0	0.0	205.0	0.0	194.0	0.0	204.0	0.0
285	False			False			False			False	False		301								0.0	0.0	0.123567171	0.0	0.897781456	-0.5048	42.49588853		False	False	False	False					301	0.0	0.0	0.0	0.0	0.0	223	265	167	293	31	False						301	0.0	0.0	0.3341626452662636	0.413126755121188	0.0054644128451052	0.0155899070104472	279	145	152	270	285	0			149	0.0005974528972324	140	0.0008979993989971	140	0.0009097220466266	97	0.0029364652001616	231.0	0.0	189.0	0.0	236.0	0.0	213.0	0.0	223.0	0.0	193.0	0.0	226.0	0.0	205.0	0.0
286	False			False			False			False	False		302								0.0	0.0	2.73e-16	0.0	0.0	-0.6907	43.34674746		False	False	False	False					302	0.0	0.0	0.0	0.0	0.0	223	265	167	293	31	False						302	0.0	0.0	0.0066238055075455	0.0	0.0	2.111684137712225e-12	279	145	510	445	493	0			539	0.0	462	0.0	541	0.0	549	0.0	230.0	0.0	214.0	0.0	250.0	0.0	207.0	0.0	224.0	0.0	178.0	0.0	218.0	0.0	193.0	0.0
287	False			False			False			False	False		303								0.0	0.0	3.66e-17	0.0	0.0	-0.7264	45.55993608		False	False	False	False					303	0.0	0.0	0.0	0.0	0.0	223	265	167	293	31	False						303	0.0	0.0	0.083024499382925	0.1653669654700404	0.001229387951553	3.887239688357577e-07	279	145	307	354	404	0			538	0.0	461	0.0	540	0.0	548	0.0	229.0	0.0	203.0	0.0	234.0	0.0	215.0	0.0	225.0	0.0	177.0	0.0	227.0	0.0	178.0	0.0
288	False			False			False			False	False		304								0.0	0.0	0.134641255	0.0	1.437832672	-0.5033	48.9163418		False	False	False	False					304	0.0	0.480632595347	0.0	0.481203399927	0.0	223	231	167	266	31	False						304	0.0	0.0	0.0398266060346719	0.33624047044849	0.0036037336122357	1.146482494511867e-14	279	145	398	286	331	0			537	0.0	460	0.0	539	0.0	547	0.0	200.0	1.3075733343113615e-05	216.0	0.0	204.0	8.114188073959403e-06	225.0	0.0	226.0	0.0	176.0	0.0	229.0	0.0	177.0	0.0
289	False			False			False			False	False		305								0.0	0.0	0.294073079	0.229604121	3.0	0.1661	52.18340064		False	False	False	False					305	1.0	2.0	1.5	3.5	0.0	85	61	22	44	31	False						305	0.00011412936539	3.16257446141638e-06	0.5645246659031108	1.827005938688348	0.036104559994378	0.0007244522863345	93	52	83	93	129	0			122	0.0020035574082533	124	0.0017909612235699	118	0.0019040524764732	120	0.0011802763403317	76.0	0.0036708326176159	78.0	0.00352631907039	89.0	0.0024830065360311	83.0	0.0027507916345365	96.0	0.0008670659416656	107.0	0.0001703866529721	103.0	0.0008852142116526	108.0	0.0001348028212923
290	False			False			False			False	False		306								0.0	0.0	0.247272182	0.0	2.244501842	-0.2863	53.02884629		False	False	False	False					306	1.82834941809	0.0	0.918149101228	0.908176800979	0.0	28	265	65	198	31	False						306	0.0	0.0	0.3190377190772513	0.5789058182679402	0.0069078616392023	0.0045278714936181	279	145	159	233	269	0			535	0.0	459	0.0	537	0.0	545	0.0	227.0	0.0	238.0	0.0	232.0	0.0	238.0	0.0	228.0	0.0	149.0	0.0	231.0	0.0	176.0	0.0
291	False			False			False			False	False		307								0.0	0.0	0.472454207	1.101307803	2.69459424	0.4365	56.83316755		False	False	False	False					307	0.457070271759	0.905829402625	0.459074550614	1.36254287322	0.0	210	157	146	147	31	False						307	6.510914086319081e-05	6.135475583618785e-07	1.2650810714524967	2.915188222346498	0.0898292159935556	0.7092796577255409	115	83	21	49	88	0			104	0.0028305124793511	144	0.0006890331239313	129	0.0013166994580215	137	0.0004544600130935	69.0	0.0050137719637817	63.0	0.0063407101246119	71.0	0.0045769386371302	73.0	0.0034782551170326	90.0	0.0011459458721977	123.0	1.2596964550923578e-05	91.0	0.0011753691141557	149.0	0.0
292	False			False			False			False	False		308						EG1		0.0	1.0	0.262031006	0.252371557	1.920269077	-0.1001	57.17903066		False	True	False	False					308	0.483152861105	0.962127077255	0.484061634403	1.44525997135	0.0	184	148	130	137	31	False						308	9.684616127033442e-07	0.0	0.1420675149755649	0.571962695527903	0.0095684756228358	1.210256894071142e-07	219	145	256	237	243	0			533	0.0	458	0.0	536	0.0	543	0.0	154.0	0.000306114677027	145.0	0.0002394471565532	170.0	0.0001870614506801	154.0	0.0001624459925496	120.0	0.000355101875608	98.0	0.0004374663594662	132.0	0.0003278496697329	100.0	0.0003361149438493
293	False			False			False			False	False		309								0.0	0.0	9.56e-17	0.0	0.0	-0.6975	56.63491338		False	False	False	False					309	0.0	0.0	0.0	0.0	0.0	223	265	167	293	31	False						309	0.0	0.0	0.0068621091683966	0.0	0.0004268380723889	8.827538162784604e-16	279	145	508	445	447	0			532	0.0	457	0.0	535	0.0	542	0.0	225.0	0.0	241.0	0.0	229.0	0.0	241.0	0.0	231.0	0.0	150.0	0.0	234.0	0.0	150.0	0.0
294	False			False			False			False	False		310			C			EG1		0.0	1.0	9.56e-17	0.0	0.0	-0.6897	54.70790185		False	True	False	False					310	0.0	0.0	0.0	0.0	0.0	223	265	167	293	31	False						310	0.0	0.0	0.0637103403635768	0.0794779687722136	0.0015028528832004	1.014519084546674e-09	279	145	361	430	398	0			531	0.0	456	0.0	534	0.0	541	0.0	224.0	0.0	242.0	0.0	228.0	0.0	242.0	0.0	232.0	0.0	151.0	0.0	235.0	0.0	151.0	0.0
295	False			False			False			False	False		311								0.0	0.0	5.84e-16	0.0	0.0	-0.7149	52.23525018		False	False	False	False					311	0.0	0.0	0.0	0.0	0.0	223	265	167	293	31	False						311	0.0	0.0	0.0299928428527165	0.0	0.0004268380723889	6.47930722630225e-05	279	145	417	445	447	0			517	0.0	455	0.0	533	0.0	539	0.0	223.0	0.0	243.0	0.0	227.0	0.0	243.0	0.0	233.0	0.0	152.0	0.0	236.0	0.0	152.0	0.0
296	False			False			False			False	False		312								0.0	0.0	0.041183535	0.0	0.448890728	-0.6505	50.99070521		False	False	False	False					312	0.0	0.0	0.0	0.0	0.0	223	265	167	293	31	False						312	0.0	0.0	0.0106819096103674	0.0	0.0008025517645547	1.269035964749883e-09	279	145	477	445	434	0			504	0.0	454	0.0	532	0.0	529	0.0	222.0	0.0	244.0	0.0	226.0	0.0	244.0	0.0	234.0	0.0	153.0	0.0	228.0	0.0	153.0	0.0
297	False			False			False			False	False		313			C					0.0	0.0	0.203201452	0.209697589	1.998930849	-0.347	48.09577549		False	False	False	False					313	0.0	0.999330425918	0.0	0.999514429638	0.0	223	140	167	180	31	False						313	0.0	0.0	0.1396047780077964	0.7192442708302644	0.0071575466965554	1.629938145829494e-15	279	145	259	218	265	0			184	6.470152069154052e-05	115	0.0021517492413685	156	0.0004636821687729	92	0.0031827799472128	137.0	0.000501128263255	139.0	0.000319369068465	165.0	0.0002368353540399	171.0	5.133942940182557e-05	235.0	0.0	154.0	0.0	216.0	0.0	154.0	0.0
298	False			False			False			False	False		314								0.0	0.0	0.082371202	0.0	0.448890728	-0.5775	45.13632108		False	False	False	False					314	0.0	0.452782845813	0.0	0.454088400489	0.0	223	250	167	281	31	False						314	0.0	0.0	0.0715873891519256	0.1652478288328031	0.0020126378377587	6.443859715420284e-08	279	145	336	356	370	0			470	0.0	453	0.0	531	0.0	537	0.0	220.0	0.0	246.0	0.0	223.0	0.0	245.0	0.0	236.0	0.0	155.0	0.0	206.0	0.0	155.0	0.0
299	False			False			False			False	False		315			C	C				0.0	0.0	0.249508666	0.225607064	1.950692816	-0.08456	44.74511755		False	False	False	False					315	0.0	0.971040916653	0.487258402286	1.94300385519	0.481122562299	223	143	125	104	22	False						315	6.420093236355964e-07	0.0	0.2042467261191057	1.53088975879878	0.0344682173118208	1.7144658085625788e-10	229	145	211	123	130	0			56	0.0098673818781735	80	0.0056450044549079	52	0.0103868424664736	57	0.0086713344183746	135.0	0.0005506901264011	114.0	0.0006980780699961	118.0	0.0010560782915945	110.0	0.0007634474785539	122.0	0.0003184146037547	94.0	0.0005460031745566	125.0	0.0004265438907866	93.0	0.0004545299926218
300	False			False			False			False	False		316			C					0.0	0.0	0.314278252	0.0	2.874330054	-0.2103	41.65335468		False	False	False	False					316	0.482530991595	2.40337361402	1.45024746506	2.40615085405	0.0	193	49	34	81	31	False						316	3.899849361031333e-05	1.3310090662611814e-09	0.7719319096789827	2.021351509508919	0.0216891670097636	0.0674041600488152	135	144	60	82	161	0			479	0.0	452	0.0	529	0.0	535	0.0	166.0	0.0002205737624892	141.0	0.0002745037809465	161.0	0.0002731481664607	147.0	0.0002412608074866	134.0	0.0002144377678234	108.0	0.0001675888363515	141.0	0.0001549389692123	111.0	8.130655410126626e-05
301	False			False			False			False	False		317								0.0	0.0	0.172290213	0.0	0.999923717	-0.4447	42.94574756		False	False	False	False					317	0.5	0.499916316475	0.0	0.49993932033	0.0	141	216	167	253	31	False						317	9.295595138036689e-08	0.0	0.1409655230469903	0.4051679387708599	0.004090594350612	1.24876789044154e-07	263	145	258	274	314	0			478	0.0	451	0.0	506	0.0	534	0.0	217.0	0.0	249.0	0.0	237.0	0.0	248.0	0.0	216.0	0.0	156.0	0.0	197.0	0.0	156.0	0.0
302	False			False			False			False	False		318								0.0	0.0	0.05172994	0.0	0.499994685	-0.5412	42.24028008		False	False	False	False					318	0.0	0.0	0.0	0.0	0.0	223	265	167	293	31	False						318	0.0	0.0	0.0298484353586493	0.1583140195638087	0.0025913902026862	2.851912867708325e-16	279	145	418	380	352	0			477	0.0	450	0.0	505	0.0	533	0.0	221.0	0.0	250.0	0.0	241.0	0.0	249.0	0.0	215.0	0.0	157.0	0.0	198.0	0.0	157.0	0.0
303	False			False			False			False	False		319								0.0	0.0	9.56e-17	0.0	0.0	-0.6907	45.04499692		False	False	False	False					319	0.0	0.0	0.0	0.0	0.0	223	265	167	293	31	False						319	0.0	0.0	0.0059427277730072	0.0	0.0	1.2347364401061849e-15	279	145	516	445	493	0			476	0.0	449	0.0	504	0.0	532	0.0	219.0	0.0	251.0	0.0	243.0	0.0	250.0	0.0	214.0	0.0	158.0	0.0	199.0	0.0	158.0	0.0
304	False			False			False			False	False		320			C					0.0	0.0	0.796698255	0.303925424	6.4997219	0.8655	48.82902869		False	False	False	False					320	1.0	2.5	2.0	5.0	0.0	85	40	10	24	31	False						320	0.0001306892714529	4.064054457008239e-07	0.7214812911986261	2.433734672840499	0.0869029108561869	0.0033387014762025	90	93	65	64	89	0			195	1.8747408480463195e-05	158	8.052338975986836e-05	480	0.0	159	3.2175104755001686e-05	96.0	0.0022761339126832	103.0	0.0011406303755773	102.0	0.0018567473977773	90.0	0.0020620670011138	69.0	0.0025654730328663	78.0	0.0009578206030883	69.0	0.0028266725774963	86.0	0.0006342159184159
305	False			False			False			False	False		321			C			EG1		0.0	1.0	9.68e-17	0.0	0.0	-0.6819	49.17995248		False	True	False	False					321	0.0	0.0	0.0	0.0	0.0	223	265	167	293	31	False						321	0.0	0.0	0.0036186081925694	0.0	0.0	5.913619992260625e-20	279	145	528	445	493	0			475	0.0	472	0.0	479	0.0	530	0.0	236.0	0.0	237.0	0.0	245.0	0.0	236.0	0.0	195.0	0.0	159.0	0.0	201.0	0.0	159.0	0.0
306	False			False			False			False	False		322								0.0	0.0	9.56e-17	0.0	0.0	-0.6975	51.90531248		False	False	False	False					322	0.0	0.0	0.0	0.0	0.0	223	265	167	293	31	False						322	0.0	0.0	0.0630941612554745	0.1584062156378572	0.0021645577867579	7.472767243587514e-12	279	145	364	379	365	0			474	0.0	473	0.0	478	0.0	528	0.0	239.0	0.0	236.0	0.0	247.0	0.0	235.0	0.0	196.0	0.0	160.0	0.0	202.0	0.0	160.0	0.0
307	False			False			False			False	False		323		N	C	C		EG1		0.0	1.0	0.148499192	0.095539595	0.500070457	-0.3554	51.3954785		False	True	False	False					323	0.499793544158	0.0	0.0	0.0	0.0	167	265	167	293	31	False						323	0.0	0.0	0.0392667675548206	0.4025357380883318	0.0055977117210319	1.7243772668608299e-18	279	145	399	278	283	0			473	0.0	147	0.0005129664964982	161	0.0004042969033738	150	0.0001592082946724	180.0	0.0001140153881076	160.0	0.000131045319186	186.0	0.0001205468611573	138.0	0.0003225228442955	197.0	0.0	161.0	0.0	157.0	2.234007028184951e-05	161.0	0.0
308	False			False			False			False	False		324			C					0.0	0.0	3.18e-16	0.0	0.0	-0.6865	49.98782807		False	False	False	False					324	0.499953666302	0.0	0.0	0.0	0.0	159	265	167	293	31	False						324	1.444151920421159e-07	0.0	0.7022293168838304	0.554333553203464	0.0036037336122357	0.2328564884635715	260	145	67	244	331	0			472	0.0	474	0.0	477	0.0	503	0.0	178.0	0.000116383538893	234.0	0.0	117.0	0.001060411925174	233.0	0.0	147.0	7.286522307708012e-05	162.0	0.0	153.0	5.207796752766377e-05	162.0	0.0
309	False			False			False			False	False		325			C					0.0	0.0	0.611037726	0.326500177	5.998342951	0.4036	52.61509756		False	False	False	False					325	1.49957066016	2.49939895088	1.49979510252	3.99914412671	0.0	46	42	25	37	31	False						325	0.0003509782934182	3.5621762534032615e-07	0.3990467601239479	2.720144012131716	0.0546560053708093	3.097493399110912e-07	60	95	135	59	105	0			78	0.0052245566813289	91	0.0040928370478538	73	0.0052656291925203	95	0.0030569604374324	78.0	0.0036690814349207	76.0	0.0037283743466572	91.0	0.002423051535267	93.0	0.0017907996517544	102.0	0.0007372257775151	96.0	0.0004804366243721	86.0	0.0013427134934046	87.0	0.0005939797195881
310	False			False			False			False	False		326			C					0.0	0.0	0.261792647	0.176956194	1.968794821	-0.1005	53.03923587		False	False	False	False					326	0.0	0.0	0.0	0.0	0.0	223	265	167	293	31	False						326	0.0	0.0	0.0920788356973512	0.5719621228998845	0.0092028635718665	1.032496310671204e-20	279	145	300	239	247	0			100	0.0029617127628215	128	0.0014995960992334	116	0.0019424719995141	104	0.0023106935334338	133.0	0.0005545870897361	129.0	0.0004042693206959	154.0	0.0003678063695631	130.0	0.000394158000562	152.0	2.0958066742251017e-05	124.0	2.0426804452299098e-06	129.0	0.0003832311472345	116.0	4.709587550075637e-05
311	False			False			False	aggregated_top20_epitope_C	Aggregated across seasonal top-20 sites in Fig. 4a; epitope C.	True	False		327			C					0.0	0.0	0.063802185	0.184514353	0.70674175	-0.6274	56.16887464		False	False	False	False					327	0.648045314129	0.681550089981	0.0	0.617355853857	0.0	125	183	167	223	31	False						327	0.000210627340091	0.0001104305865171	0.4794649948085405	1.267957361867776	0.9839676392336107	0.0015244548527778	75	6	109	150	7	0		9	459	0.0	487	0.0	474	0.0	476	0.0	37.0	0.0198168941388891	12.0	0.0483372774920338	39.0	0.0168355117357464	9.0	0.0405650850283442	30.0	0.0143139807089966	19.0	0.0259415928147467	37.0	0.0105161944020618	26.0	0.0097221322927363
312	False			False			False			False	False		328			C		P			0.0	0.0	1.109853542	1.191077715	8.082215726	1.263	55.8885031		True	False	False	False					328	0.914194646708	3.17040414307	1.37772753521	4.08802072502	0.0	110	29	37	36	31	False						328	0.0008058123544649	3.658823158290953e-06	0.9166721370085258	4.753276030802792	0.4949057456247152	0.0113969631829788	35	47	52	13	33	0			157	0.0004608719012947	120	0.0019136981679635	158	0.0004421353285343	142	0.0003531827525451	9.0	0.0840597057559591	11.0	0.0524612245361759	10.0	0.0618430020446151	11.0	0.0357384360847277	19.0	0.0243872170109335	7.0	0.0491835107014435	18.0	0.0220631045679734	14.0	0.0206650906615566
313	False			False			False			False	False		329								0.0	0.0	0.172314821	0.0	0.5	-0.4444	59.18489375		False	False	False	False					329	0.0	0.5	0.0	0.5	0.0	223	199	167	239	31	False						329	4.471463397703223e-07	0.0	0.0866113700527223	0.4863330980659673	0.0037670821852671	3.031384865994153e-11	241	145	306	254	323	0			189	4.866546067000832e-05	497	0.0	473	0.0	474	0.0	146.0	0.0004272657837004	172.0	5.365636476513715e-05	139.0	0.0005674882861152	176.0	3.9457634891623655e-05	92.0	0.0010288546904527	163.0	0.0	110.0	0.0006659177650413	163.0	0.0
314	False			False			False			False	False		330								0.0	0.0	0.155425355	0.0	0.0	-0.4256	61.50278156		False	False	False	False					330	0.0	0.0	0.0	0.0	0.0	223	265	167	293	31	False						330	0.0	0.0	0.00994771760073	0.0	0.0	3.6788724020326673e-16	279	145	488	445	493	0			468	0.0	496	0.0	472	0.0	473	0.0	122.0	0.000846449760678	222.0	0.0	150.0	0.0004408064958188	221.0	0.0	98.0	0.0007602691943443	164.0	0.0	104.0	0.0008758237014345	164.0	0.0
315	False			False			False			False	False		331								0.0	0.0	2.73e-16	0.0	0.0	-0.7084	64.66846233		False	False	False	False					331	0.0	0.0	0.0	0.0	0.0	223	265	167	293	31	False						331	5.93390948822384e-08	0.0	0.198244145262723	0.4084222558631115	0.0050399565922846	0.0020391975984958	268	145	216	271	292	0			467	0.0	495	0.0	470	0.0	472	0.0	117.0	0.0010136509289848	223.0	0.0	131.0	0.0006940218575725	222.0	0.0	93.0	0.0010159423263502	165.0	0.0	106.0	0.0008208828211364	165.0	0.0
316	False			False			False			False	False		332								0.0	0.0	0.296051631	0.358830078	0.0	-0.1573	66.49544544		False	False	False	False					332	0.0	0.0	0.0	0.0	0.0	223	265	167	293	31	False						332	0.0	0.0	0.0729661817921507	0.0827271113369766	0.001229387951553	3.5678169362360055e-10	279	145	334	386	404	0			466	0.0	494	0.0	460	0.0	471	0.0	185.0	7.238174737343413e-05	224.0	0.0	147.0	0.000465726256613	223.0	0.0	123.0	0.0003069048061945	166.0	0.0	147.0	9.612609088813256e-05	166.0	0.0
317	False			False			False			False	False		333								0.0	0.0	0.03783593	0.0	0.0	-0.6475	70.17853722		False	False	False	False					333	0.0	0.0	0.0	0.0	0.0	223	265	167	293	31	False						333	0.0	0.0	0.0069593551395956	0.0	0.0004268380723889	6.368812243741575e-14	279	145	506	445	447	0			465	0.0	493	0.0	469	0.0	470	0.0	155.0	0.0003015322819771	217.0	0.0	163.0	0.0002580605408643	216.0	0.0	132.0	0.0002206919941087	167.0	0.0	142.0	0.0001405356162126	167.0	0.0
318	False			False			False			False	False		334								0.0	0.0	0.043176936	0.0	0.0	-0.6544	71.44314519		False	False	False	False					334	0.0	0.0	0.0	0.0	0.0	223	265	167	293	31	False						334	0.0	0.0	0.0635503501916564	0.0809933772243387	0.0011589682919798	1.92629759028009e-09	279	145	363	406	413	0			464	0.0	492	0.0	468	0.0	469	0.0	127.0	0.0006407330055076	156.0	0.0001602879463944	142.0	0.0005495610974579	149.0	0.0002121562045874	68.0	0.0026524271258662	103.0	0.0002746369863529	71.0	0.0023324456154908	115.0	5.563671187067303e-05
319	False			False			False			False	False		335								0.0	0.0	0.034110547	0.0	0.0	-0.5535	75.0265415		False	False	False	False					335	0.0	0.0	0.0	0.0	0.0	223	265	167	293	31	False						335	0.0	0.0	0.002492732717458	0.0	0.0004268380723889	1.4348105074459851e-24	279	145	544	445	447	0			463	0.0	491	0.0	467	0.0	468	0.0	125.0	0.0007057778146251	227.0	0.0	121.0	0.0010012238993941	226.0	0.0	65.0	0.0030623255445444	168.0	0.0	52.0	0.0053306421423803	168.0	0.0
320	False			False			False			False	False		336								0.0	0.0	3.18e-16	0.0	0.0	-0.7196	77.83933659		False	False	False	False					336	0.0	0.0	0.0	0.0	0.0	223	265	167	293	31	False						336	0.0	0.0	0.0018063876546368	0.0	0.0	0.0001699860865313	279	145	550	445	493	0			462	0.0	490	0.0	466	0.0	467	0.0	103.0	0.0020700640533223	228.0	0.0	101.0	0.0018617881638182	227.0	0.0	53.0	0.0043317076186667	169.0	0.0	48.0	0.005872036419526	169.0	0.0
321	False			False			False			False	False		337								0.0	0.0	9.68e-17	0.0	0.0	-0.714	78.53433997		False	False	False	False					337	0.0	0.0	0.0	0.0	0.0	223	265	167	293	31	False						337	0.0	0.0	0.0074952996006091	0.0	0.0	4.8172302753891855e-25	279	145	503	445	493	0			188	5.4592286382312e-05	489	0.0	465	0.0	466	0.0	160.0	0.0002519618043888	229.0	0.0	164.0	0.0002392944083957	228.0	0.0	137.0	0.0001953157136205	170.0	0.0	138.0	0.0002224076505554	170.0	0.0
322	False			False			False			False	False		338								1.0	0.0	5.84e-16	0.0	0.0	-0.7224	79.24431691		False	False	False	False					338	0.0	0.0	0.0	0.0	0.0	223	265	167	293	31	False						338	0.0	0.0	0.0104590568174157	0.0	0.0	3.350928788847328e-10	279	145	481	445	493	0			461	0.0	488	0.0	464	0.0	465	0.0	131.0	0.0006056178964272	230.0	0.0	136.0	0.0006048640765328	229.0	0.0	119.0	0.0003654807968791	171.0	0.0	130.0	0.0003698322114388	171.0	0.0
323	False			False			False			False	False		339		N						1.0	0.0	0.408307347	0.229829001	2.498858582	0.03088	82.61835228		False	False	False	False					339	1.49856191086	2.4993729215	1.99832911204	4.99454175574	0.0	49	43	15	25	31	False						339	2.6883076243201724e-05	1.9020948364866048e-08	0.2260025304915009	1.76195967639284	0.0296613874478976	3.699790833098177e-11	148	135	199	103	141	0			71	0.0058742911220662	100	0.0034776085840261	104	0.002962456278132	118	0.0012731463094673	75.0	0.0037184656533661	117.0	0.0005818105594209	78.0	0.0032492025097124	119.0	0.0005978834429175	45.0	0.0068687203257367	172.0	0.0	46.0	0.0063334165086088	172.0	0.0
324	False			False			False			False	False		340								1.0	0.0	0.042159922	0.0	0.500074962	-0.5741	84.03115065		False	False	False	False					340	0.0	0.0	0.500082410593	0.500022875045	0.0	223	265	93	236	31	False						340	0.0	0.0	0.0919616409076439	0.3962041492260049	0.0036444694841057	3.40870394624413e-10	279	145	301	282	330	0			480	0.0	486	0.0	462	0.0	464	0.0	64.0	0.0055735888534727	232.0	0.0	62.0	0.0061528026636302	231.0	0.0	34.0	0.0113469908280826	173.0	0.0	33.0	0.0109439457905373	173.0	0.0
325	False			False			False			False	False		341								1.0	0.0	0.230108232	0.0	2.902180063	-0.1261	86.26591119		False	False	False	False					341	0.484744687296	0.0	0.485522387495	0.483535169863	0.0	176	265	126	259	31	False						341	1.854395341867401e-07	0.0	0.1086533128704772	0.7244209592356546	0.008643548760465	1.092695776686803e-11	256	145	287	215	251	0			90	0.0043035623421222	99	0.003594594734695	97	0.0031943307920378	91	0.0031868413369612	106.0	0.0017144836618999	166.0	7.459848932798601e-05	106.0	0.0016081712387674	161.0	0.0001254054911691	52.0	0.00438593438796	174.0	0.0	63.0	0.0036932467613934	174.0	0.0
326	False			False			False			False	False		342								1.0	0.0	0.570731992	0.72175715	5.761519653	0.6096	88.38984847		False	False	False	False					342	0.483277604078	1.44403952913	0.0	1.44647384935	0.0	182	98	167	134	31	False						342	0.0043311155973971	2.3722650340299663e-05	0.5358859378931631	1.960745374292365	0.6338630755263792	0.0056619233838028	9	20	90	85	24	1	326R		140	0.0012226580752444	118	0.0020123662005583	155	0.0004901579745606	154	8.744850091842956e-05	18.0	0.0392743668596173	20.0	0.0348364058826001	21.0	0.0345819822382089	21.0	0.0253252752797209	11.0	0.0455390440969609	10.0	0.0442839028168349	10.0	0.040511031007433	7.0	0.0354392753907044
327	False			False			False			False	False		343	N	N						1.0	0.0	0.12828195	0.0		-0.5381			False	False	False	False					343	0.0	1.43529472928	0.0	1.44808101345	0.0	223	104	167	133	31	False						343	0.0	0.0	0.1584056329531587	0.3190371189055461	0.0066471389853791	2.344366636894344e-05	279	145	236	299	271	0			482	0.0	475	0.0	481	0.0	461	0.0	104.0	0.0019431805832579	170.0	6.226464479868265e-05	99.0	0.0019207263006248	173.0	4.384874744019989e-05	75.0	0.0017422381962864	175.0	0.0	77.0	0.0018947197049229	175.0	0.0
328	False			False			False			False	False		344								1.0	0.0	0.08649419	0.222233155		-0.584			False	False	False	False					344	0.499994046026	0.5	0.5	1.0	0.0	153	199	99	167	31	False						344	5.4758386275969095e-08	0.0	0.5762226814997642	1.379462046685845	0.0185426650424382	0.0368105705146017	270	145	82	136	177	0			483	0.0	485	0.0	482	0.0	460	0.0	60.0	0.0089932559673067	167.0	6.966885177928946e-05	56.0	0.0090910875978441	168.0	6.503332077744586e-05	50.0	0.0048507665069924	328.0	0.0	57.0	0.0041982368652285	328.0	0.0
329	False			False			False			False	False		345								1.0	0.0	0.074691427	0.0		-0.5344			False	False	False	False					345	0.499988400989	0.0	0.0	0.499976085735	0.0	154	265	167	250	31	False						345	6.931160282076825e-06	0.0	0.0976025174735775	0.7236861513013029	0.0051933460214685	2.7153840491172523e-14	180	145	296	216	289	0			193	2.715178257252668e-05	484	0.0	483	0.0	459	0.0																
330	False			False			False			False	False		346								1.0	0.0	3.18e-16	0.0	0.0		82.05596253		False	False	False	False					346	0.0	0.0	0.0	0.0	0.0	223	265	167	293	31	False						346	0.0	0.0	0.0060082600023785	0.0	0.0004268380723889	1.738340922562494e-13	279	145	515	445	447	0			81	0.0050248966105868	483	0.0	69	0.0053415051584803	458	0.0																
331	False			False			False			False	False		347								1.0	0.0	0.143071002	0.241941645	1.066989664		83.52191866		False	False	False	False					347	0.0	0.710719720045	0.352011917048	1.06394893796	0.0	223	181	161	156	31	False						347	0.0	0.0	0.0495611484798616	0.0840118386331272	0.001280511389093	9.400589907716772e-08	279	145	386	383	401	0			43	0.0161180581525574	98	0.0037281552972668	62	0.0070601759657398	83	0.0038909222458916																
332	False			False			False			False	False		348								1.0	0.0	0.06319309	0.293659081	0.0		86.34636788		False	False	False	False					348	0.0	0.0	0.0	0.0	0.0	223	265	167	293	31	False						348	0.0	0.0	0.074105046426341	0.0794779687722136	0.0011589682919798	7.272637173385827e-07	279	145	328	430	413	0			500	0.0	482	0.0	502	0.0	478	0.0																
333	False			False			False			False	False		349								1.0	0.0	0.183036439	0.069330053	1.000060071		87.70229953		False	False	False	False					349	0.0	0.0	0.0	0.0	0.0	223	265	167	293	31	False						349	0.0	0.0	0.0270952272683112	0.3306022814354523	0.0025913902026862	6.231995164255157e-42	279	145	433	291	352	0			499	0.0	481	0.0	501	0.0	479	0.0																
334	False			False			False			False	False		350						EG1		1.0	1.0	0.10302556	0.693166156	0.0		88.19977216		False	True	False	False					350	0.0	0.0	0.0	0.0	0.0	223	265	167	293	31	False						350	0.0	0.0	0.007015392362697	0.0	0.0004268380723889	7.879852412927788e-13	279	145	504	445	447	0			177	0.0001282865794718	480	0.0	151	0.0005541238796123	480	0.0																
335	False			False			False			False	False		351								1.0	0.0	5.84e-16	0.0	0.0		85.45691809		False	False	False	False					351	0.0	0.0	0.0	0.0	0.0	223	265	167	293	31	False						351	0.0	0.0	0.0491103243344677	0.2521502481321013	0.0051316107692724	5.7722761781091254e-08	279	145	387	307	290	0			154	0.0005485373444165	479	0.0	147	0.0006328947741669	492	0.0																
336	False			False			False			False	False		352								1.0	0.0	1.83e-15	0.0	0.0		85.63213229		False	False	False	False					352	0.0	0.0	0.0	0.0	0.0	223	265	167	293	31	False						352	0.0	0.0	0.0026672820445269	0.0	0.002264251928776	8.811501233036441e-42	279	145	537	445	362	0			498	0.0	478	0.0	500	0.0	501	0.0																
337	False			False			False			False	False		353								1.0	0.0	5.84e-16	0.0	0.0		88.71608769		False	False	False	False					353	0.0	0.0	0.0	0.0	0.0	223	265	167	293	31	False						353	0.0	0.0	0.0022682228491505	0.0	0.002264251928776	1.123909620641783e-29	279	145	549	445	362	0			130	0.0017098081182441	477	0.0	148	0.0006108534015095	500	0.0																
338	False			False			False			False	False		354								1.0	0.0	5.84e-16	0.0	0.0		92.08135657		False	False	False	False					354	0.0	0.0	0.0	0.0	0.0	223	265	167	293	31	False						354	0.0	0.0	0.0180768186062424	0.0	0.0004268380723889	8.580573758486362e-07	279	145	454	445	447	0			142	0.0009112730500604	476	0.0	149	0.0006006902608108	499	0.0																
339	False			False			False			False	False		355								1.0	0.0	0.048239049	0.0	0.355448216		90.63744068		False	False	False	False					355	0.0	0.0	0.0	0.0	0.0	223	265	167	293	31	False						355	0.0	0.0	0.0303538511330967	0.0840118386331272	0.0026399609071644	1.0775479007137128e-10	279	145	416	383	351	0			99	0.0031224093426309	447	0.0	94	0.0033919193683478	498	0.0																
340	False			False			False			False	False		356								1.0	0.0	0.420742665	0.391230232	0.0		90.44150012		False	False	False	False					356	0.0	0.0	0.0	0.0	0.0	223	265	167	293	31	False						356	0.0	0.0	0.0083941828183541	0.0	0.0	1.2642572496670518e-10	279	145	499	445	493	0			131	0.0016787730228261	342	0.0	109	0.0025599111888587	497	0.0																
341	False			False			False			False	False		357								0.0	0.0	5.11e-17	0.0	0.0		87.79159253		False	False	False	False					357	0.0	0.0	0.0	0.0	0.0	223	265	167	293	31	False						357	0.0	0.0	0.1238414212764311	0.0826035725261293	0.0008025517645547	0.0001145698041411	279	145	271	398	434	0			136	0.0015004183785925	251	0.0	141	0.0008225797281311	496	0.0																
342	False			False			False			False	False		358								0.0	0.0	5.84e-16	0.0	0.0		86.05631228		False	False	False	False					358	0.0	0.0	0.0	0.0	0.0	223	265	167	293	31	False						358	0.0	0.0	0.0342975375721319	0.0826035725261293	0.0004268380723889	2.7278407023203027e-17	279	145	405	398	447	0			495	0.0	340	0.0	364	0.0	495	0.0																
343	False			False			False			False	False		359								0.0	0.0	0.104495808	0.0	0.787486098		87.17603286		False	False	False	False					359	0.0	0.0	0.0	0.0	0.0	223	265	167	293	31	False						359	0.0	0.0	0.0161022690308154	0.0	0.0004268380723889	0.0027917282454014	279	145	459	445	447	0			494	0.0	222	0.0	496	0.0	494	0.0																
344	False			False			False			False	False		360								0.0	0.0	0.054220717	0.0	0.483519222		84.97269384		False	False	False	False					360	0.484598551848	0.0	0.0	0.0	0.0	179	265	167	293	31	False						360	0.0	0.0	0.0293864234268603	0.2411974812789271	0.0017073466333601	2.4993181112079323e-24	279	145	421	332	386	0			169	0.0002086657533331	221	0.0	167	0.0003190256014112	493	0.0																
345	False			False			False			False	False		361								0.0	0.0	9.56e-17	0.0	0.0		87.41643341		False	False	False	False					361	0.0	0.0	0.0	0.0	0.0	223	265	167	293	31	False						361	0.0	0.0	0.0025026292881317	0.0	0.0	4.754691570881287e-24	279	145	541	445	493	0			163	0.0003739580453327	220	0.0	169	0.0002797115204658	491	0.0																
346	False			False			False			False	False		362								0.0	0.0	3.18e-16	0.0	0.0		86.53739829		False	False	False	False					362	0.0	0.334072312496	0.0	0.333866877803	0.0	223	264	167	291	31	False						362	0.0015345121840089	5.852677374878e-05	0.0461829367669241	0.4680933988069622	0.4182878444407299	7.616337894329707e-07	19	12	391	264	39	0		16	493	0.0	219	0.0	160	0.0004098557681022	481	0.0																
347	False			False			False			False	False		363								0.0	0.0	1.550588359	1.773306595	12.94515495		83.90592653		False	False	False	False					363	1.44596325389	6.66942769424	1.48943571809	7.22719191626	0.0	59	10	31	11	31	False						363	0.004822202667526	8.984518370221912e-06	1.0008628724935833	5.778647705615239	0.6554001320134891	0.0015277115072397	7	30	38	7	23	1	347K		57	0.0092295177299026	102	0.0030440080442279	43	0.014519041535156	107	0.0019946633161848																
348	False			False			False			False	False		364								0.0	0.0	0.105725065	0.0	0.897781456		84.19643596		False	False	False	False					364	0.0	0.0	0.0	0.0	0.0	223	265	167	293	31	False						364	0.0	0.0	0.3543222034095868	0.5650971659552114	0.0060466599125907	0.0087685273982405	279	145	144	241	275	0			161	0.0003968713389202	217	0.0	171	0.0002409950390912	489	0.0																
349	False			False			False			False	False		365								0.0	0.0	3.18e-16	0.0	0.0		83.7851435		False	False	False	False					365	0.0	0.0	0.0	0.0	0.0	223	265	167	293	31	False						365	0.0	0.0	0.059799362821953	0.0825694155589837	0.0004268380723889	9.600023138108565e-14	279	145	375	403	447	0			491	0.0	216	0.0	494	0.0	488	0.0																
350	False			False			False			False	False		366								0.0	0.0	1.03e-15	0.0	0.0		82.71986785		False	False	False	False					366	0.0	0.0	0.0	0.0	0.0	223	265	167	293	31	False						366	0.0	0.0	0.0161022690308154	0.0	0.0008025517645547	0.0027917282454014	279	145	459	445	434	0			179	0.0001251350833045	215	0.0	185	7.20915250684409e-05	487	0.0																
351	False			False			False			False	False		367								0.0	0.0	6.73e-16	0.0	0.0		86.14681026		False	False	False	False					367	0.0	0.0	0.0	0.0	0.0	223	265	167	293	31	False						367	0.0	0.0	0.0272248742525966	0.0791073307150146	0.0004268380723889	5.138808116435146e-20	279	145	431	436	447	0			164	0.000365633256124	214	0.0	170	0.0002525548591699	486	0.0																
352	False			False			False			False	False		368								0.0	0.0	0.0979413	0.0	0.0		89.60267007		False	False	False	False					368	0.0	0.0	0.0	0.0	0.0	223	265	167	293	31	False						368	0.0	0.0	0.0045010997059949	0.0	0.0004268380723889	1.8072187036569066e-18	279	145	523	445	447	0			490	0.0	213	0.0	184	7.691048194189143e-05	485	0.0																
353	False			False			False			False	False		369								0.0	0.0	0.2293671	0.871199983	0.448895029		93.21926152		False	False	False	False					369	0.0	0.0	0.0	0.0	0.0	223	265	167	293	31	False						369	0.0	0.0	0.109054476715983	0.1591099820698349	0.0043191566126721	3.090928444735434e-05	279	145	285	376	305	0			106	0.002755906215788	212	0.0	88	0.0040730808160573	484	0.0																
354	False			False			False			False	False		370								0.0	0.0	0.17113034	0.073305363	0.487671709		95.30127166		False	False	False	False					370	0.0	0.0	0.487355116251	0.48562780202	0.0	223	265	124	257	31	False						370	0.0	0.0	0.0260181080336474	0.0803436292515852	0.0018374185700438	4.8875880276863157e-29	279	145	444	425	382	0			175	0.0001342860384861	211	0.0	191	2.666963598051411e-05	483	0.0																
355	False			False			False			False	False		371								0.0	0.0	0.294973887	0.222453485	0.448952365		99.03234168		False	False	False	False					371	0.0	0.0	0.0	0.0	0.0	223	265	167	293	31	False						371	0.0	0.0	0.0323530654703488	0.2340065213379361	0.0019296871847121	6.975721990158486e-14	279	145	408	344	378	0			488	0.0	208	0.0	492	0.0	482	0.0																
356	False			False			False			False	False		372								0.0	0.0	0.66049607	0.144518545	4.953513338		102.2303671		False	False	False	False					372	0.738766612108	1.43582525464	0.748933596995	2.17277220973	0.0	121	103	76	87	31	False						372	1.041452524594591e-06	3.9576567383058255e-09	0.556082305904722	1.118070933028561	0.0138649810912811	0.0089028577411596	217	142	85	171	206	0			111	0.0026463440112214	206	0.0	122	0.001790335849565	357	0.0																
357	False			False			False			False	False		373								0.0	0.0	9.56e-17	0.0	0.0		105.364025		False	False	False	False					373	0.0	0.0	0.0	0.0	0.0	223	265	167	293	31	False						373	0.0	0.0	0.0475296503799842	0.1652478288328031	0.0008536752020946	1.0499077289469319e-12	279	145	390	356	418	0			486	0.0	205	0.0	490	0.0	358	0.0																
358	False			False			False			False	False		374								0.0	0.0	0.35468837	1.142345939	2.499893314		108.3966478		False	False	False	False					374	0.99996917551	1.49983942687	0.5	1.99991038251	0.0	90	90	99	99	31	False						374	2.5217757498212643e-05	0.0	0.2413652183648923	1.15851407890808	0.0171629201675976	3.963775742806658e-06	150	145	183	164	184	0			485	0.0	204	0.0	489	0.0	261	0.0																
359	False			False			False			False	False		375								0.0	0.0	0.056418765	0.0	0.483206344		106.2994862		False	False	False	False					375	0.484587872934	0.0	0.0	0.0	0.0	180	265	167	293	31	False						375	0.0	0.0	0.0292318916890298	0.2411974812789271	0.0034232032509408	6.543022737644087e-36	279	145	422	332	334	0			484	0.0	223	0.0	488	0.0	356	0.0																
360	False			False			False			False	False		376								0.0	0.0	9.56e-17	0.0	0.0		103.8786064		False	False	False	False					376	0.0	0.0	0.0	0.0	0.0	223	265	167	293	31	False						376	0.0	0.0	0.0025935644489927	0.0	0.0004268380723889	5.333560900268737e-20	279	145	538	445	447	0			170	0.0002044367544995	203	0.0	487	0.0	234	0.0																
361	False			False			False			False	False		377								0.0	0.0	0.733812624	0.730080673	4.723112748		100.4000436		False	False	False	False					377	1.40954479145	2.36738607582	1.49792395593	3.84731232429	0.0	61	51	28	38	31	False						377	0.0002853360620946	2.8442363326164785e-06	0.3820560872041226	1.2901724881579	0.3115165091071288	0.0004383783689955	65	54	138	147	46	0			18	0.0414990082569252	38	0.0198727916395166	9	0.0612030504464705	43	0.013754946941734																
362	False			False			False			False	False		378								0.0	0.0	2.73e-16	0.0	0.0		97.13633031		False	False	False	False					378	0.0	0.0	0.0	0.0	0.0	223	265	167	293	31	False						378	0.0	0.0	0.0024912514682753	0.0	0.0	2.3342505778966653e-30	279	145	545	445	493	0			363	0.0	226	0.0	485	0.0	232	0.0																
363	False			False			False			False	False		379						EG1		0.0	1.0	4e-17	0.0	0.0		93.73029666		False	True	False	False					379	0.0	0.0	0.0	0.0	0.0	223	265	167	293	31	False						379	0.0	0.0	0.0080108017706551	0.0	0.0004268380723889	1.153109388396466e-13	279	145	501	445	447	0			323	0.0	245	0.0	412	0.0	231	0.0																
364	False			False			False			False	False		380						EG1		0.0	1.0	3.18e-16	0.0	0.0		91.84182181		False	True	False	False					380	0.0	0.0	0.0	0.5	0.0	223	265	167	239	31	False						380	0.0	0.0	0.0661220888365181	0.2425389703651312	0.0028151801748793	4.933560584362856e-11	279	145	355	328	342	0			361	0.0	244	0.0	365	0.0	230	0.0																
365	False			False			False			False	False		381						EG1		0.0	1.0	6.42e-16	0.0	0.0		88.50253581		False	True	False	False					381	0.0	0.0	0.0	0.0	0.0	223	265	167	293	31	False						381	0.0	0.0	0.0599073857022085	0.0808045700846359	0.001229387951553	1.080902181385589e-12	279	145	374	409	404	0			178	0.0001263874328752	243	0.0	186	5.965568481161357e-05	229	0.0																
366	False			False			False			False	False		382						EG1		0.0	1.0	9.56e-17	0.0	0.0		88.64205912		False	True	False	False					382	0.0	0.0	0.0	0.0	0.0	223	265	167	293	31	False						382	0.0	0.0	0.0663316082321167	0.080694661413194	0.0008536752020946	1.1879667615550772e-08	279	145	353	412	418	0			239	0.0	241	0.0	363	0.0	228	0.0																
367	False			False			False			False	False		383								0.0	0.0	0.270545328	0.0	1.500621848		86.19948938		False	False	False	False					383	0.0	1.00022402767	0.500365609706	1.50057027035	0.0	223	122	88	121	31	False						383	0.0	0.0	0.0733215250460879	0.1654406081422416	0.0049518045834296	5.4582733889527377e-08	279	145	333	349	294	0			238	0.0	238	0.0	240	0.0	227	0.0																
368	False			False			False			False	False		384								0.0	0.0	0.064627179	0.0	0.48004174		86.00705037		False	False	False	False					384	0.482965558412	0.480994475198	0.0	0.481668866507	0.0	187	228	167	264	31	False						384	1.1380298538445996e-06	0.0	0.2266119613034618	0.5719621471027101	0.0086370284309786	5.177066152885416e-05	214	145	198	238	252	0			194	2.2006009883437675e-05	237	0.0	239	0.0	226	0.0																
369	False			False			False			False	False		385								0.0	0.0	5.11e-17	0.0	0.0		85.17011109		False	False	False	False					385	0.0	0.0	0.0	0.0	0.0	223	265	167	293	31	False						385	0.0	0.0	0.0622106356867651	0.0826930068364431	0.0004268380723889	9.896231558609108e-11	279	145	368	390	447	0			237	0.0	236	0.0	181	9.023131550020448e-05	225	0.0																
370	False			False			False			False	False		386								0.0	0.0	5.84e-16	0.0	0.0		82.71970986		False	False	False	False					386	0.0	0.0	0.0	0.0	0.0	223	265	167	293	31	False						386	0.0	0.0	0.0034602532078283	0.0	0.0	1.8666904132719968e-24	279	145	529	445	493	0			236	0.0	235	0.0	238	0.0	224	0.0																
371	False			False			False			False	False		387								0.0	0.0	4e-17		0.0		80.91968566		False	False	False	False					387	0.0	0.0	0.0	0.0	0.0	223	265	167	293	31	False						387	0.0	0.0	0.0780457364517199	0.1595547309833024	0.0008025517645547	1.51110395070353e-07	279	145	316	373	434	0			235	0.0	234	0.0	237	0.0	223	0.0																
372	False			False			False			False	False		388								0.0	0.0	0.22376883	0.0	2.000181758		80.96525003		False	False	False	False					388	0.0	1.00021413297	0.999951677884	2.00032613758	0.0	223	123	49	94	31	False						388	5.004649862826267e-05	2.1169556245925625e-07	0.5174793996201403	2.025067733794949	0.0309976695615339	0.0011350704443564	122	108	97	81	139	0			234	0.0	233	0.0	236	0.0	222	0.0																
373	False			False			False			False	False		389								0.0	0.0	0.111762407	0.0	1.0		79.10732554		False	False	False	False					389	0.0	0.5	0.0	0.5	0.0	223	199	167	239	31	False						389	0.0	0.0	0.0958813304463585	0.4042149629759886	0.0032280274624027	3.843734721124841e-08	279	145	298	276	337	0			233	0.0	232	0.0	235	0.0	221	0.0																
374	False			False			False			False	False		390								0.0	0.0	0.332525565	0.201851104	2.393087558		76.69858009		False	False	False	False					390	1.92990281022	1.43969358888	0.966783846527	1.92269623475	0.0	23	102	57	109	31	False						390	4.091389536808917e-06	0.0	0.2237848964231265	1.346391254168758	0.0174314978280415	1.429443505954779e-07	192	145	200	142	181	0			186	5.760179389150359e-05	231	0.0	234	0.0	220	0.0																
375	False			False			False			False	False		391								0.0	0.0	0.444093842	0.388061343	3.591125822		76.02001789		False	False	False	False					391	0.457058633462	0.905565691626	0.0	0.908176800979	0.0	211	166	167	198	31	False						391	0.0007938476684708	1.2138616988335498e-05	0.1989852344769079	1.540387164626002	0.2178109539810527	2.8007123959391697e-11	37	25	215	121	54	0			40	0.0179300847641499	65	0.0084194033689428	41	0.0149009063486384	79	0.0043926094349004																
376	False			False			False			False	False		392								0.0	0.0	0.094695634	0.0	0.707134919		75.30868666		False	False	False	False					392	0.0	0.717505748556	0.0	0.723941374436	0.0	223	178	167	219	31	False						392	0.0	0.0	0.0142410107140382	0.0	0.0004268380723889	5.2144759714290435e-11	279	145	471	445	447	0			223	0.0	246	0.0	232	0.0	218	0.0																
377	False			False			False			False	False		393								0.0	0.0	0.06654708	0.0	0.479244378		72.97648302		False	False	False	False					393	0.0	0.0	0.0	0.0	0.0	223	265	167	293	31	False						393	0.0	0.0	0.0763057691857271	0.252539945928772	0.0028011969321538	6.863777511598372e-11	279	145	321	306	343	0			230	0.0	227	0.0	231	0.0	217	0.0																
378	False			False			False			False	False		394								0.0	0.0	0.2454143	0.213900309	1.799068157		71.10272439		False	False	False	False					394	0.0	0.452782845813	0.0	0.454088400489	0.0	223	250	167	281	31	False						394	1.878260374076252e-06	0.0	0.15309833093171	0.4967897951025611	0.0223650586455714	5.94453516826723e-07	204	145	242	249	159	0			229	0.0	225	0.0	230	0.0	216	0.0																
379	False			False			False			False	False		395						EG1		0.0	1.0	0.199134443	0.0	2.001671208		70.94858729		False	True	False	False					395	0.0	1.00137711517	1.00112732923	2.00277991919	0.0	223	120	45	92	31	False						395	1.1893522631685099e-07	0.0	0.1645948377352662	1.241040221553212	0.0100928225014568	3.635862077352517e-23	261	145	234	159	237	0			109	0.0027315647722973	148	0.0004158122786316	111	0.0020765875909869	149	0.0001658408274724																
380	False			False			False			False	False		396						EG1		0.0	1.0	3.18e-16	0.0	0.0		69.27327163		False	True	False	False					396	0.492421719114	0.0	0.0	0.0	0.0	173	265	167	293	31	False						396	0.0	0.0	0.073951596360722	0.4084222558631115	0.0039883474755319	3.7376094232926323e-13	279	145	330	271	317	0			227	0.0	202	0.0	228	0.0	214	0.0																
381	False			False			False			False	False		397								0.0	0.0	5.84e-16	0.0	0.0		66.93341014		False	False	False	False					397	0.0	0.0	0.0	0.831233511184	0.0	223	265	167	208	31	False						397	1.8176389853429005e-07	0.0	0.1385496957505857	0.2482610551329823	0.0044491677659447	3.496867701425983e-08	257	145	260	311	303	0			226	0.0	200	0.0	227	0.0	235	0.0																
382	False			False			False			False	False		398						EG1		0.0	1.0	0.06108231	0.0	0.448890728		65.78784194		False	True	False	False					398	0.0	0.0	0.0	0.0	0.0	223	265	167	293	31	False						398	0.0	0.0	0.0287433246177869	0.1652478288328031	0.001585803536247	6.639566095878676e-15	279	145	425	356	395	0			225	0.0	173	0.0	226	0.0	236	0.0																
383	False			False			False			False	False		399						EG1		0.0	1.0	0.490299674	0.125979242	4.546462152		65.18114904		False	True	False	False					399	1.22745550868	1.85938086415	0.760848106913	2.66389114933	0.0	74	73	75	68	31	False						399	2.9054796451633624e-07	0.0	0.2337853518015997	1.287399063480158	0.0156533850644266	7.149337109478767e-22	247	145	186	148	196	0			86	0.0045987800634743	54	0.012392816463626	92	0.0035499625618795	47	0.0121729415724068																
384	False			False			False			False	False		400						EG1		0.0	1.0	0.110642668	0.360302117	0.815062783		63.05984316		False	True	False	False					400	0.0	0.0	0.0	0.0	0.0	223	265	167	293	31	False						400	0.0	0.0	0.0988400050321153	0.3314782087404345	0.0170538505453294	5.041290106158963e-11	279	145	293	289	185	0			65	0.0071206544041258	81	0.0054948857790756	93	0.0034896204570773	59	0.0082342789580192																
385	False			False			False			False	False		401								0.0	0.0	0.275386903	0.139520254	1.917507009		60.94231393		False	False	False	False					401	0.965106576349	1.44174586656	0.0	1.44334494139	0.0	102	101	167	140	31	False						401	1.27617920115303e-06	0.0	0.2383787404369	1.683438779179296	0.0199004679828341	3.228666082993368e-14	212	145	184	108	172	0			77	0.0053214415381066	86	0.0049137688572607	101	0.0029934342317891	99	0.002862281515421																
386	False			False			False			False	False		402						EG1		0.0	1.0	0.496881491	0.382115538	4.21759751		60.39571054		False	True	False	False					402	1.50063720696	0.500077951493	0.500096244158	1.00017909927	0.0	39	193	91	163	31	False						402	8.444139502310305e-05	3.6850251498995177e-07	0.1338741925003833	0.9934217083624044	0.1542623067951034	1.784789181680814e-12	107	94	264	183	68	0			128	0.0017397622454186	149	0.0003963046802731	70	0.0053065423318947	257	0.0																
387	False			False			False			False	False		403						EG1		0.0	1.0	0.200997958		1.440089167		57.05157001		False	True	False	False					403	0.48296378957	0.962003946058	0.0	0.963345254146	0.0	188	152	167	189	31	False						403	5.084430079351939e-07	0.0	0.3051932851279731	0.7356401556244686	0.0111216340466353	0.0001782001007443	235	145	162	208	225	0			240	0.0	166	0.0	241	0.0	256	0.0																
388	False			False			False			False	False		404								0.0	0.0	9.56e-17	0.0	0.0		54.07695534		False	False	False	False					404	0.5	0.0	0.0	0.0	0.0	141	265	167	293	31	False						404	0.0	0.0	0.0713686672300835	0.2431421127984135	0.0019296871847121	8.89743240386505e-10	279	145	337	324	378	0			241	0.0	167	0.0	242	0.0	255	0.0																
389	False			False			False			False	False		405								0.0	0.0	9.56e-17	0.0	0.0		51.61055199		False	False	False	False					405	0.0	0.0	0.0	0.0	0.0	223	265	167	293	31	False						405	0.0	0.0	0.0272981031718678	0.1652478288328031	0.001229387951553	1.689827730978105e-31	279	145	430	356	404	0			242	0.0	163	0.0	243	0.0	254	0.0																
390	False			False			False			False	False		406						EG1		0.0	1.0	0.293130556	0.161452655	2.418321195		48.50284767		False	True	False	False					406	0.0	0.96607263677	0.0	0.967074104645	0.0	223	144	167	184	31	False						406	1.1612548663561157e-06	0.0	0.3276626404417378	0.8852955200003538	0.0171706012449577	3.449807853445254e-06	213	145	154	197	183	0			98	0.0032000827342964	136	0.0011647621170575	123	0.0017709136749732	121	0.0010821687633939																
391	False			False			False			False	False		407						EG1		0.0	1.0	3.18e-16	0.0	0.0		45.27436909		False	True	False	False					407	0.0	0.962061471048	0.0	0.963385211258	0.0	223	150	167	187	31	False						407	0.0	0.0	0.0644766791848397	0.1632711105261157	0.0016562231958202	1.674734718338179e-09	279	145	357	362	388	0			258	0.0	189	0.0	262	0.0	252	0.0																
392	False			False			False			False	False		408								0.0	0.0	0.071377327	0.0	0.448912338		41.72405997		False	False	False	False					408	0.45708442259	0.0	0.0	0.0	0.0	206	265	167	293	31	False						408	0.0	0.0	0.137377281860139	0.3975846763444474	0.0048248701440327	4.10410275443883e-08	279	145	263	281	296	0			257	0.0	197	0.0	261	0.0	251	0.0																
393	False			False			False			False	False		409						EG1		0.0	1.0	3.18e-16	0.0	0.0		38.71656049		False	True	False	False					409	0.0	0.0	0.0	0.0	0.0	223	265	167	293	31	False						409	0.0	0.0	0.0271295859514015	0.1560116390774791	0.0008536752020946	3.9435365957330593e-19	279	145	432	382	418	0			256	0.0	196	0.0	260	0.0	250	0.0																
394	False			False			False			False	False		410						EG1		0.0	1.0	0.097973584	0.178708265	0.727112764		39.73070263		False	True	False	False					410	0.0	0.0	0.0	0.0	0.0	223	265	167	293	31	False						410	0.0	0.0	0.0519925459354918	0.2391998175252572	0.0024076439809842	7.937871517052956e-16	279	145	382	336	358	0			255	0.0	195	0.0	259	0.0	248	0.0																
395	False			False			False			False	False		411						EG1		0.0	1.0	0.068849406	0.0	0.479270119		38.10966469		False	True	False	False					411	0.0	0.0	0.0	0.0	0.0	223	265	167	293	31	False						411	0.0	0.0	0.0687384731001432	0.1680556312891711	0.0034232032509408	1.3013082423920772e-08	279	145	344	347	334	0			254	0.0	194	0.0	258	0.0	238	0.0																
396	False			False			False			False	False		412								0.0	0.0	9.56e-17	0.0	0.0		36.27296136		False	False	False	False					412	0.0	0.473046149086	0.0	0.473857086878	0.0	223	236	167	271	31	False						412	0.0	0.0	0.0058070200416185	0.0	0.0	1.10897687372588e-14	279	145	517	445	493	0			253	0.0	193	0.0	257	0.0	247	0.0																
397	False			False			False			False	False		413						EG1		0.0	1.0	0.066999917	0.0	0.480381713		38.71060532		False	True	False	False					413	0.0	0.0	0.0	0.0	0.0	223	265	167	293	31	False						413	0.0	0.0	0.0263470163536665	0.0816765816592414	0.0020126378377587	4.485367353280904e-25	279	145	438	405	370	0			221	0.0	188	0.0	256	0.0	246	0.0																
398	False			False			False			False	False		414						EG1		0.0	1.0	4e-17	0.0	0.0		36.69066836		False	True	False	False					414	0.0	0.0	0.0	0.0	0.0	223	265	167	293	31	False						414	0.0	0.0	0.0261029013555635	0.0804396500498002	0.0004268380723889	2.1985355329871533e-22	279	145	441	418	447	0			252	0.0	177	0.0	255	0.0	245	0.0																
399	False			False			False			False	False		415								0.0	0.0	0.07139598	0.0	0.448899303		33.80400518		False	False	False	False					415	0.0	0.0	0.0	0.0	0.0	223	265	167	293	31	False						415	0.0	0.0	0.0610306583527869	0.0794779687722136	0.0008536752020946	6.398491893801814e-12	279	145	371	430	418	0			251	0.0	187	0.0	253	0.0	244	0.0																
400	False			False			False			False	False		416								0.0	0.0	0.853936518	0.60757048	5.636689334		31.38864467		False	False	False	False					416	0.551911464424	2.79104201184	0.0	2.22494778912	0.0	126	36	167	85	31	False						416	9.002921297773951e-07	0.0	0.4996965271571244	0.9934217083624044	0.0134906752101612	0.031170109800173	220	145	100	183	210	0			250	0.0	186	0.0	244	0.0	243	0.0																
401	False			False			False			False	False		417						EG1		0.0	1.0	0.058591627	0.0	0.471885484		30.6860422		False	True	False	False					417	0.0	0.0	0.0	0.0	0.0	223	265	167	293	31	False						417	0.0	0.0	0.0582947370048102	0.1608404401593078	0.0095792463748589	4.099750406969943e-11	279	145	377	370	242	0			249	0.0	185	0.0	252	0.0	242	0.0																
402	False			False			False			False	False		418								0.0	0.0	0.374595609	0.16015777	2.998089969		33.12554721		False	False	False	False					418	0.499931557187	0.999958527888	0.0	0.999971064531	0.0	160	133	167	173	31	False						418	5.673755940222494e-06	0.0	0.2266254922092826	1.600280348993882	0.02190637438385	9.789319551549857e-08	185	145	197	116	160	0			148	0.000646791735297	78	0.005737833045228	146	0.0006929576863628	89	0.0034845949933956																
403	False			False			False			False	False		419						EG1		0.0	1.0	3.18e-16	0.0	0.0		32.85001004		False	True	False	False					419	0.0	0.0	0.0	0.0	0.0	223	265	167	293	31	False						419	0.0	0.0	0.0601498520035525	0.0804064543322552	0.0004268380723889	7.609581356824632e-11	279	145	373	419	447	0			248	0.0	183	0.0	250	0.0	240	0.0																
404	False			False			False			False	False		420						EG1		0.0	1.0	0.051475834	0.080227953	0.500241601		36.27370656		False	True	False	False					420	0.0	0.0	0.0	0.0	0.0	223	265	167	293	31	False						420	0.0	0.0	0.0277248889472563	0.2477611270174123	0.0019615144002188	5.145710637042021e-22	279	145	427	321	375	0			182	6.91839963137289e-05	182	0.0	183	7.784595521272898e-05	239	0.0																
405	False			False			False			False	False		421						EG1		0.0	1.0	0.113899515	0.0	0.999366347		38.13198556		False	True	False	False					421	0.499723254562	0.998553036572	0.0	0.998984796019	0.0	169	142	167	181	31	False						421	0.0	0.0	0.040312250850175	0.4019088154682159	0.0027640567373393	1.4945601093346981e-13	279	145	396	280	348	0			247	0.0	181	0.0	249	0.0	211	0.0																
406	False			False			False			False	False		422								0.0	0.0	0.551831238	0.365501389	3.832971364		36.83715363		False	False	False	False					422	0.482742037773	0.480064052177	1.44717127666	3.36484525169	0.476692514052	191	235	35	48	23	False						422	0.0008008566743214	1.120716570000226e-05	0.9641756917454508	3.396026460520269	0.953604395361219	0.0176602878402605	36	26	49	39	9	0			246	0.0	180	0.0	248	0.0	212	0.0																
407	False			False			False			False	False		423								0.0	0.0	6.73e-16	0.0	0.0		36.84145798		False	False	False	False					423	0.0	0.0	0.0	0.0	0.0	223	265	167	293	31	False						423	4.78516698642406e-07	0.0	0.0290406250524704	0.0797354143048347	0.0023883477589509	5.4231002222517525e-19	237	145	423	428	359	0			159	0.0004036471822038	179	0.0	190	3.550128715374301e-05	175	0.0																
408	False			False			False			False	False		424								0.0	0.0	0.222960032	0.0	1.795562911		40.25232664		False	False	False	False					424	1.37121458164	0.0	0.918149101228	0.908176800979	0.0	68	265	65	198	31	False						424	3.031557021174864e-06	1.709766476241464e-08	0.2687131872874433	1.779252477706989	0.0159729280245856	1.813941311716881e-05	196	136	171	101	192	0			245	0.0	248	0.0	247	0.0	210	0.0																
409	False			False			False			False	False		425								0.0	0.0	0.495257685	0.0	3.527249853		41.55939327		False	False	False	False					425	2.00127158869	1.49962759106	0.499940050546	2.99923727345	0.0	19	93	112	52	31	False						425	6.133740127197165e-05	0.0	0.5276737596200527	1.658651752080649	0.0311857387139169	0.003027040551917	117	145	94	111	137	0			244	0.0	316	0.0	246	0.0	184	0.0																
410	False			False			False			False	False		426								0.0	0.0	0.058597867	0.0	0.4836946		40.13398474		False	False	False	False					426	0.0	0.0	0.0	0.0	0.0	223	265	167	293	31	False						426	0.0	0.0	0.009146850054734	0.0	0.0028344763969129	1.679659868998435e-12	279	145	496	445	341	0			232	0.0	247	0.0	245	0.0	183	0.0																
411	False			False			False			False	False		427								0.0	0.0	0.268205497	0.0	1.920219165		41.78053454		False	False	False	False					427	0.483010925558	0.481029888866	0.483954772518	0.963400368069	0.0	186	226	132	185	31	False						427	4.11981467358499e-05	0.0	0.4597857311033639	1.391823676537776	0.0197679055882959	0.0033590278714315	133	145	115	135	173	0			222	0.0	313	0.0	221	0.0	182	0.0																
412	False			False			False			False	False		428								0.0	0.0	9.56e-17	0.0	0.0		44.9929393		False	False	False	False					428	0.0	0.0	0.0	0.0	0.0	223	265	167	293	31	False						428	0.0	0.0	0.0156455147760867	0.0	0.0	1.6539897865565802e-09	279	145	467	445	493	0			202	0.0	312	0.0	220	0.0	181	0.0																
413	False			False			False			False	False		429								0.0	0.0	0.124766465	0.185165229	0.999995944		45.3203603		False	False	False	False					429	0.0	0.999859276469	0.0	1.49985271808	0.0	223	137	167	128	31	False						429	3.890317336276573e-06	0.0	0.4939109044291669	1.039334906865242	0.0127265904437721	0.020718852075055	194	145	103	179	215	0			61	0.0084834476691277	146	0.0005192461310782	67	0.0053823219539442	146	0.0002721350855003																
414	False			False			False			False	False		430								0.0	0.0	0.117215808	0.0	0.963911237		45.07852549		False	False	False	False					430	0.484718467143	0.0	0.0	0.0	0.0	178	265	167	293	31	False						430	0.0	0.0	0.0405686597064958	0.0804064543322552	0.0017073466333601	9.640198437571016e-16	279	145	395	419	386	0			197	0.0	311	0.0	198	0.0	179	0.0																
415	False			False			False			False	False		431								0.0	0.0	3.18e-16	0.0	0.0		47.38316223		False	False	False	False					431	0.0	0.0	0.0	0.0	0.0	223	265	167	293	31	False						431	0.0	0.0	0.0734637116880837	0.080694661413194	0.0004268380723889	4.733859391276774e-08	279	145	332	412	447	0			141	0.001057192506352	310	0.0	134	0.0011804467813428	178	0.0																
416	False			False			False			False	False		432								0.0	0.0	0.198408929	0.0	1.499967943		49.83559834		False	False	False	False					432	0.499969089889	0.999741934389	0.5	0.999819853758	0.0	155	139	99	178	31	False						432	2.3846479339561203e-05	0.0	0.1545275512424249	0.9734045036345622	0.0144884556175189	4.375608799823251e-13	151	145	240	189	202	0			114	0.0025280297557713	156	0.0001014497155973	137	0.0010627291181443	155	6.948185305481291e-05																
417	False			False			False			False	False		433								0.0	0.0	2.73e-16	0.0	0.0		49.8169835		False	False	False	False					433	0.0	0.0	0.0	0.0	0.0	223	265	167	293	31	False						433	0.0	0.0	0.0908265538181568	0.3267244465334044	0.0024587674185241	1.66376024551568e-07	279	145	303	294	355	0			220	0.0	309	0.0	201	0.0	176	0.0																
418	False			False			False			False	False		434								0.0	0.0	0.432452592	0.0	2.845965457		50.35699588		False	False	False	False					434	0.706466589892	0.710880452159	0.352193434487	1.41913201856	0.0	124	180	160	142	31	False						434	1.2360486772605471e-05	5.318284620575623e-08	0.986067721028874	2.952035574411806	0.0415838717786327	0.3906672203510351	169	128	45	48	119	0			209	0.0	306	0.0	202	0.0	174	0.0																
419	False			False			False			False	False		435								0.0	0.0	3.18e-16	0.0	0.0		53.21122744		False	False	False	False					435	0.0	0.0	0.0	0.0	0.0	223	265	167	293	31	False						435	0.0	0.0	0.0628322031749867	0.161357636367775	0.0008536752020946	3.9266622283813726e-11	279	145	367	368	418	0			210	0.0	303	0.0	217	0.0	165	0.0																
420	False			False			False			False	False		436								0.0	0.0	0.140270724	0.0	1.000300917		54.89565488		False	False	False	False					436	0.0	0.500100506992	0.0	0.500073523588	0.0	223	191	167	231	31	False						436	1.8611634321820983e-06	0.0	0.2091865870555511	0.6620794472227198	0.0108085067718532	1.680386000700007e-08	205	145	207	221	229	0			213	0.0	299	0.0	216	0.0	173	0.0																
421	False			False			False			False	False		437								0.0	0.0	0.113089452	0.0	0.787657812		54.706931		False	False	False	False					437	0.0	0.0	0.0	0.0	0.0	223	265	167	293	31	False						437	0.0	0.0	0.0161022690308154	0.0	0.0	0.0027917282454014	279	145	459	445	493	0			214	0.0	297	0.0	215	0.0	172	0.0																
422	False			False			False			False	False		438								0.0	0.0	3.18e-16	0.0	0.0		55.90118108		False	False	False	False					438	0.0	0.0	0.0	0.0	0.0	223	265	167	293	31	False						438	0.0	0.0	0.0484766287484382	0.0826930068364431	0.0008536752020946	6.106342320887355e-12	279	145	388	390	418	0			215	0.0	317	0.0	214	0.0	171	0.0																
423	False			False			False			False	False		439								0.0	0.0	2.73e-16	0.0	0.0		58.8424368		False	False	False	False					439	0.0	0.0	0.0	0.0	0.0	223	265	167	293	31	False						439	0.0	0.0	0.0201202953159919	0.0	0.0	6.65697991474445e-07	279	145	452	445	493	0			216	0.0	338	0.0	213	0.0	170	0.0																
424	False			False			False			False	False		440								0.0	0.0	9.68e-17	0.0	0.0		59.58013103		False	False	False	False					440	0.0	0.0	0.0	0.0	0.0	223	265	167	293	31	False						440	0.0004594907549263	0.0	0.0262527236160693	0.0826035725261293	0.0099944869933425	4.304140976366081e-32	53	145	439	398	239	0			217	0.0	334	0.0	212	0.0	169	0.0																
425	False			False			False			False	False		441								0.0	0.0	2.27e-15	0.0	0.0		59.59026697		False	False	False	False					441	0.0	0.0	0.0	0.0	0.0	223	265	167	293	31	False						441	2.7774765895662015e-07	0.0	0.025950939970954	0.0808045700846359	0.0082335714815305	1.072459111177669e-36	248	145	445	409	258	0			218	0.0	333	0.0	211	0.0	168	0.0																
426	False			False			False			False	False		442								0.0	0.0	0.234648984	0.652917425	1.935859771		61.91419101		False	False	False	False					442	0.484723627981	0.0	0.0	0.0	0.0	177	265	167	293	31	False						442	6.596923563707093e-07	0.0	0.2313630112472095	0.6435450788082023	0.0206284079153317	1.557181226962745e-06	228	145	189	225	167	0			70	0.0064028103897871	73	0.0061758687693629	64	0.0056073839727937	67	0.0067547936438462																
427	False			False			False			False	False		443								0.0	0.0	0.210805532	0.0	1.500151375		64.32174204		False	False	False	False					443	0.500174176828	1.00186803501	0.500346605055	1.50197351823	0.0	135	118	89	120	31	False						443	1.9978814323197148e-05	0.0	0.2712865536392121	1.574217711819394	0.0143727159835712	1.435165177123007e-05	153	145	168	118	204	0			207	0.0	329	0.0	210	0.0	166	0.0																
428	False			False			False			False	False		444								0.0	0.0	0.351897974	2.18687609	2.500026943		64.3725455		False	False	False	False					444	1.00009907365	1.50041317432	0.0	1.50030525715	0.0	83	85	167	123	31	False						444	0.0	0.0	0.2703148726545793	0.4963301968333558	0.0082803877501387	0.0019782861902545	279	145	169	251	255	0			150	0.0005958094923284	327	0.0	132	0.0012538579473372	185	0.0																
429	False			False			False			False	False		445								0.0	0.0	0.125142461	0.648480938	0.999935263		65.53597069		False	False	False	False					445	0.0	0.0	0.0	0.0	0.0	223	265	167	293	31	False						445	0.0	0.0	0.1811010155909148	0.4793387223116354	0.0051216838633915	2.973569905944173e-07	279	145	225	261	291	0			212	0.0	326	0.0	208	0.0	186	0.0																
430	False			False			False			False	False		446								0.0	0.0	0.174261315	0.140842284	1.5		68.03719636		False	False	False	False					446	1.5	1.0	0.0	2.0	0.0	41	126	167	97	31	False						446	4.69404652256711e-07	0.0	0.1831888390596137	1.53764231207037	0.0156465555083235	2.0638480282813957e-13	239	145	223	122	197	0			206	0.0	323	0.0	218	0.0	187	0.0																
431	False			False			False			False	False		447								0.0	0.0	0.359662156	0.471101849	3.251556866		69.64653122		False	False	False	False					447	1.67782409062	2.47269458014	0.0	2.48837826209	0.0	33	47	167	75	31	False						447	3.620970844762593e-07	0.0	0.334394731518609	0.827474526147277	0.0113769314355343	1.180813325975437e-05	244	145	151	200	222	0			200	0.0	268	0.0	207	0.0	188	0.0																
432	False			False			False			False	False		448								0.0	0.0	3.18e-16	0.0	0.0		69.6093601		False	False	False	False					448	0.0	0.0	0.0	0.0	0.0	223	265	167	293	31	False						448	0.0	0.0	0.0038448075828445	0.0	0.0004268380723889	5.946395841233334e-19	279	145	525	445	447	0			198	0.0	264	0.0	206	0.0	209	0.0																
433	False			False			False			False	False		449								0.0	0.0	3.18e-16	0.0	0.0		71.10054208		False	False	False	False					449	0.0	0.0	0.0	0.0	0.0	223	265	167	293	31	False						449	0.0	0.0	0.0036459227038652	0.0	0.0	3.328589723084443e-25	279	145	526	445	493	0			203	0.0	262	0.0	205	0.0	208	0.0																
434	False			False			False			False	False		450								0.0	0.0	3.18e-16	0.0	0.0		73.82283683		False	False	False	False					450	0.0	0.0	0.0	0.0	0.0	223	265	167	293	31	False						450	0.0	0.0	0.0202231716785567	0.0	0.0	4.990517712293967e-09	279	145	450	445	493	0			199	0.0	261	0.0	204	0.0	207	0.0																
435	False			False			False			False	False		451								0.0	0.0	0.06188068	0.0	0.448906092		74.71449911		False	False	False	False					451	0.457299072683	0.452989159875	0.0	0.454238844805	0.0	200	239	167	272	31	False						451	2.3171921186422904e-05	0.0	0.1016417738982626	0.4680933988069622	0.0074269961072027	7.773918656251924e-10	152	145	291	264	261	0			101	0.0028905722959008	160	7.138258175637867e-05	124	0.0017468954386594	153	0.0001164097459695																
436	False			False			False			False	False		452								0.0	0.0	4e-17	0.0	0.0		74.73538072		False	False	False	False					452	0.0	0.0	0.0	0.0	0.0	223	265	167	293	31	False						452	0.0	0.0	0.010947913401987	0.0	0.0004268380723889	5.176553553243343e-08	279	145	476	445	447	0			211	0.0	249	0.0	200	0.0	205	0.0																
437	False			False			False			False	False		453								0.0	0.0	0.069076489	0.0	0.479242506		77.16046962		False	False	False	False					453	0.0	0.0	0.0	0.0	0.0	223	265	167	293	31	False						453	4.880126149110907e-06	0.0	0.6243691793562046	0.925206891634058	0.0114531343762077	0.1101283382668549	187	145	74	194	221	0			205	0.0	258	0.0	209	0.0	204	0.0																
438	False			False			False			False	False		454								0.0	0.0	0.167682517	0.096422543	1.346697996		79.32999927		False	False	False	False					454	0.0	3.6222627665	0.918215649736	4.54095283668	0.0	223	24	63	29	31	False						454	0.0001037593261569	0.0	0.0260502967981967	0.080694661413194	0.0079711487410007	1.264179624210311e-20	99	145	443	412	260	0			259	0.0	257	0.0	197	0.0	203	0.0																
439	False			False			False			False	False		455								0.0	0.0	5.84e-16	0.0	0.0		79.33740174		False	False	False	False					455	0.0	0.0	0.846916879233	0.8313183449	0.0	223	265	72	207	31	False						455	0.0	0.0	0.1376295462063296	0.2482610551329823	0.0036548570497756	1.698865826998218e-08	279	145	262	311	329	0			116	0.0024267499480498	95	0.0039690247684913	125	0.0017204437525976	78	0.0044400317816697																
440	False			False			False			False	False		456								0.0	0.0	9.56e-17	0.0	0.0		80.34395259		False	False	False	False					456	0.5	0.0	0.0	0.0	0.0	141	265	167	293	31	False						456	0.0	0.0	0.0641948776126944	0.1619950629221069	0.002264251928776	8.945572794523289e-11	279	145	359	363	362	0			312	0.0	255	0.0	251	0.0	201	0.0																
441	False			False			False			False	False		457								0.0	0.0	0.111716223	0.0	0.897819628		83.10410512		False	False	False	False					457	0.0	0.452794735824	0.0	0.454096770646	0.0	223	246	167	278	31	False						457	0.0	0.0	0.0266961616657871	0.161357636367775	0.0016050997582803	2.795797490814578e-25	279	145	437	368	392	0			335	0.0	254	0.0	265	0.0	200	0.0																
442	False			False			False			False	False		458								0.0	0.0	0.085460137	0.503834337	0.564207676		84.19256042		False	False	False	False					458	0.0	0.0	0.0	0.5560759855	0.572814879807	223	265	167	227	14	False						458	5.791599153584356e-05	1.0569395326064525e-07	0.2545897086982009	0.5789058182679402	0.038666625473537	0.0002342880496095	119	118	175	233	122	0			134	0.0015552437499746	141	0.0008492481907115	126	0.0015333218198527	130	0.000892866282111																
443	False			False			False			False	False		459								0.0	0.0	0.05875022	0.0	0.471955777		84.46790595		False	False	False	False					459	0.0	0.0	0.0	0.0	0.0	223	265	167	293	31	False						459	0.0	0.0	0.0454016745356535	0.0804064543322552	0.0008536752020946	5.850236910740808e-13	279	145	392	419	418	0			334	0.0	250	0.0	337	0.0	198	0.0																
444	False			False			False			False	False		460								0.0	0.0	3.18e-16	0.0	0.0		86.69992551		False	False	False	False					460	0.0	0.0	0.0	0.0	0.0	223	265	167	293	31	False						460	0.0	0.0	0.0375746383668253	0.0775271810057059	0.001585803536247	0.0034553847151488	279	145	400	444	395	0			333	0.0	270	0.0	336	0.0	197	0.0																
445	False			False			False			False	False		461								0.0	0.0	0.318077505	2.196067347	2.244453639		88.85590097		False	False	False	False					461	2.28533341656	0.905631206314	0.459074550614	1.36233446761	0.0	17	161	146	151	31	False						461	0.0002019723235855	9.773676315341633e-07	1.9377850559274856	1.990455540123442	0.0319450056747877	0.9568705349960605	77	75	10	84	135	0			162	0.0003925322602428	271	0.0	180	9.362195975705996e-05	196	0.0																
446	False			False			False			False	False		462								0.0	0.0	3.18e-16	0.0	0.0		89.12914867		False	False	False	False					462	0.0	0.0	0.0	0.0	0.0	223	265	167	293	31	False						462	5.763885915739192e-07	0.0	0.0801646303534012	0.2449755534696504	0.007350048595297	1.185697521981436e-06	234	145	311	322	263	0			332	0.0	272	0.0	335	0.0	195	0.0																
447	False			False			False			False	False		463								0.0	0.0	0.119463166	0.0	0.81419817		90.4085403		False	False	False	False					463	0.0	0.825296948806	0.0	0.830258772805	0.0	223	170	167	210	31	False						463	0.0	0.0	0.0412846021131725	0.1654406081422416	0.0011589682919798	2.821468386843512e-15	279	145	394	349	413	0			331	0.0	291	0.0	334	0.0	194	0.0																
448	False			False			False			False	False		464								0.0	0.0	0.071578977	0.0	0.448909692		92.93349891		False	False	False	False					464	0.0	0.0	0.0	0.0	0.0	223	265	167	293	31	False						464	0.0	0.0	0.0147179758177606	0.0	0.0004268380723889	8.624250530307607e-09	279	145	470	445	447	0			330	0.0	290	0.0	333	0.0	193	0.0																
449	False			False			False			False	False		465								0.0	0.0	6.74e-18	0.0	0.0		94.18418096		False	False	False	False					465	0.0	0.0	0.0	0.0	0.0	223	265	167	293	31	False						465	0.0	0.0	0.1334043894636639	0.4022401618762182	0.0041646363472949	8.753605877390414e-05	279	145	265	279	310	0			329	0.0	283	0.0	332	0.0	192	0.0																
450	False			False			False			False	False		466								0.0	0.0	0.638769225	1.30024668	4.863163918		94.42331039		False	False	False	False					466	0.968739196301	0.963623111411	0.48395052835	0.482236250945	0.0	97	145	134	262	31	False						466	0.0007565012723474	5.354029833535826e-07	0.5396790107753231	1.71885054069095	0.243961760033868	0.0117663817258457	39	87	89	106	52	0			29	0.0243313144479324	19	0.0367876192210641	33	0.0183021629448566	29	0.0194762390589089																
451	False			False			False			False	False		467								0.0	0.0	0.06627158	0.0	0.499942722		96.45670773		False	False	False	False					467	0.499794382269	0.0	0.0	0.0	0.0	166	265	167	293	31	False						467	0.0	0.0	0.0824828631216743	0.1619950629221069	0.0021645577867579	1.758718935564711e-06	279	145	308	363	365	0			327	0.0	281	0.0	330	0.0	190	0.0																
452	False			False			False			False	False		468								0.0	0.0	0.648665422	0.447579503	4.916776786		98.75896357		False	False	False	False					468	1.47754245236	1.96543217895	0.492918299128	2.45846898528	0.0	52	67	117	77	31	False						468	2.877437683145481e-06	9.735841039612921e-08	0.2298085272136418	1.800048358542061	0.1013846305733331	1.802840823537617e-08	197	121	192	99	86	0			63	0.0084147965730363	159	7.612015242124008e-05	24	0.0239704904379166	148	0.0001900321568812																
453	False			False			False			False	False		469								0.0	0.0	0.336981694	0.186403651	2.460804319		99.34627075		False	False	False	False					469	0.0	0.0	0.492638214096	0.491610936963	0.0	223	265	119	255	31	False						469	1.898707373607861e-05	0.0	0.1495478164226802	0.9819739095475388	0.0243860175922485	1.684997520383574e-17	155	145	245	187	156	0			84	0.0048658173335004	67	0.0080387401602269	84	0.0044784734127031	66	0.0069064230979638																
454	False			False			False			False	False		470								0.0	0.0	0.196719664	0.215920937	1.414328815		100.401031		False	False	False	False					470	1.47776375986	0.0	0.748028979247	0.724060696899	0.0	51	265	77	217	31	False						470	1.534569286404049e-06	0.0	0.0686243175178897	0.2391998175252572	0.0044991954341753	4.2158014545448564e-08	209	145	345	336	302	0			313	0.0	279	0.0	328	0.0	213	0.0																
455	False			False			False			False	False		471								0.0	0.0	6.73e-16	0.0	0.0		102.9170357		False	False	False	False					471	0.0	0.0	0.846726415607	1.6613797353	0.0	223	265	74	115	31	False						471	7.51267558392201e-08	0.0	0.1382065786497565	0.2482610551329823	0.0021645577867579	6.499196415067687e-09	264	145	261	311	365	0			260	0.0	278	0.0	327	0.0	260	0.0																
456	False			False			False			False	False		472								0.0	0.0	0.109678715	0.0	0.976984713		104.7282396		False	False	False	False					472	0.487095247336	0.485332631852	0.0	0.485709714296	0.0	175	222	167	256	31	False						472	0.0	0.0	0.0284371405865903	0.2408981797634445	0.0030056906823136	3.3370981310860636e-33	279	145	426	335	338	0			322	0.0	277	0.0	264	0.0	262	0.0																
457	False			False			False			False	False		473								0.0	0.0	5.11e-17	0.0	0.0		107.8716556		False	False	False	False					473	0.0	0.0	0.0	0.0	0.0	223	265	167	293	31	False						473	0.0	0.0	0.0712024347675071	0.0804064543322552	0.001229387951553	4.473386850182921e-07	279	145	340	419	404	0			321	0.0	201	0.0	326	0.0	331	0.0																
458	False			False			False			False	False		474								0.0	0.0	5.11e-17		0.0		107.9086764		False	False	False	False					474	0.0	0.0	0.0	0.0	0.0	223	265	167	293	31	False						474	0.0	0.0	0.0110233918689357	0.0	0.0	4.972667291216417e-09	279	145	475	445	493	0			320	0.0	314	0.0	325	0.0	330	0.0																
459	False			False			False			False	False		475								0.0	0.0	0.0580599	0.0	0.5		105.5666292		False	False	False	False					475	0.0	0.0	0.0	0.0	0.0	223	265	167	293	31	False						475	0.0	0.0	0.0644853156830156	0.0808045700846359	0.0004268380723889	9.64885873492854e-10	279	145	356	409	447	0			319	0.0	274	0.0	324	0.0	329	0.0																
460	False			False			False			False	False		476								0.0	0.0	5.11e-17	0.0	0.0		104.4696963		False	False	False	False					476	0.0	0.0	0.0	0.0	0.0	223	265	167	293	31	False						476	0.0	0.0	0.0090064866790836	0.0	0.0	2.156105088766678e-15	279	145	497	445	493	0			318	0.0	275	0.0	323	0.0	328	0.0																
461	False			False			False			False	False		477								0.0	0.0	9.56e-17	0.0	0.0		101.055399		False	False	False	False					477	0.0	0.0	0.0	0.0	0.0	223	265	167	293	31	False						477	0.0	0.0	0.0036379776610318	0.0	0.0026618098622594	1.228491844059596e-17	279	145	527	445	350	0			317	0.0	276	0.0	322	0.0	327	0.0																
462	False			False			False			False	False		478								0.0	0.0	0.258711451	0.0	2.001112231		101.3614535		False	False	False	False					478	0.333339381896	1.00158672713	0.333443464352	1.33498875478	0.0	222	119	165	155	31	False						478	1.619610281378796e-05	1.33753703659814e-06	0.0795925288744966	2.41031205907706	0.0618318574871989	0.0407714593827726	161	67	314	66	98	0			316	0.0	280	0.0	321	0.0	326	0.0																
463	False			False			False			False	False		479								0.0	0.0	9.56e-17	0.0	0.0		98.50980014		False	False	False	False					479	0.0	0.0	0.0	0.0	0.0	223	265	167	293	31	False						479	0.0	0.0	0.0024201555791048	0.0	0.0	5.698289429406917e-25	279	145	547	445	493	0			315	0.0	282	0.0	320	0.0	325	0.0																
464	False			False			False			False	False		480								0.0	0.0	5.11e-17	0.0	0.0		96.0811589		False	False	False	False					480	0.0	0.0	0.0	0.0	0.0	223	265	167	293	31	False						480	0.0	0.0	0.076843586052496	0.1652478288328031	0.0019615144002188	7.164233298212268e-07	279	145	320	356	375	0			314	0.0	284	0.0	319	0.0	324	0.0																
465	False			False			False			False	False		481								0.0	0.0	2.73e-16	0.0	0.0		94.82825878		False	False	False	False					481	0.0	0.0	0.0	0.0	0.0	223	265	167	293	31	False						481	0.0	0.0	0.0057432367921108	0.0	0.0004268380723889	5.72360742340603e-17	279	145	519	445	447	0			336	0.0	285	0.0	318	0.0	323	0.0																
466	False			False			False			False	False		482								0.0	0.0	9.56e-17	0.0	0.0		97.96181809		False	False	False	False					482	0.0	0.0	0.0	0.0	0.0	223	265	167	293	31	False						482	0.0	0.0	0.0062230214621874	0.0	0.0037224477451927	9.482042766984009e-16	279	145	513	445	324	0			337	0.0	286	0.0	317	0.0	321	0.0																
467	False			False			False			False	False		483								0.0	0.0	0.143187166	0.0	0.897815842		100.8506864		False	False	False	False					483	0.0	0.452800409245	0.0	0.454100729889	0.0	223	244	167	276	31	False						483	0.0	0.0	0.2574881333759454	0.3179693097229411	0.0037224477451927	0.0059199011068278	279	145	174	300	324	0			338	0.0	287	0.0	338	0.0	311	0.0																
468	False			False			False			False	False		484								0.0	0.0	0.336384311	0.594171244	2.400695146		104.3921047		False	False	False	False					484	0.483199732077	0.962487257765	0.484031184175	1.44557689048	0.0	183	147	131	136	31	False						484	0.0002328054266708	2.631307827819314e-07	0.5603054309921326	1.719874022413826	0.037660040442821	0.0154781699228015	72	104	84	105	126	0			75	0.005406154525631	89	0.0044443369075001	61	0.0070615765591482	102	0.0026586180608362																
469	False			False			False			False	False		485								0.0	0.0	0.108536786	0.0	0.714268531		105.9403844		False	False	False	False					485	0.0	0.0	0.0	0.0	0.0	223	265	167	293	31	False						485	0.0	0.0	0.0642892094272406	0.33624047044849	0.0041492754467412	1.907199003704391e-06	279	145	358	286	311	0			360	0.0	288	0.0	339	0.0	319	0.0																
470	False			False			False			False	False		486								0.0	0.0	3.18e-16	0.0	0.0		109.7189165		False	False	False	False					486	0.0	0.0	0.0	0.0	0.0	223	265	167	293	31	False						486	0.0	0.0	0.036662373796157	0.2374940231821467	0.0029123524635972	1.713607143656603e-13	279	145	402	340	339	0			359	0.0	289	0.0	341	0.0	318	0.0																
471	False			False			False			False	False		487								0.0	0.0	6.74e-18	0.0	0.0		110.7978227		False	False	False	False					487	0.0	0.0	0.0	0.0	0.0	223	265	167	293	31	False						487	0.0	0.0	0.0105059360337465	0.0	0.0	3.116755466817689e-08	279	145	480	445	493	0			358	0.0	292	0.0	362	0.0	317	0.0																
472	False			False			False			False	False		488								0.0	0.0	0.201617368	0.295694426	1.440057292		110.5981196		False	False	False	False					488	0.482951068615	0.962064054394	0.0	0.963388860199	0.0	189	149	167	186	31	False						488	5.1315840776528694e-08	0.0	0.4802539135951062	1.226427696760548	0.0169254426720243	0.0314085880913884	272	145	108	160	186	0			168	0.0002271154146251	143	0.0007013521488857	165	0.0003625610455888	156	6.360778777513834e-05																
473	False			False			False			False	False		489								0.0	0.0	6.74e-18	0.0	0.0		107.1283294		False	False	False	False					489	0.0	0.0	0.0	0.0	0.0	223	265	167	293	31	False						489	0.0	0.0	0.0102246302787419	0.0	0.0	3.356153036669627e-09	279	145	484	445	493	0			357	0.0	273	0.0	361	0.0	315	0.0																
474	False			False			False			False	False		490								0.0	0.0	0.223572722	0.321779279	1.79558012		106.461554		False	False	False	False					490	0.0	0.0	0.918149101228	0.908176800979	0.0	223	265	65	198	31	False						490	9.896356748743295e-06	1.218654660314873e-07	0.1556591492877564	0.4844503822459733	0.0127383078291527	1.942372133095249e-05	172	116	238	257	214	0			356	0.0	252	0.0	360	0.0	314	0.0																
475	False			False			False			False	False		491								0.0	0.0	5.11e-17		0.0		103.2258201		False	False	False	False					491	0.0	0.452793632346	0.0	0.908191945906	0.0	223	248	167	197	31	False						491	0.0	0.0	0.1433487226002404	0.0826035725261293	0.001229387951553	0.0004405183051753	279	145	253	398	404	0			355	0.0	253	0.0	359	0.0	313	0.0																
476	False			False			False			False	False		492								0.0	0.0	0.815618785	0.460205246	6.999718731		103.5106097		False	False	False	False					492	2.49984562223	1.9999668871	1.5	4.49994800995	0.0	13	62	22	30	31	False						492	4.486510851643845e-05	3.010705042612892e-07	0.4326957342759905	3.410926190749758	0.047273080630663	2.055455887057669e-07	128	100	125	36	113	0			166	0.0003383481797708	154	0.0001785784401495	153	0.0005355645108884	152	0.0001200258873812																
477	False			False			False			False	False		493								0.0	0.0	9.56e-17	0.0	0.0		104.2528721		False	False	False	False					493	0.0	0.0	0.0	0.0	0.0	223	265	167	293	31	False						493	0.0	0.0	0.0105901293760705	0.0	0.0	4.753735292163194e-10	279	145	478	445	493	0			354	0.0	256	0.0	358	0.0	332	0.0																
478	False			False			False			False	False		494								0.0	0.0	0.378883445		2.488344649		101.1871632		False	False	False	False					494	1.05866266711	0.710191742982	0.0	0.708853267563	0.0	76	182	167	222	31	False						494	0.001372739945952	4.133073912825375e-06	0.3425738899964801	2.253035271557882	0.5118092986102853	0.012592820847955	21	45	147	72	31	0			353	0.0	259	0.0	357	0.0	322	0.0																
479	False			False			False			False	False		495								0.0	0.0	0.425966166	0.290466362	3.583071898		99.12374959		False	False	False	False					495	1.0299549793	2.58809996074	0.51495644419	1.55149982812	0.0	79	39	86	118	31	False						495	0.0009206691248877	1.4950815092574563e-06	0.4336618863584524	3.063719482341401	0.2851152355681329	6.103804745748445e-09	32	65	124	47	49	0			76	0.0053565228513067	130	0.0013305782514415	50	0.0106934280178164	108	0.0019829412546829																
480	False			False			False			False	False		496								0.0	0.0	0.170953395	0.0	1.128225668		100.5786339		False	False	False	False					496	0.551828077882	0.558102295936	0.0	0.556157043579	0.0	127	184	167	225	31	False						496	0.0	0.0	0.5051555790339407	0.5789058182679402	0.0054411050402888	0.0606830235423363	279	145	98	233	286	0			351	0.0	263	0.0	355	0.0	346	0.0																
481	False			False			False			False	False		497								0.0	0.0	3.18e-16	0.0	0.0		99.22246927		False	False	False	False					497	0.0	0.0	0.0	0.0	0.0	223	265	167	293	31	False						497	2.412619029441879e-07	0.0	0.1005123510030702	0.4202014131901913	0.0046500391789946	3.731216010689826e-07	250	145	292	266	299	0			350	0.0	265	0.0	354	0.0	355	0.0																
482	False			False			False			False	False		498								0.0	0.0	0.057135297	0.0	0.500000809		95.82393055		False	False	False	False					498	0.499849474951	0.0	0.499991776564	0.500064056222	0.0	163	265	108	232	31	False						498	0.0	0.0	0.0270230325717741	0.1606092920236894	0.0023053971059043	4.617773769265113e-17	279	145	435	371	361	0			349	0.0	266	0.0	353	0.0	354	0.0																
483	False			False			False			False	False		499								0.0	0.0	0.063395343	0.0	0.448890728		95.57501612		False	False	False	False					499	0.0	0.452782845813	0.0	0.454088400489	0.0	223	250	167	281	31	False						499	1.507164320098986e-07	0.0	0.0985866823279254	0.2479512374420204	0.0038911780154421	1.578704420591464e-06	258	145	294	317	318	0			348	0.0	267	0.0	352	0.0	353	0.0																
484	False			False			False			False	False		500								0.0	0.0	0.10755208	0.071019373	1.034617744		96.915077		False	False	False	False					500	1.031209931	0.51802917515	0.0	0.517454596108	0.0	78	186	167	228	31	False						500	0.0011100218071242	1.0526538640819858e-05	0.5523161575620196	1.392839998707505	0.8937261734926957	0.0040940587333384	25	27	86	133	13	0			347	0.0	269	0.0	351	0.0	352	0.0																
485	False			False			False			False	False		501								0.0	0.0	5.84e-16	0.0	0.0		100.2306616		False	False	False	False					501	0.0	0.0	0.0	0.0	0.0	223	265	167	293	31	False						501	0.0	0.0	0.0618706440429993	0.1619950629221069	0.0020126378377587	1.090514053294858e-12	279	145	369	363	370	0			152	0.0005699893964359	117	0.0020461523704453	159	0.0004253532769807	128	0.0009257328055602																
486	False			False			False			False	False		502								0.0	0.0	9.56e-17	0.0	0.0		102.6058104		False	False	False	False					502	0.0	0.0	0.0	0.0	0.0	223	265	167	293	31	False						502	0.0	0.0	0.0205344207531197	0.0	0.0	2.077534666696812e-06	279	145	449	445	493	0			346	0.0	293	0.0	350	0.0	350	0.0																
487	False			False			False			False	False		503								0.0	0.0	0.792174637	0.275803581	6.284765794		105.8422724		False	False	False	False					503	2.74256903655	0.905583248963	0.459074550614	0.908176800979	0.0	12	164	146	198	31	False						503	0.0005493345338571	1.0708470636733164e-06	0.1425246798187494	1.050218938517168	0.1059795931627742	4.920570731376663e-11	49	70	254	176	84	0			23	0.0308084739752296	56	0.0110993452285874	32	0.0184580765103617	60	0.0081824867775989																
488	False			False			False			False	False		504								0.0	0.0	0.185773513	0.230593561	1.346853215		107.0624623		False	False	False	False					504	0.0	0.0	0.0	0.0	0.0	223	265	167	293	31	False						504	0.0	0.0	0.0084157700452877	0.0	0.001585803536247	3.27486419736581e-13	279	145	498	445	395	0			344	0.0	260	0.0	348	0.0	348	0.0																
489	False			False			False			False	False		505								0.0	0.0	1.648135502	2.349685793	13.02249112		110.4370967		False	False	False	False					505	3.20164247973	7.2485904191	0.918820792186	8.17946558175	0.889031841338	7	7	59	7	11	False						505	0.0046866298872296	1.856446486923548e-05	1.1160207936198088	3.727536773874968	0.720264655827341	0.3150377832166534	8	22	27	30	20	1	489D	19	24	0.0288434741801309	49	0.0136049838595589	27	0.0205342234982992	50	0.0103221107655597																
490	False			False			False			False	False		506								0.0	0.0	0.564766753	0.121918916	4.48691426		111.4357164		False	False	False	False					506	0.5	1.50012603301	0.0	1.50009139743	0.0	141	88	167	125	31	False						506	4.1946323426684416e-05	0.0	0.149346423561666	1.040254805744262	0.0331117315523141	5.401873477520246e-12	131	145	247	177	132	0			343	0.0	294	0.0	347	0.0	345	0.0																
491	False			False			False			False	False		507								0.0	0.0	3.18e-16	0.0	0.0		111.3826607		False	False	False	False					507	0.0	0.499967859678	0.0	0.499977570093	0.0	223	214	167	249	31	False						507	0.0	0.0	0.0201742145906783	0.0	0.0	6.815291657695383e-07	279	145	451	445	493	0			342	0.0	307	0.0	346	0.0	335	0.0																
492	False			False			False			False	False		508								0.0	0.0	0.056649051	0.0	0.497581772		112.1901622		False	False	False	False					508	0.0	0.0	0.0	0.0	0.0	223	265	167	293	31	False						508	0.0	0.0	0.0029006514189035	0.0	0.0004268380723889	2.358273511115927e-25	279	145	535	445	447	0			341	0.0	321	0.0	345	0.0	344	0.0																
493	False			False			False			False	False		509								0.0	0.0	0.280331725	0.069601976	2.24451814		115.9106308		False	False	False	False					509	1.3713445464	0.452782845813	0.459074550614	0.908176800979	0.0	66	250	146	198	31	False						509	3.3671422294246904e-05	6.79226665114908e-08	0.8501867512496166	2.270763643013397	0.0489395900866952	0.2875493645874317	139	124	56	71	111	0			340	0.0	322	0.0	344	0.0	343	0.0																
494	False			False			False			False	False		510								0.0	0.0	9.56e-17	0.0	0.0		115.3016709		False	False	False	False					510	0.0	0.0	0.0	0.0	0.0	223	265	167	293	31	False						510	0.0	0.0	0.0564679164137912	0.0804064543322552	0.001229387951553	6.854139671386537e-12	279	145	378	419	404	0			325	0.0	324	0.0	343	0.0	342	0.0																
495	False			False			False			False	False		511								0.0	0.0	0.058075559	0.0	0.500016043		112.4711971		False	False	False	False					511	0.0	0.0	0.500044251263	0.500014955912	0.0	223	265	94	237	31	False						511	0.0	0.0	0.0688343336564382	0.2425389703651312	0.0043191566126721	4.289824563085341e-09	279	145	343	328	305	0			311	0.0	325	0.0	342	0.0	341	0.0																
496	False			False			False			False	False		512								0.0	0.0	1.03e-15	0.0	0.0		114.3096749		False	False	False	False					512	0.85526470527	0.842982607257	0.861748832852	0.847577700454	0.0	114	168	71	206	31	False						512	6.31836799328221e-08	0.0	0.1464167800518112	0.4970739836451442	0.005500546975804	1.854393324746259e-16	266	145	250	248	284	0			274	0.0	328	0.0	172	0.0002141772590818	340	0.0																
497	False			False			False			False	False		513								0.0	0.0	0.253686889	0.731410005	1.346672183		117.3290196		False	False	False	False					513	0.0	0.905565691626	0.459074550614	0.454088400489	0.0	223	166	146	281	31	False						513	1.6695620634555815e-05	0.0	0.1037784042208493	0.2479512374420204	0.0089323625278672	1.027201017856923e-05	159	145	290	317	248	0			310	0.0	330	0.0	340	0.0	339	0.0																
498	False			False			False			False	False		514						EG1		0.0	1.0	0.063418741	0.120336937	0.449082158		115.1830218		False	True	False	False					514	0.457090873249	0.453148771697	0.459121433362	0.908692493225	0.0	205	237	142	193	31	False						514	4.620459171771253e-06	0.0	0.1201745579663831	0.827474526147277	0.0138500884793278	3.582257146946106e-11	188	145	276	200	207	0			284	0.0	331	0.0	314	0.0	338	0.0																
499	False			False			False			False	False		515								0.0	0.0	1.03e-15	0.0	0.0		113.2121008		False	False	False	False					515	0.0	0.0	0.0	0.0	0.0	223	265	167	293	31	False						515	0.0	0.0	0.0033229118487859	0.0	0.0	1.8887438097878177e-29	279	145	530	445	493	0			283	0.0	332	0.0	290	0.0	337	0.0																
500	False			False			False			False	False		516								0.0	0.0	0.143208156	0.067823814	0.897807276		116.0094148		False	False	False	False					516	0.0	0.0	0.0	0.0	0.0	223	265	167	293	31	False						516	0.0	0.0	0.0333283670403716	0.2384135407951238	0.0028011969321538	6.166698495702649e-15	279	145	406	338	343	0			282	0.0	335	0.0	313	0.0	336	0.0																
501	False			False			False			False	False		517								0.0	0.0	0.49155067	0.621950489	3.66364612		119.2543752		False	False	False	False					517	0.0	2.21649536461	1.53924743537	3.72554209362	0.0	223	57	20	40	31	False						517	0.0002150625450169	1.2012106447107584e-06	0.8324271190282279	1.51844289095899	0.0491388237088674	0.0055380122540647	74	68	57	124	110	0			281	0.0	336	0.0	287	0.0	334	0.0																
502	False			False			False			False	False		518								0.0	0.0	0.138124917	0.279222915					False	False	False	False					518	0.482519935133	0.0	0.0	0.0	0.0	195	265	167	293	31	False						518	0.0	0.0	0.2329826106340584	0.5044181985112755	0.0037224477451927	0.0002881553202114	279	145	187	246	324	0			280	0.0	337	0.0	286	0.0	310	0.0																
503	False			False			False			False	False		519								0.0	0.0	0.268889098	0.103351969					False	False	False	False					519	0.491630592345	0.490847278405	0.492751230266	0.982621851556	0.0	174	221	118	182	31	False						519	6.921672411312088e-06	1.5518116519763418e-06	0.0672285341880837	1.145032999389346	0.0250991039142191	2.655736226821791e-42	181	63	349	167	154	0			279	0.0	339	0.0	285	0.0	309	0.0																
504	False			False			False			False	False		520								0.0	0.0	0.424668126	0.090914024					False	False	False	False					520	1.53685692538	0.515454747295	0.0	1.02967634461	0.0	38	187	167	158	31	False						520	0.0	0.0	0.1198824802471372	0.9926655847782744	0.0117348130145005	3.3996794625269e-14	279	145	278	186	220	0			278	0.0	320	0.0	284	0.0	308	0.0																
505	False			False			False			False	False		521								0.0	0.0	0.75315553	2.17131984					False	False	False	False					521	2.99928408762	3.49735782791	1.99938511077	3.49787322711	0.0	10	27	12	46	31	False						521	0.0002791766267383	1.0801945719911346e-06	1.132808693776963	4.662911114810666	0.0844779983472515	0.3479123723962801	66	69	26	14	91	0			277	0.0	319	0.0	283	0.0	283	0.0																
506	False			False			False			False	False		522								0.0	0.0	0.118673513	0.189245003					False	False	False	False					522	0.0	0.0	0.48551480803	0.483525193223	0.0	223	265	127	260	31	False						522	0.0	0.0	0.0351816727370666	0.3221958027584448	0.0200963845254102	2.615678538307655e-17	279	145	404	297	170	0			276	0.0	318	0.0	282	0.0	282	0.0																
507	False			False			False			False	False		523								0.0	0.0	9.68e-17	0.0					False	False	False	False					523	0.0	1.64024806034	0.0	1.65313983536	0.0	223	81	167	116	31	False						523	0.0	0.0	0.0664662491889443	0.0826930068364431	0.0008025517645547	1.2279619687570967e-11	279	145	352	390	434	0			275	0.0	298	0.0	281	0.0	281	0.0																
508	False			False			False			False	False		524								0.0	0.0	0.336223485	0.127949357					False	False	False	False					524	0.49246717339	0.491434927363	0.492546246228	1.96686750151	0.0	172	220	120	102	31	False						524	3.0422492135468965e-05	4.750474102007644e-08	0.2303265287915588	1.800884367618206	0.0318042176415598	1.662756999539482e-16	144	130	190	98	136	0			273	0.0	300	0.0	280	0.0	280	0.0																
509	False			False			False			False	False		525								0.0	0.0	0.256399777	0.252202196					False	False	False	False					525	1.65520214395	0.0	0.0	0.0	0.0	34	265	167	293	31	False						525	8.32695866017743e-07	0.0	0.3416974764830479	0.6623435537994169	0.0093484984418729	0.0021077904520611	224	145	148	220	246	0			262	0.0	301	0.0	279	0.0	279	0.0																
510	False			False			False			False	False		526								0.0	0.0	0.315303294	0.047404872					False	False	False	False					526	1.00483507828	1.00464833555	0.500037015705	1.5047827563	0.0	80	117	96	119	31	False						526	3.240428880395559e-05	4.8852607332864015e-06	0.1735033965645362	1.244370130161506	0.0273355411508315	2.332482340160637e-18	141	40	227	154	146	0			272	0.0	302	0.0	278	0.0	278	0.0																
511	False			False			False			False	False		527								0.0	0.0	0.159329837	0.0					False	False	False	False					527	0.499953713567	0.0	0.0	0.0	0.0	158	265	167	293	31	False						527	0.0	0.0	0.3256229514099247	0.4747933144919035	0.0041492754467412	0.0060947707383771	279	145	155	263	311	0			271	0.0	304	0.0	277	0.0	277	0.0																
512	False			False			False			False	False		528								0.0	0.0	3.18e-16	0.0					False	False	False	False					528	0.0	0.0	0.0	0.0	0.0	223	265	167	293	31	False						528	2.9875104920313574e-08	0.0	0.2480121844906328	0.9810925553301444	0.0087969287581162	9.693964379627552e-06	275	145	179	188	249	0			270	0.0	305	0.0	276	0.0	276	0.0																
513	False			False			False			False	False		529								0.0	0.0	0.335489751	0.0					False	False	False	False					529	0.457058633462	0.0	0.0	0.0	0.0	211	265	167	293	31	False						529	8.7528003405938e-05	0.0	0.4665112369796012	1.616012669528671	0.0177373274162628	0.0009835095195457	105	145	113	115	180	0			269	0.0	296	0.0	275	0.0	275	0.0																
514	False			False			False			False	False		530								0.0	0.0	0.113263038	0.0					False	False	False	False					530	0.0	1.55972915792	0.0	1.570973156	0.0	223	83	167	117	31	False						530	0.0	0.0	0.0499681451749004	0.0779087083543906	0.0008025517645547	0.0129813143354535	279	145	385	443	434	0			268	0.0	308	0.0	274	0.0	274	0.0																
515	False			False			False			False	False		531								0.0	0.0	0.276554407	0.0					False	False	False	False					531	1.44744379048	1.9222054074	0.483399908871	1.92459461149	0.0	57	71	136	108	31	False						531	1.54416265328905e-05	1.0032990294309314e-06	0.2434476724536464	1.684022444623254	0.043353220730888	1.724954373334242e-06	162	73	182	107	117	0			144	0.0007293575049586	315	0.0	145	0.0007052221620337	273	0.0																
516	False			False			False			False	False		532								0.0	0.0	0.599057874	0.0					False	False	False	False					532	0.840316910925	2.47869008531	0.0	2.49278141539	0.0	116	46	167	74	31	False						532	1.484886872078724e-07	0.0	0.7442217309341798	0.5794705774799371	0.0079762575172128	0.1826073449755956	259	145	64	231	259	0			267	0.0	295	0.0	273	0.0	272	0.0																
517	False			False			False			False	False		533								0.0	0.0	1.03e-15	0.0					False	False	False	False					533	0.0	0.78005968376	0.0	0.78563036885	0.0	223	174	167	214	31	False						533	0.0	0.0	0.0161022690308154	0.0	0.0	0.0027917282454014	279	145	459	445	493	0			266	0.0	228	0.0	272	0.0	271	0.0																
518	False			False			False			False	False		534								0.0	0.0	4e-17						False	False	False	False					534	0.0	0.480498238072	0.0	0.481106272967	0.0	223	234	167	268	31	False						534	0.0	0.0	0.0756044252600177	0.1680556312891711	0.0016562231958202	3.583287603090894e-07	279	145	323	347	388	0			265	0.0	178	0.0	271	0.0	270	0.0																
519	False			False			False			False	False		535								0.0	0.0	9.56e-17	0.0					False	False	False	False					535	0.0	0.0	0.0	0.0	0.0	223	265	167	293	31	False						535	0.0	0.0	0.0191801649192369	0.0	0.0	1.679801221327391e-05	279	145	453	445	493	0			264	0.0	184	0.0	270	0.0	269	0.0																
520	False			False			False			False	False		536								0.0	0.0	3.18e-16	0.0					False	False	False	False					536	0.0	0.0	0.0	0.0	0.0	223	265	167	293	31	False						536	0.0	0.0	0.0242653575725252	0.0	0.0018374185700438	0.0001771928068443	279	145	448	445	382	0			263	0.0	190	0.0	269	0.0	268	0.0																
521	False			False			False			False	False		537								0.0	0.0	0.11616909						False	False	False	False					537	0.5	0.0	0.0	0.0	0.0	141	265	167	293	31	False						537	0.0	0.0	11.938527274552458	0.7280471034526609	0.0073172536450768	0.983080966983859	279	145	1	210	264	0			285	0.0	191	0.0	268	0.0	267	0.0																
522	False			False			False			False	False		538								0.0	0.0	1.363070934	41843900000000.0					False	False	False	False					538	0.352853561727	2.48874486956	1.05613266918	3.54852409416	0.364881993551	219	44	41	43	29	False						538	0.000417194243273	8.55754257277076e-06	2.7292276326799825	4.656104735905875	0.1658894964508226	0.8693801929159256	55	31	4	15	64	0			132	0.0015935711715316	134	0.0012247045347577	143	0.0007487261671001	136	0.000600782512321																
523	False			False			False			False	False		539								0.0	0.0	0.085470027	0.0					False	False	False	False					539	0.551828066698	0.0	0.0	0.0	0.0	128	265	167	293	31	False						539	0.0	0.0	0.1872698739969691	0.0826930068364431	0.0004268380723889	0.0042504325811904	279	145	222	390	447	0			286	0.0	192	0.0	267	0.0	265	0.0																
524	False			False			False			False	False		540								0.0	0.0	0.122609096	0.141004248					False	False	False	False					540	0.0	0.961160257551	0.0	0.962333372598	0.0	223	154	167	190	31	False						540	0.0	0.0	0.0296925616677216	0.2368010182558741	0.0029123524635972	2.6550937770523718e-17	279	145	420	342	339	0			287	0.0	198	0.0	288	0.0	264	0.0																
525	False			False			False			False	False		541								0.0	0.0	0.430014277	0.572784146					False	False	False	False					541	0.0	1.81213818899	0.45914917026	2.2714366087	0.0	223	75	140	84	31	False						541	2.0588145998866934e-06	0.0	0.4469897815891399	0.9552213040609128	0.0137933019871415	0.0125439371057699	200	145	118	193	208	0			288	0.0	175	0.0	266	0.0	263	0.0																
526	False			False			False			False	False		542								0.0	0.0	0.227416527	0.0					False	False	False	False					542	0.0	0.0	0.0	0.0	0.0	223	265	167	293	31	False						542	0.0	0.0	0.2135881234020626	0.4138442994380304	0.0067280554533595	2.300494738818913e-05	279	145	202	267	270	0			309	0.0	176	0.0	289	0.0	284	0.0																
527	False			False			False			False	False		543								0.0	0.0	0.210722751	0.0					False	False	False	False					543	0.0	0.499989299158	0.0	0.0	0.0	223	209	167	293	31	False						543	1.4662757341224768e-06	0.0	0.4325520158100622	0.9111529684626244	0.0100493043783849	0.0079239342286335	210	145	126	195	238	0			308	0.0	174	0.0	291	0.0	285	0.0																
528	False			False			False			False	False		544								0.0	0.0	5.11e-17	0.0					False	False	False	False					544	0.0	0.0	0.0	0.0	0.0	223	265	167	293	31	False						544	7.021639002414648e-08	0.0	0.1060199056001807	0.2369227862057254	0.0056520830730522	2.724233389071875e-05	265	145	289	341	281	0			307	0.0	164	0.0	312	0.0	286	0.0																
529	False			False			False			False	False		545								0.0	0.0	0.693332936	2.173161515					False	False	False	False					545	1.49980323371	2.99694505716	1.49959023232	4.49654209923	0.995251416774	44	31	26	32	8	False						545	0.0011988783901779	4.732604926533024e-06	1.9225750193061049	4.610487819982438	0.544729951350228	0.9357427162972464	24	41	11	17	26	0			88	0.0044945204007721	106	0.0028877807249492	59	0.0071890458534847	80	0.0041746601189882																
530	False			False			False			False	False		546								0.0	0.0	1.075889609	3.782158488					False	False	False	False					546	3.5	3.0	3.0	5.5	0.5	4	30	5	16	16	False						546	0.0005837783730088	5.9221324756459445e-06	2.837379321254243	7.005803586061329	0.5440270378730846	0.9999977695404402	45	35	3	3	27	0			38	0.0193673509676865	125	0.0017409111414763	25	0.0211978366537353	106	0.002190289786704																
531	False			False			False			False	False		547								0.0	0.0	0.341786334	0.376155508					False	False	False	False					547	0.0	0.819167750918	0.0	0.823721174596	0.0	223	172	167	212	31	False						547	6.289840153782261e-07	0.0	0.6491890549142341	1.076603664999951	0.011333401549807	0.0195540895798829	230	145	70	173	223	0			304	0.0	165	0.0	309	0.0	306	0.0																
532	False			False			False			False	False		548								0.0	0.0	0.114336938	0.0					False	False	False	False					548	0.833789191665	0.818992336523	0.0	0.823595831729	0.0	118	173	167	213	31	False						548	6.092091571873209e-08	0.0	0.4982304405196472	0.4138437692995318	0.0083868695830105	0.0565154352546498	267	145	101	268	254	0			303	0.0	162	0.0	308	0.0	305	0.0																
533	False			False			False			False	False		549								0.0	0.0	0.05161989	0.227764005					False	False	False	False					549	0.0	0.0	0.0	0.0	0.0	223	265	167	293	31	False						549	0.0	0.0	0.0048585758521195	0.0	0.0	1.7339280359053642e-19	279	145	521	445	493	0			302	0.0	168	0.0	307	0.0	304	0.0																
534	False			False			False			False	False		550								0.0	0.0	0.286506612	0.0					False	False	False	False					550	0.457071508864	0.0	0.0	0.0	0.0	209	265	167	293	31	False						550	1.823703652934765e-05	0.0	0.2047709845462979	0.5564361557859466	0.010945333681338	1.799889565129644e-07	156	145	210	243	227	0			301	0.0	169	0.0	306	0.0	303	0.0																
535	False			False			False			False	False		551								0.0	0.0	0.207417013	0.0					False	False	False	False					551	0.965117646654	0.480531711258	0.483212491502	0.962178951879	0.0	101	233	138	191	31	False						551	2.506490684013151e-06	0.0	0.6083247472092174	1.346997229039983	0.0161468880129653	0.0653695931931011	198	145	78	141	191	0			300	0.0	170	0.0	305	0.0	302	0.0																
536	False			False			False			False	False		552								0.0	0.0	0.215684184	214762000000.0					False	False	False	False					552	0.333345462869	1.33582877641	0.333436052774	2.00310902048	0.0	220	110	166	91	31	False						552	0.0	0.0	0.1654717627297099	1.476726102427631	0.0108722189371615	0.1151032334687191	279	145	233	126	228	0			299	0.0	171	0.0	304	0.0	301	0.0																
537	False			False			False			False	False		553								0.0	0.0	1.03e-15	0.0					False	False	False	False					553	0.0	0.0	0.0	0.0	0.0	223	265	167	293	31	False						553	0.0	0.0	0.1169359483830338	0.233718111663988	0.0027640567373396	0.0765147897933501	279	145	280	346	347	0			298	0.0	172	0.0	303	0.0	300	0.0																
538	False			False			False			False	False		554								0.0	0.0	0.233485057	0.0					False	False	False	False					554	0.0	1.0	0.0	1.0	0.0	223	126	167	167	31	False						554	4.439208499828228e-05	0.0	0.2499995352797299	0.9707383214185482	0.0082600177043499	2.7414475156734843e-08	129	145	178	190	257	0			297	0.0	199	0.0	302	0.0	299	0.0																
539	False			False			False			False	False		555								0.0	0.0	9.56e-17	0.0					False	False	False	False					555	0.0	0.0	0.0	0.0	0.0	223	265	167	293	31	False						555	0.0	0.0	0.5902243585055534	0.1579482393522028	0.0016562231958202	0.1285672277287694	279	145	80	381	388	0			296	0.0	229	0.0	301	0.0	297	0.0																
540	False			False			False			False	False		556								0.0	0.0	3.18e-16	0.0					False	False	False	False					556	0.0	0.71786892699	0.0	0.724211966632	0.0	223	175	167	215	31	False						556	1.2338900357091095e-09	0.0	0.0801507468741475	0.1595547309833024	0.0038911780154421	3.333181887168831e-07	278	145	312	373	318	0			295	0.0	230	0.0	300	0.0	287	0.0																
541	False			False			False			False	False		557								0.0	0.0	0.201799307	0.039011392					False	False	False	False					557	0.0	1.94161228265	0.0	1.95057195939	0.0	223	68	167	103	31	False						557	8.517831437739637e-06	0.0	0.0817749198508338	1.472529823640313	0.0190060396957632	1.3223409987839506e-34	176	145	309	127	175	0			146	0.0006621394111416	133	0.0012397317666924	127	0.0014819335351303	138	0.0004308942911952																
542	False			False			False			False	False		558								0.0	0.0	3.66e-17	0.0					False	False	False	False					558	0.0	0.0	0.0	0.0	0.0	223	265	167	293	31	False						558	9.61097951439243e-09	0.0	0.0097871051963314	0.0	0.0038911780154421	2.157344906024175e-05	277	145	490	445	318	0			294	0.0	239	0.0	299	0.0	295	0.0																
543	False			False			False			False	False		559								0.0	0.0	0.063489158	0.0					False	False	False	False					559	0.0	0.0	0.0	0.0	0.0	223	265	167	293	31	False						559	1.5431916680665672e-06	0.0	0.2701275641955825	0.4131268711317527	0.0060145340539594	0.0054510569224182	208	145	170	269	278	0			293	0.0	240	0.0	298	0.0	294	0.0																
544	False			False			False			False	False		560								0.0	0.0	9.56e-17	0.0					False	False	False	False					560	0.0	0.0	0.0	0.0	0.0	223	265	167	293	31	False						560	0.0	0.0	0.0114772613381351	0.0	0.004266883222375	3.625359607151828e-13	279	145	474	445	308	0			292	0.0	242	0.0	297	0.0	293	0.0																
545	False			False			False			False	False		561								0.0	0.0	0.440409237	0.479071736					False	False	False	False					561	1.46117150295	0.485325581974	0.4874855346	0.971300391884	0.0	54	223	123	183	31	False						561	9.741081750782171e-06	2.80617895702666e-07	0.187603127420854	1.451377574373271	0.0214938152483489	1.1368158876631528e-19	173	102	221	128	163	0			291	0.0	224	0.0	296	0.0	292	0.0																
546	False			False			False			False	False		562								0.0	0.0	6.74e-18	0.0					False	False	False	False					562	0.0	0.0	0.0	0.0	0.0	223	265	167	293	31	False						562	0.0	0.0	0.0163211474278059	0.0	0.0004268380723889	3.387102748693353e-05	279	145	457	445	447	0			290	0.0	207	0.0	295	0.0	291	0.0																
547	False			False			False			False	False		563								0.0	0.0	0.382341179	2.194434566					False	False	False	False					563	0.0	0.452782845813	0.459074550614	0.908176800979	0.0	223	250	146	198	31	False						563	6.640620105460424e-05	0.0	0.4540577337428782	1.57258056883604	0.0325642224149072	0.0002962045900153	114	145	116	119	134	0			137	0.0014922004146187	209	0.0	108	0.0025989966907895	290	0.0																
548	False			False			False			False	False		564								0.0	0.0	0.069434111	0.261089956					False	False	False	False					564	0.0	0.0	0.0	0.0	0.0	223	265	167	293	31	False						564	1.1144377422255616e-05	0.0	0.1066919758774536	0.2521502481321013	0.0071339912365694	1.825203467101925e-05	170	145	288	307	266	0			190	4.748779309726905e-05	210	0.0	293	0.0	289	0.0																
549	False			False			False			False	False		565								0.0	0.0	0.061628021						False	False	False	False					565	0.0	0.0	0.0	0.0	0.0	223	265	167	293	31	False						565	0.0	0.0	0.1467623309993954	0.0789371376203656	0.0020126378377587	0.0002738734273336	279	145	249	439	370	0			289	0.0	218	0.0	292	0.0	288	0.0																
550	False			False			False			False	False		566								0.0	0.0	0.069500026	0.0					False	False	False	False					566	0.0	0.480610540534	0.0	0.481187970812	0.0	223	232	167	267	31	False						566	0.0	0.0	0.1535726590672861	0.33624047044849	0.0060431482376143	0.0001815618397884	279	145	241	286	277	0			550	0.0	550	0.0	550	0.0	550	0.0																
