strain	accession	type	subtype	year	database	wic_role	virus_measurement_count	reference_measurement_count
A/BEIJING/46/1992		A	H3N2	1992		reference_only	0	11
A/HONGKONG/4018/2017		A	H3N2	2017		reference_only	0	16
A/HONGKONG/5576/2014		A	H3N2	2014		reference_only	0	13
A/HONGKONG/7295/2014		A	H3N2	2014		reference_only	0	13
A/NETHERLANDS/379/2009		A	H3N2	2009		reference_only	0	13
A/NORWAY/4436/2016		A	H3N2	2016		reference_only	0	912
A/OMAN/2585/2016		A	H3N2	2016		reference_only	0	798
A/SYDNEY/174/1998		A	H3N2	1998		reference_only	0	1
A/VICTORIA/4/1994		A	H3N2	1994		reference_only	0	20
NIB26		A	H3N2			reference_only	0	5
A/AICHI/2/1968		A	H3N2	1968		virus_and_reference	13	14
A/AICHI/2/1968@X31		A	H3N2			virus_and_reference	28	86
A/AKITA/1/1994		A	H3N2	1994		virus_and_reference	7	9
A/ALABAMA/5/2010		A	H3N2	2010		virus_and_reference	1089	3051
A/ALASKA/05/2010		A	H3N2	2010		virus_and_reference	10	9
A/ALASKA/5/2010		A	H3N2	2010		virus_and_reference	43	59
A/ALMATY/2958/2013		A	H3N2	2013		virus_and_reference	80	93
A/ALMATY/2958/2013@NIB85		A	H3N2			virus_and_reference	313	990
A/ALMATY/2958/2013@NIB85B		A	H3N2			virus_and_reference	62	154
A/ANHUI/1238/2005		A	H3N2	2005		virus_and_reference	56	147
A/ANNECY/1138/2005		A	H3N2	2005		virus_and_reference	119	258
A/ARAGON/2103/2014		A	H3N2	2014		virus_and_reference	26	15
A/ATHENS/112/2012		A	H3N2	2012		virus_and_reference	1029	2767
A/AUCKLAND/16/1999		A	H3N2	1999		virus_and_reference	29	33
A/AUCKLAND/28/1999		A	H3N2	1999		virus_and_reference	20	33
A/AUK/5/1996		A	H3N2	1996		virus_and_reference	7	10
A/BADENWURTTEMBURG/38/2005		A	H3N2	2005		virus_and_reference	72	216
A/BANGKOK/1/1979		A	H3N2	1979		virus_and_reference	48	73
A/BANGKOK/1/1997		A	H3N2	1997		virus_and_reference	18	71
A/BANGKOK/122/1994		A	H3N2	1994		virus_and_reference	60	172
A/BANGKOK/139/1990		A	H3N2	1990		virus_and_reference	14	9
A/BANGLADESH/4005/2020		A	H3N2	2020		virus_and_reference	80	100
A/BANGLADESH/911009/2020		A	H3N2	2020		virus_and_reference	12	13
A/BAYERN/4/2006		A	H3N2	2006		virus_and_reference	278	878
A/BAYERN/7/1995		A	H3N2	1995		virus_and_reference	28	52
A/BEIJING/262/1995		A	H3N2	1995		virus_and_reference	14	33
A/BEIJING/32/1992		A	H3N2	1992		virus_and_reference	312	2414
A/BEIJING/352/1989		A	H3N2	1989		virus_and_reference	152	1867
A/BEIJING/39/1992		A	H3N2	1992		virus_and_reference	7	20
A/BELGIUM/G0023/2019		A	H3N2	2019		virus_and_reference	17	12
A/BELGIUM/G0023/2019@NIB117		A	H3N2			virus_and_reference	8	6
A/BERLIN/2/2006		A	H3N2	2006		virus_and_reference	285	916
A/BERLIN/93/2011		A	H3N2	2011		virus_and_reference	811	2022
A/BRATISLAVA/6/1997		A	H3N2	1997		virus_and_reference	200	580
A/BRAZIL/2/1991		A	H3N2	1991		virus_and_reference	18	23
A/BRAZIL/2/1991@LOT92		A	H3N2			virus_and_reference	9	11
A/BRETAGNE/1413/2017		A	H3N2	2017		virus_and_reference	479	1044
A/BRETAGNE/1565/2017		A	H3N2	2017		virus_and_reference	12	9
A/BRISBANE/10/2007		A	H3N2	2007		virus_and_reference	1071	2865
A/BRISBANE/2/1990		A	H3N2	1990		virus_and_reference	20	21
A/BRISBANE/202/2007		A	H3N2	2007		virus_and_reference	13	17
A/BRISBANE/229/2007		A	H3N2	2007		virus_and_reference	13	17
A/BRISBANE/24/2008		A	H3N2	2008		virus_and_reference	245	866
A/BRISBANE/299/2011		A	H3N2	2011		virus_and_reference	14	33
A/BRISBANE/299/2011@IVR164		A	H3N2			virus_and_reference	26	35
A/BRISBANE/3/2005		A	H3N2	2005		virus_and_reference	50	136
A/BUCHAREST/226/1999		A	H3N2	1999		virus_and_reference	26	60
A/BUCHAREST/229/1999		A	H3N2	1999		virus_and_reference	89	205
A/BUCURESTI/193605/2016		A	H3N2	2016		virus_and_reference	25	18
A/BULGARIA/270/2013		A	H3N2	2013		virus_and_reference	47	16
A/CAEN/1/1984		A	H3N2	1984		virus_and_reference	16	31
A/CALIFORNIA/32/1999		A	H3N2	1999		virus_and_reference	8	13
A/CALIFORNIA/55/2020		A	H3N2	2020		virus_and_reference	22	26
A/CALIFORNIA/7/2004		A	H3N2	2004		virus_and_reference	713	2507
A/CAMBODIA/925256/2020		A	H3N2	2020		virus_and_reference	27	38
A/CAMBODIA/E0826360/2020		A	H3N2	2020		virus_and_reference	86	75
A/CHRISTCHURCH/1/1996		A	H3N2	1996		virus_and_reference	8	24
A/CHRISTCHURCH/28/2003		A	H3N2	2003		virus_and_reference	342	1326
A/CHRISTCHURCH/29/1990		A	H3N2	1990		virus_and_reference	21	21
A/CHRISTCHURCH/3/1990		A	H3N2	1990		virus_and_reference	21	21
A/CHRISTCHURCH/5/1996		A	H3N2	1996		virus_and_reference	13	24
A/CHRISTCHURCH/515/2018		A	H3N2	2018		virus_and_reference	10	44
A/CHRISTCHURCH/7A/1993		A	H3N2	1993		virus_and_reference	10	24
A/CNIC/149/1998		A	H3N2	1998		virus_and_reference	8	8
A/CNIC/96/1998		A	H3N2	1998		virus_and_reference	14	23
A/DARWIN/5/1999		A	H3N2	1999		virus_and_reference	39	33
A/DENMARK/3264/2019		A	H3N2	2019		virus_and_reference	135	186
A/DENMARK/45/2012		A	H3N2	2012		virus_and_reference	24	17
A/DUNEDIN/13/1990		A	H3N2	1990		virus_and_reference	13	21
A/EGYPT/130/2002		A	H3N2	2002		virus_and_reference	390	1770
A/EGYPT/96/2002		A	H3N2	2002		virus_and_reference	6	47
A/ENGLAND/259/2011		A	H3N2	2011		virus_and_reference	55	239
A/ENGLAND/261/1991		A	H3N2	1991		virus_and_reference	119	1518
A/ENGLAND/394/2008		A	H3N2	2008		virus_and_reference	295	911
A/ENGLAND/42/1972		A	H3N2	1972		virus_and_reference	55	62
A/ENGLAND/427/1988		A	H3N2	1988		virus_and_reference	95	1125
A/ENGLAND/527/2014		A	H3N2	2014		virus_and_reference	25	39
A/ENGLAND/530/2014		A	H3N2	2014		virus_and_reference	11	33
A/ENGLAND/538/2018		A	H3N2	2018		virus_and_reference	502	1283
A/ENGLAND/878/1969		A	H3N2	1969		virus_and_reference	5	6
A/FINLAND/170/2003		A	H3N2	2003		virus_and_reference	130	428
A/FINLAND/183/2020		A	H3N2	2020		virus_and_reference	75	88
A/FINLAND/190/2011		A	H3N2	2011		virus_and_reference	166	468
A/FINLAND/440/2014		A	H3N2	2014		virus_and_reference	24	17
A/FINLAND/440/2014#CLONE55		A	H3N2			virus_and_reference	14	17
A/FINLAND/486/2004		A	H3N2	2004		virus_and_reference	302	1028
A/FINLAND/620/1999		A	H3N2	1999		virus_and_reference	212	928
A/FINLAND/9/2008		A	H3N2	2008		virus_and_reference	559	1471
A/FUJIAN/140/2000		A	H3N2	2000		virus_and_reference	7	14
A/FUJIAN/411/2002		A	H3N2	2002		virus_and_reference	356	1639
A/FUJIAN/47/1996		A	H3N2	1996		virus_and_reference	7	10
A/GAROKA/8/1990		A	H3N2	1990		virus_and_reference	13	21
A/GENOVA/9/1993		A	H3N2	1993		virus_and_reference	82	27
A/GENOVA/9/1996		A	H3N2	1996		virus_and_reference	97	599
A/GEORGIA/532/2015		A	H3N2	2015		virus_and_reference	455	806
A/GLASGOW/407664/2012		A	H3N2	2012		virus_and_reference	34	47
A/GREECE/4/2017		A	H3N2	2017		virus_and_reference	15	505
A/GUADELOUPE/202/2010		A	H3N2	2010		virus_and_reference	29	41
A/GUANDONG/25/1993		A	H3N2	1993		virus_and_reference	32	190
A/GUANGDONG/25/1993		A	H3N2	1993		virus_and_reference	80	728
A/GUIZHOU/54/1989		A	H3N2	1989		virus_and_reference	81	982
A/HAWAII/22/2012		A	H3N2	2012		virus_and_reference	429	940
A/HENAN/JINSHUI/147/2007		A	H3N2	2007		virus_and_reference	188	300
A/HIROSHIMA/33/2006		A	H3N2	2006		virus_and_reference	49	112
A/HIROSHIMA/52/2005		A	H3N2	2005		virus_and_reference	295	965
A/HIROSHIMA/52/2005@IVR142		A	H3N2			virus_and_reference	7	8
A/HONG/KONG/34/1990		A	H3N2	1990		virus_and_reference	29	27
A/HONGKONG/1/1994		A	H3N2	1994		virus_and_reference	15	10
A/HONGKONG/146/2013		A	H3N2	2013		virus_and_reference	1679	3682
A/HONGKONG/1550/2002		A	H3N2	2002		virus_and_reference	197	754
A/HONGKONG/156/1997		A	H3N2	1997		virus_and_reference	6	15
A/HONGKONG/1774/1999		A	H3N2	1999		virus_and_reference	56	35
A/HONGKONG/1952/2009		A	H3N2	2009		virus_and_reference	176	528
A/HONGKONG/1985/2009		A	H3N2	2009		virus_and_reference	211	615
A/HONGKONG/23/1992		A	H3N2	1992		virus_and_reference	79	862
A/HONGKONG/25/1990		A	H3N2	1990		virus_and_reference	122	1110
A/HONGKONG/26560/2009		A	H3N2	2009		virus_and_reference	11	47
A/HONGKONG/2669/2019		A	H3N2	2019		virus_and_reference	54	131
A/HONGKONG/2671/2019		A	H3N2	2019		virus_and_reference	474	969
A/HONGKONG/34/1990		A	H3N2	1990		virus_and_reference	141	1512
A/HONGKONG/34430/2009		A	H3N2	2009		virus_and_reference	65	104
A/HONGKONG/391/1997		A	H3N2	1997		virus_and_reference	192	510
A/HONGKONG/3969/2011		A	H3N2	2011		virus_and_reference	467	1361
A/HONGKONG/4244/2014		A	H3N2	2014		virus_and_reference	33	26
A/HONGKONG/4355/2005		A	H3N2	2005		virus_and_reference	47	61
A/HONGKONG/4443/2005		A	H3N2	2005		virus_and_reference	442	1344
A/HONGKONG/45/2019		A	H3N2	2019		virus_and_reference	22	36
A/HONGKONG/4801/2014		A	H3N2	2014		virus_and_reference	1265	2229
A/HONGKONG/4801/2014#ISOLATE1		A	H3N2			virus_and_reference	262	449
A/HONGKONG/4801/2014@X263B		A	H3N2			virus_and_reference	66	51
A/HONGKONG/485/1997		A	H3N2	1997		virus_and_reference	14	26
A/HONGKONG/5738/2014		A	H3N2	2014		virus_and_reference	1986	3835
A/HONGKONG/5738/2014#CLONE121		A	H3N2			virus_and_reference	560	1012
A/HONGKONG/656/2018		A	H3N2	2018		virus_and_reference	113	141
A/HONGKONG/674/2018#CLONE33		A	H3N2			virus_and_reference	10	44
A/HONGKONG/675/2018		A	H3N2	2018		virus_and_reference	8	9
A/HONGKONG/681/2018		A	H3N2	2018		virus_and_reference	12	8
A/HONGKONG/681/2018@NYMCX329A		A	H3N2			virus_and_reference	7	8
A/HONGKONG/7127/2014		A	H3N2	2014		virus_and_reference	87	122
A/HONGKONG/7127/2014@NIB93		A	H3N2			virus_and_reference	11	30
A/HONGKONG/7127/2014@X261		A	H3N2			virus_and_reference	69	84
A/HONGKONG/7278/2014#CLONE82		A	H3N2			virus_and_reference	21	23
A/HONGKONG/734/2001		A	H3N2	2001		virus_and_reference	169	645
A/HUNGARY/64/2020		A	H3N2	2020		virus_and_reference	23	16
A/IOWA/19/2010		A	H3N2	2010		virus_and_reference	1276	3562
A/IRELAND/10586/1999		A	H3N2	1999		virus_and_reference	332	920
A/JOHANNESBURG/1147/1996		A	H3N2	1996		virus_and_reference	42	160
A/JOHANNESBURG/15/1998		A	H3N2	1998		virus_and_reference	11	41
A/JOHANNESBURG/15/2008		A	H3N2	2008		virus_and_reference	496	1495
A/JOHANNESBURG/29/1998		A	H3N2	1998		virus_and_reference	218	862
A/JOHANNESBURG/3/1998		A	H3N2	1998		virus_and_reference	11	41
A/JOHANNESBURG/31/2000		A	H3N2	2000		virus_and_reference	281	582
A/JOHANNESBURG/33/1994		A	H3N2	1994		virus_and_reference	750	3413
A/JOHANNESBURG/59/1996		A	H3N2	1996		virus_and_reference	15	20
A/JOHANNESBURG/9/1997		A	H3N2	1997		virus_and_reference	23	40
A/KANSAS/14/2017		A	H3N2	2017		virus_and_reference	496	1168
A/KANSAS/14/2017@NYMCX327		A	H3N2			virus_and_reference	413	1005
A/KARDITSA/186/2000		A	H3N2	2000		virus_and_reference	102	217
A/KUMAMOTO/102/2002		A	H3N2	2002		virus_and_reference	199	987
A/LARIOJA/2202/2018		A	H3N2	2018		virus_and_reference	8	1260
A/LYON/248/1998		A	H3N2	1998		virus_and_reference	10	7
A/LYON/636/2006		A	H3N2	2006		virus_and_reference	203	657
A/MALAYSIA/1/2004		A	H3N2	2004		virus_and_reference	24	43
A/MARYLAND/2/2012		A	H3N2	2012		virus_and_reference	15	24
A/MISSISSIPPI/1/1985		A	H3N2	1985		virus_and_reference	24	40
A/MISSISSIPPI/5/2005		A	H3N2	2005		virus_and_reference	50	82
A/MONTANA/05/2011		A	H3N2	2011		virus_and_reference	12	31
A/MOSCOW/10/1999		A	H3N2	1999		virus_and_reference	863	2887
A/NANCHANG/933/1995		A	H3N2	1995		virus_and_reference	1382	4986
A/NANTES/1441/2017		A	H3N2	2017		virus_and_reference	28	11
A/NEPAL/921/2006		A	H3N2	2006		virus_and_reference	464	1083
A/NETHERLANDS/10260/2018		A	H3N2	2018		virus_and_reference	62	152
A/NETHERLANDS/10260/2018@NYMCX331A		A	H3N2			virus_and_reference	8	8
A/NETHERLANDS/10260/2018@NYMCX331B		A	H3N2			virus_and_reference	8	8
A/NETHERLANDS/177/2008		A	H3N2	2008		virus_and_reference	12	12
A/NETHERLANDS/282/2009		A	H3N2	2009		virus_and_reference	11	13
A/NETHERLANDS/33/1994		A	H3N2	1994		virus_and_reference	15	6
A/NETHERLANDS/348/2007		A	H3N2	2007		virus_and_reference	12	12
A/NETHERLANDS/35/1993		A	H3N2	1993		virus_and_reference	13	14
A/NETHERLANDS/377/2008		A	H3N2	2008		virus_and_reference	11	12
A/NETHERLANDS/4/2007		A	H3N2	2007		virus_and_reference	21	11
A/NETHERLANDS/525/2014		A	H3N2	2014		virus_and_reference	548	912
A/NETHERLANDS/555/2012		A	H3N2	2012		virus_and_reference	24	27
A/NEWCALEDONIA/20/1999		A	H3N2	1999		virus_and_reference	6	50
A/NEWCALEDONIA/71/2014		A	H3N2	2014		virus_and_reference	41	70
A/NEWCALEDONIA/71/2014@IVR178		A	H3N2			virus_and_reference	40	7
A/NEWCALEDONIA/71/2014@NIB91A		A	H3N2			virus_and_reference	37	41
A/NEWCALEDONIA/71/2014@X257A		A	H3N2			virus_and_reference	23	28
A/NEWHAMPSHIRE/14/2005		A	H3N2	2005		virus_and_reference	50	136
A/NEWYORK/55/2001		A	H3N2	2001		virus_and_reference	296	1137
A/NEWYORK/55/2004		A	H3N2	2004		virus_and_reference	266	851
A/NEWYORK/55/2005		A	H3N2	2005		virus_and_reference	93	407
A/NIIGATA/403/2009		A	H3N2	2009		virus_and_reference	32	65
A/NORTHCAROLINA/13/2014		A	H3N2	2014		virus_and_reference	25	14
A/NORTHDAKOTA/1/2004		A	H3N2	2004		virus_and_reference	20	70
A/NORWAY/1789/2011		A	H3N2	2011		virus_and_reference	160	467
A/NORWAY/2178/2014#CLONE37		A	H3N2			virus_and_reference	8	11
A/NORWAY/2178/2015#CLONE37		A	H3N2			virus_and_reference	13	12
A/NORWAY/2620/2018		A	H3N2	2018		virus_and_reference	10	10
A/NORWAY/2629/2015		A	H3N2	2015		virus_and_reference	20	17
A/NORWAY/3275/2018		A	H3N2	2018		virus_and_reference	17	35
A/NORWAY/3275/2018@NIB118		A	H3N2			virus_and_reference	8	6
A/NORWAY/3806/2016		A	H3N2	2016		virus_and_reference	17	10
A/NORWAY/4465/2016		A	H3N2	2016		virus_and_reference	23	36
A/NORWAY/466/2014		A	H3N2	2014		virus_and_reference	422	937
A/NORWAY/4849/2016		A	H3N2	2016		virus_and_reference	27	41
A/OHIO/2/2012		A	H3N2	2012		virus_and_reference	48	83
A/OMS/5389/1988		A	H3N2	1988		virus_and_reference	16	263
A/OSLO/1490/1993		A	H3N2	1993		virus_and_reference	27	26
A/OSLO/807/2004		A	H3N2	2004		virus_and_reference	187	677
A/PALAU/6759/2014		A	H3N2	2014		virus_and_reference	115	98
A/PALAU/6759/2014@NIB87		A	H3N2			virus_and_reference	48	40
A/PANAMA/2007/1999		A	H3N2	1999		virus_and_reference	1661	6157
A/PARIS/2554/2019		A	H3N2	2019		virus_and_reference	12	15
A/PARMA/1/2007		A	H3N2	2007		virus_and_reference	106	308
A/PCHALMERS/1/1973		A	H3N2	1973		virus_and_reference	21	6
A/PENNSYLVANIA/09/2015		A	H3N2	2015		virus_and_reference	12	21
A/PERTH/1/1992		A	H3N2	1992		virus_and_reference	18	24
A/PERTH/10/2010		A	H3N2	2010		virus_and_reference	229	757
A/PERTH/15/2009		A	H3N2	2009		virus_and_reference	26	84
A/PERTH/16/2009		A	H3N2	2009		virus_and_reference	2493	6437
A/PERTH/3/1994		A	H3N2	1994		virus_and_reference	14	20
A/PERUGIA/5/1999		A	H3N2	1999		virus_and_reference	287	1304
A/PHILIPPINES/2/1982		A	H3N2	1982		virus_and_reference	33	57
A/PHILIPPINES/2191/2009		A	H3N2	2009		virus_and_reference	11	47
A/PHILIPPINES/26/1999		A	H3N2	1999		virus_and_reference	155	718
A/PLZEN/17/2013		A	H3N2	2013		virus_and_reference	25	16
A/POLAND/1702/2014		A	H3N2	2014		virus_and_reference	21	14
A/PORTCHALMERS/1/1973		A	H3N2	1973		virus_and_reference	48	86
A/PRAGUE/3/2007		A	H3N2	2007		virus_and_reference	335	600
A/PRAGUE/413/1994		A	H3N2	1994		virus_and_reference	31	63
A/RHODEISLAND/01/2010		A	H3N2	2010		virus_and_reference	10	9
A/RHODEISLAND/1/2010@X199		A	H3N2			virus_and_reference	16	51
A/SAGA/128/1997		A	H3N2	1997		virus_and_reference	18	37
A/SAITAMA/103/2014		A	H3N2	2014		virus_and_reference	13	14
A/SAMARA/73/2013		A	H3N2	2013		virus_and_reference	1957	4300
A/SANTIAGO/7981/2006		A	H3N2	2006		virus_and_reference	173	613
A/SENDAI/296/1999		A	H3N2	1999		virus_and_reference	6	7
A/SENDAI/4952/2002		A	H3N2	2002		virus_and_reference	62	208
A/SENDAI/F131/2006		A	H3N2	2006		virus_and_reference	40	112
A/SERBIA/NS210/2013		A	H3N2	2013		virus_and_reference	504	563
A/SERRES/77/2007		A	H3N2	2007		virus_and_reference	110	231
A/SHANDONG/9/1993		A	H3N2	1993		virus_and_reference	393	2229
A/SHANGHAI/11/1987		A	H3N2	1987		virus_and_reference	9	191
A/SHANGHAI/16/1989		A	H3N2	1989		virus_and_reference	21	280
A/SHANGHAI/24/1990		A	H3N2	1990		virus_and_reference	8	10
A/SHANGHAI/42/1999		A	H3N2	1999		virus_and_reference	68	96
A/SHANGHAI/6/1990		A	H3N2	1990		virus_and_reference	7	10
A/SHANTOU/1219/2004		A	H3N2	2004		virus_and_reference	421	1480
A/SHIGA/2/1991		A	H3N2	1991		virus_and_reference	7	8
A/SHIGA/2/1991@LOT92		A	H3N2			virus_and_reference	9	11
A/SICHUAN/2/1987		A	H3N2	1987		virus_and_reference	76	820
A/SICHUAN/346/1998		A	H3N2	1998		virus_and_reference	248	838
A/SINGAPORE/15/2001		A	H3N2	2001		virus_and_reference	173	534
A/SINGAPORE/37/2004		A	H3N2	2004		virus_and_reference	241	896
A/SINGAPORE/7/1994		A	H3N2	1994		virus_and_reference	14	10
A/SINGAPORE/INFIMH160019/2016		A	H3N2	2016		virus_and_reference	731	1628
A/SLOVAKIA/134/2006		A	H3N2	2006		virus_and_reference	223	731
A/SLOVENIA/129/2016		A	H3N2	2016		virus_and_reference	14	20
A/SOFIA/319/2007		A	H3N2	2007		virus_and_reference	214	489
A/SOUTHAFRICA/1147/1996		A	H3N2	1996		virus_and_reference	192	610
A/SOUTHAFRICA/2825/2015		A	H3N2	2015		virus_and_reference	13	21
A/SOUTHAFRICA/4655/2013		A	H3N2	2013		virus_and_reference	436	1154
A/SOUTHAFRICA/R06421/2019		A	H3N2	2019		virus_and_reference	11	14
A/SOUTHAFRICA/R2665/2015#CLONE67		A	H3N2			virus_and_reference	14	18
A/SOUTHAUSTRALIA/14/1992		A	H3N2	1992		virus_and_reference	17	24
A/SOUTHAUSTRALIA/156/1997		A	H3N2	1997		virus_and_reference	7	17
A/SOUTHAUSTRALIA/2/1995		A	H3N2	1995		virus_and_reference	7	8
A/SOUTHAUSTRALIA/3/2011		A	H3N2	2011		virus_and_reference	12	31
A/SOUTHAUSTRALIA/30/2012		A	H3N2	2012		virus_and_reference	46	68
A/SOUTHAUSTRALIA/34/1992		A	H3N2	1992		virus_and_reference	11	24
A/SOUTHAUSTRALIA/34/2019		A	H3N2	2019		virus_and_reference	157	407
A/SOUTHAUSTRALIA/36/1992		A	H3N2	1992		virus_and_reference	11	24
A/SOUTHAUSTRALIA/55/2014		A	H3N2	2014		virus_and_reference	38	15
A/STOCKHOLM/1/2010		A	H3N2	2010		virus_and_reference	25	20
A/STOCKHOLM/1/2013		A	H3N2	2013		virus_and_reference	298	857
A/STOCKHOLM/1/2013@X249		A	H3N2			virus_and_reference	8	6
A/STOCKHOLM/18/2011		A	H3N2	2011		virus_and_reference	1250	3493
A/STOCKHOLM/2/2010		A	H3N2	2010		virus_and_reference	25	20
A/STOCKHOLM/28/2014		A	H3N2	2014		virus_and_reference	23	19
A/STOCKHOLM/6/2014		A	H3N2	2014		virus_and_reference	2450	4735
A/STOCKHOLM/6/2014#CLONE123		A	H3N2			virus_and_reference	23	64
A/STOCKHOLM/6/2014#ISOLATE2		A	H3N2			virus_and_reference	890	1621
A/STOCKHOLM/6/2014@X251		A	H3N2			virus_and_reference	9	6
A/SWITZERLAND/8060/2017		A	H3N2	2017		virus_and_reference	359	823
A/SWITZERLAND/9715293/2013		A	H3N2	2013		virus_and_reference	1978	3624
A/SWITZERLAND/9715293/2013#CLONE123		A	H3N2			virus_and_reference	919	1041
A/SWITZERLAND/9715293/2013@NIB88		A	H3N2			virus_and_reference	18	7
A/SWITZERLAND/9715293/2013@X247		A	H3N2			virus_and_reference	30	7
A/SYDNEY/174/1997		A	H3N2	1997		virus_and_reference	18	46
A/SYDNEY/2/1993		A	H3N2	1993		virus_and_reference	10	24
A/SYDNEY/203/2000		A	H3N2	2000		virus_and_reference	26	18
A/SYDNEY/5/1997		A	H3N2	1997		virus_and_reference	1573	5386
A/SYDNEY/71/2014		A	H3N2	2014		virus_and_reference	22	31
A/TASMANIA/1/1997		A	H3N2	1997		virus_and_reference	40	69
A/TASMANIA/11/2014		A	H3N2	2014		virus_and_reference	33	38
A/TASMANIA/11/2014@IVR174		A	H3N2			virus_and_reference	11	19
A/TASMANIA/503/2020		A	H3N2	2020		virus_and_reference	29	54
A/TEHRAN/14/1999		A	H3N2	1999		virus_and_reference	18	42
A/TEXAS/1/1977		A	H3N2	1977		virus_and_reference	44	47
A/TEXAS/50/2012		A	H3N2	2012		virus_and_reference	2526	5261
A/TEXAS/50/2012@8		A	H3N2			virus_and_reference	10	15
A/THESSALONIKI/1/1995		A	H3N2	1995		virus_and_reference	101	1021
A/TOULOUSE/878/2001		A	H3N2	2001		virus_and_reference	204	690
A/TOWNSVILLE/87/2010@NIB76		A	H3N2			virus_and_reference	30	44
A/TRIESTE/1/2013		A	H3N2	2013		virus_and_reference	13	27
A/TRIESTE/2/2003		A	H3N2	2003		virus_and_reference	13	91
A/TRIESTE/25C/2007		A	H3N2	2007		virus_and_reference	757	1941
A/TRIESTE/25E/2007		A	H3N2	2007		virus_and_reference	329	588
A/TULKAREM/83/2013		A	H3N2	2013		virus_and_reference	44	39
A/ULANUDE/1/2000		A	H3N2	2000		virus_and_reference	31	39
A/UNITEDKINGDOM/1861/2003		A	H3N2	2003		virus_and_reference	251	1176
A/URUGUAY/716/2007		A	H3N2	2007		virus_and_reference	709	1873
A/VICTORIA/1/1990		A	H3N2	1990		virus_and_reference	13	21
A/VICTORIA/1/1993		A	H3N2	1993		virus_and_reference	10	24
A/VICTORIA/110/2004		A	H3N2	2004		virus_and_reference	11	37
A/VICTORIA/151/1997		A	H3N2	1997		virus_and_reference	7	17
A/VICTORIA/208/2009		A	H3N2	2009		virus_and_reference	997	2828
A/VICTORIA/210/2009		A	H3N2	2009		virus_and_reference	390	834
A/VICTORIA/29/1992		A	H3N2	1992		virus_and_reference	11	24
A/VICTORIA/3/1975		A	H3N2	1975		virus_and_reference	62	85
A/VICTORIA/318/1998		A	H3N2	1998		virus_and_reference	293	1212
A/VICTORIA/361/2011		A	H3N2	2011		virus_and_reference	2734	6449
A/VICTORIA/361/2011@IVR165		A	H3N2			virus_and_reference	45	37
A/VICTORIA/361/2011@NIB79		A	H3N2			virus_and_reference	27	37
A/VICTORIA/500/2004		A	H3N2	2004		virus_and_reference	18	37
A/VICTORIA/507/1998		A	H3N2	1998		virus_and_reference	24	14
A/VICTORIA/512/1998		A	H3N2	1998		virus_and_reference	12	14
A/VICTORIA/513/2004		A	H3N2	2004		virus_and_reference	18	37
A/VICTORIA/522/1999@FS		A	H3N2			virus_and_reference	40	33
A/VICTORIA/536/1999@FS		A	H3N2			virus_and_reference	7	33
A/VICTORIA/673/2014		A	H3N2	2014		virus_and_reference	44	61
A/VICTORIA/69/1997		A	H3N2	1997		virus_and_reference	15	22
A/WAIKATO/14/1990		A	H3N2	1990		virus_and_reference	13	19
A/WAIKATO/7/1990		A	H3N2	1990		virus_and_reference	29	21
A/WASHINGTON/15/1990		A	H3N2	1990		virus_and_reference	4	4
A/WASHINGTON/15/1991		A	H3N2	1991		virus_and_reference	277	2377
A/WELLINGTON/1/2004		A	H3N2	2004		virus_and_reference	313	1251
A/WELLINGTON/25/1993		A	H3N2	1993		virus_and_reference	10	24
A/WISCONSIN/15/2009		A	H3N2	2009		virus_and_reference	266	720
A/WISCONSIN/20/2015		A	H3N2	2015		virus_and_reference	12	21
A/WISCONSIN/3/2007		A	H3N2	2007		virus_and_reference	555	1382
A/WISCONSIN/67/2005		A	H3N2	2005		virus_and_reference	1421	3771
A/WUHAN/359/1995		A	H3N2	1995		virus_and_reference	701	2865
A/WUHAN/371/1995		A	H3N2	1995		virus_and_reference	14	19
A/WYOMING/3/2003		A	H3N2	2003		virus_and_reference	843	2974
A/WYOMING/3/2003@X147		A	H3N2			virus_and_reference	15	362
A/ZAGREB/1216/2007		A	H3N2	2007		virus_and_reference	41	122
A/ZAGREB/1530/1994		A	H3N2	1994		virus_and_reference	8	17
B/BEIJING/184/1993		A	H3N2	1993		virus_and_reference	21	35
B/BEIJING/243/1996		A	H3N2	1996		virus_and_reference	14	26
B/HONGKONG/22/1989		A	H3N2	1989		virus_and_reference	5	6
IVR108		A	H3N2			virus_and_reference	117	358
IVR112		A	H3N2			virus_and_reference	9	17
IVR117		A	H3N2			virus_and_reference	9	16
IVR197@A/SOUTHAUSTRALIA/34/2019		A	H3N2	2019		virus_and_reference	61	91
NIB80		A	H3N2			virus_and_reference	12	39
NIB85A		A	H3N2			virus_and_reference	13	37
SW/EIRE/471/1996		A	H3N2	1996		virus_and_reference	38	40
SW/IT/13962/1995		A	H3N2	1995		virus_and_reference	6	6
SW/IT/14072/1995		A	H3N2	1995		virus_and_reference	10	11
SW/IT/1477/1996		A	H3N2	1996		virus_and_reference	40	42
SW/IT/1523/1998		A	H3N2	1998		virus_and_reference	40	43
SW/IT/636/1987		A	H3N2	1987		virus_and_reference	31	33
SW/OMS/3633/1984		A	H3N2	1984		virus_and_reference	66	89
SW/TAIWAN/7310/1970		A	H3N2	1970		virus_and_reference	42	45
SW/UK/119404/1991		A	H3N2	1991		virus_and_reference	35	38
TERN/SOUTHAFRICA/1/1961		A	H3N2	1961		virus_and_reference	29	24
X157		A	H3N2			virus_and_reference	10	42
X157A		A	H3N2			virus_and_reference	10	42
X157B		A	H3N2			virus_and_reference	10	42
A/ABERDEEN/300007/1998		A	H3N2	1998		virus_only	5	0
A/ABERDEEN/300020/1999		A	H3N2	1999		virus_only	5	0
A/ABERDEEN/300105/1999		A	H3N2	1999		virus_only	5	0
A/ABERDEEN/300676/1998		A	H3N2	1998		virus_only	6	0
A/ABERDEEN/300677/1998		A	H3N2	1998		virus_only	6	0
A/ABIDJAN/456/2021		A	H3N2	2021		virus_only	10	0
A/ABOBO/GR628/2012		A	H3N2	2012		virus_only	11	0
A/ABUDHABI/240/2018		A	H3N2	2018		virus_only	8	0
A/ACORES/SU43/2012		A	H3N2	2012		virus_only	22	0
A/ACORESPT/11/2013		A	H3N2	2013		virus_only	11	0
A/ADANA/11/2014		A	H3N2	2014		virus_only	9	0
A/ADANA/111/2014		A	H3N2	2014		virus_only	9	0
A/ADANA/116/2014		A	H3N2	2014		virus_only	9	0
A/ADANA/117/2014		A	H3N2	2014		virus_only	9	0
A/ADANA/199/2014		A	H3N2	2014		virus_only	9	0
A/ADANA/223/2014		A	H3N2	2014		virus_only	9	0
A/ADANA/234/2014		A	H3N2	2014		virus_only	9	0
A/ADANA/363/2014		A	H3N2	2014		virus_only	19	0
A/ADANA/4168/2013		A	H3N2	2013		virus_only	9	0
A/ADANA/4211/2013		A	H3N2	2013		virus_only	9	0
A/ADANA/66/2014		A	H3N2	2014		virus_only	9	0
A/ADANA/9/2014		A	H3N2	2014		virus_only	9	0
A/ADANA/TR53/2011		A	H3N2	2011		virus_only	8	0
A/ADIYAMAN/230/2014		A	H3N2	2014		virus_only	18	0
A/ADJAME/GR1272/2011		A	H3N2	2011		virus_only	9	0
A/ADJAME/GR1327/2011		A	H3N2	2011		virus_only	9	0
A/ADJAME/GR429/2012		A	H3N2	2012		virus_only	11	0
A/ADJAME/GR490/2012		A	H3N2	2012		virus_only	11	0
A/ADJAME/GR765/2011		A	H3N2	2011		virus_only	9	0
A/AGADIR/422/2005		A	H3N2	2005		virus_only	9	0
A/AGADIR/87/2011		A	H3N2	2011		virus_only	9	0
A/AGNIBILEKROU/GR503/2012		A	H3N2	2012		virus_only	11	0
A/AGNIBILEKROU/GR504/2012		A	H3N2	2012		virus_only	11	0
A/AGNIBILEKROU/GR508/2012		A	H3N2	2012		virus_only	11	0
A/AGNIBILEKROU/GR509/2012		A	H3N2	2012		virus_only	11	0
A/AICHI/51/1992		A	H3N2	1992		virus_only	7	0
A/AICHI/97/1999		A	H3N2	1999		virus_only	6	0
A/AIXENPROVENCE/2846/2013		A	H3N2	2013		virus_only	9	0
A/AKITA/4/1993		A	H3N2	1993		virus_only	17	0
A/AKMOLINSK/145/2017		A	H3N2	2017		virus_only	8	0
A/AKSARAY/4048/2016		A	H3N2	2016		virus_only	13	0
A/AKTOBE/2935/2013		A	H3N2	2013		virus_only	11	0
A/AKTOBE/2941/2013		A	H3N2	2013		virus_only	11	0
A/ALABAMA/05/2010		A	H3N2	2010		virus_only	10	0
A/ALASKA/05/2010#NEW		A	H3N2			virus_only	10	0
A/ALASKA/10/1995		A	H3N2	1995		virus_only	6	0
A/ALASKA/232/2015		A	H3N2	2015		virus_only	12	0
A/ALASKA/5/2010@IVR161		A	H3N2			virus_only	12	0
A/ALASKA/5/2010@NIB77		A	H3N2			virus_only	37	0
A/ALBANIA/1/1990		A	H3N2	1990		virus_only	7	0
A/ALBANIA/2/1990		A	H3N2	1990		virus_only	7	0
A/ALBANIA/20/2003		A	H3N2	2003		virus_only	6	0
A/ALBANIA/234/2009		A	H3N2	2009		virus_only	18	0
A/ALBANIA/250/2009		A	H3N2	2009		virus_only	18	0
A/ALBANIA/4869/2014		A	H3N2	2014		virus_only	9	0
A/ALBANIA/4979/2014		A	H3N2	2014		virus_only	9	0
A/ALBANIA/5/1990		A	H3N2	1990		virus_only	7	0
A/ALBANIA/6/1990		A	H3N2	1990		virus_only	7	0
A/ALBANIA/7/1990		A	H3N2	1990		virus_only	7	0
A/ALBANIA/8/1990		A	H3N2	1990		virus_only	7	0
A/ALBANIA/9142/2019		A	H3N2	2019		virus_only	8	0
A/ALBORZ/96/2012		A	H3N2	2012		virus_only	17	0
A/ALGERIA/1/2005		A	H3N2	2005		virus_only	8	0
A/ALGERIA/277/2013		A	H3N2	2013		virus_only	10	0
A/ALGERIA/288/2003		A	H3N2	2003		virus_only	6	0
A/ALGERIA/301/2003		A	H3N2	2003		virus_only	6	0
A/ALGERIA/303/2003		A	H3N2	2003		virus_only	6	0
A/ALGERIA/453/2006		A	H3N2	2006		virus_only	20	0
A/ALGERIA/G04/2005		A	H3N2	2005		virus_only	7	0
A/ALGERIA/G04/2011		A	H3N2	2011		virus_only	9	0
A/ALGERIA/G05/2011		A	H3N2	2011		virus_only	9	0
A/ALGERIA/G10/2011		A	H3N2	2011		virus_only	9	0
A/ALGERIA/G120/2009		A	H3N2	2009		virus_only	16	0
A/ALGERIA/G138/2006		A	H3N2	2006		virus_only	10	0
A/ALGERIA/G155/2009		A	H3N2	2009		virus_only	9	0
A/ALGERIA/G157/2009		A	H3N2	2009		virus_only	9	0
A/ALGERIA/G17/2006		A	H3N2	2006		virus_only	10	0
A/ALGERIA/G184/2009		A	H3N2	2009		virus_only	9	0
A/ALGERIA/G191/2009		A	H3N2	2009		virus_only	9	0
A/ALGERIA/G202/2009		A	H3N2	2009		virus_only	16	0
A/ALGERIA/G208/2009		A	H3N2	2009		virus_only	16	0
A/ALGERIA/G216/2009		A	H3N2	2009		virus_only	16	0
A/ALGERIA/G217/2009		A	H3N2	2009		virus_only	16	0
A/ALGERIA/G273/2006		A	H3N2	2006		virus_only	10	0
A/ALGERIA/G36/2011		A	H3N2	2011		virus_only	9	0
A/ALGERIA/G46/2009		A	H3N2	2009		virus_only	10	0
A/ALGIERS/04/1999		A	H3N2	1999		virus_only	6	0
A/ALGIERS/08/2014		A	H3N2	2014		virus_only	12	0
A/ALGIERS/1/1999		A	H3N2	1999		virus_only	6	0
A/ALGIERS/107/2012		A	H3N2	2012		virus_only	22	0
A/ALGIERS/120/2012		A	H3N2	2012		virus_only	22	0
A/ALGIERS/16/1998		A	H3N2	1998		virus_only	6	0
A/ALGIERS/368/2020		A	H3N2	2020		virus_only	9	0
A/ALICESPRINGS/1/1990		A	H3N2	1990		virus_only	8	0
A/ALICESPRINGS/1/1991		A	H3N2	1991		virus_only	6	0
A/ALMATY/2848/2013		A	H3N2	2013		virus_only	11	0
A/ALMATY/2859/2013		A	H3N2	2013		virus_only	11	0
A/ALMATY/2871/2013		A	H3N2	2013		virus_only	11	0
A/ALMATY/2878/2013		A	H3N2	2013		virus_only	11	0
A/ALMATY/2880/2013		A	H3N2	2013		virus_only	11	0
A/ALMATY/2901/2013		A	H3N2	2013		virus_only	11	0
A/ALMATY/2926/2013		A	H3N2	2013		virus_only	11	0
A/ALMATY/2927/2013		A	H3N2	2013		virus_only	11	0
A/ALMATY/2929/2013		A	H3N2	2013		virus_only	11	0
A/ALMATY/2944/2013		A	H3N2	2013		virus_only	11	0
A/ALMATY/2946/2013		A	H3N2	2013		virus_only	11	0
A/ALMATY/2952/2013		A	H3N2	2013		virus_only	11	0
A/ALMATY/2955/2013		A	H3N2	2013		virus_only	11	0
A/ALMATY/2956/2013		A	H3N2	2013		virus_only	11	0
A/ALMATY/2958/2013@NIB85A		A	H3N2			virus_only	24	0
A/ALSACE/1571/2015		A	H3N2	2015		virus_only	14	0
A/ALSACE/3215/2016		A	H3N2	2016		virus_only	12	0
A/ALSACE/889/2012		A	H3N2	2012		virus_only	10	0
A/AMERICANSAMOA/4786/2013		A	H3N2	2013		virus_only	18	0
A/ANDALUCIA/RR1014/2002		A	H3N2	2002		virus_only	6	0
A/ANDALUCIA/RR8942/2011		A	H3N2	2011		virus_only	9	0
A/ANDALUCIA/RR8946/2011		A	H3N2	2011		virus_only	9	0
A/ANDALUCIA/RR8947/2011		A	H3N2	2011		virus_only	9	0
A/ANDALUCIA/RR8949/2011		A	H3N2	2011		virus_only	9	0
A/ANDALUCIA/RR8952/2011		A	H3N2	2011		virus_only	9	0
A/ANDALUCIA/RR8953/2011		A	H3N2	2011		virus_only	9	0
A/ANKARA/1050/2017		A	H3N2	2017		virus_only	8	0
A/ANKARA/1110/2013		A	H3N2	2013		virus_only	9	0
A/ANKARA/1324/2013		A	H3N2	2013		virus_only	9	0
A/ANKARA/1346/1999		A	H3N2	1999		virus_only	6	0
A/ANKARA/1352/1999		A	H3N2	1999		virus_only	6	0
A/ANKARA/1353/1999		A	H3N2	1999		virus_only	6	0
A/ANKARA/1356/2013		A	H3N2	2013		virus_only	9	0
A/ANKARA/1366/2013		A	H3N2	2013		virus_only	9	0
A/ANKARA/1373/2013		A	H3N2	2013		virus_only	9	0
A/ANKARA/1375/1999		A	H3N2	1999		virus_only	6	0
A/ANKARA/1388/1999		A	H3N2	1999		virus_only	6	0
A/ANKARA/1393/1999		A	H3N2	1999		virus_only	6	0
A/ANKARA/1396/2013		A	H3N2	2013		virus_only	9	0
A/ANKARA/1404/2013		A	H3N2	2013		virus_only	9	0
A/ANKARA/1410/2013		A	H3N2	2013		virus_only	9	0
A/ANKARA/1420/1999		A	H3N2	1999		virus_only	6	0
A/ANKARA/1429/1999		A	H3N2	1999		virus_only	6	0
A/ANKARA/1431/1999		A	H3N2	1999		virus_only	6	0
A/ANKARA/1439/1999		A	H3N2	1999		virus_only	6	0
A/ANKARA/1440/1999		A	H3N2	1999		virus_only	6	0
A/ANKARA/1907/2016		A	H3N2	2016		virus_only	12	0
A/ANKARA/22/2018		A	H3N2	2018		virus_only	8	0
A/ANKARA/221/2014		A	H3N2	2014		virus_only	9	0
A/ANKARA/23/2014		A	H3N2	2014		virus_only	18	0
A/ANKARA/266/2014		A	H3N2	2014		virus_only	18	0
A/ANKARA/34/2014		A	H3N2	2014		virus_only	9	0
A/ANKARA/3653/2013		A	H3N2	2013		virus_only	18	0
A/ANKARA/3727/2013		A	H3N2	2013		virus_only	18	0
A/ANKARA/3804/2013		A	H3N2	2013		virus_only	9	0
A/ANKARA/3805/2013		A	H3N2	2013		virus_only	18	0
A/ANKARA/3851/2013		A	H3N2	2013		virus_only	9	0
A/ANKARA/3879/2013		A	H3N2	2013		virus_only	9	0
A/ANKARA/3937/2013		A	H3N2	2013		virus_only	9	0
A/ANKARA/4084/2013		A	H3N2	2013		virus_only	9	0
A/ANKARA/4142/2013		A	H3N2	2013		virus_only	9	0
A/ANKARA/4187/2013		A	H3N2	2013		virus_only	9	0
A/ANKARA/4227/2013		A	H3N2	2013		virus_only	9	0
A/ANKARA/4236/2013		A	H3N2	2013		virus_only	9	0
A/ANKARA/4247/2013		A	H3N2	2013		virus_only	9	0
A/ANKARA/5/2014		A	H3N2	2014		virus_only	9	0
A/ANKARA/TR04/2011		A	H3N2	2011		virus_only	20	0
A/ANKARA/TR46/2010		A	H3N2	2010		virus_only	8	0
A/ANKARA/TR49/2011		A	H3N2	2011		virus_only	8	0
A/ANKIRI/TR56/2011		A	H3N2	2011		virus_only	7	0
A/ANNARBOR/1/1993		A	H3N2	1993		virus_only	6	0
A/ANNECY/1140/2005		A	H3N2	2005		virus_only	9	0
A/ANNECY/1145/2005		A	H3N2	2005		virus_only	9	0
A/ANNECY/1147/2005		A	H3N2	2005		virus_only	9	0
A/ANNECY/2806/2012		A	H3N2	2012		virus_only	11	0
A/ANNECY/2809/2013		A	H3N2	2013		virus_only	11	0
A/ANTALYA/1083/2013		A	H3N2	2013		virus_only	9	0
A/ANTALYA/1183/2014@9		A	H3N2			virus_only	11	0
A/ANTALYA/204/2011		A	H3N2	2011		virus_only	9	0
A/ANTALYA/214/2011		A	H3N2	2011		virus_only	9	0
A/ANTALYA/251/2013		A	H3N2	2013		virus_only	9	0
A/ANTALYA/3/2018		A	H3N2	2018		virus_only	9	0
A/ANTALYA/3562/2016		A	H3N2	2016		virus_only	12	0
A/ANTALYA/4/2018		A	H3N2	2018		virus_only	9	0
A/ANTALYA/479/2006		A	H3N2	2006		virus_only	7	0
A/ANTALYA/568/2006		A	H3N2	2006		virus_only	7	0
A/ANTALYA/7/2018		A	H3N2	2018		virus_only	9	0
A/ANTALYA/TR48/2010		A	H3N2	2010		virus_only	3	0
A/ANTALYA/TR55/2011		A	H3N2	2011		virus_only	4	0
A/ANTANANARIVO/3487/2012		A	H3N2	2012		virus_only	11	0
A/ANTANANARIVO/3575/2012		A	H3N2	2012		virus_only	11	0
A/ANTANANARIVO/3635/2012		A	H3N2	2012		virus_only	11	0
A/ANTANANARIVO/3669/2012		A	H3N2	2012		virus_only	11	0
A/ANTANANARIVO/3892/2012		A	H3N2	2012		virus_only	12	0
A/ANTANANARIVO/4906/2012		A	H3N2	2012		virus_only	12	0
A/ANTSIRABE/2096/2017		A	H3N2	2017		virus_only	6	0
A/ANTSIRABE/2267/2016		A	H3N2	2016		virus_only	13	0
A/ANTSIRABE/289/2015		A	H3N2	2015		virus_only	11	0
A/ANTSIRABE/3733/2012		A	H3N2	2012		virus_only	12	0
A/ANTSIRABE/3734/2012		A	H3N2	2012		virus_only	12	0
A/AOMORI/43/2004		A	H3N2	2004		virus_only	7	0
A/AOSTA/1/1999		A	H3N2	1999		virus_only	5	0
A/AQUILA/1/2005		A	H3N2	2005		virus_only	10	0
A/ARAGON/13140/2020		A	H3N2	2020		virus_only	9	0
A/ARAGON/13141/2020		A	H3N2	2020		virus_only	9	0
A/ARAGON/1548/2013		A	H3N2	2013		virus_only	9	0
A/ARAGON/2031/2014		A	H3N2	2014		virus_only	10	0
A/ARAGON/2062/2014		A	H3N2	2014		virus_only	10	0
A/ARAGON/2102/2014		A	H3N2	2014		virus_only	10	0
A/ARAGON/266/2014		A	H3N2	2014		virus_only	9	0
A/ARAGON/271/2014		A	H3N2	2014		virus_only	9	0
A/ARAGON/RR1734/2004		A	H3N2	2004		virus_only	17	0
A/ARAGON/RR3438/2008		A	H3N2	2008		virus_only	18	0
A/ARAGON/RR3442/2009		A	H3N2	2009		virus_only	18	0
A/ARAGON/RR3443/2009		A	H3N2	2009		virus_only	18	0
A/ARAGON/RR8907/2011		A	H3N2	2011		virus_only	9	0
A/ARAGON/RR9056/2012		A	H3N2	2012		virus_only	9	0
A/ARGENTINA/10/2001		A	H3N2	2001		virus_only	6	0
A/ARGENTINA/127R/1998		A	H3N2	1998		virus_only	6	0
A/ARGENTINA/13R/1998		A	H3N2	1998		virus_only	6	0
A/ARGENTINA/254R/1998		A	H3N2	1998		virus_only	6	0
A/ARGENTINA/270R/1998		A	H3N2	1998		virus_only	6	0
A/ARGENTINA/272R/1998		A	H3N2	1998		virus_only	6	0
A/ARGENTINA/274R/1998		A	H3N2	1998		virus_only	6	0
A/ARGENTINA/T28/1998		A	H3N2	1998		virus_only	8	0
A/ARGENTINA/V185/1998		A	H3N2	1998		virus_only	5	0
A/ARGENTINA/V191/1998		A	H3N2	1998		virus_only	8	0
A/ARGENTINA/V235/1998		A	H3N2	1998		virus_only	8	0
A/ARGENTINA/V425/1998		A	H3N2	1998		virus_only	6	0
A/ARGENTINA/V541/1998		A	H3N2	1998		virus_only	6	0
A/ARGENTINA/V584/1998		A	H3N2	1998		virus_only	6	0
A/ARGENTINA/V651/1998		A	H3N2	1998		virus_only	5	0
A/ARGENTINA/V690/1998		A	H3N2	1998		virus_only	6	0
A/ARGENTINA/V694/1998		A	H3N2	1998		virus_only	6	0
A/ARGENTINA/V793/1998		A	H3N2	1998		virus_only	5	0
A/ARGES/126697/2012		A	H3N2	2012		virus_only	11	0
A/ARGES/14803059/2016		A	H3N2	2016		virus_only	12	0
A/ARIZONA/13/2010		A	H3N2	2010		virus_only	8	0
A/ARKANGELSK/262/1999		A	H3N2	1999		virus_only	5	0
A/ARMENIA/1/2017		A	H3N2	2017		virus_only	9	0
A/ARMENIA/10/2017		A	H3N2	2017		virus_only	9	0
A/ARMENIA/11/2017		A	H3N2	2017		virus_only	9	0
A/ARMENIA/12/2017		A	H3N2	2017		virus_only	9	0
A/ARMENIA/13/2019		A	H3N2	2019		virus_only	4	0
A/ARMENIA/15/2019		A	H3N2	2019		virus_only	4	0
A/ARMENIA/2298/2016		A	H3N2	2016		virus_only	12	0
A/ARMENIA/2363/2016		A	H3N2	2016		virus_only	12	0
A/ARMENIA/3/2017		A	H3N2	2017		virus_only	9	0
A/ARMENIA/4/2017		A	H3N2	2017		virus_only	9	0
A/ARMENIA/501/2019		A	H3N2	2019		virus_only	10	0
A/ARMENIA/91/2019		A	H3N2	2019		virus_only	8	0
A/ARMENIA/941/2019		A	H3N2	2019		virus_only	10	0
A/ARRAS/165/2000		A	H3N2	2000		virus_only	6	0
A/ASTRAHKAN/25/2014		A	H3N2	2014		virus_only	10	0
A/ASTRAHKAN/26/2014		A	H3N2	2014		virus_only	10	0
A/ASTRAKHAN/1/2013		A	H3N2	2013		virus_only	11	0
A/ASTRAKHAN/103/2006		A	H3N2	2006		virus_only	9	0
A/ASTRAKHAN/12/2007		A	H3N2	2007		virus_only	10	0
A/ASTRAKHAN/150/2006		A	H3N2	2006		virus_only	9	0
A/ASTRAKHAN/172/2006		A	H3N2	2006		virus_only	9	0
A/ASTRAKHAN/2/2009		A	H3N2	2009		virus_only	9	0
A/ASTRAKHAN/2/2013		A	H3N2	2013		virus_only	1	0
A/ASTRAKHAN/319/2006		A	H3N2	2006		virus_only	9	0
A/ASTRAKHAN/32/2017		A	H3N2	2017		virus_only	10	0
A/ASTRAKHAN/40/2007		A	H3N2	2007		virus_only	10	0
A/ASTRAKHAN/60/2007		A	H3N2	2007		virus_only	10	0
A/ASTRAKHAN/65/2012		A	H3N2	2012		virus_only	9	0
A/ASTRAKHAN/8/2007		A	H3N2	2007		virus_only	10	0
A/ASTRAKHAN/8/2009		A	H3N2	2009		virus_only	9	0
A/ASTURIAS/15059/2014		A	H3N2	2014		virus_only	10	0
A/ASTURIAS/R204/1997		A	H3N2	1997		virus_only	6	0
A/ASTURIAS/R208/1997		A	H3N2	1997		virus_only	6	0
A/ASTURIAS/R211/1997		A	H3N2	1997		virus_only	6	0
A/ASTURIAS/RR1788/2005		A	H3N2	2005		virus_only	7	0
A/ASUNCION/918/2001		A	H3N2	2001		virus_only	6	0
A/ASWAN/39/2009		A	H3N2	2009		virus_only	9	0
A/ATHENS/1/1998		A	H3N2	1998		virus_only	6	0
A/ATHENS/1/2005		A	H3N2	2005		virus_only	9	0
A/ATHENS/108/2011		A	H3N2	2011		virus_only	8	0
A/ATHENS/125/2012		A	H3N2	2012		virus_only	9	0
A/ATHENS/131/2012		A	H3N2	2012		virus_only	9	0
A/ATHENS/1342012		A	H3N2			virus_only	9	0
A/ATHENS/14/2009		A	H3N2	2009		virus_only	8	0
A/ATHENS/14/2013		A	H3N2	2013		virus_only	55	0
A/ATHENS/15/2009		A	H3N2	2009		virus_only	8	0
A/ATHENS/16/1998		A	H3N2	1998		virus_only	4	0
A/ATHENS/165/2012		A	H3N2	2012		virus_only	9	0
A/ATHENS/166/2012		A	H3N2	2012		virus_only	9	0
A/ATHENS/173/2012		A	H3N2	2012		virus_only	9	0
A/ATHENS/1848/2019		A	H3N2	2019		virus_only	9	0
A/ATHENS/19/2009		A	H3N2	2009		virus_only	8	0
A/ATHENS/193/2012		A	H3N2	2012		virus_only	9	0
A/ATHENS/19605		A	H3N2			virus_only	9	0
A/ATHENS/2/1997		A	H3N2	1997		virus_only	6	0
A/ATHENS/208/2012		A	H3N2	2012		virus_only	9	0
A/ATHENS/209/2012		A	H3N2	2012		virus_only	9	0
A/ATHENS/21/2009		A	H3N2	2009		virus_only	8	0
A/ATHENS/23/1997		A	H3N2	1997		virus_only	6	0
A/ATHENS/237/2012		A	H3N2	2012		virus_only	9	0
A/ATHENS/24/2009		A	H3N2	2009		virus_only	8	0
A/ATHENS/248/2012		A	H3N2	2012		virus_only	9	0
A/ATHENS/3/2005		A	H3N2	2005		virus_only	9	0
A/ATHENS/341/2018		A	H3N2	2018		virus_only	8	0
A/ATHENS/496/2017		A	H3N2	2017		virus_only	12	0
A/ATHENS/499/2017		A	H3N2	2017		virus_only	12	0
A/ATHENS/510/2017		A	H3N2	2017		virus_only	12	0
A/ATHENS/563/2017		A	H3N2	2017		virus_only	12	0
A/ATHENS/566/2017		A	H3N2	2017		virus_only	12	0
A/ATHENS/59/2012		A	H3N2	2012		virus_only	9	0
A/ATHENS/62/2012		A	H3N2	2012		virus_only	9	0
A/ATHENS/73/2012		A	H3N2	2012		virus_only	9	0
A/ATHENS/79/2012		A	H3N2	2012		virus_only	9	0
A/ATHENS/8/1998		A	H3N2	1998		virus_only	4	0
A/ATHENS/82/2009		A	H3N2	2009		virus_only	8	0
A/ATHENS/84/2020		A	H3N2	2020		virus_only	9	0
A/ATTECOUBE/GR1099/2011		A	H3N2	2011		virus_only	8	0
A/ATTECOUBE/GR1103/2011		A	H3N2	2011		virus_only	17	0
A/ATTECOUBE/GR1241/2011		A	H3N2	2011		virus_only	8	0
A/ATTECOUBE/GR485/2012		A	H3N2	2012		virus_only	11	0
A/ATTECOUBE/GR555/2012		A	H3N2	2012		virus_only	11	0
A/ATTECOUBE/GR560/2012		A	H3N2	2012		virus_only	20	0
A/ATTECOUBE/GR570/2012		A	H3N2	2012		virus_only	11	0
A/ATTECOUBE/GR579/2012		A	H3N2	2012		virus_only	11	0
A/ATTECOUBE/GR619/2012		A	H3N2	2012		virus_only	11	0
A/ATTECOUBE/GR741/2012		A	H3N2	2012		virus_only	11	0
A/ATTECOUBE/GR97/2012		A	H3N2	2012		virus_only	29	0
A/AUBENAS/2399/2017		A	H3N2	2017		virus_only	8	0
A/AUCKLAND/13/2002		A	H3N2	2002		virus_only	5	0
A/AUCKLAND/16/1998		A	H3N2	1998		virus_only	6	0
A/AUCKLAND/16/1999@FS		A	H3N2			virus_only	20	0
A/AUCKLAND/16/2003		A	H3N2	2003		virus_only	8	0
A/AUCKLAND/169/1999		A	H3N2	1999		virus_only	20	0
A/AUCKLAND/19/1996		A	H3N2	1996		virus_only	6	0
A/AUCKLAND/19/1997		A	H3N2	1997		virus_only	16	0
A/AUCKLAND/20/1996		A	H3N2	1996		virus_only	5	0
A/AUCKLAND/20/1997		A	H3N2	1997		virus_only	18	0
A/AUCKLAND/22/2003		A	H3N2	2003		virus_only	8	0
A/AUCKLAND/28/1999@FS		A	H3N2			virus_only	20	0
A/AUCKLAND/3/1994		A	H3N2	1994		virus_only	8	0
A/AUCKLAND/4/1996		A	H3N2	1996		virus_only	8	0
A/AUCKLAND/44/1998		A	H3N2	1998		virus_only	6	0
A/AUCKLAND/5/1992		A	H3N2	1992		virus_only	11	0
A/AUCKLAND/5/1996		A	H3N2	1996		virus_only	19	0
A/AUCKLAND/5/1997		A	H3N2	1997		virus_only	9	0
A/AUCKLAND/6/2003		A	H3N2	2003		virus_only	8	0
A/AUCKLAND/6/2014		A	H3N2	2014		virus_only	5	0
A/AUCKLAND/7/1997		A	H3N2	1997		virus_only	18	0
A/AUCKLAND/70/1996		A	H3N2	1996		virus_only	6	0
A/AUCKLAND/8/1996		A	H3N2	1996		virus_only	5	0
A/AUCKLAND/9/1993		A	H3N2	1993		virus_only	6	0
A/AUCKLAND/9/1996		A	H3N2	1996		virus_only	8	0
A/AUCKLAND/9/1997		A	H3N2	1997		virus_only	16	0
A/AUSTRIA/1012/1999		A	H3N2	1999		virus_only	6	0
A/AUSTRIA/10327/1999		A	H3N2	1999		virus_only	5	0
A/AUSTRIA/10328/1999		A	H3N2	1999		virus_only	5	0
A/AUSTRIA/10624/1999		A	H3N2	1999		virus_only	5	0
A/AUSTRIA/10816/1999		A	H3N2	1999		virus_only	5	0
A/AUSTRIA/10861/1999		A	H3N2	1999		virus_only	5	0
A/AUSTRIA/10869/1999		A	H3N2	1999		virus_only	5	0
A/AUSTRIA/10905/1999		A	H3N2	1999		virus_only	5	0
A/AUSTRIA/10909/1999		A	H3N2	1999		virus_only	5	0
A/AUSTRIA/1102969/2018		A	H3N2	2018		virus_only	9	0
A/AUSTRIA/1113943/2018		A	H3N2	2018		virus_only	8	0
A/AUSTRIA/1114171/2019		A	H3N2	2019		virus_only	8	0
A/AUSTRIA/1114682/2019		A	H3N2	2019		virus_only	8	0
A/AUSTRIA/1115342/2019		A	H3N2	2019		virus_only	8	0
A/AUSTRIA/1115877/2019		A	H3N2	2019		virus_only	8	0
A/AUSTRIA/1117352/2019		A	H3N2	2019		virus_only	8	0
A/AUSTRIA/1117700/2019		A	H3N2	2019		virus_only	8	0
A/AUSTRIA/1120261/2019		A	H3N2	2019		virus_only	8	0
A/AUSTRIA/1121450/2019		A	H3N2	2019		virus_only	8	0
A/AUSTRIA/1121454/2019		A	H3N2	2019		virus_only	8	0
A/AUSTRIA/1121455/2019		A	H3N2	2019		virus_only	8	0
A/AUSTRIA/1129536/2019		A	H3N2	2019		virus_only	8	0
A/AUSTRIA/134117/2003		A	H3N2	2003		virus_only	12	0
A/AUSTRIA/134201/2003		A	H3N2	2003		virus_only	12	0
A/AUSTRIA/134204/2003		A	H3N2	2003		virus_only	6	0
A/AUSTRIA/134205/2003		A	H3N2	2003		virus_only	6	0
A/AUSTRIA/134231/2003		A	H3N2	2003		virus_only	6	0
A/AUSTRIA/134419/2003		A	H3N2	2003		virus_only	12	0
A/AUSTRIA/134421/2003		A	H3N2	2003		virus_only	6	0
A/AUSTRIA/134602/2003		A	H3N2	2003		virus_only	12	0
A/AUSTRIA/134850/2004		A	H3N2	2004		virus_only	6	0
A/AUSTRIA/134854/2004		A	H3N2	2004		virus_only	12	0
A/AUSTRIA/134929/2003		A	H3N2	2003		virus_only	6	0
A/AUSTRIA/134953/2004		A	H3N2	2004		virus_only	6	0
A/AUSTRIA/157/1997		A	H3N2	1997		virus_only	4	0
A/AUSTRIA/1738/1999		A	H3N2	1999		virus_only	5	0
A/AUSTRIA/198/1997		A	H3N2	1997		virus_only	4	0
A/AUSTRIA/200/1997		A	H3N2	1997		virus_only	4	0
A/AUSTRIA/202513/2005		A	H3N2	2005		virus_only	10	0
A/AUSTRIA/204237/2005		A	H3N2	2005		virus_only	10	0
A/AUSTRIA/205393/2005		A	H3N2	2005		virus_only	10	0
A/AUSTRIA/207248/2005		A	H3N2	2005		virus_only	10	0
A/AUSTRIA/207265/2005		A	H3N2	2005		virus_only	10	0
A/AUSTRIA/208007/2005		A	H3N2	2005		virus_only	10	0
A/AUSTRIA/209122/2005		A	H3N2	2005		virus_only	7	0
A/AUSTRIA/211545/2005		A	H3N2	2005		virus_only	7	0
A/AUSTRIA/219/1997		A	H3N2	1997		virus_only	4	0
A/AUSTRIA/236/1997		A	H3N2	1997		virus_only	4	0
A/AUSTRIA/277405/2006		A	H3N2	2006		virus_only	7	0
A/AUSTRIA/277410/2006		A	H3N2	2006		virus_only	7	0
A/AUSTRIA/278041/2006		A	H3N2	2006		virus_only	7	0
A/AUSTRIA/281/1997		A	H3N2	1997		virus_only	4	0
A/AUSTRIA/282/1997		A	H3N2	1997		virus_only	4	0
A/AUSTRIA/284/1997		A	H3N2	1997		virus_only	4	0
A/AUSTRIA/285414/2006		A	H3N2	2006		virus_only	7	0
A/AUSTRIA/301/1997		A	H3N2	1997		virus_only	4	0
A/AUSTRIA/319/1997		A	H3N2	1997		virus_only	4	0
A/AUSTRIA/346/1997		A	H3N2	1997		virus_only	4	0
A/AUSTRIA/348/1997		A	H3N2	1997		virus_only	4	0
A/AUSTRIA/4218/1999		A	H3N2	1999		virus_only	5	0
A/AUSTRIA/4995/1999		A	H3N2	1999		virus_only	5	0
A/AUSTRIA/5219/1999		A	H3N2	1999		virus_only	5	0
A/AUSTRIA/5469/1999		A	H3N2	1999		virus_only	5	0
A/AUSTRIA/63656/1997		A	H3N2	1997		virus_only	5	0
A/AUSTRIA/653679/2012		A	H3N2	2012		virus_only	9	0
A/AUSTRIA/654044/2012		A	H3N2	2012		virus_only	9	0
A/AUSTRIA/654591/2012		A	H3N2	2012		virus_only	9	0
A/AUSTRIA/655242/2012		A	H3N2	2012		virus_only	9	0
A/AUSTRIA/66218/1999		A	H3N2	1999		virus_only	6	0
A/AUSTRIA/66231/1999		A	H3N2	1999		virus_only	6	0
A/AUSTRIA/67418/2000		A	H3N2	2000		virus_only	6	0
A/AUSTRIA/68351/2000		A	H3N2	2000		virus_only	6	0
A/AUSTRIA/70458/2000		A	H3N2	2000		virus_only	6	0
A/AUSTRIA/705367/2012		A	H3N2	2012		virus_only	11	0
A/AUSTRIA/709778/2012		A	H3N2	2012		virus_only	11	0
A/AUSTRIA/710638/2012		A	H3N2	2012		virus_only	11	0
A/AUSTRIA/716774/2013		A	H3N2	2013		virus_only	10	0
A/AUSTRIA/726749/2013		A	H3N2	2013		virus_only	10	0
A/AUSTRIA/72729/2003		A	H3N2	2003		virus_only	6	0
A/AUSTRIA/73162/2000		A	H3N2	2000		virus_only	6	0
A/AUSTRIA/74618/2000		A	H3N2	2000		virus_only	6	0
A/AUSTRIA/75089/2003		A	H3N2	2003		virus_only	6	0
A/AUSTRIA/7613/1999		A	H3N2	1999		virus_only	5	0
A/AUSTRIA/76359/2003		A	H3N2	2003		virus_only	6	0
A/AUSTRIA/770588/2014		A	H3N2	2014		virus_only	10	0
A/AUSTRIA/77179/2003		A	H3N2	2003		virus_only	6	0
A/AUSTRIA/772655/2014		A	H3N2	2014		virus_only	8	0
A/AUSTRIA/773236/2014		A	H3N2	2014		virus_only	6	0
A/AUSTRIA/775/1999		A	H3N2	1999		virus_only	5	0
A/AUSTRIA/776877/2014		A	H3N2	2014		virus_only	10	0
A/AUSTRIA/77731/2003		A	H3N2	2003		virus_only	6	0
A/AUSTRIA/777909/2014		A	H3N2	2014		virus_only	19	0
A/AUSTRIA/77796/2003		A	H3N2	2003		virus_only	6	0
A/AUSTRIA/77800/2003		A	H3N2	2003		virus_only	6	0
A/AUSTRIA/77956/2003		A	H3N2	2003		virus_only	6	0
A/AUSTRIA/781450/2014		A	H3N2	2014		virus_only	2	0
A/AUSTRIA/784503/2014		A	H3N2	2014		virus_only	19	0
A/AUSTRIA/785558/2014		A	H3N2	2014		virus_only	5	0
A/AUSTRIA/786355/2014		A	H3N2	2014		virus_only	1	0
A/AUSTRIA/78645/2003		A	H3N2	2003		virus_only	6	0
A/AUSTRIA/786648/2014		A	H3N2	2014		virus_only	19	0
A/AUSTRIA/787217/2014		A	H3N2	2014		virus_only	19	0
A/AUSTRIA/788090/2014		A	H3N2	2014		virus_only	19	0
A/AUSTRIA/790710/2014		A	H3N2	2014		virus_only	19	0
A/AUSTRIA/79197/2003		A	H3N2	2003		virus_only	6	0
A/AUSTRIA/79799/2003		A	H3N2	2003		virus_only	6	0
A/AUSTRIA/79807/2003		A	H3N2	2003		virus_only	6	0
A/AUSTRIA/79852/2003		A	H3N2	2003		virus_only	6	0
A/AUSTRIA/82339/2003		A	H3N2	2003		virus_only	6	0
A/AUSTRIA/830719/2014		A	H3N2	2014		virus_only	10	0
A/AUSTRIA/956928/2016		A	H3N2	2016		virus_only	12	0
A/AUSTRIA/957344/2016		A	H3N2	2016		virus_only	12	0
A/AUSTRIA/957860/2016		A	H3N2	2016		virus_only	12	0
A/AUSTRIA/960579/2016		A	H3N2	2016		virus_only	12	0
A/AUSTRIA/960696/2016		A	H3N2	2016		virus_only	12	0
A/AUSTRIA/971/1999		A	H3N2	1999		virus_only	5	0
A/AVIGNON/1286/2020		A	H3N2	2020		virus_only	9	0
A/AVILA/11/1997		A	H3N2	1997		virus_only	4	0
A/AVILA/15/2005		A	H3N2	2005		virus_only	6	0
A/AVILA/15/2019		A	H3N2	2019		virus_only	8	0
A/AVILA/18/1996		A	H3N2	1996		virus_only	5	0
A/AVILA/2/1996		A	H3N2	1996		virus_only	5	0
A/AVILA/21/1998		A	H3N2	1998		virus_only	5	0
A/AVILA/26/2002		A	H3N2	2002		virus_only	6	0
A/AVILA/27/2002		A	H3N2	2002		virus_only	6	0
A/AVILA/3/2019		A	H3N2	2019		virus_only	8	0
A/AVILA/32/2019		A	H3N2	2019		virus_only	7	0
A/AVILA/4/2000		A	H3N2	2000		virus_only	6	0
A/AVILA/40/2002		A	H3N2	2002		virus_only	6	0
A/AVILA/7/1996		A	H3N2	1996		virus_only	5	0
A/AVILA/8/1998		A	H3N2	1998		virus_only	5	0
A/AVILA/9/1998		A	H3N2	1998		virus_only	5	0
A/AYDIN/3060/2016		A	H3N2	2016		virus_only	12	0
A/AYDIN/3446/2016		A	H3N2	2016		virus_only	12	0
A/AZERBAIJAN/222/2006		A	H3N2	2006		virus_only	3	0
A/AZERBAIJAN/224/2006		A	H3N2	2006		virus_only	3	0
A/AZERBAIJAN/249/2006		A	H3N2	2006		virus_only	3	0
A/BACAU/88448/2012		A	H3N2	2012		virus_only	9	0
A/BACAU/89197/2012		A	H3N2	2012		virus_only	9	0
A/BADENWRTTEMBERG/1/2014		A	H3N2	2014		virus_only	9	0
A/BADENWRTTEMBERG/3/2012		A	H3N2	2012		virus_only	9	0
A/BADENWURTT/231/1998		A	H3N2	1998		virus_only	5	0
A/BADENWURTT/232/1998		A	H3N2	1998		virus_only	5	0
A/BADENWURTT/233/1998		A	H3N2	1998		virus_only	5	0
A/BADENWURTT/234/1998		A	H3N2	1998		virus_only	5	0
A/BADENWURTT/235/1998		A	H3N2	1998		virus_only	5	0
A/BADENWURTTEMBERG/1/2002		A	H3N2	2002		virus_only	6	0
A/BADENWURTTEMBERG/1/2003		A	H3N2	2003		virus_only	5	0
A/BADENWURTTEMBERG/1/2007		A	H3N2	2007		virus_only	8	0
A/BADENWURTTEMBERG/1/2012		A	H3N2	2012		virus_only	9	0
A/BADENWURTTEMBERG/10/2006		A	H3N2	2006		virus_only	10	0
A/BADENWURTTEMBERG/10/2007		A	H3N2	2007		virus_only	10	0
A/BADENWURTTEMBERG/11/2006		A	H3N2	2006		virus_only	10	0
A/BADENWURTTEMBERG/12/2006		A	H3N2	2006		virus_only	10	0
A/BADENWURTTEMBERG/12/2007		A	H3N2	2007		virus_only	20	0
A/BADENWURTTEMBERG/129/1999		A	H3N2	1999		virus_only	5	0
A/BADENWURTTEMBERG/132/2019		A	H3N2	2019		virus_only	7	0
A/BADENWURTTEMBERG/135/2003		A	H3N2	2003		virus_only	6	0
A/BADENWURTTEMBERG/136/2003		A	H3N2	2003		virus_only	6	0
A/BADENWURTTEMBERG/138/2003		A	H3N2	2003		virus_only	6	0
A/BADENWURTTEMBERG/14/2006		A	H3N2	2006		virus_only	10	0
A/BADENWURTTEMBERG/14/2014		A	H3N2	2014		virus_only	9	0
A/BADENWURTTEMBERG/145/1999		A	H3N2	1999		virus_only	5	0
A/BADENWURTTEMBERG/167/1999		A	H3N2	1999		virus_only	5	0
A/BADENWURTTEMBERG/17/2020		A	H3N2	2020		virus_only	9	0
A/BADENWURTTEMBERG/2/2003		A	H3N2	2003		virus_only	5	0
A/BADENWURTTEMBERG/2/2004		A	H3N2	2004		virus_only	6	0
A/BADENWURTTEMBERG/2/2012		A	H3N2	2012		virus_only	9	0
A/BADENWURTTEMBERG/20/2005		A	H3N2	2005		virus_only	10	0
A/BADENWURTTEMBERG/201/2005		A	H3N2	2005		virus_only	7	0
A/BADENWURTTEMBERG/202/2005		A	H3N2	2005		virus_only	7	0
A/BADENWURTTEMBERG/209/1999		A	H3N2	1999		virus_only	5	0
A/BADENWURTTEMBERG/213/1999		A	H3N2	1999		virus_only	5	0
A/BADENWURTTEMBERG/217/1999		A	H3N2	1999		virus_only	5	0
A/BADENWURTTEMBERG/25/2007		A	H3N2	2007		virus_only	10	0
A/BADENWURTTEMBERG/27/2000		A	H3N2	2000		virus_only	5	0
A/BADENWURTTEMBERG/28/2006		A	H3N2	2006		virus_only	8	0
A/BADENWURTTEMBERG/29/2000		A	H3N2	2000		virus_only	5	0
A/BADENWURTTEMBERG/3/2003		A	H3N2	2003		virus_only	5	0
A/BADENWURTTEMBERG/30/2000		A	H3N2	2000		virus_only	5	0
A/BADENWURTTEMBERG/31/2006		A	H3N2	2006		virus_only	8	0
A/BADENWURTTEMBERG/32/2005		A	H3N2	2005		virus_only	10	0
A/BADENWURTTEMBERG/34/2005		A	H3N2	2005		virus_only	10	0
A/BADENWURTTEMBERG/34/2006		A	H3N2	2006		virus_only	8	0
A/BADENWURTTEMBERG/35/2006		A	H3N2	2006		virus_only	8	0
A/BADENWURTTEMBERG/36/2005		A	H3N2	2005		virus_only	10	0
A/BADENWURTTEMBERG/36/2016		A	H3N2	2016		virus_only	13	0
A/BADENWURTTEMBERG/38/2000		A	H3N2	2000		virus_only	5	0
A/BADENWURTTEMBERG/38/2005		A	H3N2	2005		virus_only	10	0
A/BADENWURTTEMBERG/4/1999		A	H3N2	1999		virus_only	6	0
A/BADENWURTTEMBERG/4/2003		A	H3N2	2003		virus_only	5	0
A/BADENWURTTEMBERG/4/2004		A	H3N2	2004		virus_only	6	0
A/BADENWURTTEMBERG/41/2000		A	H3N2	2000		virus_only	5	0
A/BADENWURTTEMBERG/44/2006		A	H3N2	2006		virus_only	8	0
A/BADENWURTTEMBERG/45/2002		A	H3N2	2002		virus_only	6	0
A/BADENWURTTEMBERG/5/1999		A	H3N2	1999		virus_only	6	0
A/BADENWURTTEMBERG/5/2002		A	H3N2	2002		virus_only	6	0
A/BADENWURTTEMBERG/5/2004		A	H3N2	2004		virus_only	6	0
A/BADENWURTTEMBERG/52/2002		A	H3N2	2002		virus_only	6	0
A/BADENWURTTEMBERG/57/2002		A	H3N2	2002		virus_only	6	0
A/BADENWURTTEMBERG/6/1999		A	H3N2	1999		virus_only	6	0
A/BADENWURTTEMBERG/6/2000		A	H3N2	2000		virus_only	5	0
A/BADENWURTTEMBERG/62/1999		A	H3N2	1999		virus_only	5	0
A/BADENWURTTEMBERG/63/1999		A	H3N2	1999		virus_only	5	0
A/BADENWURTTEMBERG/64/1999		A	H3N2	1999		virus_only	5	0
A/BADENWURTTEMBERG/68/1999		A	H3N2	1999		virus_only	5	0
A/BADENWURTTEMBERG/7/1999		A	H3N2	1999		virus_only	6	0
A/BADENWURTTEMBERG/7/2014		A	H3N2	2014		virus_only	9	0
A/BADENWURTTEMBERG/70/1999		A	H3N2	1999		virus_only	5	0
A/BADENWURTTEMBERG/76/1999		A	H3N2	1999		virus_only	5	0
A/BADENWURTTEMBERG/8/2000		A	H3N2	2000		virus_only	5	0
A/BADENWURTTEMBERG/8/2003		A	H3N2	2003		virus_only	5	0
A/BADENWURTTEMBERG/85/2014		A	H3N2	2014		virus_only	10	0
A/BADENWURTTEMBERG/86/2014		A	H3N2	2014		virus_only	10	0
A/BADENWURTTEMBERG/87/2014		A	H3N2	2014		virus_only	10	0
A/BADENWURTTEMBERG/87/2019		A	H3N2	2019		virus_only	8	0
A/BADENWURTTEMBERG/89/1999		A	H3N2	1999		virus_only	5	0
A/BADENWURTTEMBERG/9/1999		A	H3N2	1999		virus_only	6	0
A/BADENWURTTEMBERG/9/2015		A	H3N2	2015		virus_only	11	0
A/BADENWURTTEMBERG/91/1999		A	H3N2	1999		virus_only	5	0
A/BADENWURTTEMBERG/92/1999		A	H3N2	1999		virus_only	5	0
A/BADENWURTTEMBERG/95/2020		A	H3N2	2020		virus_only	10	0
A/BADENWURTTEMBERGE/1/1998		A	H3N2	1998		virus_only	5	0
A/BADENWURTTEMBERGE/8/1998		A	H3N2	1998		virus_only	5	0
A/BADENWURTTEMBURG/1/1997		A	H3N2	1997		virus_only	6	0
A/BADENWURTTEMBURG/108/1998#ORIGINAL		A	H3N2			virus_only	4	0
A/BADENWURTTEMBURG/12/1996		A	H3N2	1996		virus_only	6	0
A/BADENWURTTEMBURG/12/1998		A	H3N2	1998		virus_only	5	0
A/BADENWURTTEMBURG/13/1996		A	H3N2	1996		virus_only	6	0
A/BADENWURTTEMBURG/13/1997		A	H3N2	1997		virus_only	5	0
A/BADENWURTTEMBURG/13/1998		A	H3N2	1998		virus_only	5	0
A/BADENWURTTEMBURG/14/1998		A	H3N2	1998		virus_only	5	0
A/BADENWURTTEMBURG/16/1998		A	H3N2	1998		virus_only	5	0
A/BADENWURTTEMBURG/163/1998#ORIGINAL		A	H3N2			virus_only	4	0
A/BADENWURTTEMBURG/17/1998		A	H3N2	1998		virus_only	5	0
A/BADENWURTTEMBURG/194/2008		A	H3N2	2008		virus_only	8	0
A/BADENWURTTEMBURG/196/2008		A	H3N2	2008		virus_only	9	0
A/BADENWURTTEMBURG/199/2008		A	H3N2	2008		virus_only	9	0
A/BADENWURTTEMBURG/20/1997		A	H3N2	1997		virus_only	5	0
A/BADENWURTTEMBURG/23/1998		A	H3N2	1998		virus_only	5	0
A/BADENWURTTEMBURG/80/1998#ORIGINAL		A	H3N2			virus_only	4	0
A/BADENWURTTENBERG/218/2005		A	H3N2	2005		virus_only	7	0
A/BADENWURTTENBERG/225/2005		A	H3N2	2005		virus_only	7	0
A/BADENWURTTENBERG/228/2005		A	H3N2	2005		virus_only	7	0
A/BADENWURTTENBURG/10/2005		A	H3N2	2005		virus_only	9	0
A/BADENWURTTENBURG/7/2005		A	H3N2	2005		virus_only	9	0
A/BALEARES/14037/2013		A	H3N2	2013		virus_only	9	0
A/BALEARES/14038/2013		A	H3N2	2013		virus_only	9	0
A/BALEARES/1421/2003		A	H3N2	2003		virus_only	6	0
A/BALEARES/1422/2003		A	H3N2	2003		virus_only	6	0
A/BALEARES/1441/2013		A	H3N2	2013		virus_only	9	0
A/BALEARES/1498/2013		A	H3N2	2013		virus_only	9	0
A/BALEARES/1520/2013		A	H3N2	2013		virus_only	9	0
A/BALEARES/1521/2013		A	H3N2	2013		virus_only	9	0
A/BALEARES/1582/2013		A	H3N2	2013		virus_only	9	0
A/BALEARES/RR1001/2002		A	H3N2	2002		virus_only	6	0
A/BALEARES/RR1079/2002		A	H3N2	2002		virus_only	6	0
A/BALEARES/RR1080/2002		A	H3N2	2002		virus_only	6	0
A/BALEARES/RR1418/2003		A	H3N2	2003		virus_only	6	0
A/BALEARES/RR1452/2003		A	H3N2	2003		virus_only	12	0
A/BALEARES/RR1453/2003		A	H3N2	2003		virus_only	6	0
A/BALEARES/RR1454/2003		A	H3N2	2003		virus_only	6	0
A/BALEARES/RR1720/2004		A	H3N2	2004		virus_only	7	0
A/BALEARES/RR1780/2005		A	H3N2	2005		virus_only	7	0
A/BALEARES/RR1785/2005		A	H3N2	2005		virus_only	7	0
A/BANDENWURTTEM/176/1999		A	H3N2	1999		virus_only	5	0
A/BANDENWURTTEM/180/1999		A	H3N2	1999		virus_only	5	0
A/BANGKOK/10/1996		A	H3N2	1996		virus_only	6	0
A/BANGKOK/106/1999		A	H3N2	1999		virus_only	5	0
A/BANGKOK/109/2002		A	H3N2	2002		virus_only	5	0
A/BANGKOK/112/1999		A	H3N2	1999		virus_only	5	0
A/BANGKOK/1158/2004		A	H3N2	2004		virus_only	5	0
A/BANGKOK/116/1994		A	H3N2	1994		virus_only	5	0
A/BANGKOK/120/1999		A	H3N2	1999		virus_only	5	0
A/BANGKOK/126/1994		A	H3N2	1994		virus_only	5	0
A/BANGKOK/13/1996		A	H3N2	1996		virus_only	6	0
A/BANGKOK/131/1999		A	H3N2	1999		virus_only	7	0
A/BANGKOK/139/1999		A	H3N2	1999		virus_only	20	0
A/BANGKOK/14/1996		A	H3N2	1996		virus_only	6	0
A/BANGKOK/144/1990		A	H3N2	1990		virus_only	15	0
A/BANGKOK/147/1990		A	H3N2	1990		virus_only	13	0
A/BANGKOK/15/1996		A	H3N2	1996		virus_only	6	0
A/BANGKOK/161/2001		A	H3N2	2001		virus_only	6	0
A/BANGKOK/169/1994		A	H3N2	1994		virus_only	4	0
A/BANGKOK/169/2001		A	H3N2	2001		virus_only	6	0
A/BANGKOK/179/2000		A	H3N2	2000		virus_only	8	0
A/BANGKOK/180/1994		A	H3N2	1994		virus_only	4	0
A/BANGKOK/184/2001		A	H3N2	2001		virus_only	6	0
A/BANGKOK/189/2001		A	H3N2	2001		virus_only	6	0
A/BANGKOK/19/1995		A	H3N2	1995		virus_only	5	0
A/BANGKOK/19/1999		A	H3N2	1999		virus_only	5	0
A/BANGKOK/193/1994		A	H3N2	1994		virus_only	4	0
A/BANGKOK/20/1999		A	H3N2	1999		virus_only	5	0
A/BANGKOK/202/2000		A	H3N2	2000		virus_only	8	0
A/BANGKOK/218/1994		A	H3N2	1994		virus_only	4	0
A/BANGKOK/22/1999		A	H3N2	1999		virus_only	5	0
A/BANGKOK/234/2003		A	H3N2	2003		virus_only	8	0
A/BANGKOK/25/1996		A	H3N2	1996		virus_only	6	0
A/BANGKOK/291/1993		A	H3N2	1993		virus_only	13	0
A/BANGKOK/292/1993		A	H3N2	1993		virus_only	13	0
A/BANGKOK/293/1993		A	H3N2	1993		virus_only	13	0
A/BANGKOK/3/1996		A	H3N2	1996		virus_only	6	0
A/BANGKOK/33/1999		A	H3N2	1999		virus_only	5	0
A/BANGKOK/4018/1998		A	H3N2	1998		virus_only	12	0
A/BANGKOK/4019/1998		A	H3N2	1998		virus_only	18	0
A/BANGKOK/4025/1998		A	H3N2	1998		virus_only	6	0
A/BANGKOK/54/1996		A	H3N2	1996		virus_only	6	0
A/BANGKOK/59/1996		A	H3N2	1996		virus_only	6	0
A/BANGKOK/61/1996		A	H3N2	1996		virus_only	6	0
A/BANGKOK/62/1996		A	H3N2	1996		virus_only	6	0
A/BANGKOK/67/1996		A	H3N2	1996		virus_only	6	0
A/BANGKOK/69/1999		A	H3N2	1999		virus_only	5	0
A/BANGKOK/72/1999		A	H3N2	1999		virus_only	5	0
A/BANGKOK/75/1994		A	H3N2	1994		virus_only	6	0
A/BANGKOK/9/1997		A	H3N2	1997		virus_only	14	0
A/BANGKOK/91/1996		A	H3N2	1996		virus_only	6	0
A/BANGKOK/92/1999		A	H3N2	1999		virus_only	5	0
A/BANGKOK/94/1996		A	H3N2	1996		virus_only	6	0
A/BANGLADESH/1001/2020		A	H3N2	2020		virus_only	11	0
A/BANGLADESH/1006/2020		A	H3N2	2020		virus_only	12	0
A/BANGLADESH/2002/2020		A	H3N2	2020		virus_only	11	0
A/BANGLADESH/2004/2020		A	H3N2	2020		virus_only	11	0
A/BANGLADESH/3005/2020		A	H3N2	2020		virus_only	13	0
A/BANGLADESH/4002/2020		A	H3N2	2020		virus_only	13	0
A/BANGLADESH/5071/2011		A	H3N2	2011		virus_only	12	0
A/BARCELONA/101/2005		A	H3N2	2005		virus_only	14	0
A/BARCELONA/102/2006		A	H3N2	2006		virus_only	8	0
A/BARCELONA/104/2005		A	H3N2	2005		virus_only	14	0
A/BARCELONA/11/2003		A	H3N2	2003		virus_only	7	0
A/BARCELONA/110/2003		A	H3N2	2003		virus_only	7	0
A/BARCELONA/116/2002		A	H3N2	2002		virus_only	8	0
A/BARCELONA/117/2003		A	H3N2	2003		virus_only	7	0
A/BARCELONA/120/2002		A	H3N2	2002		virus_only	8	0
A/BARCELONA/120/2006		A	H3N2	2006		virus_only	8	0
A/BARCELONA/124/2003		A	H3N2	2003		virus_only	7	0
A/BARCELONA/125V32/2003		A	H3N2	2003		virus_only	6	0
A/BARCELONA/126/2002		A	H3N2	2002		virus_only	8	0
A/BARCELONA/13/2003		A	H3N2	2003		virus_only	7	0
A/BARCELONA/130/2002		A	H3N2	2002		virus_only	8	0
A/BARCELONA/131/2003		A	H3N2	2003		virus_only	7	0
A/BARCELONA/132/2002		A	H3N2	2002		virus_only	8	0
A/BARCELONA/133/2002		A	H3N2	2002		virus_only	8	0
A/BARCELONA/134/2006		A	H3N2	2006		virus_only	8	0
A/BARCELONA/135/2002		A	H3N2	2002		virus_only	8	0
A/BARCELONA/141/2002		A	H3N2	2002		virus_only	8	0
A/BARCELONA/144/2002		A	H3N2	2002		virus_only	8	0
A/BARCELONA/145/2002		A	H3N2	2002		virus_only	8	0
A/BARCELONA/146/2002		A	H3N2	2002		virus_only	8	0
A/BARCELONA/147/2002		A	H3N2	2002		virus_only	8	0
A/BARCELONA/15/2003		A	H3N2	2003		virus_only	7	0
A/BARCELONA/151/2000		A	H3N2	2000		virus_only	6	0
A/BARCELONA/16/2003		A	H3N2	2003		virus_only	7	0
A/BARCELONA/167/2007		A	H3N2	2007		virus_only	8	0
A/BARCELONA/18/2003		A	H3N2	2003		virus_only	7	0
A/BARCELONA/182/2002		A	H3N2	2002		virus_only	6	0
A/BARCELONA/19/2003		A	H3N2	2003		virus_only	7	0
A/BARCELONA/196/2002		A	H3N2	2002		virus_only	6	0
A/BARCELONA/198/2002		A	H3N2	2002		virus_only	6	0
A/BARCELONA/199/2002		A	H3N2	2002		virus_only	6	0
A/BARCELONA/222/2002		A	H3N2	2002		virus_only	6	0
A/BARCELONA/224/2002		A	H3N2	2002		virus_only	6	0
A/BARCELONA/227/2002		A	H3N2	2002		virus_only	6	0
A/BARCELONA/23/2003		A	H3N2	2003		virus_only	7	0
A/BARCELONA/245/2002		A	H3N2	2002		virus_only	6	0
A/BARCELONA/246/2002		A	H3N2	2002		virus_only	6	0
A/BARCELONA/27603/2001		A	H3N2	2001		virus_only	6	0
A/BARCELONA/27604/2001		A	H3N2	2001		virus_only	6	0
A/BARCELONA/28/2003		A	H3N2	2003		virus_only	7	0
A/BARCELONA/281/2002		A	H3N2	2002		virus_only	6	0
A/BARCELONA/285/2008		A	H3N2	2008		virus_only	8	0
A/BARCELONA/29/2003		A	H3N2	2003		virus_only	7	0
A/BARCELONA/30/2003		A	H3N2	2003		virus_only	7	0
A/BARCELONA/306/2002		A	H3N2	2002		virus_only	6	0
A/BARCELONA/307/2009		A	H3N2	2009		virus_only	16	0
A/BARCELONA/309/2009		A	H3N2	2009		virus_only	8	0
A/BARCELONA/31/2003		A	H3N2	2003		virus_only	7	0
A/BARCELONA/310/2009		A	H3N2	2009		virus_only	8	0
A/BARCELONA/311/2002		A	H3N2	2002		virus_only	6	0
A/BARCELONA/312/2002		A	H3N2	2002		virus_only	6	0
A/BARCELONA/313/2009		A	H3N2	2009		virus_only	8	0
A/BARCELONA/314/2002		A	H3N2	2002		virus_only	6	0
A/BARCELONA/319/2009		A	H3N2	2009		virus_only	16	0
A/BARCELONA/32/2003		A	H3N2	2003		virus_only	7	0
A/BARCELONA/321/2009		A	H3N2	2009		virus_only	16	0
A/BARCELONA/328/2009		A	H3N2	2009		virus_only	16	0
A/BARCELONA/329/2009		A	H3N2	2009		virus_only	8	0
A/BARCELONA/330/2009		A	H3N2	2009		virus_only	8	0
A/BARCELONA/331/2000		A	H3N2	2000		virus_only	6	0
A/BARCELONA/337/2009		A	H3N2	2009		virus_only	8	0
A/BARCELONA/338/2009		A	H3N2	2009		virus_only	8	0
A/BARCELONA/341/2002		A	H3N2	2002		virus_only	6	0
A/BARCELONA/341/2009		A	H3N2	2009		virus_only	8	0
A/BARCELONA/342/2009		A	H3N2	2009		virus_only	8	0
A/BARCELONA/343/2002		A	H3N2	2002		virus_only	6	0
A/BARCELONA/343/2009		A	H3N2	2009		virus_only	8	0
A/BARCELONA/344/2009		A	H3N2	2009		virus_only	8	0
A/BARCELONA/347/2009		A	H3N2	2009		virus_only	8	0
A/BARCELONA/359/2009		A	H3N2	2009		virus_only	8	0
A/BARCELONA/360/2009		A	H3N2	2009		virus_only	8	0
A/BARCELONA/363/2009		A	H3N2	2009		virus_only	8	0
A/BARCELONA/364/2003		A	H3N2	2003		virus_only	6	0
A/BARCELONA/365/2003		A	H3N2	2003		virus_only	6	0
A/BARCELONA/366/2003		A	H3N2	2003		virus_only	6	0
A/BARCELONA/367/2003		A	H3N2	2003		virus_only	6	0
A/BARCELONA/368/2003		A	H3N2	2003		virus_only	6	0
A/BARCELONA/369/2003		A	H3N2	2003		virus_only	6	0
A/BARCELONA/37/2003		A	H3N2	2003		virus_only	7	0
A/BARCELONA/370/2003		A	H3N2	2003		virus_only	6	0
A/BARCELONA/371/2009		A	H3N2	2009		virus_only	8	0
A/BARCELONA/372/2002		A	H3N2	2002		virus_only	6	0
A/BARCELONA/372/2003		A	H3N2	2003		virus_only	6	0
A/BARCELONA/373/2003		A	H3N2	2003		virus_only	6	0
A/BARCELONA/375/2003		A	H3N2	2003		virus_only	6	0
A/BARCELONA/377/2002		A	H3N2	2002		virus_only	6	0
A/BARCELONA/382/2009		A	H3N2	2009		virus_only	8	0
A/BARCELONA/39/2003		A	H3N2	2003		virus_only	7	0
A/BARCELONA/392/2009		A	H3N2	2009		virus_only	8	0
A/BARCELONA/41079/2000		A	H3N2	2000		virus_only	6	0
A/BARCELONA/411/2002		A	H3N2	2002		virus_only	6	0
A/BARCELONA/42/2003		A	H3N2	2003		virus_only	7	0
A/BARCELONA/43/2003		A	H3N2	2003		virus_only	7	0
A/BARCELONA/432/2009		A	H3N2	2009		virus_only	8	0
A/BARCELONA/437/2009		A	H3N2	2009		virus_only	8	0
A/BARCELONA/44/2003		A	H3N2	2003		virus_only	7	0
A/BARCELONA/440/2002		A	H3N2	2002		virus_only	6	0
A/BARCELONA/442/2009		A	H3N2	2009		virus_only	8	0
A/BARCELONA/443/2009		A	H3N2	2009		virus_only	8	0
A/BARCELONA/46/2003		A	H3N2	2003		virus_only	7	0
A/BARCELONA/479/2002		A	H3N2	2002		virus_only	6	0
A/BARCELONA/48/2003		A	H3N2	2003		virus_only	7	0
A/BARCELONA/49V31/2003		A	H3N2	2003		virus_only	6	0
A/BARCELONA/50/2003		A	H3N2	2003		virus_only	7	0
A/BARCELONA/51/2003		A	H3N2	2003		virus_only	7	0
A/BARCELONA/51423/2000		A	H3N2	2000		virus_only	6	0
A/BARCELONA/52/2003		A	H3N2	2003		virus_only	7	0
A/BARCELONA/523/2002		A	H3N2	2002		virus_only	8	0
A/BARCELONA/53/2003		A	H3N2	2003		virus_only	7	0
A/BARCELONA/53/2004		A	H3N2	2004		virus_only	14	0
A/BARCELONA/54/2003		A	H3N2	2003		virus_only	7	0
A/BARCELONA/540/2002		A	H3N2	2002		virus_only	8	0
A/BARCELONA/541/2002		A	H3N2	2002		virus_only	8	0
A/BARCELONA/543/2002		A	H3N2	2002		virus_only	8	0
A/BARCELONA/575/2002		A	H3N2	2002		virus_only	8	0
A/BARCELONA/58/2004		A	H3N2	2004		virus_only	14	0
A/BARCELONA/59/2004		A	H3N2	2004		virus_only	14	0
A/BARCELONA/6/2003		A	H3N2	2003		virus_only	7	0
A/BARCELONA/611/2000		A	H3N2	2000		virus_only	6	0
A/BARCELONA/628/2000		A	H3N2	2000		virus_only	6	0
A/BARCELONA/63/2003		A	H3N2	2003		virus_only	7	0
A/BARCELONA/634/2002		A	H3N2	2002		virus_only	8	0
A/BARCELONA/657/2002		A	H3N2	2002		virus_only	8	0
A/BARCELONA/66/2003		A	H3N2	2003		virus_only	7	0
A/BARCELONA/687/2002		A	H3N2	2002		virus_only	8	0
A/BARCELONA/7/2003		A	H3N2	2003		virus_only	7	0
A/BARCELONA/715/2001		A	H3N2	2001		virus_only	6	0
A/BARCELONA/72241/2003		A	H3N2	2003		virus_only	6	0
A/BARCELONA/74/2005		A	H3N2	2005		virus_only	14	0
A/BARCELONA/75/2005		A	H3N2	2005		virus_only	16	0
A/BARCELONA/76/2002		A	H3N2	2002		virus_only	8	0
A/BARCELONA/78/2003		A	H3N2	2003		virus_only	7	0
A/BARCELONA/79570/2002		A	H3N2	2002		virus_only	8	0
A/BARCELONA/8/2003		A	H3N2	2003		virus_only	7	0
A/BARCELONA/80/2003		A	H3N2	2003		virus_only	7	0
A/BARCELONA/80/2006		A	H3N2	2006		virus_only	8	0
A/BARCELONA/81/2002		A	H3N2	2002		virus_only	8	0
A/BARCELONA/82/2002		A	H3N2	2002		virus_only	8	0
A/BARCELONA/85/2003		A	H3N2	2003		virus_only	7	0
A/BARCELONA/86/2004		A	H3N2	2004		virus_only	14	0
A/BARCELONA/9/2003		A	H3N2	2003		virus_only	7	0
A/BARCELONA/91/2003		A	H3N2	2003		virus_only	7	0
A/BARCELONA/93/2002		A	H3N2	2002		virus_only	8	0
A/BARCELONA/95/2002		A	H3N2	2002		virus_only	8	0
A/BARCELONA/95/2003		A	H3N2	2003		virus_only	7	0
A/BARCELONA/962V31/2003		A	H3N2	2003		virus_only	6	0
A/BARCELONA/99/2005		A	H3N2	2005		virus_only	14	0
A/BARCELONA/V102A/2009		A	H3N2	2009		virus_only	8	0
A/BARCELONA/V105A/2009		A	H3N2	2009		virus_only	8	0
A/BARCELONA/V110A/2009		A	H3N2	2009		virus_only	8	0
A/BARCELONA/V114A/2009		A	H3N2	2009		virus_only	8	0
A/BARCELONA/V120A/2009		A	H3N2	2009		virus_only	8	0
A/BARCELONA/V133A/2009		A	H3N2	2009		virus_only	8	0
A/BARCELONA/V142A/2009		A	H3N2	2009		virus_only	8	0
A/BARCELONA/V144A/2009		A	H3N2	2009		virus_only	8	0
A/BARCELONA/V195A/2009		A	H3N2	2009		virus_only	8	0
A/BARCELONA/V198A/2009		A	H3N2	2009		virus_only	8	0
A/BARCELONA/V200A/2009		A	H3N2	2009		virus_only	8	0
A/BARCELONA/V226A/2009		A	H3N2	2009		virus_only	8	0
A/BARCELONA/V228A/2009		A	H3N2	2009		virus_only	8	0
A/BARCELONA/V233A/2009		A	H3N2	2009		virus_only	8	0
A/BARCELONA/V235A/2009		A	H3N2	2009		virus_only	8	0
A/BARCELONA/V236A/2009		A	H3N2	2009		virus_only	8	0
A/BARCELONA/V241A/2009		A	H3N2	2009		virus_only	8	0
A/BARCELONA/V250A/2009		A	H3N2	2009		virus_only	8	0
A/BARCELONA/V256A/2009		A	H3N2	2009		virus_only	8	0
A/BARCELONA/V258A/2009		A	H3N2	2009		virus_only	8	0
A/BARCELONA/V266A/2009		A	H3N2	2009		virus_only	8	0
A/BARCELONA/V267A/2009		A	H3N2	2009		virus_only	16	0
A/BARCELONA/V268A/2009		A	H3N2	2009		virus_only	8	0
A/BARCELONA/V285A/2009		A	H3N2	2009		virus_only	8	0
A/BARCELONA/V326A/2009		A	H3N2	2009		virus_only	16	0
A/BARCELONA/V330A/2009		A	H3N2	2009		virus_only	16	0
A/BARCELONA/V359A/2009		A	H3N2	2009		virus_only	8	0
A/BARCELONA/V376A/2009		A	H3N2	2009		virus_only	16	0
A/BARCELONA/V39A/2009		A	H3N2	2009		virus_only	8	0
A/BARCELONA/V45A/2009		A	H3N2	2009		virus_only	8	0
A/BARCELONA/V48A/2009		A	H3N2	2009		virus_only	8	0
A/BARCELONA/V491A/2009		A	H3N2	2009		virus_only	16	0
A/BARCELONA/V49A/2009		A	H3N2	2009		virus_only	8	0
A/BARCELONA/V520A/2009		A	H3N2	2009		virus_only	16	0
A/BARCELONA/V538A/2009		A	H3N2	2009		virus_only	16	0
A/BARCELONA/V56A/2009		A	H3N2	2009		virus_only	8	0
A/BARCELONA/V65A/2009		A	H3N2	2009		virus_only	8	0
A/BARCELONA/V7644A/2008		A	H3N2	2008		virus_only	8	0
A/BARCELONA/V7677A/2008		A	H3N2	2008		virus_only	8	0
A/BARCELONA/V7803A/2008		A	H3N2	2008		virus_only	8	0
A/BARCELONA/V7A/2009		A	H3N2	2009		virus_only	16	0
A/BARCELONA/V8A/2009		A	H3N2	2009		virus_only	16	0
A/BARCELONAV102/A/2009		A	H3N2	2009		virus_only	8	0
A/BARCELONAV239/A/2009		A	H3N2	2009		virus_only	8	0
A/BARI/11/2016		A	H3N2	2016		virus_only	12	0
A/BARI/8/1993		A	H3N2	1993		virus_only	7	0
A/BARI/9/1993		A	H3N2	1993		virus_only	7	0
A/BARNAUL/139/2017		A	H3N2	2017		virus_only	6	0
A/BASILICATA/1/1999		A	H3N2	1999		virus_only	5	0
A/BASILICATA/1/2000		A	H3N2	2000		virus_only	6	0
A/BASILICATA/2/1999		A	H3N2	1999		virus_only	5	0
A/BASSENORMANDIE/1055/2017		A	H3N2	2017		virus_only	8	0
A/BASSENORMANDIE/1144/2018		A	H3N2	2018		virus_only	8	0
A/BAYERN/1/1997		A	H3N2	1997		virus_only	5	0
A/BAYERN/1/2002		A	H3N2	2002		virus_only	7	0
A/BAYERN/1/2003		A	H3N2	2003		virus_only	6	0
A/BAYERN/1/2014		A	H3N2	2014		virus_only	9	0
A/BAYERN/1/2015		A	H3N2	2015		virus_only	10	0
A/BAYERN/10/1999		A	H3N2	1999		virus_only	6	0
A/BAYERN/113/2019		A	H3N2	2019		virus_only	9	0
A/BAYERN/12/1998		A	H3N2	1998		virus_only	5	0
A/BAYERN/12/1999		A	H3N2	1999		virus_only	6	0
A/BAYERN/121/1999		A	H3N2	1999		virus_only	5	0
A/BAYERN/122/1999		A	H3N2	1999		virus_only	5	0
A/BAYERN/127/1999		A	H3N2	1999		virus_only	5	0
A/BAYERN/128/1999		A	H3N2	1999		virus_only	5	0
A/BAYERN/13/2000		A	H3N2	2000		virus_only	5	0
A/BAYERN/135/1999		A	H3N2	1999		virus_only	5	0
A/BAYERN/139/2013		A	H3N2	2013		virus_only	9	0
A/BAYERN/14/1998		A	H3N2	1998		virus_only	5	0
A/BAYERN/147/1999		A	H3N2	1999		virus_only	5	0
A/BAYERN/148/1999		A	H3N2	1999		virus_only	5	0
A/BAYERN/15/2000		A	H3N2	2000		virus_only	5	0
A/BAYERN/15/2004		A	H3N2	2004		virus_only	12	0
A/BAYERN/16/1998		A	H3N2	1998		virus_only	5	0
A/BAYERN/16/2004		A	H3N2	2004		virus_only	9	0
A/BAYERN/17/1998		A	H3N2	1998		virus_only	5	0
A/BAYERN/178/2000		A	H3N2	2000		virus_only	5	0
A/BAYERN/18/1998		A	H3N2	1998		virus_only	5	0
A/BAYERN/18/2000		A	H3N2	2000		virus_only	5	0
A/BAYERN/18/2006		A	H3N2	2006		virus_only	8	0
A/BAYERN/19/1998		A	H3N2	1998		virus_only	5	0
A/BAYERN/19/2000		A	H3N2	2000		virus_only	5	0
A/BAYERN/19/2006		A	H3N2	2006		virus_only	8	0
A/BAYERN/2/1998		A	H3N2	1998		virus_only	5	0
A/BAYERN/2/2020		A	H3N2	2020		virus_only	9	0
A/BAYERN/20/2006		A	H3N2	2006		virus_only	8	0
A/BAYERN/21/2006		A	H3N2	2006		virus_only	8	0
A/BAYERN/23/2006		A	H3N2	2006		virus_only	8	0
A/BAYERN/27/2002		A	H3N2	2002		virus_only	6	0
A/BAYERN/3/1997		A	H3N2	1997		virus_only	5	0
A/BAYERN/3/2000		A	H3N2	2000		virus_only	5	0
A/BAYERN/3/2003		A	H3N2	2003		virus_only	5	0
A/BAYERN/3/2005		A	H3N2	2005		virus_only	10	0
A/BAYERN/3/2006		A	H3N2	2006		virus_only	10	0
A/BAYERN/3/2014		A	H3N2	2014		virus_only	9	0
A/BAYERN/32/1996		A	H3N2	1996		virus_only	6	0
A/BAYERN/33/2000		A	H3N2	2000		virus_only	5	0
A/BAYERN/45/2000		A	H3N2	2000		virus_only	5	0
A/BAYERN/45/2014		A	H3N2	2014		virus_only	10	0
A/BAYERN/47/2000		A	H3N2	2000		virus_only	5	0
A/BAYERN/47/2008		A	H3N2	2008		virus_only	9	0
A/BAYERN/47/2018		A	H3N2	2018		virus_only	8	0
A/BAYERN/5/2003		A	H3N2	2003		virus_only	5	0
A/BAYERN/52/1999		A	H3N2	1999		virus_only	5	0
A/BAYERN/53/2005		A	H3N2	2005		virus_only	7	0
A/BAYERN/53/2019		A	H3N2	2019		virus_only	8	0
A/BAYERN/57/1999		A	H3N2	1999		virus_only	5	0
A/BAYERN/58/1998#ORIGINAL		A	H3N2			virus_only	4	0
A/BAYERN/58/1999		A	H3N2	1999		virus_only	5	0
A/BAYERN/59/1999		A	H3N2	1999		virus_only	5	0
A/BAYERN/6/2005		A	H3N2	2005		virus_only	10	0
A/BAYERN/60/1998		A	H3N2	1998		virus_only	4	0
A/BAYERN/60/1999		A	H3N2	1999		virus_only	5	0
A/BAYERN/61/1999		A	H3N2	1999		virus_only	5	0
A/BAYERN/61/2003		A	H3N2	2003		virus_only	7	0
A/BAYERN/62/1999		A	H3N2	1999		virus_only	5	0
A/BAYERN/63/1998#ORIGINAL		A	H3N2			virus_only	4	0
A/BAYERN/63/1999		A	H3N2	1999		virus_only	5	0
A/BAYERN/7/1998		A	H3N2	1998		virus_only	5	0
A/BAYERN/7/2002		A	H3N2	2002		virus_only	6	0
A/BAYERN/76/2016		A	H3N2	2016		virus_only	12	0
A/BAYERN/8/1999		A	H3N2	1999		virus_only	6	0
A/BAYERN/87/2011		A	H3N2	2011		virus_only	9	0
A/BAYERN/88/2011		A	H3N2	2011		virus_only	9	0
A/BAYERN/90/1998		A	H3N2	1998		virus_only	5	0
A/BAYERN/91/1998		A	H3N2	1998		virus_only	5	0
A/BECHAR/02/2000		A	H3N2	2000		virus_only	6	0
A/BEHORIRIKA/355/2015		A	H3N2	2015		virus_only	11	0
A/BEIJING/201915554/2018		A	H3N2	2018		virus_only	16	0
A/BEIJING/352/1989@LOT92		A	H3N2			virus_only	9	0
A/BEIJINGCHAOYANG/12841/2018		A	H3N2	2018		virus_only	8	0
A/BEIJINGHUAIROU/1557/2018		A	H3N2	2018		virus_only	12	0
A/BEIJINGXICHENG/13100/2014		A	H3N2	2014		virus_only	10	0
A/BEIRUT/331/2020		A	H3N2	2020		virus_only	9	0
A/BEIRUT/421/2020		A	H3N2	2020		virus_only	9	0
A/BELARUS/1136/2017		A	H3N2	2017		virus_only	12	0
A/BELARUS/1140/2017		A	H3N2	2017		virus_only	12	0
A/BELARUS/1146/2017		A	H3N2	2017		virus_only	12	0
A/BELARUS/1147/2017		A	H3N2	2017		virus_only	11	0
A/BELARUS/288/2007		A	H3N2	2007		virus_only	9	0
A/BELARUS/289/2007		A	H3N2	2007		virus_only	9	0
A/BELARUS/340/2007		A	H3N2	2007		virus_only	9	0
A/BELARUS/341/2007		A	H3N2	2007		virus_only	10	0
A/BELARUS/348/2007		A	H3N2	2007		virus_only	8	0
A/BELFAST/1118/1997		A	H3N2	1997		virus_only	4	0
A/BELFAST/1322/1997		A	H3N2	1997		virus_only	9	0
A/BELFAST/2079/1999		A	H3N2	1999		virus_only	6	0
A/BELFAST/2995/1999		A	H3N2	1999		virus_only	6	0
A/BELFAST/3651/1998		A	H3N2	1998		virus_only	5	0
A/BELFAST/37/1997		A	H3N2	1997		virus_only	4	0
A/BELFAST/38401/1996		A	H3N2	1996		virus_only	4	0
A/BELFAST/38406/1997		A	H3N2	1997		virus_only	4	0
A/BELFAST/38731/1996		A	H3N2	1996		virus_only	4	0
A/BELFAST/39445/1999		A	H3N2	1999		virus_only	6	0
A/BELFAST/407/1997		A	H3N2	1997		virus_only	4	0
A/BELFAST/41066/1998		A	H3N2	1998		virus_only	5	0
A/BELFAST/4765/1998		A	H3N2	1998		virus_only	5	0
A/BELFAST/6000/1998		A	H3N2	1998		virus_only	5	0
A/BELFAST/6485/1998		A	H3N2	1998		virus_only	5	0
A/BELFAST/7821/1998		A	H3N2	1998		virus_only	5	0
A/BELFAST/7838/1998		A	H3N2	1998		virus_only	5	0
A/BELGIUM/1/1993		A	H3N2	1993		virus_only	7	0
A/BELGIUM/1/2004		A	H3N2	2004		virus_only	17	0
A/BELGIUM/10/2004		A	H3N2	2004		virus_only	17	0
A/BELGIUM/101/1995		A	H3N2	1995		virus_only	6	0
A/BELGIUM/11/1993		A	H3N2	1993		virus_only	7	0
A/BELGIUM/12/1993		A	H3N2	1993		virus_only	7	0
A/BELGIUM/121/1997		A	H3N2	1997		virus_only	6	0
A/BELGIUM/124/1997		A	H3N2	1997		virus_only	6	0
A/BELGIUM/126/1997		A	H3N2	1997		virus_only	6	0
A/BELGIUM/13/1993		A	H3N2	1993		virus_only	7	0
A/BELGIUM/132/1992		A	H3N2	1992		virus_only	6	0
A/BELGIUM/138/1992		A	H3N2	1992		virus_only	6	0
A/BELGIUM/138/2004		A	H3N2	2004		virus_only	11	0
A/BELGIUM/139/1995		A	H3N2	1995		virus_only	6	0
A/BELGIUM/13G1308/2013		A	H3N2	2013		virus_only	9	0
A/BELGIUM/13G1319/2013		A	H3N2	2013		virus_only	9	0
A/BELGIUM/13G1326/2013		A	H3N2	2013		virus_only	9	0
A/BELGIUM/13G1334/2013		A	H3N2	2013		virus_only	9	0
A/BELGIUM/13G1346/2013		A	H3N2	2013		virus_only	9	0
A/BELGIUM/14/1993		A	H3N2	1993		virus_only	7	0
A/BELGIUM/146/2004		A	H3N2	2004		virus_only	11	0
A/BELGIUM/147/2004		A	H3N2	2004		virus_only	11	0
A/BELGIUM/14G0001/2014		A	H3N2	2014		virus_only	9	0
A/BELGIUM/14G0496/2014		A	H3N2	2014		virus_only	23	0
A/BELGIUM/14G0508/2014		A	H3N2	2014		virus_only	10	0
A/BELGIUM/14G0510/2014		A	H3N2	2014		virus_only	10	0
A/BELGIUM/14H0010/2014		A	H3N2	2014		virus_only	20	0
A/BELGIUM/14H0034/2014		A	H3N2	2014		virus_only	10	0
A/BELGIUM/14S0070/2014		A	H3N2	2014		virus_only	20	0
A/BELGIUM/14S0265/2014		A	H3N2	2014		virus_only	20	0
A/BELGIUM/157/1992		A	H3N2	1992		virus_only	6	0
A/BELGIUM/157/1995		A	H3N2	1995		virus_only	6	0
A/BELGIUM/158/1995		A	H3N2	1995		virus_only	6	0
A/BELGIUM/160/1995		A	H3N2	1995		virus_only	6	0
A/BELGIUM/162/1992		A	H3N2	1992		virus_only	6	0
A/BELGIUM/162/1995		A	H3N2	1995		virus_only	6	0
A/BELGIUM/163/1995		A	H3N2	1995		virus_only	6	0
A/BELGIUM/17/1993		A	H3N2	1993		virus_only	7	0
A/BELGIUM/171/1995		A	H3N2	1995		virus_only	6	0
A/BELGIUM/176/1995		A	H3N2	1995		virus_only	6	0
A/BELGIUM/183/2002		A	H3N2	2002		virus_only	6	0
A/BELGIUM/187/1995		A	H3N2	1995		virus_only	6	0
A/BELGIUM/194/1995		A	H3N2	1995		virus_only	6	0
A/BELGIUM/2/1993		A	H3N2	1993		virus_only	7	0
A/BELGIUM/2/2004		A	H3N2	2004		virus_only	5	0
A/BELGIUM/202/2002		A	H3N2	2002		virus_only	6	0
A/BELGIUM/204/1992		A	H3N2	1992		virus_only	6	0
A/BELGIUM/209/1992		A	H3N2	1992		virus_only	6	0
A/BELGIUM/21/1993		A	H3N2	1993		virus_only	7	0
A/BELGIUM/210/1992		A	H3N2	1992		virus_only	6	0
A/BELGIUM/217/1992		A	H3N2	1992		virus_only	6	0
A/BELGIUM/22/1995		A	H3N2	1995		virus_only	6	0
A/BELGIUM/223/1997		A	H3N2	1997		virus_only	6	0
A/BELGIUM/226/1995		A	H3N2	1995		virus_only	6	0
A/BELGIUM/228/1995		A	H3N2	1995		virus_only	6	0
A/BELGIUM/23/1993		A	H3N2	1993		virus_only	7	0
A/BELGIUM/231/1992		A	H3N2	1992		virus_only	6	0
A/BELGIUM/232/1992		A	H3N2	1992		virus_only	6	0
A/BELGIUM/233/1995		A	H3N2	1995		virus_only	6	0
A/BELGIUM/237/1997		A	H3N2	1997		virus_only	11	0
A/BELGIUM/24/1993		A	H3N2	1993		virus_only	7	0
A/BELGIUM/268/1999		A	H3N2	1999		virus_only	5	0
A/BELGIUM/288/1995		A	H3N2	1995		virus_only	6	0
A/BELGIUM/291/1995		A	H3N2	1995		virus_only	6	0
A/BELGIUM/292/1995		A	H3N2	1995		virus_only	6	0
A/BELGIUM/293/1995		A	H3N2	1995		virus_only	6	0
A/BELGIUM/3/1993		A	H3N2	1993		virus_only	7	0
A/BELGIUM/3/2004		A	H3N2	2004		virus_only	17	0
A/BELGIUM/303/1999		A	H3N2	1999		virus_only	5	0
A/BELGIUM/4/1993		A	H3N2	1993		virus_only	7	0
A/BELGIUM/4/2004		A	H3N2	2004		virus_only	11	0
A/BELGIUM/455/1999		A	H3N2	1999		virus_only	5	0
A/BELGIUM/48/1992		A	H3N2	1992		virus_only	6	0
A/BELGIUM/5/1993		A	H3N2	1993		virus_only	7	0
A/BELGIUM/6/1993@343		A	H3N2			virus_only	7	0
A/BELGIUM/665/1999		A	H3N2	1999		virus_only	5	0
A/BELGIUM/698/2005		A	H3N2	2005		virus_only	7	0
A/BELGIUM/719/2005		A	H3N2	2005		virus_only	7	0
A/BELGIUM/720/2005		A	H3N2	2005		virus_only	7	0
A/BELGIUM/73/1995		A	H3N2	1995		virus_only	6	0
A/BELGIUM/733/1999		A	H3N2	1999		virus_only	5	0
A/BELGIUM/739/2005		A	H3N2	2005		virus_only	7	0
A/BELGIUM/750/1999		A	H3N2	1999		virus_only	5	0
A/BELGIUM/751/1999		A	H3N2	1999		virus_only	5	0
A/BELGIUM/757/1999		A	H3N2	1999		virus_only	5	0
A/BELGIUM/8/1993		A	H3N2	1993		virus_only	7	0
A/BELGIUM/8/2004		A	H3N2	2004		virus_only	17	0
A/BELGIUM/875/2002		A	H3N2	2002		virus_only	6	0
A/BELGIUM/9/1993		A	H3N2	1993		virus_only	7	0
A/BELGIUM/9/2004		A	H3N2	2004		virus_only	17	0
A/BELGIUM/969/2002		A	H3N2	2002		virus_only	6	0
A/BELGIUM/G0024/2017		A	H3N2	2017		virus_only	12	0
A/BELGIUM/G0042/2017		A	H3N2	2017		virus_only	12	0
A/BELGIUM/G0044/2013		A	H3N2	2013		virus_only	11	0
A/BELGIUM/G0080/2007		A	H3N2	2007		virus_only	10	0
A/BELGIUM/G0214/2020		A	H3N2	2020		virus_only	9	0
A/BELGIUM/G0229/2020		A	H3N2	2020		virus_only	9	0
A/BELGIUM/G0270/2020		A	H3N2	2020		virus_only	9	0
A/BELGIUM/G0274/2020		A	H3N2	2020		virus_only	9	0
A/BELGIUM/G0275/2020		A	H3N2	2020		virus_only	9	0
A/BELGIUM/G0506/2019		A	H3N2	2019		virus_only	9	0
A/BELGIUM/G0508/2013		A	H3N2	2013		virus_only	11	0
A/BELGIUM/G0514/2019		A	H3N2	2019		virus_only	9	0
A/BELGIUM/G0528/2013		A	H3N2	2013		virus_only	11	0
A/BELGIUM/G0528/2019		A	H3N2	2019		virus_only	9	0
A/BELGIUM/G0542/2019		A	H3N2	2019		virus_only	9	0
A/BELGIUM/G0687/2016		A	H3N2	2016		virus_only	12	0
A/BELGIUM/G100/2004		A	H3N2	2004		virus_only	6	0
A/BELGIUM/G1010/2012		A	H3N2	2012		virus_only	11	0
A/BELGIUM/G102/2004		A	H3N2	2004		virus_only	6	0
A/BELGIUM/G103/2004		A	H3N2	2004		virus_only	6	0
A/BELGIUM/G1034/2013		A	H3N2	2013		virus_only	11	0
A/BELGIUM/G1063/2011		A	H3N2	2011		virus_only	9	0
A/BELGIUM/G1067/2013		A	H3N2	2013		virus_only	11	0
A/BELGIUM/G1071/2013		A	H3N2	2013		virus_only	11	0
A/BELGIUM/G1109/2011		A	H3N2	2011		virus_only	9	0
A/BELGIUM/G1125/2011		A	H3N2	2011		virus_only	9	0
A/BELGIUM/G1147/2011		A	H3N2	2011		virus_only	9	0
A/BELGIUM/G132/2009		A	H3N2	2009		virus_only	17	0
A/BELGIUM/G135/2004		A	H3N2	2004		virus_only	6	0
A/BELGIUM/G154/2004		A	H3N2	2004		virus_only	6	0
A/BELGIUM/G167/2009		A	H3N2	2009		virus_only	17	0
A/BELGIUM/G171/2009		A	H3N2	2009		virus_only	17	0
A/BELGIUM/G172/2004		A	H3N2	2004		virus_only	6	0
A/BELGIUM/G173/2004		A	H3N2	2004		virus_only	6	0
A/BELGIUM/G174/2004		A	H3N2	2004		virus_only	6	0
A/BELGIUM/G177/2009		A	H3N2	2009		virus_only	17	0
A/BELGIUM/G180/2004		A	H3N2	2004		virus_only	6	0
A/BELGIUM/G182/2004		A	H3N2	2004		virus_only	6	0
A/BELGIUM/G183/2004		A	H3N2	2004		virus_only	6	0
A/BELGIUM/G183/2009		A	H3N2	2009		virus_only	17	0
A/BELGIUM/G188/2004		A	H3N2	2004		virus_only	6	0
A/BELGIUM/G188/2009		A	H3N2	2009		virus_only	26	0
A/BELGIUM/G190/2004		A	H3N2	2004		virus_only	6	0
A/BELGIUM/G197/2004		A	H3N2	2004		virus_only	6	0
A/BELGIUM/G204/2009		A	H3N2	2009		virus_only	17	0
A/BELGIUM/G205/2004		A	H3N2	2004		virus_only	6	0
A/BELGIUM/G207/2004		A	H3N2	2004		virus_only	6	0
A/BELGIUM/G209/2004		A	H3N2	2004		virus_only	6	0
A/BELGIUM/G211/2009		A	H3N2	2009		virus_only	8	0
A/BELGIUM/G213/2009		A	H3N2	2009		virus_only	17	0
A/BELGIUM/G217/2009		A	H3N2	2009		virus_only	17	0
A/BELGIUM/G228/2009		A	H3N2	2009		virus_only	8	0
A/BELGIUM/G239/2009		A	H3N2	2009		virus_only	17	0
A/BELGIUM/G24/2004		A	H3N2	2004		virus_only	6	0
A/BELGIUM/G25/2004		A	H3N2	2004		virus_only	6	0
A/BELGIUM/G251/2009		A	H3N2	2009		virus_only	17	0
A/BELGIUM/G253/2009		A	H3N2	2009		virus_only	17	0
A/BELGIUM/G254/2009		A	H3N2	2009		virus_only	17	0
A/BELGIUM/G257/2009		A	H3N2	2009		virus_only	17	0
A/BELGIUM/G278/2009		A	H3N2	2009		virus_only	8	0
A/BELGIUM/G288/2009		A	H3N2	2009		virus_only	17	0
A/BELGIUM/G296/2000		A	H3N2	2000		virus_only	5	0
A/BELGIUM/G298/2009		A	H3N2	2009		virus_only	8	0
A/BELGIUM/G299/2009		A	H3N2	2009		virus_only	17	0
A/BELGIUM/G307/2009		A	H3N2	2009		virus_only	17	0
A/BELGIUM/G308/2009		A	H3N2	2009		virus_only	17	0
A/BELGIUM/G314/2009		A	H3N2	2009		virus_only	17	0
A/BELGIUM/G316/2009		A	H3N2	2009		virus_only	17	0
A/BELGIUM/G318/2009		A	H3N2	2009		virus_only	9	0
A/BELGIUM/G320/2009		A	H3N2	2009		virus_only	17	0
A/BELGIUM/G344/2009		A	H3N2	2009		virus_only	9	0
A/BELGIUM/G346/2009		A	H3N2	2009		virus_only	17	0
A/BELGIUM/G349/2009		A	H3N2	2009		virus_only	17	0
A/BELGIUM/G589/2014@VS0235		A	H3N2			virus_only	10	0
A/BELGIUM/G60/2004		A	H3N2	2004		virus_only	6	0
A/BELGIUM/G65/2004		A	H3N2	2004		virus_only	6	0
A/BELGIUM/G678/2014@VS0243		A	H3N2			virus_only	10	0
A/BELGIUM/G72/2004		A	H3N2	2004		virus_only	6	0
A/BELGIUM/G94/2004		A	H3N2	2004		virus_only	6	0
A/BELGIUM/H0017/2020		A	H3N2	2020		virus_only	9	0
A/BELGIUM/H23/2017		A	H3N2	2017		virus_only	5	0
A/BELGIUM/H25/2017		A	H3N2	2017		virus_only	6	0
A/BELGIUM/H80/2014@VS0239		A	H3N2			virus_only	10	0
A/BELGIUM/S0275/2019		A	H3N2	2019		virus_only	8	0
A/BELGIUM/S0304/2012		A	H3N2	2012		virus_only	11	0
A/BELGIUM/S0325/2012		A	H3N2	2012		virus_only	11	0
A/BELGIUM/S0571/2020		A	H3N2	2020		virus_only	9	0
A/BELGIUM/S0710/2020		A	H3N2	2020		virus_only	9	0
A/BELGIUM/S0734/2020		A	H3N2	2020		virus_only	9	0
A/BELGIUM/S0751/2020		A	H3N2	2020		virus_only	9	0
A/BELGIUM/S0826/2020		A	H3N2	2020		virus_only	9	0
A/BELGIUM/S0831/2020		A	H3N2	2020		virus_only	9	0
A/BELGIUM/S0878/2020		A	H3N2	2020		virus_only	9	0
A/BELGIUM/S0900/2020		A	H3N2	2020		virus_only	9	0
A/BELGIUM/S0923/2013		A	H3N2	2013		virus_only	11	0
A/BELGIUM/S0930/2013		A	H3N2	2013		virus_only	11	0
A/BELGIUM/S0932/2013		A	H3N2	2013		virus_only	11	0
A/BELGIUM/S1003/2020		A	H3N2	2020		virus_only	9	0
A/BELGIUM/S1081/2020		A	H3N2	2020		virus_only	9	0
A/BELGIUM/S1258/2020		A	H3N2	2020		virus_only	9	0
A/BELGIUM/SP003/2007		A	H3N2	2007		virus_only	10	0
A/BELGIUM/SP004/2007		A	H3N2	2007		virus_only	10	0
A/BELGIUM/SP005/2007		A	H3N2	2007		virus_only	10	0
A/BELGIUM/SP006/2007		A	H3N2	2007		virus_only	10	0
A/BELGIUM/SP007/2007		A	H3N2	2007		virus_only	10	0
A/BELGIUM/SP008/2007		A	H3N2	2007		virus_only	10	0
A/BELGIUM/SP009/2007		A	H3N2	2007		virus_only	10	0
A/BELGIUM/SP01/2009		A	H3N2	2009		virus_only	8	0
A/BELGIUM/SP02/2009		A	H3N2	2009		virus_only	8	0
A/BELGIUM/SP03/2009		A	H3N2	2009		virus_only	8	0
A/BELGIUM/SP04/2009		A	H3N2	2009		virus_only	8	0
A/BELGIUM/SP05/2009		A	H3N2	2009		virus_only	8	0
A/BELGIUM/SP06/2009		A	H3N2	2009		virus_only	8	0
A/BELGIUM/SP07/2009		A	H3N2	2009		virus_only	8	0
A/BELGIUM/SP08/2009		A	H3N2	2009		virus_only	8	0
A/BELGIUM/SP09/2009		A	H3N2	2009		virus_only	8	0
A/BELGIUM/SP10/2009		A	H3N2	2009		virus_only	8	0
A/BELGIUM/SP11/2009		A	H3N2	2009		virus_only	8	0
A/BELGIUM/SP12/2009		A	H3N2	2009		virus_only	8	0
A/BELGIUM/SP13/2008		A	H3N2	2008		virus_only	13	0
A/BELGIUM/SP13/2009		A	H3N2	2009		virus_only	17	0
A/BELGOROD/2/2016		A	H3N2	2016		virus_only	12	0
A/BELGOROD/3/2007		A	H3N2	2007		virus_only	8	0
A/BELGRADE/1061/2003		A	H3N2	2003		virus_only	9	0
A/BELGRADE/1154/2003		A	H3N2	2003		virus_only	9	0
A/BELGRADE/1166/2013		A	H3N2	2013		virus_only	24	0
A/BELGRADE/1285/2003		A	H3N2	2003		virus_only	9	0
A/BELGRADE/1340/2007		A	H3N2	2007		virus_only	11	0
A/BELGRADE/1417/2014		A	H3N2	2014		virus_only	9	0
A/BELGRADE/1420/2012		A	H3N2	2012		virus_only	10	0
A/BELGRADE/1470/2012		A	H3N2	2012		virus_only	10	0
A/BELGRADE/1543/2003		A	H3N2	2003		virus_only	9	0
A/BELGRADE/1544/2012		A	H3N2	2012		virus_only	10	0
A/BELGRADE/1545/2012		A	H3N2	2012		virus_only	10	0
A/BELGRADE/1741/2012		A	H3N2	2012		virus_only	10	0
A/BELGRADE/2114/2014		A	H3N2	2014		virus_only	11	0
A/BELGRADE/2668/2014		A	H3N2	2014		virus_only	10	0
A/BELGRADE/449/2012		A	H3N2	2012		virus_only	10	0
A/BELGRADE/529/2014		A	H3N2	2014		virus_only	9	0
A/BELGRADE/648/2013		A	H3N2	2013		virus_only	6	0
A/BELGRADE/649/2013		A	H3N2	2013		virus_only	6	0
A/BELGRADE/650/2013		A	H3N2	2013		virus_only	19	0
A/BELGRADE/6881/2003		A	H3N2	2003		virus_only	7	0
A/BELGRADE/6883/2003		A	H3N2	2003		virus_only	7	0
A/BELGRADE/6885/2003		A	H3N2	2003		virus_only	7	0
A/BELGRADE/6889/2003		A	H3N2	2003		virus_only	7	0
A/BELGRADE/6890/2003		A	H3N2	2003		virus_only	7	0
A/BELGRADE/7058/2003		A	H3N2	2003		virus_only	7	0
A/BELGRADE/7103/2003		A	H3N2	2003		virus_only	7	0
A/BELGRADE/7108/2003		A	H3N2	2003		virus_only	7	0
A/BELGRADE/7137/2003		A	H3N2	2003		virus_only	7	0
A/BELGRADE/7178/2003		A	H3N2	2003		virus_only	7	0
A/BELGRADE/7220/2003		A	H3N2	2003		virus_only	7	0
A/BELGRADE/7222/2003		A	H3N2	2003		virus_only	7	0
A/BELGRADE/898/2012		A	H3N2	2012		virus_only	10	0
A/BEOGRAD/1549/2012		A	H3N2	2012		virus_only	10	0
A/BEOGRAD/1607/2012		A	H3N2	2012		virus_only	10	0
A/BERGEN/1/1992		A	H3N2	1992		virus_only	7	0
A/BERGEN/1/1997		A	H3N2	1997		virus_only	5	0
A/BERGEN/1/1999		A	H3N2	1999		virus_only	6	0
A/BERGEN/2/1992		A	H3N2	1992		virus_only	7	0
A/BERGEN/2/1997		A	H3N2	1997		virus_only	5	0
A/BERGEN/2/1999		A	H3N2	1999		virus_only	5	0
A/BERGEN/3/1997		A	H3N2	1997		virus_only	5	0
A/BERLIN/1/1990		A	H3N2	1990		virus_only	7	0
A/BERLIN/1/1992		A	H3N2	1992		virus_only	8	0
A/BERLIN/1/1995		A	H3N2	1995		virus_only	5	0
A/BERLIN/1/1997		A	H3N2	1997		virus_only	5	0
A/BERLIN/1/2002		A	H3N2	2002		virus_only	8	0
A/BERLIN/1/2003		A	H3N2	2003		virus_only	6	0
A/BERLIN/1/2005		A	H3N2	2005		virus_only	9	0
A/BERLIN/1/2007		A	H3N2	2007		virus_only	8	0
A/BERLIN/1/2012		A	H3N2	2012		virus_only	9	0
A/BERLIN/1/2014		A	H3N2	2014		virus_only	9	0
A/BERLIN/1/2015		A	H3N2	2015		virus_only	10	0
A/BERLIN/10/1997		A	H3N2	1997		virus_only	5	0
A/BERLIN/10/1999		A	H3N2	1999		virus_only	6	0
A/BERLIN/10/2003		A	H3N2	2003		virus_only	5	0
A/BERLIN/11/2003		A	H3N2	2003		virus_only	5	0
A/BERLIN/11/2006		A	H3N2	2006		virus_only	10	0
A/BERLIN/118/1999		A	H3N2	1999		virus_only	5	0
A/BERLIN/12/2006		A	H3N2	2006		virus_only	10	0
A/BERLIN/12/2007		A	H3N2	2007		virus_only	20	0
A/BERLIN/12/2014		A	H3N2	2014		virus_only	9	0
A/BERLIN/138/2000		A	H3N2	2000		virus_only	6	0
A/BERLIN/139/1999		A	H3N2	1999		virus_only	5	0
A/BERLIN/141/1999		A	H3N2	1999		virus_only	5	0
A/BERLIN/142/1999		A	H3N2	1999		virus_only	5	0
A/BERLIN/153/1999		A	H3N2	1999		virus_only	5	0
A/BERLIN/154/1999		A	H3N2	1999		virus_only	5	0
A/BERLIN/165/2012		A	H3N2	2012		virus_only	11	0
A/BERLIN/170/2012		A	H3N2	2012		virus_only	11	0
A/BERLIN/171/2012		A	H3N2	2012		virus_only	11	0
A/BERLIN/176/1999		A	H3N2	1999		virus_only	5	0
A/BERLIN/19/2007		A	H3N2	2007		virus_only	10	0
A/BERLIN/195/1999		A	H3N2	1999		virus_only	5	0
A/BERLIN/196/1999		A	H3N2	1999		virus_only	5	0
A/BERLIN/2/1990		A	H3N2	1990		virus_only	7	0
A/BERLIN/2/1992		A	H3N2	1992		virus_only	8	0
A/BERLIN/2/1998		A	H3N2	1998		virus_only	5	0
A/BERLIN/2/2012		A	H3N2	2012		virus_only	9	0
A/BERLIN/2/2014		A	H3N2	2014		virus_only	9	0
A/BERLIN/20/2007		A	H3N2	2007		virus_only	30	0
A/BERLIN/20/2014		A	H3N2	2014		virus_only	9	0
A/BERLIN/202/1999		A	H3N2	1999		virus_only	5	0
A/BERLIN/21/2020		A	H3N2	2020		virus_only	9	0
A/BERLIN/215/2013		A	H3N2	2013		virus_only	9	0
A/BERLIN/216/2013		A	H3N2	2013		virus_only	9	0
A/BERLIN/22/2007		A	H3N2	2007		virus_only	10	0
A/BERLIN/23/2006		A	H3N2	2006		virus_only	8	0
A/BERLIN/23/2019		A	H3N2	2019		virus_only	8	0
A/BERLIN/27/2003		A	H3N2	2003		virus_only	5	0
A/BERLIN/27/2016		A	H3N2	2016		virus_only	27	0
A/BERLIN/28/2016		A	H3N2	2016		virus_only	27	0
A/BERLIN/28/2019		A	H3N2	2019		virus_only	8	0
A/BERLIN/3/1997		A	H3N2	1997		virus_only	5	0
A/BERLIN/3/2003		A	H3N2	2003		virus_only	5	0
A/BERLIN/3/2005		A	H3N2	2005		virus_only	9	0
A/BERLIN/3/2012		A	H3N2	2012		virus_only	9	0
A/BERLIN/3/2014		A	H3N2	2014		virus_only	9	0
A/BERLIN/32/2006		A	H3N2	2006		virus_only	8	0
A/BERLIN/35/2003		A	H3N2	2003		virus_only	5	0
A/BERLIN/35/2004		A	H3N2	2004		virus_only	15	0
A/BERLIN/36/2004		A	H3N2	2004		virus_only	11	0
A/BERLIN/36/2006		A	H3N2	2006		virus_only	8	0
A/BERLIN/37/2004		A	H3N2	2004		virus_only	15	0
A/BERLIN/37/2006		A	H3N2	2006		virus_only	8	0
A/BERLIN/37/2019		A	H3N2	2019		virus_only	8	0
A/BERLIN/38/2003		A	H3N2	2003		virus_only	5	0
A/BERLIN/38/2004		A	H3N2	2004		virus_only	11	0
A/BERLIN/38/2006		A	H3N2	2006		virus_only	8	0
A/BERLIN/39/2003		A	H3N2	2003		virus_only	5	0
A/BERLIN/39/2004		A	H3N2	2004		virus_only	11	0
A/BERLIN/4/1996		A	H3N2	1996		virus_only	6	0
A/BERLIN/4/1999		A	H3N2	1999		virus_only	6	0
A/BERLIN/4/2005		A	H3N2	2005		virus_only	9	0
A/BERLIN/4/2007		A	H3N2	2007		virus_only	8	0
A/BERLIN/4/2012		A	H3N2	2012		virus_only	9	0
A/BERLIN/4/2014		A	H3N2	2014		virus_only	9	0
A/BERLIN/40/2004		A	H3N2	2004		virus_only	11	0
A/BERLIN/40/2015		A	H3N2	2015		virus_only	11	0
A/BERLIN/41/2004		A	H3N2	2004		virus_only	11	0
A/BERLIN/43/2004		A	H3N2	2004		virus_only	9	0
A/BERLIN/48/2019		A	H3N2	2019		virus_only	7	0
A/BERLIN/49/2002		A	H3N2	2002		virus_only	6	0
A/BERLIN/5/1992		A	H3N2	1992		virus_only	7	0
A/BERLIN/5/1998		A	H3N2	1998		virus_only	5	0
A/BERLIN/5/1999		A	H3N2	1999		virus_only	6	0
A/BERLIN/5/2003		A	H3N2	2003		virus_only	5	0
A/BERLIN/5/2006		A	H3N2	2006		virus_only	10	0
A/BERLIN/5/2012		A	H3N2	2012		virus_only	9	0
A/BERLIN/50/2008		A	H3N2	2008		virus_only	9	0
A/BERLIN/51/2008		A	H3N2	2008		virus_only	9	0
A/BERLIN/52/2016		A	H3N2	2016		virus_only	13	0
A/BERLIN/55/1999		A	H3N2	1999		virus_only	5	0
A/BERLIN/56/1999		A	H3N2	1999		virus_only	5	0
A/BERLIN/57/1999		A	H3N2	1999		virus_only	5	0
A/BERLIN/58/1999		A	H3N2	1999		virus_only	5	0
A/BERLIN/59/1998#ORIGINAL		A	H3N2			virus_only	4	0
A/BERLIN/59/1999		A	H3N2	1999		virus_only	5	0
A/BERLIN/59/2002		A	H3N2	2002		virus_only	6	0
A/BERLIN/6/1992		A	H3N2	1992		virus_only	7	0
A/BERLIN/6/2003		A	H3N2	2003		virus_only	5	0
A/BERLIN/6/2012		A	H3N2	2012		virus_only	9	0
A/BERLIN/60/2002		A	H3N2	2002		virus_only	6	0
A/BERLIN/62/2008		A	H3N2	2008		virus_only	9	0
A/BERLIN/67/2002		A	H3N2	2002		virus_only	6	0
A/BERLIN/7/2003		A	H3N2	2003		virus_only	5	0
A/BERLIN/7/2012		A	H3N2	2012		virus_only	9	0
A/BERLIN/79/2003		A	H3N2	2003		virus_only	7	0
A/BERLIN/8/1997		A	H3N2	1997		virus_only	5	0
A/BERLIN/8/2003		A	H3N2	2003		virus_only	5	0
A/BERLIN/8/2006		A	H3N2	2006		virus_only	10	0
A/BERLIN/8/2012		A	H3N2	2012		virus_only	9	0
A/BERLIN/8/2014		A	H3N2	2014		virus_only	9	0
A/BERLIN/80/2014		A	H3N2	2014		virus_only	10	0
A/BERLIN/82/2014		A	H3N2	2014		virus_only	10	0
A/BERLIN/85/2003		A	H3N2	2003		virus_only	7	0
A/BERLIN/85/2011		A	H3N2	2011		virus_only	10	0
A/BERLIN/86/2011		A	H3N2	2011		virus_only	10	0
A/BERLIN/87/2011		A	H3N2	2011		virus_only	10	0
A/BERLIN/88/2003		A	H3N2	2003		virus_only	7	0
A/BERLIN/88/2011		A	H3N2	2011		virus_only	9	0
A/BERLIN/89/2011		A	H3N2	2011		virus_only	9	0
A/BERLIN/9/1999		A	H3N2	1999		virus_only	6	0
A/BERLIN/9/2002		A	H3N2	2002		virus_only	6	0
A/BERLIN/9/2003		A	H3N2	2003		virus_only	5	0
A/BERLIN/9/2017		A	H3N2	2017		virus_only	12	0
A/BERLIN/90/2011		A	H3N2	2011		virus_only	9	0
A/BERLIN/91/2011		A	H3N2	2011		virus_only	9	0
A/BERLIN/92/2011		A	H3N2	2011		virus_only	9	0
A/BERLIN/94/2005		A	H3N2	2005		virus_only	7	0
A/BERLIN/94/2011		A	H3N2	2011		virus_only	9	0
A/BERLIN/95/2011		A	H3N2	2011		virus_only	9	0
A/BILBAO/25/1998		A	H3N2	1998		virus_only	5	0
A/BILBAO/27/1998		A	H3N2	1998		virus_only	5	0
A/BILBAO/28/1998		A	H3N2	1998		virus_only	5	0
A/BILBAO/47/1999		A	H3N2	1999		virus_only	5	0
A/BILBAO/6580/1995		A	H3N2	1995		virus_only	6	0
A/BILBAO/6581/1995		A	H3N2	1995		virus_only	6	0
A/BILBAO/6585/1995		A	H3N2	1995		virus_only	6	0
A/BILBAO/G300/1994		A	H3N2	1994		virus_only	7	0
A/BILBAO/G301/1994		A	H3N2	1994		virus_only	7	0
A/BILBAO/G418/1995		A	H3N2	1995		virus_only	6	0
A/BILBAO/G422/1995		A	H3N2	1995		virus_only	6	0
A/BILBAO/G761/1998		A	H3N2	1998		virus_only	5	0
A/BILBAO/G763/1998		A	H3N2	1998		virus_only	5	0
A/BILBAO/G767/1998		A	H3N2	1998		virus_only	5	0
A/BITLIS/4351/2016		A	H3N2	2016		virus_only	13	0
A/BOBRUISK/1468/2019		A	H3N2	2019		virus_only	8	0
A/BOLU/3994/2016		A	H3N2	2016		virus_only	13	0
A/BOLZANO/1/2000		A	H3N2	2000		virus_only	5	0
A/BOLZANO/1/2009		A	H3N2	2009		virus_only	9	0
A/BOLZANO/2/2009		A	H3N2	2009		virus_only	9	0
A/BOLZANO/4/2008		A	H3N2	2008		virus_only	9	0
A/BOLZANO/5/2009		A	H3N2	2009		virus_only	9	0
A/BOLZANO/7/2016		A	H3N2	2016		virus_only	12	0
A/BOLZANO/8/2000		A	H3N2	2000		virus_only	6	0
A/BOLZANO/9/2016		A	H3N2	2016		virus_only	12	0
A/BORAS/1/2017		A	H3N2	2017		virus_only	8	0
A/BORDEAUX/1276/2006		A	H3N2	2006		virus_only	9	0
A/BORDEAUX/1942/2009		A	H3N2	2009		virus_only	19	0
A/BORDEAUX/2456/2013		A	H3N2	2013		virus_only	8	0
A/BORDEAUX/621/2000		A	H3N2	2000		virus_only	6	0
A/BORDEAUX/622/2000		A	H3N2	2000		virus_only	6	0
A/BORDEAUX/624/2000		A	H3N2	2000		virus_only	6	0
A/BORDEAUX/625/2000		A	H3N2	2000		virus_only	6	0
A/BORDEAUX/626/2000		A	H3N2	2000		virus_only	6	0
A/BORDEAUX/627/2000		A	H3N2	2000		virus_only	6	0
A/BORDEAUX/628/2000		A	H3N2	2000		virus_only	6	0
A/BORISOV/152/2007		A	H3N2	2007		virus_only	9	0
A/BORISOV/153/2007		A	H3N2	2007		virus_only	10	0
A/BORISOV/155/2007		A	H3N2	2007		virus_only	20	0
A/BORISOV/158/2007		A	H3N2	2007		virus_only	10	0
A/BORISOV/175/2007		A	H3N2	2007		virus_only	10	0
A/BOSNIAANDHERZEGOVIA/119G/2019		A	H3N2	2019		virus_only	8	0
A/BOSNIAANDHERZEGOVINA/107/2017		A	H3N2	2017		virus_only	5	0
A/BOSNIAANDHERZEGOVINA/110/2017		A	H3N2	2017		virus_only	8	0
A/BOSNIAANDHERZEGOVINA/119/2017		A	H3N2	2017		virus_only	14	0
A/BOSNIAANDHERZEGOVINA/12/2016		A	H3N2	2016		virus_only	12	0
A/BOSNIAANDHERZEGOVINA/18294/2017		A	H3N2	2017		virus_only	9	0
A/BOSNIAANDHERZEGOVINA/318/2020		A	H3N2	2020		virus_only	9	0
A/BOSNIAANDHERZEGOVINA/360/2020		A	H3N2	2020		virus_only	9	0
A/BOSNIAANDHERZEGOVINA/84219/2019		A	H3N2	2019		virus_only	10	0
A/BOSNIAANDHERZEGOVINA/87911/2019		A	H3N2	2019		virus_only	10	0
A/BOSNIAHERZEGOVINA/40G/2017		A	H3N2	2017		virus_only	12	0
A/BOTOSANI/162689/2014		A	H3N2	2014		virus_only	10	0
A/BOTOSANI/162690/2014		A	H3N2	2014		virus_only	10	0
A/BOUAFLE/GR621/2012		A	H3N2	2012		virus_only	11	0
A/BOURGOGNE/074/2019		A	H3N2	2019		virus_only	8	0
A/BOURGOGNE/1249/2020		A	H3N2	2020		virus_only	10	0
A/BOURGOGNE/2295/2014		A	H3N2	2014		virus_only	9	0
A/BOURGOGNE/850/2012		A	H3N2	2012		virus_only	10	0
A/BRAILA/89501/2012		A	H3N2	2012		virus_only	9	0
A/BRANDENBURG/1/1999		A	H3N2	1999		virus_only	6	0
A/BRANDENBURG/1/2002		A	H3N2	2002		virus_only	7	0
A/BRANDENBURG/1/2007		A	H3N2	2007		virus_only	10	0
A/BRANDENBURG/1/2012		A	H3N2	2012		virus_only	9	0
A/BRANDENBURG/3/1997		A	H3N2	1997		virus_only	5	0
A/BRANDENBURG/3/2012		A	H3N2	2012		virus_only	11	0
A/BRANDENBURG/33/1999		A	H3N2	1999		virus_only	5	0
A/BRANDENBURG/35/1999		A	H3N2	1999		virus_only	5	0
A/BRANDENBURG/4/2006		A	H3N2	2006		virus_only	8	0
A/BRANDENBURG/40/2017		A	H3N2	2017		virus_only	9	0
A/BRANDENBURG/44/1999		A	H3N2	1999		virus_only	5	0
A/BRANDENBURG/45/1999		A	H3N2	1999		virus_only	5	0
A/BRANDENBURG/46/1999		A	H3N2	1999		virus_only	5	0
A/BRANDENBURG/5/1997		A	H3N2	1997		virus_only	5	0
A/BRANDENBURG/52/1999		A	H3N2	1999		virus_only	5	0
A/BRANDENBURG/7/1997		A	H3N2	1997		virus_only	5	0
A/BRANDENBURG/9/2020		A	H3N2	2020		virus_only	10	0
A/BRANDYS/27/2005		A	H3N2	2005		virus_only	6	0
A/BRASOV/197/1999		A	H3N2	1999		virus_only	5	0
A/BRASOV/200/1999		A	H3N2	1999		virus_only	5	0
A/BRASOV/201/2003		A	H3N2	2003		virus_only	6	0
A/BRASOV/426/2002		A	H3N2	2002		virus_only	6	0
A/BRASOV/427/2002		A	H3N2	2002		virus_only	6	0
A/BRASOV/429/2002		A	H3N2	2002		virus_only	6	0
A/BRASOV/488/2002		A	H3N2	2002		virus_only	6	0
A/BRATISLAVA/106/2007		A	H3N2	2007		virus_only	8	0
A/BRATISLAVA/111/2014		A	H3N2	2014		virus_only	11	0
A/BRATISLAVA/112/2016		A	H3N2	2016		virus_only	12	0
A/BRATISLAVA/134/2002		A	H3N2	2002		virus_only	6	0
A/BRATISLAVA/134/2009		A	H3N2	2009		virus_only	9	0
A/BRATISLAVA/135/2009		A	H3N2	2009		virus_only	9	0
A/BRATISLAVA/144/2009		A	H3N2	2009		virus_only	9	0
A/BRATISLAVA/147/2009		A	H3N2	2009		virus_only	9	0
A/BRATISLAVA/148/2009		A	H3N2	2009		virus_only	9	0
A/BRATISLAVA/151/2009		A	H3N2	2009		virus_only	9	0
A/BRATISLAVA/184/2016		A	H3N2	2016		virus_only	12	0
A/BRATISLAVA/2/1997		A	H3N2	1997		virus_only	5	0
A/BRATISLAVA/225/2020		A	H3N2	2020		virus_only	10	0
A/BRATISLAVA/3/1997		A	H3N2	1997		virus_only	5	0
A/BRATISLAVA/31/2011		A	H3N2	2011		virus_only	18	0
A/BRATISLAVA/319/2020		A	H3N2	2020		virus_only	10	0
A/BRATISLAVA/322/2017		A	H3N2	2017		virus_only	12	0
A/BRATISLAVA/328/2019		A	H3N2	2019		virus_only	8	0
A/BRATISLAVA/329/2015		A	H3N2	2015		virus_only	18	0
A/BRATISLAVA/4/1997		A	H3N2	1997		virus_only	5	0
A/BRATISLAVA/437/2015		A	H3N2	2015		virus_only	11	0
A/BRATISLAVA/446/2019		A	H3N2	2019		virus_only	8	0
A/BRATISLAVA/45/2005		A	H3N2	2005		virus_only	8	0
A/BRATISLAVA/46/2007		A	H3N2	2007		virus_only	28	0
A/BRATISLAVA/5/1997		A	H3N2	1997		virus_only	5	0
A/BRATISLAVA/53/2007		A	H3N2	2007		virus_only	8	0
A/BRATISLAVA/530/2013		A	H3N2	2013		virus_only	11	0
A/BRATISLAVA/55/2007		A	H3N2	2007		virus_only	8	0
A/BRATISLAVA/62/2007		A	H3N2	2007		virus_only	8	0
A/BRATISLAVA/63/2005		A	H3N2	2005		virus_only	8	0
A/BRATISLAVA/65/2005		A	H3N2	2005		virus_only	8	0
A/BRATISLAVA/81/2007		A	H3N2	2007		virus_only	8	0
A/BRATISLAVA/811/2013		A	H3N2	2013		virus_only	11	0
A/BRATISLAVA/84/2005		A	H3N2	2005		virus_only	8	0
A/BRATISLAVA/87/2007		A	H3N2	2007		virus_only	8	0
A/BRATISLAVA/88/2007		A	H3N2	2007		virus_only	8	0
A/BRATISLAVA/887/2013		A	H3N2	2013		virus_only	11	0
A/BRATISLAVA/95/2007		A	H3N2	2007		virus_only	8	0
A/BRATISLAVA/96/2008		A	H3N2	2008		virus_only	18	0
A/BRAZIL/1404/2003		A	H3N2	2003		virus_only	8	0
A/BRAZIL/1732/2002		A	H3N2	2002		virus_only	5	0
A/BRAZIL/30/1999		A	H3N2	1999		virus_only	8	0
A/BRAZIL/991/2000		A	H3N2	2000		virus_only	7	0
A/BREMEN/1/2002		A	H3N2	2002		virus_only	6	0
A/BREMEN/1/2009		A	H3N2	2009		virus_only	9	0
A/BREMEN/1/2014		A	H3N2	2014		virus_only	9	0
A/BREMEN/12/2019		A	H3N2	2019		virus_only	8	0
A/BREMEN/17/2019		A	H3N2	2019		virus_only	7	0
A/BREMEN/18/2012		A	H3N2	2012		virus_only	11	0
A/BREMEN/19/2012		A	H3N2	2012		virus_only	11	0
A/BREMEN/20/2019		A	H3N2	2019		virus_only	7	0
A/BREMEN/24/2019		A	H3N2	2019		virus_only	8	0
A/BREMEN/27/2017		A	H3N2	2017		virus_only	9	0
A/BREMEN/4/2003		A	H3N2	2003		virus_only	7	0
A/BREMEN/7/2020		A	H3N2	2020		virus_only	10	0
A/BRESCIA/1/1999		A	H3N2	1999		virus_only	5	0
A/BREST/1951/2017		A	H3N2	2017		virus_only	8	0
A/BREST/1998/2019		A	H3N2	2019		virus_only	1	0
A/BREST/1999/2019		A	H3N2	2019		virus_only	5	0
A/BREST/2001/2019		A	H3N2	2019		virus_only	4	0
A/BREST/2002/2019		A	H3N2	2019		virus_only	3	0
A/BRETAGNE/014/2014		A	H3N2	2014		virus_only	9	0
A/BRETAGNE/026/2019		A	H3N2	2019		virus_only	9	0
A/BRETAGNE/1267/2014		A	H3N2	2014		virus_only	9	0
A/BRETAGNE/1323/2020		A	H3N2	2020		virus_only	9	0
A/BRETAGNE/1564/2015		A	H3N2	2015		virus_only	11	0
A/BRETAGNE/1661/2015		A	H3N2	2015		virus_only	11	0
A/BRETAGNE/1913/2019		A	H3N2	2019		virus_only	1	0
A/BRETAGNE/2248/2010		A	H3N2	2010		virus_only	16	0
A/BRETAGNE/2836/2016		A	H3N2	2016		virus_only	12	0
A/BRETAGNE/2845/2016		A	H3N2	2016		virus_only	12	0
A/BRETAGNE/775/2020		A	H3N2	2020		virus_only	10	0
A/BRETAGNE/995/2013		A	H3N2	2013		virus_only	9	0
A/BRISBANE/01/2018		A	H3N2	2018		virus_only	9	0
A/BRISBANE/1/1994		A	H3N2	1994		virus_only	8	0
A/BRISBANE/1/2004		A	H3N2	2004		virus_only	5	0
A/BRISBANE/1/2012		A	H3N2	2012		virus_only	10	0
A/BRISBANE/1/2012@GROUP3C		A	H3N2			virus_only	10	0
A/BRISBANE/1/2013		A	H3N2	2013		virus_only	9	0
A/BRISBANE/11/2010		A	H3N2	2010		virus_only	18	0
A/BRISBANE/110/1999		A	H3N2	1999		virus_only	6	0
A/BRISBANE/113/1999		A	H3N2	1999		virus_only	6	0
A/BRISBANE/12/1997		A	H3N2	1997		virus_only	6	0
A/BRISBANE/12/2002		A	H3N2	2002		virus_only	5	0
A/BRISBANE/13/1990		A	H3N2	1990		virus_only	8	0
A/BRISBANE/13/1997		A	H3N2	1997		virus_only	6	0
A/BRISBANE/145/1996		A	H3N2	1996		virus_only	5	0
A/BRISBANE/16/1994		A	H3N2	1994		virus_only	9	0
A/BRISBANE/168/1996		A	H3N2	1996		virus_only	5	0
A/BRISBANE/18/1990		A	H3N2	1990		virus_only	8	0
A/BRISBANE/190/2017		A	H3N2	2017		virus_only	6	0
A/BRISBANE/2/1998		A	H3N2	1998		virus_only	12	0
A/BRISBANE/21/1996		A	H3N2	1996		virus_only	8	0
A/BRISBANE/219/1996		A	H3N2	1996		virus_only	5	0
A/BRISBANE/22/1996		A	H3N2	1996		virus_only	8	0
A/BRISBANE/22/2002		A	H3N2	2002		virus_only	5	0
A/BRISBANE/23/2005		A	H3N2	2005		virus_only	11	0
A/BRISBANE/25/1996		A	H3N2	1996		virus_only	8	0
A/BRISBANE/27/1996		A	H3N2	1996		virus_only	8	0
A/BRISBANE/279/1996		A	H3N2	1996		virus_only	13	0
A/BRISBANE/3/1994		A	H3N2	1994		virus_only	9	0
A/BRISBANE/34/2018		A	H3N2	2018		virus_only	9	0
A/BRISBANE/341/2014		A	H3N2	2014		virus_only	11	0
A/BRISBANE/35/1996		A	H3N2	1996		virus_only	6	0
A/BRISBANE/43/2018		A	H3N2	2018		virus_only	9	0
A/BRISBANE/47/2015		A	H3N2	2015		virus_only	21	0
A/BRISBANE/48/2002		A	H3N2	2002		virus_only	5	0
A/BRISBANE/5/2002		A	H3N2	2002		virus_only	5	0
A/BRISBANE/53/2009		A	H3N2	2009		virus_only	7	0
A/BRISBANE/54/2009		A	H3N2	2009		virus_only	7	0
A/BRISBANE/6/1999		A	H3N2	1999		virus_only	5	0
A/BRISBANE/6/2002		A	H3N2	2002		virus_only	5	0
A/BRISBANE/65/1999		A	H3N2	1999		virus_only	20	0
A/BRISBANE/7/2003		A	H3N2	2003		virus_only	8	0
A/BRISBANE/72/1999		A	H3N2	1999		virus_only	20	0
A/BRISBANE/8/1996		A	H3N2	1996		virus_only	5	0
A/BRISBANE/8/1999		A	H3N2	1999		virus_only	5	0
A/BRISBANE/82/2015		A	H3N2	2015		virus_only	11	0
A/BRISBANE/93/1996		A	H3N2	1996		virus_only	6	0
A/BRUSSELS/G0515/2010		A	H3N2	2010		virus_only	8	0
A/BRUSSELS/G0550/2010		A	H3N2	2010		virus_only	8	0
A/BRUSSELS/G0801/2010		A	H3N2	2010		virus_only	8	0
A/BRUSSELS/S0066/2010		A	H3N2	2010		virus_only	16	0
A/BUCHAREST/101/2003		A	H3N2	2003		virus_only	6	0
A/BUCHAREST/107/2003		A	H3N2	2003		virus_only	6	0
A/BUCHAREST/108/1999		A	H3N2	1999		virus_only	5	0
A/BUCHAREST/112/1999		A	H3N2	1999		virus_only	5	0
A/BUCHAREST/117/2003		A	H3N2	2003		virus_only	6	0
A/BUCHAREST/119/2003		A	H3N2	2003		virus_only	6	0
A/BUCHAREST/124/2003		A	H3N2	2003		virus_only	6	0
A/BUCHAREST/125/1999		A	H3N2	1999		virus_only	5	0
A/BUCHAREST/133/2003		A	H3N2	2003		virus_only	6	0
A/BUCHAREST/145/2003		A	H3N2	2003		virus_only	6	0
A/BUCHAREST/150/1999		A	H3N2	1999		virus_only	5	0
A/BUCHAREST/157/1999		A	H3N2	1999		virus_only	5	0
A/BUCHAREST/158/1999		A	H3N2	1999		virus_only	5	0
A/BUCHAREST/159/1999		A	H3N2	1999		virus_only	5	0
A/BUCHAREST/160/1999		A	H3N2	1999		virus_only	5	0
A/BUCHAREST/170/1999		A	H3N2	1999		virus_only	5	0
A/BUCHAREST/173/1999		A	H3N2	1999		virus_only	5	0
A/BUCHAREST/174/1999		A	H3N2	1999		virus_only	5	0
A/BUCHAREST/182/2003		A	H3N2	2003		virus_only	6	0
A/BUCHAREST/185/2000		A	H3N2	2000		virus_only	6	0
A/BUCHAREST/194/2003		A	H3N2	2003		virus_only	6	0
A/BUCHAREST/211/1999		A	H3N2	1999		virus_only	5	0
A/BUCHAREST/213/1999		A	H3N2	1999		virus_only	5	0
A/BUCHAREST/217/2003		A	H3N2	2003		virus_only	6	0
A/BUCHAREST/223/1999		A	H3N2	1999		virus_only	5	0
A/BUCHAREST/223/2000		A	H3N2	2000		virus_only	6	0
A/BUCHAREST/224/2000		A	H3N2	2000		virus_only	6	0
A/BUCHAREST/225/1999		A	H3N2	1999		virus_only	5	0
A/BUCHAREST/229/2003		A	H3N2	2003		virus_only	6	0
A/BUCHAREST/230/2000		A	H3N2	2000		virus_only	6	0
A/BUCHAREST/232/1999		A	H3N2	1999		virus_only	5	0
A/BUCHAREST/243/1999		A	H3N2	1999		virus_only	5	0
A/BUCHAREST/249/2000		A	H3N2	2000		virus_only	6	0
A/BUCHAREST/265/1998		A	H3N2	1998		virus_only	11	0
A/BUCHAREST/265/2000		A	H3N2	2000		virus_only	6	0
A/BUCHAREST/266/2000		A	H3N2	2000		virus_only	6	0
A/BUCHAREST/275/2000		A	H3N2	2000		virus_only	6	0
A/BUCHAREST/279/2000		A	H3N2	2000		virus_only	6	0
A/BUCHAREST/280/2000		A	H3N2	2000		virus_only	6	0
A/BUCHAREST/283/1998		A	H3N2	1998		virus_only	5	0
A/BUCHAREST/284/1998		A	H3N2	1998		virus_only	5	0
A/BUCHAREST/285/1998		A	H3N2	1998		virus_only	5	0
A/BUCHAREST/308/2002		A	H3N2	2002		virus_only	6	0
A/BUCHAREST/309/2002		A	H3N2	2002		virus_only	6	0
A/BUCHAREST/310/2002		A	H3N2	2002		virus_only	6	0
A/BUCHAREST/316/2002		A	H3N2	2002		virus_only	6	0
A/BUCHAREST/321/2002		A	H3N2	2002		virus_only	6	0
A/BUCHAREST/323/2000		A	H3N2	2000		virus_only	6	0
A/BUCHAREST/325/2000		A	H3N2	2000		virus_only	6	0
A/BUCHAREST/326/2000		A	H3N2	2000		virus_only	6	0
A/BUCHAREST/327/2000		A	H3N2	2000		virus_only	6	0
A/BUCHAREST/328/2002		A	H3N2	2002		virus_only	6	0
A/BUCHAREST/330/2002		A	H3N2	2002		virus_only	6	0
A/BUCHAREST/334/2002		A	H3N2	2002		virus_only	6	0
A/BUCHAREST/341/2000		A	H3N2	2000		virus_only	6	0
A/BUCHAREST/344/2002		A	H3N2	2002		virus_only	6	0
A/BUCHAREST/347/2002		A	H3N2	2002		virus_only	6	0
A/BUCHAREST/353/2002		A	H3N2	2002		virus_only	6	0
A/BUCHAREST/370/2000		A	H3N2	2000		virus_only	6	0
A/BUCHAREST/382/2006		A	H3N2	2006		virus_only	9	0
A/BUCHAREST/384/2006		A	H3N2	2006		virus_only	9	0
A/BUCHAREST/386/2000		A	H3N2	2000		virus_only	6	0
A/BUCHAREST/387/2000		A	H3N2	2000		virus_only	6	0
A/BUCHAREST/389/2000		A	H3N2	2000		virus_only	6	0
A/BUCHAREST/393/2000		A	H3N2	2000		virus_only	6	0
A/BUCHAREST/401/2002		A	H3N2	2002		virus_only	6	0
A/BUCHAREST/408/2000		A	H3N2	2000		virus_only	6	0
A/BUCHAREST/408/2002		A	H3N2	2002		virus_only	6	0
A/BUCHAREST/414/2000		A	H3N2	2000		virus_only	6	0
A/BUCHAREST/418/2000		A	H3N2	2000		virus_only	6	0
A/BUCHAREST/423/2002		A	H3N2	2002		virus_only	6	0
A/BUCHAREST/427/2000		A	H3N2	2000		virus_only	6	0
A/BUCHAREST/430/2002		A	H3N2	2002		virus_only	6	0
A/BUCHAREST/437/2000		A	H3N2	2000		virus_only	6	0
A/BUCHAREST/500/2006		A	H3N2	2006		virus_only	9	0
A/BUCHAREST/528/2002		A	H3N2	2002		virus_only	6	0
A/BUCHAREST/631/2003		A	H3N2	2003		virus_only	6	0
A/BUCHAREST/735/2003		A	H3N2	2003		virus_only	6	0
A/BUCHAREST/807/2003		A	H3N2	2003		virus_only	6	0
A/BUCHAREST/825/2003		A	H3N2	2003		virus_only	6	0
A/BUCHAREST/85/1999		A	H3N2	1999		virus_only	5	0
A/BUCHAREST/856/2003		A	H3N2	2003		virus_only	6	0
A/BUCHAREST/86/1999		A	H3N2	1999		virus_only	5	0
A/BUCHAREST/92/1999		A	H3N2	1999		virus_only	5	0
A/BUCHAREST/96/1999		A	H3N2	1999		virus_only	5	0
A/BUCHAREST/972/2003		A	H3N2	2003		virus_only	8	0
A/BUCURESTI/162834/2014		A	H3N2	2014		virus_only	6	0
A/BUCURESTI/179471/2015		A	H3N2	2015		virus_only	11	0
A/BUCURESTI/1816/2008		A	H3N2	2008		virus_only	8	0
A/BUCURESTI/191366/2016		A	H3N2	2016		virus_only	12	0
A/BUCURESTI/38/2009		A	H3N2	2009		virus_only	8	0
A/BUCURESTI/41/2009		A	H3N2	2009		virus_only	8	0
A/BUCURESTI/53/2009		A	H3N2	2009		virus_only	8	0
A/BUCURESTI/54/2009		A	H3N2	2009		virus_only	8	0
A/BUENOSAIRES/1004423/20112		A	H3N2			virus_only	11	0
A/BUENOSAIRES/1004423/2012		A	H3N2	2012		virus_only	11	0
A/BUENOSAIRES/10140261/2011		A	H3N2	2011		virus_only	8	0
A/BUENOSAIRES/10435982/2012		A	H3N2	2012		virus_only	11	0
A/BUENOSAIRES/10955529/2014		A	H3N2	2014		virus_only	11	0
A/BUENOSAIRES/10959641/2014		A	H3N2	2014		virus_only	11	0
A/BUENOSAIRES/10964705/2014		A	H3N2	2014		virus_only	11	0
A/BUENOSAIRES/10964770/2014		A	H3N2	2014		virus_only	11	0
A/BUENOSAIRES/1108887/2014		A	H3N2	2014		virus_only	11	0
A/BUENOSAIRES/1110133/2014		A	H3N2	2014		virus_only	11	0
A/BUENOSAIRES/14156/2014		A	H3N2	2014		virus_only	11	0
A/BUENOSAIRES/216808/2014		A	H3N2	2014		virus_only	11	0
A/BUENOSAIRES/218357/12014		A	H3N2			virus_only	11	0
A/BUENOSAIRES/2274881/2014		A	H3N2	2014		virus_only	11	0
A/BUENOSAIRES/2274920/2014		A	H3N2	2014		virus_only	11	0
A/BUENOSAIRES/49987/2011		A	H3N2	2011		virus_only	8	0
A/BUENOSAIRES/64418/2011		A	H3N2	2011		virus_only	8	0
A/BUENOSAIRES/66090/2011		A	H3N2	2011		virus_only	8	0
A/BUENOSAIRES/720/2014		A	H3N2	2014		virus_only	11	0
A/BUENOSAIRES/M14/1999		A	H3N2	1999		virus_only	8	0
A/BUENOSAIRES/M6/1999		A	H3N2	1999		virus_only	7	0
A/BUENOSAIRES/M7/1999		A	H3N2	1999		virus_only	20	0
A/BUENOSAIRES/R16/2014		A	H3N2	2014		virus_only	14	0
A/BUENOSAIRES/R230/2011		A	H3N2	2011		virus_only	8	0
A/BULGARIA/040/2014		A	H3N2	2014		virus_only	9	0
A/BULGARIA/1008/2020		A	H3N2	2020		virus_only	10	0
A/BULGARIA/1009/2020		A	H3N2	2020		virus_only	10	0
A/BULGARIA/1024/2020		A	H3N2	2020		virus_only	10	0
A/BULGARIA/1051/2019		A	H3N2	2019		virus_only	8	0
A/BULGARIA/1051/2020		A	H3N2	2020		virus_only	9	0
A/BULGARIA/1052/2019		A	H3N2	2019		virus_only	8	0
A/BULGARIA/1052/2020		A	H3N2	2020		virus_only	10	0
A/BULGARIA/1129/2019		A	H3N2	2019		virus_only	8	0
A/BULGARIA/1134/2019		A	H3N2	2019		virus_only	8	0
A/BULGARIA/1153/2019		A	H3N2	2019		virus_only	8	0
A/BULGARIA/127/2014		A	H3N2	2014		virus_only	9	0
A/BULGARIA/132/2017		A	H3N2	2017		virus_only	12	0
A/BULGARIA/147/2014		A	H3N2	2014		virus_only	9	0
A/BULGARIA/1575/2019		A	H3N2	2019		virus_only	9	0
A/BULGARIA/1772/2020		A	H3N2	2020		virus_only	10	0
A/BULGARIA/182/2012		A	H3N2	2012		virus_only	12	0
A/BULGARIA/182/2017		A	H3N2	2017		virus_only	12	0
A/BULGARIA/2/2017		A	H3N2	2017		virus_only	12	0
A/BULGARIA/200/2014		A	H3N2	2014		virus_only	9	0
A/BULGARIA/217/2012		A	H3N2	2012		virus_only	12	0
A/BULGARIA/218/2012		A	H3N2	2012		virus_only	12	0
A/BULGARIA/243/2015		A	H3N2	2015		virus_only	11	0
A/BULGARIA/243/2018		A	H3N2	2018		virus_only	8	0
A/BULGARIA/249/2018		A	H3N2	2018		virus_only	8	0
A/BULGARIA/252/2015		A	H3N2	2015		virus_only	22	0
A/BULGARIA/252/2017		A	H3N2	2017		virus_only	12	0
A/BULGARIA/253/2013		A	H3N2	2013		virus_only	33	0
A/BULGARIA/253/2015		A	H3N2	2015		virus_only	22	0
A/BULGARIA/280/2012		A	H3N2	2012		virus_only	12	0
A/BULGARIA/283/2014		A	H3N2	2014		virus_only	10	0
A/BULGARIA/301/2017		A	H3N2	2017		virus_only	12	0
A/BULGARIA/311/2012		A	H3N2	2012		virus_only	12	0
A/BULGARIA/312/2012		A	H3N2	2012		virus_only	12	0
A/BULGARIA/313/2012		A	H3N2	2012		virus_only	12	0
A/BULGARIA/314/2012		A	H3N2	2012		virus_only	12	0
A/BULGARIA/353/2015		A	H3N2	2015		virus_only	11	0
A/BULGARIA/373/2017		A	H3N2	2017		virus_only	12	0
A/BULGARIA/41/2012		A	H3N2	2012		virus_only	12	0
A/BULGARIA/414/2017		A	H3N2	2017		virus_only	9	0
A/BULGARIA/42/2012		A	H3N2	2012		virus_only	12	0
A/BULGARIA/427/2017		A	H3N2	2017		virus_only	9	0
A/BULGARIA/43/2012		A	H3N2	2012		virus_only	12	0
A/BULGARIA/477/2014		A	H3N2	2014		virus_only	11	0
A/BULGARIA/507/2014		A	H3N2	2014		virus_only	11	0
A/BULGARIA/56/2017		A	H3N2	2017		virus_only	9	0
A/BULGARIA/652/2014		A	H3N2	2014		virus_only	10	0
A/BULGARIA/725/2014		A	H3N2	2014		virus_only	10	0
A/BULGARIA/775/2014		A	H3N2	2014		virus_only	11	0
A/BULGARIA/800/2014		A	H3N2	2014		virus_only	10	0
A/BULGARIA/806/2014		A	H3N2	2014		virus_only	10	0
A/BULGARIA/845/2014		A	H3N2	2014		virus_only	10	0
A/BULGARIA/896/2019		A	H3N2	2019		virus_only	8	0
A/BULGARIA/900/2019		A	H3N2	2019		virus_only	8	0
A/BULGARIA/902/2019		A	H3N2	2019		virus_only	8	0
A/BULGARIA/906/2020		A	H3N2	2020		virus_only	10	0
A/BULGARIA/909/2019		A	H3N2	2019		virus_only	8	0
A/BULGARIA/912/2020		A	H3N2	2020		virus_only	10	0
A/BULGARIA/927/2020		A	H3N2	2020		virus_only	10	0
A/BULGARIA/947/2019		A	H3N2	2019		virus_only	8	0
A/BULGARIA/949/2019		A	H3N2	2019		virus_only	8	0
A/BULGARIA/958/2019		A	H3N2	2019		virus_only	8	0
A/BULGARIA/962/2020		A	H3N2	2020		virus_only	10	0
A/BULGARIA/969/2020		A	H3N2	2020		virus_only	10	0
A/BURGOS/1/1998		A	H3N2	1998		virus_only	5	0
A/BURGOS/12/2002		A	H3N2	2002		virus_only	8	0
A/BURGOS/16/2005		A	H3N2	2005		virus_only	6	0
A/BURGOS/17/1998		A	H3N2	1998		virus_only	5	0
A/BURGOS/207/2015		A	H3N2	2015		virus_only	11	0
A/BURGOS/21/2000		A	H3N2	2000		virus_only	5	0
A/BURGOS/23/1996		A	H3N2	1996		virus_only	5	0
A/BURGOS/262/2014		A	H3N2	2014		virus_only	10	0
A/BURGOS/31/2019		A	H3N2	2019		virus_only	7	0
A/BURGOS/4/2009		A	H3N2	2009		virus_only	9	0
A/BURGOS/5/1998		A	H3N2	1998		virus_only	5	0
A/BURGOS/6/1995		A	H3N2	1995		virus_only	5	0
A/BURGOS/62/1999		A	H3N2	1999		virus_only	6	0
A/BURGOS/63/1999		A	H3N2	1999		virus_only	6	0
A/BURGOS/7/2005		A	H3N2	2005		virus_only	6	0
A/BURGOS/8/1996		A	H3N2	1996		virus_only	5	0
A/BURGOS/96/2013		A	H3N2	2013		virus_only	11	0
A/BURSA/108/2011		A	H3N2	2011		virus_only	9	0
A/BURSA/176/2013		A	H3N2	2013		virus_only	9	0
A/BURSA/177/2013		A	H3N2	2013		virus_only	9	0
A/BURSA/246/2013		A	H3N2	2013		virus_only	9	0
A/BURSA/247/2013		A	H3N2	2013		virus_only	9	0
A/BURSA/250/2011		A	H3N2	2011		virus_only	9	0
A/BURSA/484/2006		A	H3N2	2006		virus_only	7	0
A/BURSA/485/2006		A	H3N2	2006		virus_only	7	0
A/BURSA/515/2006		A	H3N2	2006		virus_only	7	0
A/BURSA/572/2006		A	H3N2	2006		virus_only	7	0
A/BUSAN/1353/2007		A	H3N2	2007		virus_only	20	0
A/CAEN/0160/1998		A	H3N2	1998		virus_only	5	0
A/CAEN/0241/2002		A	H3N2	2002		virus_only	5	0
A/CAEN/0406/2002		A	H3N2	2002		virus_only	6	0
A/CAEN/0407/2002		A	H3N2	2002		virus_only	6	0
A/CAEN/0574/2002		A	H3N2	2002		virus_only	6	0
A/CAEN/1659/635/1992		A	H3N2	1992		virus_only	8	0
A/CAEN/1671/636/1992		A	H3N2	1992		virus_only	8	0
A/CAEN/2328/637/1992		A	H3N2	1992		virus_only	8	0
A/CAEN/2343/2014		A	H3N2	2014		virus_only	10	0
A/CAEN/2354/2014		A	H3N2	2014		virus_only	10	0
A/CAEN/2381/639/1992		A	H3N2	1992		virus_only	8	0
A/CAEN/2408/1993		A	H3N2	1993		virus_only	12	0
A/CAEN/2410/1993		A	H3N2	1993		virus_only	12	0
A/CAEN/2411/1993		A	H3N2	1993		virus_only	12	0
A/CAEN/2414/1993		A	H3N2	1993		virus_only	12	0
A/CAEN/2415/1993		A	H3N2	1993		virus_only	12	0
A/CAEN/2417/1993		A	H3N2	1993		virus_only	12	0
A/CAEN/2420/1993		A	H3N2	1993		virus_only	12	0
A/CAEN/2423/1993		A	H3N2	1993		virus_only	12	0
A/CAEN/2424/1993		A	H3N2	1993		virus_only	6	0
A/CAEN/2427/1993		A	H3N2	1993		virus_only	12	0
A/CAEN/2429/1993		A	H3N2	1993		virus_only	12	0
A/CAEN/2434/1993		A	H3N2	1993		virus_only	12	0
A/CAEN/2440/1993		A	H3N2	1993		virus_only	12	0
A/CAEN/2449/1993		A	H3N2	1993		virus_only	12	0
A/CAEN/31918/1997		A	H3N2	1997		virus_only	5	0
A/CAEN/3405/640/1992		A	H3N2	1992		virus_only	8	0
A/CAEN/3407/641/1992		A	H3N2	1992		virus_only	8	0
A/CAEN/3434/642/1992		A	H3N2	1992		virus_only	8	0
A/CAEN/3464/1997		A	H3N2	1997		virus_only	6	0
A/CAEN/539/2012		A	H3N2	2012		virus_only	10	0
A/CAEN/900/2012		A	H3N2	2012		virus_only	10	0
A/CAGNESSURMER/1850/2019		A	H3N2	2019		virus_only	9	0
A/CAIRO/13/2011		A	H3N2	2011		virus_only	9	0
A/CAIRO/132/2012		A	H3N2	2012		virus_only	13	0
A/CAIRO/133/2012		A	H3N2	2012		virus_only	13	0
A/CAIRO/134/2012		A	H3N2	2012		virus_only	13	0
A/CAIRO/135/2012		A	H3N2	2012		virus_only	11	0
A/CAIRO/136/2012		A	H3N2	2012		virus_only	11	0
A/CAIRO/138/2012		A	H3N2	2012		virus_only	11	0
A/CAIRO/140/2012		A	H3N2	2012		virus_only	11	0
A/CAIRO/144/2012		A	H3N2	2012		virus_only	11	0
A/CAIRO/148/2013		A	H3N2	2013		virus_only	13	0
A/CAIRO/152/2013		A	H3N2	2013		virus_only	13	0
A/CAIRO/153/2013		A	H3N2	2013		virus_only	12	0
A/CAIRO/157/2013		A	H3N2	2013		virus_only	12	0
A/CAIRO/158/2013		A	H3N2	2013		virus_only	13	0
A/CAIRO/171/2013		A	H3N2	2013		virus_only	12	0
A/CAIRO/18/2011		A	H3N2	2011		virus_only	18	0
A/CAIRO/20/2011		A	H3N2	2011		virus_only	9	0
A/CAIRO/21/1999		A	H3N2	1999		virus_only	5	0
A/CAIRO/25/2011		A	H3N2	2011		virus_only	18	0
A/CAIRO/29/2011		A	H3N2	2011		virus_only	9	0
A/CAIRO/30/2011		A	H3N2	2011		virus_only	9	0
A/CAIRO/32/2011		A	H3N2	2011		virus_only	9	0
A/CAIRO/34/2011		A	H3N2	2011		virus_only	9	0
A/CAIRO/35/2011		A	H3N2	2011		virus_only	9	0
A/CAIRO/37/2011		A	H3N2	2011		virus_only	9	0
A/CAIRO/47/2013		A	H3N2	2013		virus_only	11	0
A/CAIRO/5/2012		A	H3N2	2012		virus_only	11	0
A/CAIRO/55/2013		A	H3N2	2013		virus_only	11	0
A/CAIRO/56/2013		A	H3N2	2013		virus_only	11	0
A/CAIRO/59/2012		A	H3N2	2012		virus_only	11	0
A/CAIRO/60/2012		A	H3N2	2012		virus_only	12	0
A/CAIRO/63/2012		A	H3N2	2012		virus_only	23	0
A/CAIRO/64/2012		A	H3N2	2012		virus_only	12	0
A/CAIRO/66/2012		A	H3N2	2012		virus_only	11	0
A/CAIRO/68/2012		A	H3N2	2012		virus_only	12	0
A/CAIRO/75/2012		A	H3N2	2012		virus_only	12	0
A/CAIRO/76/2012		A	H3N2	2012		virus_only	12	0
A/CAIRO/77/2012		A	H3N2	2012		virus_only	12	0
A/CAIRO/81/2013		A	H3N2	2013		virus_only	11	0
A/CAIRO/83/2011		A	H3N2	2011		virus_only	9	0
A/CAIRO/93/2012		A	H3N2	2012		virus_only	12	0
A/CAIRO/96/2012		A	H3N2	2012		virus_only	13	0
A/CALARASI/162804/2014		A	H3N2	2014		virus_only	10	0
A/CALARASI/438/2006		A	H3N2	2006		virus_only	9	0
A/CALARASI/574/2003		A	H3N2	2003		virus_only	6	0
A/CALARASI/590/2003		A	H3N2	2003		virus_only	6	0
A/CALARASI/673/2006		A	H3N2	2006		virus_only	9	0
A/CALIFORNIA/10/2000		A	H3N2	2000		virus_only	7	0
A/CAMBODIA/923251/2020		A	H3N2	2020		virus_only	10	0
A/CAMEROON/10V4729/2010		A	H3N2	2010		virus_only	8	0
A/CAMEROON/12V2580/2012		A	H3N2	2012		virus_only	11	0
A/CAMEROON/12V3841/2012		A	H3N2	2012		virus_only	11	0
A/CAMEROON/12V3990/2012		A	H3N2	2012		virus_only	11	0
A/CAMEROON/12V3991/2012		A	H3N2	2012		virus_only	11	0
A/CAMEROON/12V3993/2012		A	H3N2	2012		virus_only	11	0
A/CAMEROON/12V4090/2012		A	H3N2	2012		virus_only	11	0
A/CAMEROON/12V4091/2012		A	H3N2	2012		virus_only	11	0
A/CAMEROON/12V4093/2012		A	H3N2	2012		virus_only	11	0
A/CAMEROON/12V4219/2012		A	H3N2	2012		virus_only	11	0
A/CAMEROON/12V4221/2012		A	H3N2	2012		virus_only	11	0
A/CAMEROON/12V4222/2012		A	H3N2	2012		virus_only	11	0
A/CAMEROON/12V4223/2012		A	H3N2	2012		virus_only	11	0
A/CAMEROON/12V4224/2012		A	H3N2	2012		virus_only	24	0
A/CAMEROON/12V4226/2012		A	H3N2	2012		virus_only	11	0
A/CAMEROON/12V4257/2012		A	H3N2	2012		virus_only	24	0
A/CAMEROON/12V4265/2012		A	H3N2	2012		virus_only	11	0
A/CAMEROON/12V4268/2012		A	H3N2	2012		virus_only	11	0
A/CAMEROON/12V4269/2012		A	H3N2	2012		virus_only	11	0
A/CAMEROON/12V4270/2012		A	H3N2	2012		virus_only	11	0
A/CAMEROON/12V4272/2012		A	H3N2	2012		virus_only	11	0
A/CAMEROON/12V4389/2012		A	H3N2	2012		virus_only	11	0
A/CAMEROON/12V4412/2012		A	H3N2	2012		virus_only	11	0
A/CAMEROON/12V4562/2012		A	H3N2	2012		virus_only	10	0
A/CAMEROON/12V4569/2012		A	H3N2	2012		virus_only	11	0
A/CAMEROON/12V4580/2012		A	H3N2	2012		virus_only	10	0
A/CAMEROON/12V4585/2012		A	H3N2	2012		virus_only	9	0
A/CAMEROON/12V4601/2012		A	H3N2	2012		virus_only	11	0
A/CAMEROON/12V4611/2012		A	H3N2	2012		virus_only	11	0
A/CAMEROON/12V4647/2012		A	H3N2	2012		virus_only	11	0
A/CAMEROON/12V4648/2012		A	H3N2	2012		virus_only	9	0
A/CAMEROON/12V4651/2012		A	H3N2	2012		virus_only	11	0
A/CAMEROON/12V4652/2012		A	H3N2	2012		virus_only	11	0
A/CAMEROON/12V4653/2012		A	H3N2	2012		virus_only	8	0
A/CAMEROON/12V4655/2012		A	H3N2	2012		virus_only	11	0
A/CAMEROON/12V4658/2012		A	H3N2	2012		virus_only	11	0
A/CAMEROON/12V4659/2012		A	H3N2	2012		virus_only	11	0
A/CAMEROON/12V4660/2012		A	H3N2	2012		virus_only	11	0
A/CAMEROON/12V4661/2012		A	H3N2	2012		virus_only	11	0
A/CAMEROON/12V4663/2012		A	H3N2	2012		virus_only	11	0
A/CAMEROON/12V4664/2012		A	H3N2	2012		virus_only	11	0
A/CAMEROON/12V4665/2012		A	H3N2	2012		virus_only	11	0
A/CAMEROON/12V4666/2012		A	H3N2	2012		virus_only	11	0
A/CAMEROON/12V4685/2012		A	H3N2	2012		virus_only	11	0
A/CAMEROON/12V4796/2012		A	H3N2	2012		virus_only	11	0
A/CAMEROON/12V4797/2012		A	H3N2	2012		virus_only	11	0
A/CAMEROON/12V4804/2012		A	H3N2	2012		virus_only	11	0
A/CAMEROON/12V4982/2012		A	H3N2	2012		virus_only	11	0
A/CAMEROON/12V4989/2012		A	H3N2	2012		virus_only	11	0
A/CAMEROON/12V4990/2012		A	H3N2	2012		virus_only	11	0
A/CAMEROON/12V4995/2012		A	H3N2	2012		virus_only	11	0
A/CAMEROON/12V4996/2012		A	H3N2	2012		virus_only	11	0
A/CAMEROON/12V5049/2012		A	H3N2	2012		virus_only	10	0
A/CAMEROON/12V5050/2012		A	H3N2	2012		virus_only	11	0
A/CAMEROON/12V5051/2012		A	H3N2	2012		virus_only	9	0
A/CAMEROON/12V5052/2012		A	H3N2	2012		virus_only	11	0
A/CAMEROON/12V5054/2012		A	H3N2	2012		virus_only	11	0
A/CAMEROON/12V5056/2012		A	H3N2	2012		virus_only	11	0
A/CAMEROON/12V5058/2012		A	H3N2	2012		virus_only	11	0
A/CAMEROON/12V5059/2012		A	H3N2	2012		virus_only	11	0
A/CAMEROON/12V5060/2012		A	H3N2	2012		virus_only	11	0
A/CAMEROON/12V5061/2012		A	H3N2	2012		virus_only	11	0
A/CAMEROON/12V5062/2012		A	H3N2	2012		virus_only	10	0
A/CAMEROON/12V5064/2012		A	H3N2	2012		virus_only	11	0
A/CAMEROON/12V5065/2012		A	H3N2	2012		virus_only	11	0
A/CAMEROON/12V5066/2012		A	H3N2	2012		virus_only	11	0
A/CAMEROON/12V5131/2012		A	H3N2	2012		virus_only	11	0
A/CAMEROON/12V5135/2012		A	H3N2	2012		virus_only	11	0
A/CAMEROON/12V5136/2012		A	H3N2	2012		virus_only	11	0
A/CAMEROON/12V5140/2012		A	H3N2	2012		virus_only	11	0
A/CAMEROON/12V5141/2012		A	H3N2	2012		virus_only	11	0
A/CAMEROON/12V5143/2012		A	H3N2	2012		virus_only	11	0
A/CAMEROON/12V5144/2012		A	H3N2	2012		virus_only	11	0
A/CAMEROON/12V5198/2012		A	H3N2	2012		virus_only	11	0
A/CAMEROON/12V5201/2012		A	H3N2	2012		virus_only	11	0
A/CAMEROON/12V5295/2012		A	H3N2	2012		virus_only	12	0
A/CAMEROON/12V5310/2012		A	H3N2	2012		virus_only	12	0
A/CAMEROON/12V5314/2012		A	H3N2	2012		virus_only	12	0
A/CAMEROON/12V5316/2012		A	H3N2	2012		virus_only	12	0
A/CAMEROON/12V5320/2012		A	H3N2	2012		virus_only	12	0
A/CAMEROON/12V5321/2012		A	H3N2	2012		virus_only	12	0
A/CAMEROON/12V5324/2012		A	H3N2	2012		virus_only	12	0
A/CAMEROON/12V5325/2012		A	H3N2	2012		virus_only	12	0
A/CAMEROON/12V5330/2012		A	H3N2	2012		virus_only	11	0
A/CAMEROON/12V5334/2012		A	H3N2	2012		virus_only	11	0
A/CAMEROON/12V5335/2012		A	H3N2	2012		virus_only	11	0
A/CAMEROON/12V5496/2012		A	H3N2	2012		virus_only	11	0
A/CAMEROON/12V5498/2012		A	H3N2	2012		virus_only	11	0
A/CAMEROON/12V5502/2012		A	H3N2	2012		virus_only	11	0
A/CAMEROON/12V5507/2012		A	H3N2	2012		virus_only	11	0
A/CAMEROON/12V5638/2012		A	H3N2	2012		virus_only	12	0
A/CAMEROON/12V5639/2012		A	H3N2	2012		virus_only	11	0
A/CAMEROON/12V5640/2012		A	H3N2	2012		virus_only	12	0
A/CAMEROON/12V5647/2012		A	H3N2	2012		virus_only	11	0
A/CAMEROON/12V5649/2012		A	H3N2	2012		virus_only	11	0
A/CAMEROON/12V5653/2012		A	H3N2	2012		virus_only	12	0
A/CAMEROON/12V5655/2012		A	H3N2	2012		virus_only	12	0
A/CAMEROON/12V5657/2012		A	H3N2	2012		virus_only	12	0
A/CAMEROON/12V5918/2012		A	H3N2	2012		virus_only	11	0
A/CAMEROON/12V6099/2012		A	H3N2	2012		virus_only	11	0
A/CAMEROON/12V6178/2012		A	H3N2	2012		virus_only	11	0
A/CAMEROON/13V228/2013		A	H3N2	2013		virus_only	9	0
A/CAMEROON/13V229/2013		A	H3N2	2013		virus_only	9	0
A/CAMEROON/13V231/2013		A	H3N2	2013		virus_only	9	0
A/CAMEROON/13V232/2013		A	H3N2	2013		virus_only	9	0
A/CAMEROON/14V5949/2014		A	H3N2	2014		virus_only	13	0
A/CAMEROON/14V5950/2014		A	H3N2	2014		virus_only	11	0
A/CAMEROON/15V2465/2015		A	H3N2	2015		virus_only	11	0
A/CAMEROON/15V6741/2015		A	H3N2	2015		virus_only	13	0
A/CAMEROON/15V7134/2015		A	H3N2	2015		virus_only	13	0
A/CAMEROON/15V8163/2015		A	H3N2	2015		virus_only	13	0
A/CAMEROON/15V8793/2015		A	H3N2	2015		virus_only	13	0
A/CAMEROON/16996/2020		A	H3N2	2020		virus_only	12	0
A/CAMEROON/227/2009		A	H3N2	2009		virus_only	7	0
A/CAMEROON/228/2009		A	H3N2	2009		virus_only	7	0
A/CAMEROON/235/2009		A	H3N2	2009		virus_only	7	0
A/CAMEROON/236/2009		A	H3N2	2009		virus_only	7	0
A/CAMEROON/242/2009		A	H3N2	2009		virus_only	7	0
A/CAMEROON/243/2009		A	H3N2	2009		virus_only	6	0
A/CAMEROON/256/2009		A	H3N2	2009		virus_only	7	0
A/CAMEROON/266/2009		A	H3N2	2009		virus_only	7	0
A/CAMEROON/268/2009		A	H3N2	2009		virus_only	7	0
A/CAMEROON/270/2009		A	H3N2	2009		virus_only	17	0
A/CAMEROON/275/2009		A	H3N2	2009		virus_only	7	0
A/CAMEROON/276/2009		A	H3N2	2009		virus_only	7	0
A/CAMEROON/279/2009		A	H3N2	2009		virus_only	7	0
A/CAMEROON/281/2009		A	H3N2	2009		virus_only	7	0
A/CAMEROON/286/2009		A	H3N2	2009		virus_only	7	0
A/CAMEROON/287/2009		A	H3N2	2009		virus_only	7	0
A/CAMEROON/289/2009		A	H3N2	2009		virus_only	7	0
A/CAMEROON/303/2009		A	H3N2	2009		virus_only	7	0
A/CAMEROON/304/2009		A	H3N2	2009		virus_only	10	0
A/CAMEROON/306/2009		A	H3N2	2009		virus_only	9	0
A/CAMEROON/3262/2014		A	H3N2	2014		virus_only	11	0
A/CAMEROON/333/2009		A	H3N2	2009		virus_only	10	0
A/CAMEROON/334/2009		A	H3N2	2009		virus_only	10	0
A/CAMEROON/346/2009		A	H3N2	2009		virus_only	10	0
A/CAMEROON/350/2009		A	H3N2	2009		virus_only	10	0
A/CAMEROON/383/2009		A	H3N2	2009		virus_only	11	0
A/CAMEROON/384/2009		A	H3N2	2009		virus_only	9	0
A/CAMEROON/3878/2014		A	H3N2	2014		virus_only	11	0
A/CAMEROON/3880/2014		A	H3N2	2014		virus_only	11	0
A/CAMEROON/3882/2014		A	H3N2	2014		virus_only	11	0
A/CAMEROON/3888/2014		A	H3N2	2014		virus_only	11	0
A/CAMEROON/3893/2014		A	H3N2	2014		virus_only	11	0
A/CAMEROON/3967/2014		A	H3N2	2014		virus_only	11	0
A/CAMEROON/4045/2014		A	H3N2	2014		virus_only	17	0
A/CAMEROON/4046/2014		A	H3N2	2014		virus_only	17	0
A/CAMEROON/421/2009		A	H3N2	2009		virus_only	9	0
A/CAMEROON/422/2009		A	H3N2	2009		virus_only	9	0
A/CAMEROON/423/2009		A	H3N2	2009		virus_only	9	0
A/CAMEROON/426/2009		A	H3N2	2009		virus_only	9	0
A/CAMEROON/427/2009		A	H3N2	2009		virus_only	9	0
A/CAMEROON/430/2009		A	H3N2	2009		virus_only	9	0
A/CAMEROON/432/2009		A	H3N2	2009		virus_only	9	0
A/CAMEROON/4427/2014		A	H3N2	2014		virus_only	17	0
A/CAMEROON/443/2009		A	H3N2	2009		virus_only	9	0
A/CAMEROON/445/2009		A	H3N2	2009		virus_only	9	0
A/CAMEROON/457/2009		A	H3N2	2009		virus_only	9	0
A/CAMEROON/4680/2014		A	H3N2	2014		virus_only	17	0
A/CAMEROON/469/2009		A	H3N2	2009		virus_only	9	0
A/CAMEROON/471/2009		A	H3N2	2009		virus_only	9	0
A/CAMEROON/473/2009		A	H3N2	2009		virus_only	9	0
A/CAMEROON/486/2009		A	H3N2	2009		virus_only	9	0
A/CAMEROON/5516/2013		A	H3N2	2013		virus_only	9	0
A/CAMEROON/560/2009		A	H3N2	2009		virus_only	9	0
A/CAMEROON/561/2009		A	H3N2	2009		virus_only	9	0
A/CAMEROON/5634/2013		A	H3N2	2013		virus_only	11	0
A/CAMEROON/5638/2013		A	H3N2	2013		virus_only	10	0
A/CAMEROON/5793/2013		A	H3N2	2013		virus_only	10	0
A/CAMEROON/598/2009		A	H3N2	2009		virus_only	9	0
A/CAMEROON/599/2009		A	H3N2	2009		virus_only	9	0
A/CAMEROON/607/2009		A	H3N2	2009		virus_only	9	0
A/CAMEROON/608/2009		A	H3N2	2009		virus_only	9	0
A/CAMEROON/613/2009		A	H3N2	2009		virus_only	9	0
A/CAMEROON/614/2009		A	H3N2	2009		virus_only	9	0
A/CAMEROON/6450/2013		A	H3N2	2013		virus_only	9	0
A/CAMEROON/6468/2013		A	H3N2	2013		virus_only	18	0
A/CAMEROON/653/2009		A	H3N2	2009		virus_only	9	0
A/CAMEROON/657/2009		A	H3N2	2009		virus_only	9	0
A/CAMEROON/658/2009		A	H3N2	2009		virus_only	8	0
A/CAMEROON/6624/2013		A	H3N2	2013		virus_only	9	0
A/CAMEROON/663/2009		A	H3N2	2009		virus_only	9	0
A/CAMEROON/6634/2013		A	H3N2	2013		virus_only	18	0
A/CAMEROON/675/2009		A	H3N2	2009		virus_only	9	0
A/CAMEROON/677/2009		A	H3N2	2009		virus_only	11	0
A/CAMEROON/678/2009		A	H3N2	2009		virus_only	11	0
A/CAMEROON/6793/2013		A	H3N2	2013		virus_only	9	0
A/CAMEROON/681/2009		A	H3N2	2009		virus_only	11	0
A/CAMEROON/699/2009		A	H3N2	2009		virus_only	11	0
A/CAMEROON/7002/2013		A	H3N2	2013		virus_only	9	0
A/CAMEROON/701/2009		A	H3N2	2009		virus_only	11	0
A/CAMEROON/7010/2013		A	H3N2	2013		virus_only	9	0
A/CAMEROON/7012/2013		A	H3N2	2013		virus_only	18	0
A/CAMEROON/704/2009		A	H3N2	2009		virus_only	11	0
A/CAMEROON/7186/2013		A	H3N2	2013		virus_only	18	0
A/CAMEROON/8600/2018		A	H3N2	2018		virus_only	8	0
A/CAMEROON/8607/2018		A	H3N2	2018		virus_only	8	0
A/CAMEROON/8767/2016		A	H3N2	2016		virus_only	12	0
A/CAMEROON/9008/2018		A	H3N2	2018		virus_only	7	0
A/CAMEROON/9199/2018		A	H3N2	2018		virus_only	8	0
A/CAMEROON/9207/2018		A	H3N2	2018		virus_only	8	0
A/CAMEROON/9264/2018		A	H3N2	2018		virus_only	8	0
A/CAMEROON/9272/2018		A	H3N2	2018		virus_only	8	0
A/CAMEROON/9402/2017		A	H3N2	2017		virus_only	8	0
A/CAMEROON/9661/2018		A	H3N2	2018		virus_only	7	0
A/CAMEROON/9678/2018		A	H3N2	2018		virus_only	8	0
A/CAMEROON/9680/2018		A	H3N2	2018		virus_only	7	0
A/CAMEROON/9760/2017		A	H3N2	2017		virus_only	8	0
A/CAMEROONLEID/01/11/1474/2011		A	H3N2	2011		virus_only	12	0
A/CAMPANIA/1/2000		A	H3N2	2000		virus_only	6	0
A/CAMPANIA/5/2000		A	H3N2	2000		virus_only	6	0
A/CAMPANIA/7/2000		A	H3N2	2000		virus_only	6	0
A/CANADA/578/2004		A	H3N2	2004		virus_only	8	0
A/CANAKKALE/10/2017		A	H3N2	2017		virus_only	12	0
A/CANAKKALE/7/2017		A	H3N2	2017		virus_only	12	0
A/CANARIAS/1686/2014		A	H3N2	2014		virus_only	9	0
A/CANARIAS/1687/2014		A	H3N2	2014		virus_only	9	0
A/CANARIAS/1688/2014		A	H3N2	2014		virus_only	9	0
A/CANARIAS/1689/2014		A	H3N2	2014		virus_only	9	0
A/CANARIAS/RR1009/2002		A	H3N2	2002		virus_only	6	0
A/CANARIAS/RR1011/2002		A	H3N2	2002		virus_only	6	0
A/CANARIAS/RR1479/2003		A	H3N2	2003		virus_only	6	0
A/CANARIAS/RR1550/2003		A	H3N2	2003		virus_only	6	0
A/CANARIAS/RR638/2000		A	H3N2	2000		virus_only	6	0
A/CANARIES/RR640/2000		A	H3N2	2000		virus_only	6	0
A/CANBERRA/1/1991		A	H3N2	1991		virus_only	6	0
A/CANBERRA/1/1997		A	H3N2	1997		virus_only	18	0
A/CANBERRA/11/1997		A	H3N2	1997		virus_only	18	0
A/CANBERRA/2/1997		A	H3N2	1997		virus_only	18	0
A/CANBERRA/4/1997		A	H3N2	1997		virus_only	18	0
A/CANBERRA/5/1996		A	H3N2	1996		virus_only	5	0
A/CANBERRA/5/1997		A	H3N2	1997		virus_only	18	0
A/CANBERRA/82/2014		A	H3N2	2014		virus_only	10	0
A/CANBERRA/9/1997		A	H3N2	1997		virus_only	18	0
A/CANKR/4224/2013		A	H3N2	2013		virus_only	9	0
A/CANNES/1846/2019		A	H3N2	2019		virus_only	9	0
A/CAPETOWN/1/1992		A	H3N2	1992		virus_only	7	0
A/CAPETOWN/1/1993		A	H3N2	1993		virus_only	7	0
A/CAPETOWN/1144/2000		A	H3N2	2000		virus_only	7	0
A/CAPETOWN/2/1993		A	H3N2	1993		virus_only	6	0
A/CAPETOWN/2/1997		A	H3N2	1997		virus_only	6	0
A/CAPETOWN/294/2009		A	H3N2	2009		virus_only	13	0
A/CAPETOWN/295/2009		A	H3N2	2009		virus_only	9	0
A/CAPETOWN/3/1993		A	H3N2	1993		virus_only	6	0
A/CAPETOWN/4/1993		A	H3N2	1993		virus_only	6	0
A/CAPETOWN/5/1993		A	H3N2	1993		virus_only	6	0
A/CAPETOWN/6/1993		A	H3N2	1993		virus_only	6	0
A/CAPETOWN/62/2010		A	H3N2	2010		virus_only	12	0
A/CAPETOWN/7/1993		A	H3N2	1993		virus_only	6	0
A/CAPETOWN/97/2007		A	H3N2	2007		virus_only	20	0
A/CAPITAL/925/2001		A	H3N2	2001		virus_only	6	0
A/CARACAS/1688/1998		A	H3N2	1998		virus_only	5	0
A/CARACAS/386/1997		A	H3N2	1997		virus_only	5	0
A/CARACAS/388/1997		A	H3N2	1997		virus_only	12	0
A/CARACAS/422/1997		A	H3N2	1997		virus_only	12	0
A/CARACAS/464/1997		A	H3N2	1997		virus_only	5	0
A/CARACAS/465/1997		A	H3N2	1997		virus_only	5	0
A/CARACAS/469/1997		A	H3N2	1997		virus_only	5	0
A/CARACAS/487/1997		A	H3N2	1997		virus_only	5	0
A/CARTAGENA/G1431/2003		A	H3N2	2003		virus_only	12	0
A/CARTAGENA/G1433/2003		A	H3N2	2003		virus_only	6	0
A/CARTAGENA/G1434/2003		A	H3N2	2003		virus_only	12	0
A/CARTAGENA/G1457/2003		A	H3N2	2003		virus_only	12	0
A/CARTAGENA/G1505/2003		A	H3N2	2003		virus_only	6	0
A/CASABLANCA/155/2011		A	H3N2	2011		virus_only	7	0
A/CASABLANCA/83/2004		A	H3N2	2004		virus_only	9	0
A/CASABLANCA/90/2004		A	H3N2	2004		virus_only	9	0
A/CASTELLON/G530/1995		A	H3N2	1995		virus_only	6	0
A/CASTELLON/G533/1995		A	H3N2	1995		virus_only	6	0
A/CASTELLON/G536/1995		A	H3N2	1995		virus_only	6	0
A/CASTELLON/G537/1995		A	H3N2	1995		virus_only	6	0
A/CASTELLON/G538/1995		A	H3N2	1995		virus_only	6	0
A/CASTELLON/G539/1995		A	H3N2	1995		virus_only	6	0
A/CASTILLA/G2570/2005		A	H3N2	2005		virus_only	17	0
A/CASTILLALAMANCHA/13/2015		A	H3N2	2015		virus_only	11	0
A/CASTILLALAMANCHA/14/2015		A	H3N2	2015		virus_only	11	0
A/CASTILLALAMANCHA/155/2014		A	H3N2	2014		virus_only	9	0
A/CASTILLALAMANCHA/242/2019		A	H3N2	2019		virus_only	8	0
A/CASTILLALAMANCHA/337/2019		A	H3N2	2019		virus_only	8	0
A/CASTILLALAMANCHA/513/2015		A	H3N2	2015		virus_only	22	0
A/CASTILLALAMANCHA/523/2015		A	H3N2	2015		virus_only	22	0
A/CASTILLALAMANCHA/527/2015		A	H3N2	2015		virus_only	11	0
A/CASTILLALAMANCHA/532/2015		A	H3N2	2015		virus_only	22	0
A/CASTILLALAMANCHA/646/2015		A	H3N2	2015		virus_only	22	0
A/CASTILLALAMANCHA/658/2015		A	H3N2	2015		virus_only	22	0
A/CASTILLALAMANCHA/659/2015		A	H3N2	2015		virus_only	22	0
A/CASTILLALAMANCHA/660/2015		A	H3N2	2015		virus_only	22	0
A/CASTILLALAMANCHA/7/2015		A	H3N2	2015		virus_only	10	0
A/CASTILLALAMANCHA/718/2015		A	H3N2	2015		virus_only	11	0
A/CASTILLALAMANCHA/76/2015		A	H3N2	2015		virus_only	10	0
A/CASTILLALAMANCHA/RR8843/2011		A	H3N2	2011		virus_only	9	0
A/CASTILLALAMANCHA/RR8870/2011		A	H3N2	2011		virus_only	9	0
A/CASTILLALAMANCHA/RR8871/2011		A	H3N2	2011		virus_only	9	0
A/CATALONIA/0684834S/2015		A	H3N2	2015		virus_only	11	0
A/CATALONIA/11960S/2019		A	H3N2	2019		virus_only	9	0
A/CATALONIA/11962S/2019		A	H3N2	2019		virus_only	9	0
A/CATALONIA/2070282NS/2013		A	H3N2	2013		virus_only	11	0
A/CATALONIA/2071057NS/2013		A	H3N2	2013		virus_only	11	0
A/CATALONIA/2141012NS/2013		A	H3N2	2013		virus_only	18	0
A/CATALONIA/2141628NS/2013		A	H3N2	2013		virus_only	18	0
A/CATALONIA/2143786NS/2013		A	H3N2	2013		virus_only	18	0
A/CATALONIA/2144572NS/2014		A	H3N2	2014		virus_only	18	0
A/CATALONIA/2152420NS/2014		A	H3N2	2014		virus_only	18	0
A/CATALONIA/2228981NS/2017		A	H3N2	2017		virus_only	8	0
A/CATALONIA/2235376NS/2015		A	H3N2	2015		virus_only	11	0
A/CATALONIA/2235968NS/2015		A	H3N2	2015		virus_only	11	0
A/CATALONIA/3509691NS/2017		A	H3N2	2017		virus_only	12	0
A/CATALONIA/5674S/2013		A	H3N2	2013		virus_only	13	0
A/CATALONIA/5689S/2013		A	H3N2	2013		virus_only	12	0
A/CATALONIA/5742S/2013		A	H3N2	2013		virus_only	11	0
A/CATALONIA/6095851NS/2014		A	H3N2	2014		virus_only	18	0
A/CATALONIA/6623S/2013		A	H3N2	2013		virus_only	18	0
A/CATALONIA/8396S/2015		A	H3N2	2015		virus_only	12	0
A/CATALONIA/9305S/2016		A	H3N2	2016		virus_only	12	0
A/CATALONIA/9415S/2017		A	H3N2	2017		virus_only	12	0
A/CATALONIA/S4320/2011		A	H3N2	2011		virus_only	8	0
A/CATALONIA/S4345/2011		A	H3N2	2011		virus_only	8	0
A/CBUDEJOVICE/610/1995		A	H3N2	1995		virus_only	6	0
A/CENTRALAFRICANREPUBLIC/1003/2016		A	H3N2	2016		virus_only	8	0
A/CENTRE/013/2019		A	H3N2	2019		virus_only	8	0
A/CENTRE/1066/2012		A	H3N2	2012		virus_only	10	0
A/CENTRE/1329/2014		A	H3N2	2014		virus_only	9	0
A/CENTRE/1497/2014		A	H3N2	2014		virus_only	9	0
A/CENTRE/1846/2019		A	H3N2	2019		virus_only	6	0
A/CENTRE/2293/2020		A	H3N2	2020		virus_only	9	0
A/CENTRE/2484/2013		A	H3N2	2013		virus_only	9	0
A/CENTRE/848/2012		A	H3N2	2012		virus_only	10	0
A/CENTRE/929/2012		A	H3N2	2012		virus_only	10	0
A/CERCANY/96/2012		A	H3N2	2012		virus_only	10	0
A/CESKALIPA/81/2012		A	H3N2	2012		virus_only	10	0
A/CESKYKRUMLOV/61/2009		A	H3N2	2009		virus_only	8	0
A/CHACO/4257/2014		A	H3N2	2014		virus_only	11	0
A/CHACO/5435/2014		A	H3N2	2014		virus_only	11	0
A/CHACO/5524/2014		A	H3N2	2014		virus_only	11	0
A/CHACO/5525/2014		A	H3N2	2014		virus_only	11	0
A/CHACO/6199/2014		A	H3N2	2014		virus_only	11	0
A/CHACO/6238/2014		A	H3N2	2014		virus_only	11	0
A/CHACO/R140/1999		A	H3N2	1999		virus_only	8	0
A/CHAMBERY/1142/2008		A	H3N2	2008		virus_only	8	0
A/CHEMNITZ/1/1992		A	H3N2	1992		virus_only	8	0
A/CHEMNITZ/1/1993		A	H3N2	1993		virus_only	7	0
A/CHEMNITZ/1/1995		A	H3N2	1995		virus_only	6	0
A/CHEMNITZ/1/1996		A	H3N2	1996		virus_only	6	0
A/CHEMNITZ/1/1997		A	H3N2	1997		virus_only	6	0
A/CHEMNITZ/1/1998		A	H3N2	1998		virus_only	5	0
A/CHEMNITZ/10/1992		A	H3N2	1992		virus_only	7	0
A/CHEMNITZ/11/1992		A	H3N2	1992		virus_only	7	0
A/CHEMNITZ/11/1997		A	H3N2	1997		virus_only	5	0
A/CHEMNITZ/13/1996		A	H3N2	1996		virus_only	6	0
A/CHEMNITZ/13/1997		A	H3N2	1997		virus_only	5	0
A/CHEMNITZ/15/1996		A	H3N2	1996		virus_only	6	0
A/CHEMNITZ/2/1992		A	H3N2	1992		virus_only	8	0
A/CHEMNITZ/2/1993		A	H3N2	1993		virus_only	7	0
A/CHEMNITZ/2/1995		A	H3N2	1995		virus_only	6	0
A/CHEMNITZ/2/1997		A	H3N2	1997		virus_only	6	0
A/CHEMNITZ/2/1998		A	H3N2	1998		virus_only	5	0
A/CHEMNITZ/22/1997		A	H3N2	1997		virus_only	5	0
A/CHEMNITZ/23/1997		A	H3N2	1997		virus_only	5	0
A/CHEMNITZ/27/1996		A	H3N2	1996		virus_only	6	0
A/CHEMNITZ/3/1992		A	H3N2	1992		virus_only	8	0
A/CHEMNITZ/3/1995		A	H3N2	1995		virus_only	6	0
A/CHEMNITZ/34/1998#ORIGINAL		A	H3N2			virus_only	4	0
A/CHEMNITZ/4/1992		A	H3N2	1992		virus_only	8	0
A/CHEMNITZ/4/1993		A	H3N2	1993		virus_only	6	0
A/CHEMNITZ/4/1996		A	H3N2	1996		virus_only	6	0
A/CHEMNITZ/4/1997		A	H3N2	1997		virus_only	5	0
A/CHEMNITZ/44/1996		A	H3N2	1996		virus_only	6	0
A/CHEMNITZ/45/1996		A	H3N2	1996		virus_only	6	0
A/CHEMNITZ/47/1996		A	H3N2	1996		virus_only	6	0
A/CHEMNITZ/49/1997		A	H3N2	1997		virus_only	5	0
A/CHEMNITZ/5/1992		A	H3N2	1992		virus_only	8	0
A/CHEMNITZ/56/1997		A	H3N2	1997		virus_only	5	0
A/CHEMNITZ/6/1992		A	H3N2	1992		virus_only	7	0
A/CHEMNITZ/6/1997		A	H3N2	1997		virus_only	5	0
A/CHEMNITZ/60/1996		A	H3N2	1996		virus_only	6	0
A/CHEMNITZ/62/1996		A	H3N2	1996		virus_only	6	0
A/CHEMNITZ/63/1996		A	H3N2	1996		virus_only	6	0
A/CHEMNITZ/65/1996		A	H3N2	1996		virus_only	6	0
A/CHEMNITZ/66/1998#ORIGINAL		A	H3N2			virus_only	4	0
A/CHEMNITZ/7/1996		A	H3N2	1996		virus_only	6	0
A/CHEMNITZ/79/1998#ORIGINAL		A	H3N2			virus_only	4	0
A/CHEMNITZ/8/1992		A	H3N2	1992		virus_only	7	0
A/CHEMNITZ/81/1998#ORIGINAL		A	H3N2			virus_only	4	0
A/CHEMNITZ/9/1995		A	H3N2	1995		virus_only	6	0
A/CHIANGRAI/		A	H3N2			virus_only	9	0
A/CHIBA/61/2014		A	H3N2	2014		virus_only	10	0
A/CHIBAC/39/2013		A	H3N2	2013		virus_only	18	0
A/CHILE/64/2011		A	H3N2	2011		virus_only	8	0
A/CHILE/6416/2001		A	H3N2	2001		virus_only	6	0
A/CHILE/72/2011		A	H3N2	2011		virus_only	8	0
A/CHILE/9920/2011		A	H3N2	2011		virus_only	4	0
A/CHITA/1/2003		A	H3N2	2003		virus_only	6	0
A/CHITA/255/2014		A	H3N2	2014		virus_only	10	0
A/CHITA/257/2014		A	H3N2	2014		virus_only	10	0
A/CHITA/259/2014		A	H3N2	2014		virus_only	10	0
A/CHITA/261/2014		A	H3N2	2014		virus_only	10	0
A/CHITA/263/2014		A	H3N2	2014		virus_only	10	0
A/CHITA/265/2014		A	H3N2	2014		virus_only	10	0
A/CHITA/267/2014		A	H3N2	2014		virus_only	10	0
A/CHITA/6/2003		A	H3N2	2003		virus_only	6	0
A/CHONGQINGYUZHONG/11653/2013		A	H3N2	2013		virus_only	9	0
A/CHRISTCHURCH/1/1999		A	H3N2	1999		virus_only	5	0
A/CHRISTCHURCH/10/1997		A	H3N2	1997		virus_only	6	0
A/CHRISTCHURCH/11/1997		A	H3N2	1997		virus_only	6	0
A/CHRISTCHURCH/13/2001		A	H3N2	2001		virus_only	4	0
A/CHRISTCHURCH/15/1990		A	H3N2	1990		virus_only	13	0
A/CHRISTCHURCH/166/1999		A	H3N2	1999		virus_only	6	0
A/CHRISTCHURCH/172/1999		A	H3N2	1999		virus_only	6	0
A/CHRISTCHURCH/2/1993		A	H3N2	1993		virus_only	10	0
A/CHRISTCHURCH/211/2003		A	H3N2	2003		virus_only	8	0
A/CHRISTCHURCH/22/1990		A	H3N2	1990		virus_only	8	0
A/CHRISTCHURCH/28/2011		A	H3N2	2011		virus_only	10	0
A/CHRISTCHURCH/280/2004		A	H3N2	2004		virus_only	7	0
A/CHRISTCHURCH/33/1996		A	H3N2	1996		virus_only	11	0
A/CHRISTCHURCH/36/2002		A	H3N2	2002		virus_only	5	0
A/CHRISTCHURCH/37/2001		A	H3N2	2001		virus_only	6	0
A/CHRISTCHURCH/38/1999		A	H3N2	1999		virus_only	6	0
A/CHRISTCHURCH/41/1999		A	H3N2	1999		virus_only	6	0
A/CHRISTCHURCH/512/2012		A	H3N2	2012		virus_only	11	0
A/CHRISTCHURCH/516/2019		A	H3N2	2019		virus_only	17	0
A/CHRISTCHURCH/64/2005		A	H3N2	2005		virus_only	36	0
A/CHRISTCHURCH/8/1993		A	H3N2	1993		virus_only	10	0
A/CHRISTCHURCH/9/1990		A	H3N2	1990		virus_only	13	0
A/CHRISTCHURCH/9/1994		A	H3N2	1994		virus_only	9	0
A/CHRISTCHURCH/93/2003		A	H3N2	2003		virus_only	8	0
A/CHU/240/1990		A	H3N2	1990		virus_only	7	0
A/CHU/24535/1993		A	H3N2	1993		virus_only	7	0
A/CHU/24537/1993		A	H3N2	1993		virus_only	7	0
A/CHU/24574/1993		A	H3N2	1993		virus_only	7	0
A/CHU/24577/1993		A	H3N2	1993		virus_only	7	0
A/CHU/24606/1993		A	H3N2	1993		virus_only	7	0
A/CHU/78/1990		A	H3N2	1990		virus_only	7	0
A/CHU/916/1990		A	H3N2	1990		virus_only	7	0
A/CHUBUT/185/2014		A	H3N2	2014		virus_only	11	0
A/CHUBUT/R153/2014		A	H3N2	2014		virus_only	11	0
A/CLERMONTF/1304/2008		A	H3N2	2008		virus_only	8	0
A/CLERMONTF/14/2013		A	H3N2	2013		virus_only	11	0
A/CLERMONTF/1472/2011		A	H3N2	2011		virus_only	8	0
A/CLERMONTF/332/2007		A	H3N2	2007		virus_only	8	0
A/CLERMONTF/333/2007		A	H3N2	2007		virus_only	8	0
A/CLERMONTFERRAND/1459/2018		A	H3N2	2018		virus_only	8	0
A/CLERMONTFERRAND/1943/2003		A	H3N2	2003		virus_only	6	0
A/CLERMONTFERRAND/2062/2018		A	H3N2	2018		virus_only	9	0
A/CLERMONTFERRAND/2227/2016		A	H3N2	2016		virus_only	12	0
A/CLERMONTFERRAND/2731/2013		A	H3N2	2013		virus_only	9	0
A/CLERMONTFERRANT/265/2000		A	H3N2	2000		virus_only	6	0
A/CLUJ/247/2003		A	H3N2	2003		virus_only	6	0
A/CLUJ/33/2009		A	H3N2	2009		virus_only	8	0
A/CLUJ/34/2009		A	H3N2	2009		virus_only	16	0
A/CLUJ/35/2009		A	H3N2	2009		virus_only	8	0
A/COCODY/GR537/2012		A	H3N2	2012		virus_only	11	0
A/COLOMBIA/227/2009		A	H3N2	2009		virus_only	10	0
A/COLONIA/436/2000		A	H3N2	2000		virus_only	6	0
A/COLONIA/496/2000		A	H3N2	2000		virus_only	6	0
A/COLONIA/497/2000		A	H3N2	2000		virus_only	6	0
A/CONSTANTA/239165/2018		A	H3N2	2018		virus_only	8	0
A/CONSTANTA/681/2006		A	H3N2	2006		virus_only	9	0
A/COSTARICA/4700/2013		A	H3N2	2013		virus_only	18	0
A/COTEDIVOIRE/1021/2019		A	H3N2	2019		virus_only	16	0
A/COTEDIVOIRE/1024/2019		A	H3N2	2019		virus_only	16	0
A/COTEDIVOIRE/1038/2019		A	H3N2	2019		virus_only	16	0
A/COTEDIVOIRE/1040/2017		A	H3N2	2017		virus_only	8	0
A/COTEDIVOIRE/1045/2017		A	H3N2	2017		virus_only	8	0
A/COTEDIVOIRE/1093/2019		A	H3N2	2019		virus_only	16	0
A/COTEDIVOIRE/1116/2019		A	H3N2	2019		virus_only	16	0
A/COTEDIVOIRE/1126/2019		A	H3N2	2019		virus_only	16	0
A/COTEDIVOIRE/1132/2019		A	H3N2	2019		virus_only	16	0
A/COTEDIVOIRE/1155/2019		A	H3N2	2019		virus_only	16	0
A/COTEDIVOIRE/1171/2019		A	H3N2	2019		virus_only	16	0
A/COTEDIVOIRE/1278/2019		A	H3N2	2019		virus_only	16	0
A/COTEDIVOIRE/1279/2019		A	H3N2	2019		virus_only	16	0
A/COTEDIVOIRE/1299/2019		A	H3N2	2019		virus_only	16	0
A/COTEDIVOIRE/1301/2019		A	H3N2	2019		virus_only	16	0
A/COTEDIVOIRE/1339/2019		A	H3N2	2019		virus_only	16	0
A/COTEDIVOIRE/1417/2019		A	H3N2	2019		virus_only	16	0
A/COTEDIVOIRE/1422/2019		A	H3N2	2019		virus_only	16	0
A/COTEDIVOIRE/1438/2019		A	H3N2	2019		virus_only	16	0
A/COTEDIVOIRE/1439/2019		A	H3N2	2019		virus_only	16	0
A/COTEDIVOIRE/1442/2019		A	H3N2	2019		virus_only	16	0
A/COTEDIVOIRE/1458/2019		A	H3N2	2019		virus_only	16	0
A/COTEDIVOIRE/1521/2019		A	H3N2	2019		virus_only	16	0
A/COTEDIVOIRE/1666/2013		A	H3N2	2013		virus_only	10	0
A/COTEDIVOIRE/1667/2013		A	H3N2	2013		virus_only	18	0
A/COTEDIVOIRE/1846/2013		A	H3N2	2013		virus_only	18	0
A/COTEDIVOIRE/1847/2013		A	H3N2	2013		virus_only	9	0
A/COTEDIVOIRE/1900/2013		A	H3N2	2013		virus_only	9	0
A/COTEDIVOIRE/1922/2013		A	H3N2	2013		virus_only	18	0
A/COTEDIVOIRE/1954/2013		A	H3N2	2013		virus_only	18	0
A/COTEDIVOIRE/1955/2013		A	H3N2	2013		virus_only	18	0
A/COTEDIVOIRE/1973/2013		A	H3N2	2013		virus_only	18	0
A/COTEDIVOIRE/1984/2013		A	H3N2	2013		virus_only	18	0
A/COTEDIVOIRE/1988/2013		A	H3N2	2013		virus_only	18	0
A/COTEDIVOIRE/1993/2013		A	H3N2	2013		virus_only	9	0
A/COTEDIVOIRE/2020/2013		A	H3N2	2013		virus_only	18	0
A/COTEDIVOIRE/2038/2013		A	H3N2	2013		virus_only	10	0
A/COTEDIVOIRE/2043/2013		A	H3N2	2013		virus_only	10	0
A/COTEDIVOIRE/2086/2013		A	H3N2	2013		virus_only	10	0
A/COTEDIVOIRE/2138/2013		A	H3N2	2013		virus_only	10	0
A/COTEDIVOIRE/2149/2013		A	H3N2	2013		virus_only	9	0
A/COTEDIVOIRE/2150/2013		A	H3N2	2013		virus_only	10	0
A/COTEDIVOIRE/2163/2013		A	H3N2	2013		virus_only	10	0
A/COTEDIVOIRE/2165/2013		A	H3N2	2013		virus_only	10	0
A/COTEDIVOIRE/2183/2013		A	H3N2	2013		virus_only	10	0
A/COTEDIVOIRE/2190/2013		A	H3N2	2013		virus_only	10	0
A/COTEDIVOIRE/2202/2013		A	H3N2	2013		virus_only	10	0
A/COTEDIVOIRE/2205/2013		A	H3N2	2013		virus_only	18	0
A/COTEDIVOIRE/2207/2013		A	H3N2	2013		virus_only	10	0
A/COTEDIVOIRE/2208/2013		A	H3N2	2013		virus_only	10	0
A/COTEDIVOIRE/2210/2013		A	H3N2	2013		virus_only	18	0
A/COTEDIVOIRE/2259/2013		A	H3N2	2013		virus_only	18	0
A/COTEDIVOIRE/544/2016		A	H3N2	2016		virus_only	12	0
A/COTEDIVOIRE/595/2016		A	H3N2	2016		virus_only	12	0
A/COTEDIVOIRE/599/2016		A	H3N2	2016		virus_only	12	0
A/COTEDIVOIRE/651/2016		A	H3N2	2016		virus_only	12	0
A/COTEDIVOIRE/695/2016		A	H3N2	2016		virus_only	12	0
A/COTEDIVOIRE/752/2019		A	H3N2	2019		virus_only	16	0
A/COTEDIVOIRE/830/2019		A	H3N2	2019		virus_only	16	0
A/COTEDIVOIRE/870/2017		A	H3N2	2017		virus_only	8	0
A/COTEDIVOIRE/960/2017		A	H3N2	2017		virus_only	8	0
A/COTEDIVOIRE/GR1542/2010		A	H3N2	2010		virus_only	8	0
A/COTEDIVOIRE/GR1596/2010		A	H3N2	2010		virus_only	8	0
A/COTEDIVOIRE/GR1646/2010		A	H3N2	2010		virus_only	8	0
A/COTEDIVOIRE/GR1647/2010		A	H3N2	2010		virus_only	8	0
A/COTEDIVOIRE/GR1651/2010		A	H3N2	2010		virus_only	16	0
A/COTEDIVOIRE/GR1678/2010		A	H3N2	2010		virus_only	16	0
A/COTEDIVOIRE/GR1721/2010		A	H3N2	2010		virus_only	16	0
A/COTEDIVOIRE/GR1728/2010		A	H3N2	2010		virus_only	16	0
A/CROATIA/1923/2014		A	H3N2	2014		virus_only	10	0
A/CROATIA/2561/2013		A	H3N2	2013		virus_only	9	0
A/CROATIA/2570/2013		A	H3N2	2013		virus_only	9	0
A/CROATIA/2624/2013		A	H3N2	2013		virus_only	9	0
A/CROATIA/3608/2017		A	H3N2	2017		virus_only	10	0
A/CROATIA/8436/2019		A	H3N2	2019		virus_only	9	0
A/CSSR/201/1992		A	H3N2	1992		virus_only	7	0
A/CSSR/206/1992		A	H3N2	1992		virus_only	7	0
A/CSSR/215/1992		A	H3N2	1992		virus_only	7	0
A/CSSR/221/1992		A	H3N2	1992		virus_only	7	0
A/CSSR/230/1992		A	H3N2	1992		virus_only	7	0
A/CSSR/249/1992		A	H3N2	1992		virus_only	7	0
A/CSSR/274/1992		A	H3N2	1992		virus_only	7	0
A/CSSR/278/1992		A	H3N2	1992		virus_only	7	0
A/CSSR/279/1992		A	H3N2	1992		virus_only	7	0
A/CSSR/280/1992		A	H3N2	1992		virus_only	7	0
A/CSSR/292/1992		A	H3N2	1992		virus_only	7	0
A/CUPRIJA/1212/2012		A	H3N2	2012		virus_only	10	0
A/CUPRIJA/1214/2012		A	H3N2	2012		virus_only	10	0
A/CXROUSSE/12125241/2006		A	H3N2	2006		virus_only	8	0
A/CYPRUS/F1108/2020		A	H3N2	2020		virus_only	9	0
A/CYPRUS/F1123/2020		A	H3N2	2020		virus_only	9	0
A/CYPRUS/F1149/2020		A	H3N2	2020		virus_only	9	0
A/CYPRUS/F1165/2020		A	H3N2	2020		virus_only	9	0
A/CYPRUS/F1190/2020		A	H3N2	2020		virus_only	9	0
A/CYPRUS/F1218/2020		A	H3N2	2020		virus_only	9	0
A/CYPRUS/F1267/2020		A	H3N2	2020		virus_only	9	0
A/CYPRUS/F1305/2020		A	H3N2	2020		virus_only	9	0
A/CYPRUS/F148/2017		A	H3N2	2017		virus_only	12	0
A/CYPRUS/F15/2014		A	H3N2	2014		virus_only	9	0
A/CYPRUS/F16/2015		A	H3N2	2015		virus_only	11	0
A/CYPRUS/F16/2016		A	H3N2	2016		virus_only	12	0
A/CYPRUS/F19/2015		A	H3N2	2015		virus_only	11	0
A/CYPRUS/F30/2014		A	H3N2	2014		virus_only	9	0
A/CYPRUS/F31/2014		A	H3N2	2014		virus_only	9	0
A/CYPRUS/F33/2015		A	H3N2	2015		virus_only	11	0
A/CYPRUS/F34/2015		A	H3N2	2015		virus_only	11	0
A/CYPRUS/F4/2014		A	H3N2	2014		virus_only	9	0
A/CYPRUS/F41/2015		A	H3N2	2015		virus_only	11	0
A/CYPRUS/F411/2020		A	H3N2	2020		virus_only	9	0
A/CYPRUS/F49/2017		A	H3N2	2017		virus_only	12	0
A/CYPRUS/F52/2015		A	H3N2	2015		virus_only	11	0
A/CYPRUS/F7/2015		A	H3N2	2015		virus_only	11	0
A/CYPRUS/F835/2020		A	H3N2	2020		virus_only	9	0
A/CYPRUS/F913/2020		A	H3N2	2020		virus_only	9	0
A/CYPRUS/F926/2020		A	H3N2	2020		virus_only	9	0
A/CYPRUS/F960/2020		A	H3N2	2020		virus_only	9	0
A/CYPRUS/F968/2020		A	H3N2	2020		virus_only	9	0
A/CZECHREP/20/2014		A	H3N2	2014		virus_only	11	0
A/CZECHREPUBLIC/1/2014		A	H3N2	2014		virus_only	20	0
A/CZECHREPUBLIC/10/2014		A	H3N2	2014		virus_only	10	0
A/CZECHREPUBLIC/1031/2019		A	H3N2	2019		virus_only	1	0
A/CZECHREPUBLIC/122/2016		A	H3N2	2016		virus_only	12	0
A/CZECHREPUBLIC/1275/2019		A	H3N2	2019		virus_only	4	0
A/CZECHREPUBLIC/1454/2019		A	H3N2	2019		virus_only	9	0
A/CZECHREPUBLIC/1633/2019		A	H3N2	2019		virus_only	9	0
A/CZECHREPUBLIC/1670/2019		A	H3N2	2019		virus_only	9	0
A/CZECHREPUBLIC/169/2016		A	H3N2	2016		virus_only	12	0
A/CZECHREPUBLIC/176/2016		A	H3N2	2016		virus_only	12	0
A/CZECHREPUBLIC/178/2017		A	H3N2	2017		virus_only	12	0
A/CZECHREPUBLIC/6/2014		A	H3N2	2014		virus_only	20	0
A/DAEGU/1023/2007		A	H3N2	2007		virus_only	21	0
A/DAEGU/1031/2007		A	H3N2	2007		virus_only	20	0
A/DAEJEON/1062/2007		A	H3N2	2007		virus_only	20	0
A/DAKAR/002/2009		A	H3N2	2009		virus_only	7	0
A/DAKAR/005/2009		A	H3N2	2009		virus_only	7	0
A/DAKAR/01/2012		A	H3N2	2012		virus_only	10	0
A/DAKAR/01/2014		A	H3N2	2014		virus_only	12	0
A/DAKAR/01/2019		A	H3N2	2019		virus_only	10	0
A/DAKAR/01/2020		A	H3N2	2020		virus_only	12	0
A/DAKAR/02/2012		A	H3N2	2012		virus_only	10	0
A/DAKAR/02/2019		A	H3N2	2019		virus_only	10	0
A/DAKAR/02/2020		A	H3N2	2020		virus_only	12	0
A/DAKAR/03/2014		A	H3N2	2014		virus_only	10	0
A/DAKAR/03/2019		A	H3N2	2019		virus_only	10	0
A/DAKAR/03/2020		A	H3N2	2020		virus_only	12	0
A/DAKAR/04/2012		A	H3N2	2012		virus_only	11	0
A/DAKAR/05/2012		A	H3N2	2012		virus_only	11	0
A/DAKAR/06/2006		A	H3N2	2006		virus_only	20	0
A/DAKAR/06/2012		A	H3N2	2012		virus_only	11	0
A/DAKAR/07/2006		A	H3N2	2006		virus_only	10	0
A/DAKAR/07/2012		A	H3N2	2012		virus_only	11	0
A/DAKAR/08/2002		A	H3N2	2002		virus_only	5	0
A/DAKAR/08/2006		A	H3N2	2006		virus_only	10	0
A/DAKAR/08/2012		A	H3N2	2012		virus_only	11	0
A/DAKAR/08/2019		A	H3N2	2019		virus_only	10	0
A/DAKAR/09/2002		A	H3N2	2002		virus_only	5	0
A/DAKAR/09/2006		A	H3N2	2006		virus_only	10	0
A/DAKAR/09/2012		A	H3N2	2012		virus_only	11	0
A/DAKAR/09/2014		A	H3N2	2014		virus_only	18	0
A/DAKAR/1/1996		A	H3N2	1996		virus_only	5	0
A/DAKAR/1/1998		A	H3N2	1998		virus_only	4	0
A/DAKAR/1/1999		A	H3N2	1999		virus_only	6	0
A/DAKAR/1/2001		A	H3N2	2001		virus_only	6	0
A/DAKAR/1/2002		A	H3N2	2002		virus_only	6	0
A/DAKAR/1/2004		A	H3N2	2004		virus_only	6	0
A/DAKAR/10/2002		A	H3N2	2002		virus_only	5	0
A/DAKAR/10/2003		A	H3N2	2003		virus_only	9	0
A/DAKAR/10/2004		A	H3N2	2004		virus_only	6	0
A/DAKAR/10/2012		A	H3N2	2012		virus_only	11	0
A/DAKAR/10/2014		A	H3N2	2014		virus_only	18	0
A/DAKAR/10/2018		A	H3N2	2018		virus_only	8	0
A/DAKAR/10/2019		A	H3N2	2019		virus_only	10	0
A/DAKAR/100/1999		A	H3N2	1999		virus_only	9	0
A/DAKAR/101/1999		A	H3N2	1999		virus_only	9	0
A/DAKAR/102/1999		A	H3N2	1999		virus_only	9	0
A/DAKAR/103/1999		A	H3N2	1999		virus_only	9	0
A/DAKAR/104/1999		A	H3N2	1999		virus_only	9	0
A/DAKAR/105/1999		A	H3N2	1999		virus_only	9	0
A/DAKAR/108/1999		A	H3N2	1999		virus_only	9	0
A/DAKAR/109/1999		A	H3N2	1999		virus_only	9	0
A/DAKAR/10B/2020		A	H3N2	2020		virus_only	10	0
A/DAKAR/11/2002		A	H3N2	2002		virus_only	5	0
A/DAKAR/11/2003		A	H3N2	2003		virus_only	9	0
A/DAKAR/11/2004		A	H3N2	2004		virus_only	6	0
A/DAKAR/11/2006		A	H3N2	2006		virus_only	20	0
A/DAKAR/11/2012		A	H3N2	2012		virus_only	11	0
A/DAKAR/11/2014		A	H3N2	2014		virus_only	18	0
A/DAKAR/11/2019		A	H3N2	2019		virus_only	10	0
A/DAKAR/112/1999		A	H3N2	1999		virus_only	6	0
A/DAKAR/113/1999		A	H3N2	1999		virus_only	6	0
A/DAKAR/114/1999		A	H3N2	1999		virus_only	6	0
A/DAKAR/115/1999		A	H3N2	1999		virus_only	6	0
A/DAKAR/12/1997		A	H3N2	1997		virus_only	6	0
A/DAKAR/12/2002		A	H3N2	2002		virus_only	5	0
A/DAKAR/12/2004		A	H3N2	2004		virus_only	6	0
A/DAKAR/12/2006		A	H3N2	2006		virus_only	20	0
A/DAKAR/12/2012		A	H3N2	2012		virus_only	11	0
A/DAKAR/12/2014		A	H3N2	2014		virus_only	18	0
A/DAKAR/12/2019		A	H3N2	2019		virus_only	10	0
A/DAKAR/13/1998		A	H3N2	1998		virus_only	6	0
A/DAKAR/13/2001		A	H3N2	2001		virus_only	6	0
A/DAKAR/13/2002		A	H3N2	2002		virus_only	5	0
A/DAKAR/13/2004		A	H3N2	2004		virus_only	6	0
A/DAKAR/13/2012		A	H3N2	2012		virus_only	55	0
A/DAKAR/13/2014		A	H3N2	2014		virus_only	18	0
A/DAKAR/13/2019		A	H3N2	2019		virus_only	10	0
A/DAKAR/14/1998		A	H3N2	1998		virus_only	6	0
A/DAKAR/14/2004		A	H3N2	2004		virus_only	6	0
A/DAKAR/14/2012		A	H3N2	2012		virus_only	11	0
A/DAKAR/14/2014		A	H3N2	2014		virus_only	17	0
A/DAKAR/15/1998		A	H3N2	1998		virus_only	6	0
A/DAKAR/15/2001		A	H3N2	2001		virus_only	6	0
A/DAKAR/15/2002		A	H3N2	2002		virus_only	5	0
A/DAKAR/15/2004		A	H3N2	2004		virus_only	6	0
A/DAKAR/15/2012		A	H3N2	2012		virus_only	11	0
A/DAKAR/15/2014		A	H3N2	2014		virus_only	18	0
A/DAKAR/16/2002		A	H3N2	2002		virus_only	5	0
A/DAKAR/16/2003		A	H3N2	2003		virus_only	9	0
A/DAKAR/16/2004		A	H3N2	2004		virus_only	5	0
A/DAKAR/16/2012		A	H3N2	2012		virus_only	11	0
A/DAKAR/16/2014		A	H3N2	2014		virus_only	18	0
A/DAKAR/17/2001		A	H3N2	2001		virus_only	6	0
A/DAKAR/17/2004		A	H3N2	2004		virus_only	5	0
A/DAKAR/17/2009		A	H3N2	2009		virus_only	10	0
A/DAKAR/17/2014		A	H3N2	2014		virus_only	18	0
A/DAKAR/17/2019		A	H3N2	2019		virus_only	10	0
A/DAKAR/18/2004		A	H3N2	2004		virus_only	5	0
A/DAKAR/18/2009		A	H3N2	2009		virus_only	10	0
A/DAKAR/18/2014		A	H3N2	2014		virus_only	11	0
A/DAKAR/18/2019		A	H3N2	2019		virus_only	9	0
A/DAKAR/19/1999		A	H3N2	1999		virus_only	6	0
A/DAKAR/19/2003		A	H3N2	2003		virus_only	9	0
A/DAKAR/19/2004		A	H3N2	2004		virus_only	5	0
A/DAKAR/19/2009		A	H3N2	2009		virus_only	10	0
A/DAKAR/19/2014		A	H3N2	2014		virus_only	11	0
A/DAKAR/19/2019		A	H3N2	2019		virus_only	10	0
A/DAKAR/2/1996		A	H3N2	1996		virus_only	5	0
A/DAKAR/2/1999		A	H3N2	1999		virus_only	6	0
A/DAKAR/2/2001		A	H3N2	2001		virus_only	6	0
A/DAKAR/2/2002		A	H3N2	2002		virus_only	6	0
A/DAKAR/2/2004		A	H3N2	2004		virus_only	6	0
A/DAKAR/20/2004		A	H3N2	2004		virus_only	5	0
A/DAKAR/20/2009		A	H3N2	2009		virus_only	10	0
A/DAKAR/20/2014		A	H3N2	2014		virus_only	10	0
A/DAKAR/21/2001		A	H3N2	2001		virus_only	6	0
A/DAKAR/21/2004		A	H3N2	2004		virus_only	5	0
A/DAKAR/21/2009		A	H3N2	2009		virus_only	10	0
A/DAKAR/21/2011		A	H3N2	2011		virus_only	9	0
A/DAKAR/21/2014		A	H3N2	2014		virus_only	11	0
A/DAKAR/21/2019		A	H3N2	2019		virus_only	10	0
A/DAKAR/22/2001		A	H3N2	2001		virus_only	6	0
A/DAKAR/22/2004		A	H3N2	2004		virus_only	5	0
A/DAKAR/22/2009		A	H3N2	2009		virus_only	10	0
A/DAKAR/22/2014		A	H3N2	2014		virus_only	11	0
A/DAKAR/23/2004		A	H3N2	2004		virus_only	5	0
A/DAKAR/23/2009		A	H3N2	2009		virus_only	10	0
A/DAKAR/23/2011		A	H3N2	2011		virus_only	9	0
A/DAKAR/23/2014		A	H3N2	2014		virus_only	10	0
A/DAKAR/24/2001		A	H3N2	2001		virus_only	6	0
A/DAKAR/24/2004		A	H3N2	2004		virus_only	5	0
A/DAKAR/24/2009		A	H3N2	2009		virus_only	10	0
A/DAKAR/24/2012		A	H3N2	2012		virus_only	55	0
A/DAKAR/24/2014		A	H3N2	2014		virus_only	11	0
A/DAKAR/24/2019		A	H3N2	2019		virus_only	11	0
A/DAKAR/25/2001		A	H3N2	2001		virus_only	6	0
A/DAKAR/25/2004		A	H3N2	2004		virus_only	5	0
A/DAKAR/25/2009		A	H3N2	2009		virus_only	10	0
A/DAKAR/25/2012		A	H3N2	2012		virus_only	55	0
A/DAKAR/25/2014		A	H3N2	2014		virus_only	11	0
A/DAKAR/25/2018		A	H3N2	2018		virus_only	8	0
A/DAKAR/26/2001		A	H3N2	2001		virus_only	6	0
A/DAKAR/26/2002		A	H3N2	2002		virus_only	5	0
A/DAKAR/26/2004		A	H3N2	2004		virus_only	5	0
A/DAKAR/26/2009		A	H3N2	2009		virus_only	10	0
A/DAKAR/26/2014		A	H3N2	2014		virus_only	11	0
A/DAKAR/27/2002		A	H3N2	2002		virus_only	5	0
A/DAKAR/27/2004		A	H3N2	2004		virus_only	5	0
A/DAKAR/27/2014		A	H3N2	2014		virus_only	11	0
A/DAKAR/28/2004		A	H3N2	2004		virus_only	5	0
A/DAKAR/28/2018		A	H3N2	2018		virus_only	8	0
A/DAKAR/29/2002		A	H3N2	2002		virus_only	5	0
A/DAKAR/29/2004		A	H3N2	2004		virus_only	5	0
A/DAKAR/29/2014		A	H3N2	2014		virus_only	10	0
A/DAKAR/29/2018		A	H3N2	2018		virus_only	8	0
A/DAKAR/3/1996		A	H3N2	1996		virus_only	5	0
A/DAKAR/3/1997		A	H3N2	1997		virus_only	5	0
A/DAKAR/3/1998		A	H3N2	1998		virus_only	4	0
A/DAKAR/3/2002		A	H3N2	2002		virus_only	6	0
A/DAKAR/30/1997		A	H3N2	1997		virus_only	5	0
A/DAKAR/30/2002		A	H3N2	2002		virus_only	5	0
A/DAKAR/30/2004		A	H3N2	2004		virus_only	5	0
A/DAKAR/30/2014		A	H3N2	2014		virus_only	10	0
A/DAKAR/31/1998		A	H3N2	1998		virus_only	5	0
A/DAKAR/31/2004		A	H3N2	2004		virus_only	5	0
A/DAKAR/31/2014		A	H3N2	2014		virus_only	10	0
A/DAKAR/32/2002		A	H3N2	2002		virus_only	5	0
A/DAKAR/32/2004		A	H3N2	2004		virus_only	5	0
A/DAKAR/32/2014		A	H3N2	2014		virus_only	11	0
A/DAKAR/33/2002		A	H3N2	2002		virus_only	5	0
A/DAKAR/33/2004		A	H3N2	2004		virus_only	5	0
A/DAKAR/34/2002		A	H3N2	2002		virus_only	5	0
A/DAKAR/34/2004		A	H3N2	2004		virus_only	5	0
A/DAKAR/35/2004		A	H3N2	2004		virus_only	5	0
A/DAKAR/36/2004		A	H3N2	2004		virus_only	5	0
A/DAKAR/37/2004		A	H3N2	2004		virus_only	5	0
A/DAKAR/38/2002		A	H3N2	2002		virus_only	5	0
A/DAKAR/38/2004		A	H3N2	2004		virus_only	5	0
A/DAKAR/4/1996		A	H3N2	1996		virus_only	5	0
A/DAKAR/4/1997		A	H3N2	1997		virus_only	5	0
A/DAKAR/4/1998		A	H3N2	1998		virus_only	4	0
A/DAKAR/4/2002		A	H3N2	2002		virus_only	6	0
A/DAKAR/4/2004		A	H3N2	2004		virus_only	6	0
A/DAKAR/40/2002		A	H3N2	2002		virus_only	5	0
A/DAKAR/41/2002		A	H3N2	2002		virus_only	5	0
A/DAKAR/42/2002		A	H3N2	2002		virus_only	5	0
A/DAKAR/43/2002		A	H3N2	2002		virus_only	5	0
A/DAKAR/44/2002		A	H3N2	2002		virus_only	5	0
A/DAKAR/45/2002		A	H3N2	2002		virus_only	5	0
A/DAKAR/46/2002		A	H3N2	2002		virus_only	5	0
A/DAKAR/47/2002		A	H3N2	2002		virus_only	5	0
A/DAKAR/48/2002		A	H3N2	2002		virus_only	5	0
A/DAKAR/5/1996		A	H3N2	1996		virus_only	5	0
A/DAKAR/5/1997		A	H3N2	1997		virus_only	5	0
A/DAKAR/5/1998		A	H3N2	1998		virus_only	4	0
A/DAKAR/5/2004		A	H3N2	2004		virus_only	6	0
A/DAKAR/50/2002		A	H3N2	2002		virus_only	5	0
A/DAKAR/52/1999		A	H3N2	1999		virus_only	9	0
A/DAKAR/52/2003		A	H3N2	2003		virus_only	7	0
A/DAKAR/54/2001		A	H3N2	2001		virus_only	8	0
A/DAKAR/55/2002		A	H3N2	2002		virus_only	5	0
A/DAKAR/55/2003		A	H3N2	2003		virus_only	7	0
A/DAKAR/56/1999		A	H3N2	1999		virus_only	9	0
A/DAKAR/56/2004		A	H3N2	2004		virus_only	5	0
A/DAKAR/57/2004		A	H3N2	2004		virus_only	5	0
A/DAKAR/58/2004		A	H3N2	2004		virus_only	5	0
A/DAKAR/59/2004		A	H3N2	2004		virus_only	5	0
A/DAKAR/6/1996		A	H3N2	1996		virus_only	5	0
A/DAKAR/6/1997		A	H3N2	1997		virus_only	5	0
A/DAKAR/6/1998		A	H3N2	1998		virus_only	4	0
A/DAKAR/6/2001		A	H3N2	2001		virus_only	6	0
A/DAKAR/6/2002		A	H3N2	2002		virus_only	6	0
A/DAKAR/6/2003		A	H3N2	2003		virus_only	9	0
A/DAKAR/6/2004		A	H3N2	2004		virus_only	6	0
A/DAKAR/60/1999		A	H3N2	1999		virus_only	9	0
A/DAKAR/60/2001		A	H3N2	2001		virus_only	8	0
A/DAKAR/60/2004		A	H3N2	2004		virus_only	5	0
A/DAKAR/61/2004		A	H3N2	2004		virus_only	5	0
A/DAKAR/62/2004		A	H3N2	2004		virus_only	5	0
A/DAKAR/63/2004		A	H3N2	2004		virus_only	5	0
A/DAKAR/64/2004		A	H3N2	2004		virus_only	5	0
A/DAKAR/65/1999		A	H3N2	1999		virus_only	9	0
A/DAKAR/65/2004		A	H3N2	2004		virus_only	5	0
A/DAKAR/66/2001		A	H3N2	2001		virus_only	8	0
A/DAKAR/66/2004		A	H3N2	2004		virus_only	5	0
A/DAKAR/67/2001		A	H3N2	2001		virus_only	8	0
A/DAKAR/67/2004		A	H3N2	2004		virus_only	5	0
A/DAKAR/68/2004		A	H3N2	2004		virus_only	5	0
A/DAKAR/69/1999		A	H3N2	1999		virus_only	9	0
A/DAKAR/69/2004		A	H3N2	2004		virus_only	5	0
A/DAKAR/7/1996		A	H3N2	1996		virus_only	5	0
A/DAKAR/7/1998		A	H3N2	1998		virus_only	4	0
A/DAKAR/7/2001		A	H3N2	2001		virus_only	6	0
A/DAKAR/7/2002		A	H3N2	2002		virus_only	6	0
A/DAKAR/70/2004		A	H3N2	2004		virus_only	5	0
A/DAKAR/71/2004		A	H3N2	2004		virus_only	5	0
A/DAKAR/72/2004		A	H3N2	2004		virus_only	5	0
A/DAKAR/73/2004		A	H3N2	2004		virus_only	5	0
A/DAKAR/74/2004		A	H3N2	2004		virus_only	5	0
A/DAKAR/76/1999		A	H3N2	1999		virus_only	9	0
A/DAKAR/76/2004		A	H3N2	2004		virus_only	8	0
A/DAKAR/77/1999		A	H3N2	1999		virus_only	9	0
A/DAKAR/79/1999		A	H3N2	1999		virus_only	6	0
A/DAKAR/8/1996		A	H3N2	1996		virus_only	5	0
A/DAKAR/8/1997		A	H3N2	1997		virus_only	6	0
A/DAKAR/8/2001		A	H3N2	2001		virus_only	6	0
A/DAKAR/8/2004		A	H3N2	2004		virus_only	6	0
A/DAKAR/82/1999		A	H3N2	1999		virus_only	9	0
A/DAKAR/83/1999		A	H3N2	1999		virus_only	9	0
A/DAKAR/85/1999		A	H3N2	1999		virus_only	9	0
A/DAKAR/86/1999		A	H3N2	1999		virus_only	9	0
A/DAKAR/87/1999		A	H3N2	1999		virus_only	6	0
A/DAKAR/88/1999		A	H3N2	1999		virus_only	6	0
A/DAKAR/89/1999		A	H3N2	1999		virus_only	9	0
A/DAKAR/9/1996		A	H3N2	1996		virus_only	4	0
A/DAKAR/91/1999		A	H3N2	1999		virus_only	9	0
A/DAKAR/92/1999		A	H3N2	1999		virus_only	9	0
A/DAKAR/93/1999		A	H3N2	1999		virus_only	9	0
A/DAKAR/94/1999		A	H3N2	1999		virus_only	9	0
A/DAKAR/95/1999		A	H3N2	1999		virus_only	9	0
A/DAKAR/96/1999		A	H3N2	1999		virus_only	9	0
A/DAKAR/98/1999		A	H3N2	1999		virus_only	9	0
A/DAKAR/99/1999		A	H3N2	1999		virus_only	9	0
A/DARWIN/1/2004		A	H3N2	2004		virus_only	5	0
A/DARWIN/12/1999		A	H3N2	1999		virus_only	20	0
A/DARWIN/2/1999		A	H3N2	1999		virus_only	5	0
A/DARWIN/3/2000		A	H3N2	2000		virus_only	6	0
A/DARWIN/4/1997		A	H3N2	1997		virus_only	14	0
A/DARWIN/5/1999@FS		A	H3N2			virus_only	20	0
A/DARWIN/6/2021		A	H3N2	2021		virus_only	10	0
A/DARWIN/7/1999		A	H3N2	1999		virus_only	5	0
A/DARWIN/9/2021		A	H3N2	2021		virus_only	10	0
A/DECIN/42/2012		A	H3N2	2012		virus_only	10	0
A/DELAWARE/15/2012		A	H3N2	2012		virus_only	11	0
A/DENIZLI/1984/2016		A	H3N2	2016		virus_only	12	0
A/DENIZLI/3801/2016		A	H3N2	2016		virus_only	12	0
A/DENMARK/01/2015		A	H3N2	2015		virus_only	10	0
A/DENMARK/02/2003		A	H3N2	2003		virus_only	6	0
A/DENMARK/02/2015		A	H3N2	2015		virus_only	10	0
A/DENMARK/03/2003		A	H3N2	2003		virus_only	6	0
A/DENMARK/06/2003		A	H3N2	2003		virus_only	6	0
A/DENMARK/1/1992		A	H3N2	1992		virus_only	6	0
A/DENMARK/1/1993		A	H3N2	1993		virus_only	7	0
A/DENMARK/1/1994		A	H3N2	1994		virus_only	6	0
A/DENMARK/1/1995		A	H3N2	1995		virus_only	5	0
A/DENMARK/1/2000		A	H3N2	2000		virus_only	6	0
A/DENMARK/1/2002		A	H3N2	2002		virus_only	8	0
A/DENMARK/1/2004		A	H3N2	2004		virus_only	6	0
A/DENMARK/1/2007		A	H3N2	2007		virus_only	8	0
A/DENMARK/10/1993		A	H3N2	1993		virus_only	6	0
A/DENMARK/10/2000		A	H3N2	2000		virus_only	6	0
A/DENMARK/10/2002		A	H3N2	2002		virus_only	6	0
A/DENMARK/10/2003		A	H3N2	2003		virus_only	6	0
A/DENMARK/10/2004		A	H3N2	2004		virus_only	6	0
A/DENMARK/10/2005		A	H3N2	2005		virus_only	8	0
A/DENMARK/102/2005		A	H3N2	2005		virus_only	7	0
A/DENMARK/103/2005		A	H3N2	2005		virus_only	7	0
A/DENMARK/103/2013		A	H3N2	2013		virus_only	9	0
A/DENMARK/104/2013		A	H3N2	2013		virus_only	9	0
A/DENMARK/105/2010		A	H3N2	2010		virus_only	8	0
A/DENMARK/1090/2020		A	H3N2	2020		virus_only	9	0
A/DENMARK/11/1993		A	H3N2	1993		virus_only	6	0
A/DENMARK/11/2000		A	H3N2	2000		virus_only	6	0
A/DENMARK/11/2002		A	H3N2	2002		virus_only	6	0
A/DENMARK/11/2003		A	H3N2	2003		virus_only	6	0
A/DENMARK/11/2004		A	H3N2	2004		virus_only	6	0
A/DENMARK/112/2005		A	H3N2	2005		virus_only	7	0
A/DENMARK/1138/2020		A	H3N2	2020		virus_only	9	0
A/DENMARK/114/2017		A	H3N2	2017		virus_only	8	0
A/DENMARK/12/1993		A	H3N2	1993		virus_only	6	0
A/DENMARK/12/2000		A	H3N2	2000		virus_only	6	0
A/DENMARK/12/2002		A	H3N2	2002		virus_only	6	0
A/DENMARK/12/2004		A	H3N2	2004		virus_only	6	0
A/DENMARK/12/2012		A	H3N2	2012		virus_only	10	0
A/DENMARK/1262/2020		A	H3N2	2020		virus_only	9	0
A/DENMARK/1295/2020		A	H3N2	2020		virus_only	9	0
A/DENMARK/13/1993		A	H3N2	1993		virus_only	6	0
A/DENMARK/13/2000		A	H3N2	2000		virus_only	6	0
A/DENMARK/13/2002		A	H3N2	2002		virus_only	6	0
A/DENMARK/13/2003		A	H3N2	2003		virus_only	6	0
A/DENMARK/13/2004		A	H3N2	2004		virus_only	6	0
A/DENMARK/13/2005		A	H3N2	2005		virus_only	9	0
A/DENMARK/14/2000		A	H3N2	2000		virus_only	6	0
A/DENMARK/14/2002		A	H3N2	2002		virus_only	6	0
A/DENMARK/14/2003		A	H3N2	2003		virus_only	12	0
A/DENMARK/14/2005		A	H3N2	2005		virus_only	9	0
A/DENMARK/15/2000		A	H3N2	2000		virus_only	6	0
A/DENMARK/15/2002		A	H3N2	2002		virus_only	6	0
A/DENMARK/15/2003		A	H3N2	2003		virus_only	7	0
A/DENMARK/15/2005		A	H3N2	2005		virus_only	9	0
A/DENMARK/15866/1998		A	H3N2	1998		virus_only	5	0
A/DENMARK/15976/1998#ORIGINAL		A	H3N2			virus_only	5	0
A/DENMARK/16/2000		A	H3N2	2000		virus_only	6	0
A/DENMARK/16/2002		A	H3N2	2002		virus_only	6	0
A/DENMARK/16/2003		A	H3N2	2003		virus_only	12	0
A/DENMARK/16112/1998		A	H3N2	1998		virus_only	5	0
A/DENMARK/16123/1998#ORIGINAL		A	H3N2			virus_only	5	0
A/DENMARK/16172/1998		A	H3N2	1998		virus_only	5	0
A/DENMARK/16175/1998#ORIGINAL		A	H3N2			virus_only	5	0
A/DENMARK/17/2000		A	H3N2	2000		virus_only	6	0
A/DENMARK/17/2002		A	H3N2	2002		virus_only	6	0
A/DENMARK/17/2003		A	H3N2	2003		virus_only	7	0
A/DENMARK/18/2000		A	H3N2	2000		virus_only	6	0
A/DENMARK/18/2002		A	H3N2	2002		virus_only	6	0
A/DENMARK/18/2003		A	H3N2	2003		virus_only	5	0
A/DENMARK/18/2005		A	H3N2	2005		virus_only	9	0
A/DENMARK/183/2008		A	H3N2	2008		virus_only	10	0
A/DENMARK/184/2008		A	H3N2	2008		virus_only	10	0
A/DENMARK/185/2008		A	H3N2	2008		virus_only	10	0
A/DENMARK/189/2008		A	H3N2	2008		virus_only	10	0
A/DENMARK/19/2000		A	H3N2	2000		virus_only	6	0
A/DENMARK/19/2002		A	H3N2	2002		virus_only	6	0
A/DENMARK/19/2005		A	H3N2	2005		virus_only	9	0
A/DENMARK/190/2008		A	H3N2	2008		virus_only	18	0
A/DENMARK/191/2008		A	H3N2	2008		virus_only	8	0
A/DENMARK/2/1992		A	H3N2	1992		virus_only	6	0
A/DENMARK/2/1994		A	H3N2	1994		virus_only	6	0
A/DENMARK/2/1995		A	H3N2	1995		virus_only	5	0
A/DENMARK/2/2000		A	H3N2	2000		virus_only	6	0
A/DENMARK/2/2002		A	H3N2	2002		virus_only	8	0
A/DENMARK/2/2004		A	H3N2	2004		virus_only	6	0
A/DENMARK/2/2005		A	H3N2	2005		virus_only	14	0
A/DENMARK/2/2007		A	H3N2	2007		virus_only	8	0
A/DENMARK/2/2012		A	H3N2	2012		virus_only	10	0
A/DENMARK/20/2000		A	H3N2	2000		virus_only	6	0
A/DENMARK/20/2002		A	H3N2	2002		virus_only	6	0
A/DENMARK/20/2003		A	H3N2	2003		virus_only	5	0
A/DENMARK/20/2005		A	H3N2	2005		virus_only	9	0
A/DENMARK/20/2013		A	H3N2	2013		virus_only	11	0
A/DENMARK/21/2000		A	H3N2	2000		virus_only	6	0
A/DENMARK/21/2002		A	H3N2	2002		virus_only	6	0
A/DENMARK/21/2003		A	H3N2	2003		virus_only	7	0
A/DENMARK/21/2005		A	H3N2	2005		virus_only	9	0
A/DENMARK/22/2000		A	H3N2	2000		virus_only	6	0
A/DENMARK/22/2002		A	H3N2	2002		virus_only	6	0
A/DENMARK/22/2003		A	H3N2	2003		virus_only	7	0
A/DENMARK/22243/1998		A	H3N2	1998		virus_only	5	0
A/DENMARK/22401/1998		A	H3N2	1998		virus_only	5	0
A/DENMARK/22511/1998		A	H3N2	1998		virus_only	5	0
A/DENMARK/22520/1998		A	H3N2	1998		virus_only	5	0
A/DENMARK/22804/1998		A	H3N2	1998		virus_only	5	0
A/DENMARK/23/2000		A	H3N2	2000		virus_only	6	0
A/DENMARK/23/2002		A	H3N2	2002		virus_only	6	0
A/DENMARK/23/2003		A	H3N2	2003		virus_only	7	0
A/DENMARK/23001/1999		A	H3N2	1999		virus_only	5	0
A/DENMARK/23244/1999		A	H3N2	1999		virus_only	5	0
A/DENMARK/23348/1999		A	H3N2	1999		virus_only	5	0
A/DENMARK/23430/1999		A	H3N2	1999		virus_only	5	0
A/DENMARK/23431/1999		A	H3N2	1999		virus_only	5	0
A/DENMARK/23553/1999		A	H3N2	1999		virus_only	5	0
A/DENMARK/23637/1999		A	H3N2	1999		virus_only	5	0
A/DENMARK/23639/1999		A	H3N2	1999		virus_only	5	0
A/DENMARK/23676/1999		A	H3N2	1999		virus_only	5	0
A/DENMARK/23678/1999		A	H3N2	1999		virus_only	5	0
A/DENMARK/23746/1999		A	H3N2	1999		virus_only	5	0
A/DENMARK/23780/1999		A	H3N2	1999		virus_only	5	0
A/DENMARK/23788/1999		A	H3N2	1999		virus_only	5	0
A/DENMARK/23789/1999		A	H3N2	1999		virus_only	5	0
A/DENMARK/23791/1999		A	H3N2	1999		virus_only	5	0
A/DENMARK/23794/1999		A	H3N2	1999		virus_only	5	0
A/DENMARK/23796/1999		A	H3N2	1999		virus_only	5	0
A/DENMARK/23808/1999		A	H3N2	1999		virus_only	5	0
A/DENMARK/23811/1999		A	H3N2	1999		virus_only	5	0
A/DENMARK/23819/1999		A	H3N2	1999		virus_only	5	0
A/DENMARK/23821/1999		A	H3N2	1999		virus_only	5	0
A/DENMARK/23891/1999		A	H3N2	1999		virus_only	5	0
A/DENMARK/23894/1999		A	H3N2	1999		virus_only	5	0
A/DENMARK/23929/1999		A	H3N2	1999		virus_only	5	0
A/DENMARK/23931/1999		A	H3N2	1999		virus_only	5	0
A/DENMARK/23932/1999		A	H3N2	1999		virus_only	5	0
A/DENMARK/23935/1999		A	H3N2	1999		virus_only	5	0
A/DENMARK/23976/1999		A	H3N2	1999		virus_only	5	0
A/DENMARK/23985/1999		A	H3N2	1999		virus_only	5	0
A/DENMARK/23989/1999		A	H3N2	1999		virus_only	5	0
A/DENMARK/23993/1999		A	H3N2	1999		virus_only	5	0
A/DENMARK/23994/1999		A	H3N2	1999		virus_only	5	0
A/DENMARK/23995/1999		A	H3N2	1999		virus_only	5	0
A/DENMARK/23998/1999		A	H3N2	1999		virus_only	5	0
A/DENMARK/24/2000		A	H3N2	2000		virus_only	6	0
A/DENMARK/24/2002		A	H3N2	2002		virus_only	6	0
A/DENMARK/24/2003		A	H3N2	2003		virus_only	7	0
A/DENMARK/24/2005		A	H3N2	2005		virus_only	9	0
A/DENMARK/24/2012		A	H3N2	2012		virus_only	10	0
A/DENMARK/24002/1999		A	H3N2	1999		virus_only	5	0
A/DENMARK/24024/1999		A	H3N2	1999		virus_only	5	0
A/DENMARK/24025/1999		A	H3N2	1999		virus_only	5	0
A/DENMARK/24027/1999		A	H3N2	1999		virus_only	5	0
A/DENMARK/24029/1999		A	H3N2	1999		virus_only	5	0
A/DENMARK/24032/1999		A	H3N2	1999		virus_only	5	0
A/DENMARK/24035/1999		A	H3N2	1999		virus_only	5	0
A/DENMARK/24062/1999		A	H3N2	1999		virus_only	5	0
A/DENMARK/24066/1999		A	H3N2	1999		virus_only	5	0
A/DENMARK/24071/1999		A	H3N2	1999		virus_only	5	0
A/DENMARK/24090/1999		A	H3N2	1999		virus_only	5	0
A/DENMARK/24123/1999		A	H3N2	1999		virus_only	5	0
A/DENMARK/24124/1999		A	H3N2	1999		virus_only	5	0
A/DENMARK/24140/1999		A	H3N2	1999		virus_only	5	0
A/DENMARK/24195/1999		A	H3N2	1999		virus_only	5	0
A/DENMARK/24349/1999		A	H3N2	1999		virus_only	5	0
A/DENMARK/24414/1999		A	H3N2	1999		virus_only	5	0
A/DENMARK/25/2000		A	H3N2	2000		virus_only	6	0
A/DENMARK/25/2002		A	H3N2	2002		virus_only	6	0
A/DENMARK/25/2003		A	H3N2	2003		virus_only	7	0
A/DENMARK/25/2012		A	H3N2	2012		virus_only	10	0
A/DENMARK/26/2000		A	H3N2	2000		virus_only	6	0
A/DENMARK/26/2002		A	H3N2	2002		virus_only	6	0
A/DENMARK/26/2003		A	H3N2	2003		virus_only	7	0
A/DENMARK/26/2012		A	H3N2	2012		virus_only	10	0
A/DENMARK/27/2000		A	H3N2	2000		virus_only	6	0
A/DENMARK/27/2002		A	H3N2	2002		virus_only	5	0
A/DENMARK/27/2003		A	H3N2	2003		virus_only	7	0
A/DENMARK/27/2005		A	H3N2	2005		virus_only	9	0
A/DENMARK/2785/2019		A	H3N2	2019		virus_only	8	0
A/DENMARK/28/2000		A	H3N2	2000		virus_only	6	0
A/DENMARK/28/2002		A	H3N2	2002		virus_only	6	0
A/DENMARK/28/2003		A	H3N2	2003		virus_only	7	0
A/DENMARK/28/2005		A	H3N2	2005		virus_only	9	0
A/DENMARK/28/2012		A	H3N2	2012		virus_only	10	0
A/DENMARK/29/2000		A	H3N2	2000		virus_only	6	0
A/DENMARK/29/2002		A	H3N2	2002		virus_only	5	0
A/DENMARK/29/2003		A	H3N2	2003		virus_only	7	0
A/DENMARK/29/2005		A	H3N2	2005		virus_only	9	0
A/DENMARK/3/1992		A	H3N2	1992		virus_only	6	0
A/DENMARK/3/1993		A	H3N2	1993		virus_only	6	0
A/DENMARK/3/1995		A	H3N2	1995		virus_only	6	0
A/DENMARK/3/2000		A	H3N2	2000		virus_only	6	0
A/DENMARK/3/2002		A	H3N2	2002		virus_only	8	0
A/DENMARK/3/2004		A	H3N2	2004		virus_only	6	0
A/DENMARK/3/2012		A	H3N2	2012		virus_only	10	0
A/DENMARK/30/2000		A	H3N2	2000		virus_only	6	0
A/DENMARK/30/2002		A	H3N2	2002		virus_only	5	0
A/DENMARK/30/2003		A	H3N2	2003		virus_only	7	0
A/DENMARK/30/2005		A	H3N2	2005		virus_only	9	0
A/DENMARK/31/2000		A	H3N2	2000		virus_only	6	0
A/DENMARK/31/2003		A	H3N2	2003		virus_only	7	0
A/DENMARK/31/2005		A	H3N2	2005		virus_only	9	0
A/DENMARK/31/2012		A	H3N2	2012		virus_only	10	0
A/DENMARK/32/2000		A	H3N2	2000		virus_only	6	0
A/DENMARK/32/2003		A	H3N2	2003		virus_only	7	0
A/DENMARK/32/2005		A	H3N2	2005		virus_only	9	0
A/DENMARK/3275/2019		A	H3N2	2019		virus_only	8	0
A/DENMARK/3292/2019		A	H3N2	2019		virus_only	8	0
A/DENMARK/33/2000		A	H3N2	2000		virus_only	6	0
A/DENMARK/33/2003		A	H3N2	2003		virus_only	7	0
A/DENMARK/3331/2019		A	H3N2	2019		virus_only	8	0
A/DENMARK/34/2000		A	H3N2	2000		virus_only	6	0
A/DENMARK/34/2003		A	H3N2	2003		virus_only	7	0
A/DENMARK/34/2005		A	H3N2	2005		virus_only	10	0
A/DENMARK/35/2000		A	H3N2	2000		virus_only	6	0
A/DENMARK/35/2003		A	H3N2	2003		virus_only	7	0
A/DENMARK/35/2005		A	H3N2	2005		virus_only	9	0
A/DENMARK/36/2000		A	H3N2	2000		virus_only	6	0
A/DENMARK/36/2003		A	H3N2	2003		virus_only	7	0
A/DENMARK/36/2012		A	H3N2	2012		virus_only	10	0
A/DENMARK/37/2000		A	H3N2	2000		virus_only	6	0
A/DENMARK/37/2005		A	H3N2	2005		virus_only	9	0
A/DENMARK/38/2000		A	H3N2	2000		virus_only	6	0
A/DENMARK/38/2003		A	H3N2	2003		virus_only	7	0
A/DENMARK/38/2012		A	H3N2	2012		virus_only	10	0
A/DENMARK/39/2003		A	H3N2	2003		virus_only	7	0
A/DENMARK/39/2005		A	H3N2	2005		virus_only	20	0
A/DENMARK/4/1991		A	H3N2	1991		virus_only	6	0
A/DENMARK/4/1992		A	H3N2	1992		virus_only	6	0
A/DENMARK/4/1993		A	H3N2	1993		virus_only	6	0
A/DENMARK/4/2000		A	H3N2	2000		virus_only	6	0
A/DENMARK/4/2002		A	H3N2	2002		virus_only	8	0
A/DENMARK/4/2003		A	H3N2	2003		virus_only	6	0
A/DENMARK/4/2004		A	H3N2	2004		virus_only	6	0
A/DENMARK/4/2005		A	H3N2	2005		virus_only	8	0
A/DENMARK/4/2007		A	H3N2	2007		virus_only	8	0
A/DENMARK/40/2003		A	H3N2	2003		virus_only	7	0
A/DENMARK/40/2005		A	H3N2	2005		virus_only	10	0
A/DENMARK/41/2000		A	H3N2	2000		virus_only	7	0
A/DENMARK/41/2003		A	H3N2	2003		virus_only	7	0
A/DENMARK/41/2012		A	H3N2	2012		virus_only	10	0
A/DENMARK/42/2003		A	H3N2	2003		virus_only	7	0
A/DENMARK/42/2005		A	H3N2	2005		virus_only	10	0
A/DENMARK/42/2012		A	H3N2	2012		virus_only	10	0
A/DENMARK/43/2003		A	H3N2	2003		virus_only	7	0
A/DENMARK/43/2005		A	H3N2	2005		virus_only	10	0
A/DENMARK/44/2003		A	H3N2	2003		virus_only	7	0
A/DENMARK/44/2005		A	H3N2	2005		virus_only	10	0
A/DENMARK/44/2014		A	H3N2	2014		virus_only	11	0
A/DENMARK/45/2003		A	H3N2	2003		virus_only	7	0
A/DENMARK/45/2014		A	H3N2	2014		virus_only	11	0
A/DENMARK/46/2003		A	H3N2	2003		virus_only	6	0
A/DENMARK/46/2005		A	H3N2	2005		virus_only	10	0
A/DENMARK/46/2014		A	H3N2	2014		virus_only	11	0
A/DENMARK/47/2003		A	H3N2	2003		virus_only	7	0
A/DENMARK/47/2005		A	H3N2	2005		virus_only	10	0
A/DENMARK/48/2003		A	H3N2	2003		virus_only	7	0
A/DENMARK/49/2003		A	H3N2	2003		virus_only	7	0
A/DENMARK/49/2005		A	H3N2	2005		virus_only	10	0
A/DENMARK/5/1992		A	H3N2	1992		virus_only	6	0
A/DENMARK/5/1993		A	H3N2	1993		virus_only	6	0
A/DENMARK/5/2000		A	H3N2	2000		virus_only	5	0
A/DENMARK/5/2002		A	H3N2	2002		virus_only	6	0
A/DENMARK/5/2004		A	H3N2	2004		virus_only	6	0
A/DENMARK/5/2007		A	H3N2	2007		virus_only	8	0
A/DENMARK/5/2012		A	H3N2	2012		virus_only	10	0
A/DENMARK/50/2005		A	H3N2	2005		virus_only	10	0
A/DENMARK/51/2003		A	H3N2	2003		virus_only	6	0
A/DENMARK/51/2005		A	H3N2	2005		virus_only	10	0
A/DENMARK/52/2005		A	H3N2	2005		virus_only	10	0
A/DENMARK/53/2003		A	H3N2	2003		virus_only	6	0
A/DENMARK/54/2003		A	H3N2	2003		virus_only	6	0
A/DENMARK/55/1999		A	H3N2	1999		virus_only	6	0
A/DENMARK/55/2003		A	H3N2	2003		virus_only	6	0
A/DENMARK/55/2005		A	H3N2	2005		virus_only	10	0
A/DENMARK/56/1999		A	H3N2	1999		virus_only	6	0
A/DENMARK/56/2005		A	H3N2	2005		virus_only	10	0
A/DENMARK/57/1999		A	H3N2	1999		virus_only	6	0
A/DENMARK/57/2003		A	H3N2	2003		virus_only	6	0
A/DENMARK/58/1999		A	H3N2	1999		virus_only	6	0
A/DENMARK/58/2003		A	H3N2	2003		virus_only	6	0
A/DENMARK/58/2005		A	H3N2	2005		virus_only	7	0
A/DENMARK/59/1999		A	H3N2	1999		virus_only	6	0
A/DENMARK/59/2003		A	H3N2	2003		virus_only	6	0
A/DENMARK/6/1992		A	H3N2	1992		virus_only	6	0
A/DENMARK/6/1993		A	H3N2	1993		virus_only	5	0
A/DENMARK/6/2000		A	H3N2	2000		virus_only	6	0
A/DENMARK/6/2002		A	H3N2	2002		virus_only	6	0
A/DENMARK/6/2004		A	H3N2	2004		virus_only	6	0
A/DENMARK/6/2012		A	H3N2	2012		virus_only	10	0
A/DENMARK/60/1999		A	H3N2	1999		virus_only	6	0
A/DENMARK/60/2003		A	H3N2	2003		virus_only	7	0
A/DENMARK/60/2005		A	H3N2	2005		virus_only	7	0
A/DENMARK/60/2013		A	H3N2	2013		virus_only	11	0
A/DENMARK/61/1999		A	H3N2	1999		virus_only	6	0
A/DENMARK/61/2003		A	H3N2	2003		virus_only	7	0
A/DENMARK/62/1999		A	H3N2	1999		virus_only	5	0
A/DENMARK/62/2003		A	H3N2	2003		virus_only	7	0
A/DENMARK/62/2005		A	H3N2	2005		virus_only	7	0
A/DENMARK/63/1999		A	H3N2	1999		virus_only	6	0
A/DENMARK/63/2003		A	H3N2	2003		virus_only	7	0
A/DENMARK/64/1999		A	H3N2	1999		virus_only	6	0
A/DENMARK/64/2003		A	H3N2	2003		virus_only	7	0
A/DENMARK/65/2003		A	H3N2	2003		virus_only	6	0
A/DENMARK/65/2005		A	H3N2	2005		virus_only	7	0
A/DENMARK/66/2003		A	H3N2	2003		virus_only	6	0
A/DENMARK/66/2005		A	H3N2	2005		virus_only	7	0
A/DENMARK/67/2003		A	H3N2	2003		virus_only	6	0
A/DENMARK/67/2005		A	H3N2	2005		virus_only	7	0
A/DENMARK/67/2012		A	H3N2	2012		virus_only	11	0
A/DENMARK/67/2017		A	H3N2	2017		virus_only	8	0
A/DENMARK/68/2005		A	H3N2	2005		virus_only	7	0
A/DENMARK/68/2012		A	H3N2	2012		virus_only	11	0
A/DENMARK/69/2003		A	H3N2	2003		virus_only	6	0
A/DENMARK/69/2005		A	H3N2	2005		virus_only	7	0
A/DENMARK/7/1992		A	H3N2	1992		virus_only	6	0
A/DENMARK/7/1993		A	H3N2	1993		virus_only	5	0
A/DENMARK/7/2000		A	H3N2	2000		virus_only	6	0
A/DENMARK/7/2002		A	H3N2	2002		virus_only	6	0
A/DENMARK/7/2003		A	H3N2	2003		virus_only	6	0
A/DENMARK/7/2005		A	H3N2	2005		virus_only	8	0
A/DENMARK/70/2003		A	H3N2	2003		virus_only	6	0
A/DENMARK/71/2003		A	H3N2	2003		virus_only	6	0
A/DENMARK/71/2012		A	H3N2	2012		virus_only	11	0
A/DENMARK/72/2003		A	H3N2	2003		virus_only	6	0
A/DENMARK/72/2005		A	H3N2	2005		virus_only	7	0
A/DENMARK/73/2003		A	H3N2	2003		virus_only	6	0
A/DENMARK/73/2005		A	H3N2	2005		virus_only	7	0
A/DENMARK/74/2003		A	H3N2	2003		virus_only	6	0
A/DENMARK/75/2003		A	H3N2	2003		virus_only	6	0
A/DENMARK/76/2003		A	H3N2	2003		virus_only	6	0
A/DENMARK/77/2003		A	H3N2	2003		virus_only	6	0
A/DENMARK/77/2005		A	H3N2	2005		virus_only	7	0
A/DENMARK/78/2003		A	H3N2	2003		virus_only	6	0
A/DENMARK/78/2005		A	H3N2	2005		virus_only	7	0
A/DENMARK/78/2012		A	H3N2	2012		virus_only	11	0
A/DENMARK/79/2003		A	H3N2	2003		virus_only	6	0
A/DENMARK/8/1993		A	H3N2	1993		virus_only	5	0
A/DENMARK/8/2000		A	H3N2	2000		virus_only	6	0
A/DENMARK/8/2002		A	H3N2	2002		virus_only	6	0
A/DENMARK/8/2003		A	H3N2	2003		virus_only	6	0
A/DENMARK/8/2004		A	H3N2	2004		virus_only	6	0
A/DENMARK/8/2005		A	H3N2	2005		virus_only	8	0
A/DENMARK/80/2003		A	H3N2	2003		virus_only	6	0
A/DENMARK/81/2003		A	H3N2	2003		virus_only	6	0
A/DENMARK/81/2005		A	H3N2	2005		virus_only	7	0
A/DENMARK/82/2003		A	H3N2	2003		virus_only	6	0
A/DENMARK/83/2003		A	H3N2	2003		virus_only	12	0
A/DENMARK/83/2005		A	H3N2	2005		virus_only	6	0
A/DENMARK/84/2003		A	H3N2	2003		virus_only	6	0
A/DENMARK/85/2003		A	H3N2	2003		virus_only	12	0
A/DENMARK/86/2017		A	H3N2	2017		virus_only	8	0
A/DENMARK/87/2003		A	H3N2	2003		virus_only	6	0
A/DENMARK/87/2011		A	H3N2	2011		virus_only	9	0
A/DENMARK/88/2003		A	H3N2	2003		virus_only	6	0
A/DENMARK/89/2003		A	H3N2	2003		virus_only	6	0
A/DENMARK/89/2005		A	H3N2	2005		virus_only	7	0
A/DENMARK/9/1993		A	H3N2	1993		virus_only	6	0
A/DENMARK/9/2000		A	H3N2	2000		virus_only	6	0
A/DENMARK/9/2002		A	H3N2	2002		virus_only	6	0
A/DENMARK/9/2003		A	H3N2	2003		virus_only	6	0
A/DENMARK/9/2004		A	H3N2	2004		virus_only	6	0
A/DENMARK/9/2005		A	H3N2	2005		virus_only	16	0
A/DENMARK/90/2003		A	H3N2	2003		virus_only	6	0
A/DENMARK/90/2011		A	H3N2	2011		virus_only	28	0
A/DENMARK/91/2003		A	H3N2	2003		virus_only	6	0
A/DENMARK/92/2003		A	H3N2	2003		virus_only	6	0
A/DENMARK/92/2005		A	H3N2	2005		virus_only	7	0
A/DENMARK/95/2005		A	H3N2	2005		virus_only	7	0
A/DENMARK/96/2013		A	H3N2	2013		virus_only	9	0
A/DENMARK/97/2005		A	H3N2	2005		virus_only	7	0
A/DESGENETTES/1941/2017		A	H3N2	2017		virus_only	8	0
A/DESGENETTES/559/2005		A	H3N2	2005		virus_only	6	0
A/DEVA/904/2004		A	H3N2	2004		virus_only	6	0
A/DIJON/1176/2017		A	H3N2	2017		virus_only	7	0
A/DIJON/1484/2015		A	H3N2	2015		virus_only	14	0
A/DIJON/1723/2018		A	H3N2	2018		virus_only	8	0
A/DIJON/1771/2018		A	H3N2	2018		virus_only	8	0
A/DIYARBAKIR/1208/2018		A	H3N2	2018		virus_only	9	0
A/DIYARBAKIR/1847/2016		A	H3N2	2016		virus_only	12	0
A/DIYARBAKIR/1905/2016		A	H3N2	2016		virus_only	12	0
A/DIYARBAKIR/1941/2016		A	H3N2	2016		virus_only	12	0
A/DIYARBAKIR/211/2014		A	H3N2	2014		virus_only	9	0
A/DIYARBAKIR/371/2014		A	H3N2	2014		virus_only	18	0
A/DIYARBAKIR/4107/2013		A	H3N2	2013		virus_only	9	0
A/DIYARBAKIR/4109/2013		A	H3N2	2013		virus_only	9	0
A/DIYARBAKIR/4212/2013		A	H3N2	2013		virus_only	9	0
A/DIYARBAKIR/4214/2013		A	H3N2	2013		virus_only	9	0
A/DIYARBAKIR/65/2014		A	H3N2	2014		virus_only	9	0
A/DNIPROCITY/137/2009		A	H3N2	2009		virus_only	8	0
A/DNIPROCITY/205/2009		A	H3N2	2009		virus_only	8	0
A/DNIPROCITY/282/2009		A	H3N2	2009		virus_only	8	0
A/DNIPRODZERZINSKSES/328/2007		A	H3N2	2007		virus_only	9	0
A/DNIPRODZERZINSKSES/329/2007		A	H3N2	2007		virus_only	9	0
A/DNIPRODZERZINSKSES/334/2007		A	H3N2	2007		virus_only	18	0
A/DNIPRODZERZINSKSES/342/2007		A	H3N2	2007		virus_only	9	0
A/DNIPRODZERZINSKSES/350/2007		A	H3N2	2007		virus_only	18	0
A/DNIPROPETROVSK/107/2009		A	H3N2	2009		virus_only	8	0
A/DNIPROPETROVSK/153/2012		A	H3N2	2012		virus_only	10	0
A/DNIPROPETROVSK/155/2012		A	H3N2	2012		virus_only	10	0
A/DNIPROPETROVSK/168/2014		A	H3N2	2014		virus_only	10	0
A/DNIPROPETROVSK/182/2012		A	H3N2	2012		virus_only	10	0
A/DNIPROPETROVSK/194/2012		A	H3N2	2012		virus_only	10	0
A/DNIPROPETROVSK/228/2014		A	H3N2	2014		virus_only	9	0
A/DNIPROPETROVSK/229/2014		A	H3N2	2014		virus_only	9	0
A/DNIPROPETROVSK/230/2014		A	H3N2	2014		virus_only	18	0
A/DNIPROPETROVSK/232/2014		A	H3N2	2014		virus_only	18	0
A/DNIPROPETROVSK/233/2014		A	H3N2	2014		virus_only	8	0
A/DNIPROPETROVSK/234/2014		A	H3N2	2014		virus_only	18	0
A/DNIPROPETROVSK/235/2014		A	H3N2	2014		virus_only	9	0
A/DNIPROPETROVSK/236/2014		A	H3N2	2014		virus_only	9	0
A/DNIPROPETROVSK/244/2017		A	H3N2	2017		virus_only	12	0
A/DNIPROPETROVSK/257/2013		A	H3N2	2013		virus_only	6	0
A/DNIPROPETROVSK/319/2007		A	H3N2	2007		virus_only	17	0
A/DNIPROPETROVSK/321/2007		A	H3N2	2007		virus_only	9	0
A/DNIPROPETROVSK/325/2007		A	H3N2	2007		virus_only	9	0
A/DNIPROPETROVSK/342/2007		A	H3N2	2007		virus_only	18	0
A/DNIPROPETROVSK/361/2013		A	H3N2	2013		virus_only	11	0
A/DNIPROPETROVSK/364/2013		A	H3N2	2013		virus_only	11	0
A/DNIPROPETROVSK/365/2013		A	H3N2	2013		virus_only	11	0
A/DNIPROPETROVSK/369/2013		A	H3N2	2013		virus_only	11	0
A/DNIPROPETROVSK/390/2013		A	H3N2	2013		virus_only	11	0
A/DNIPROPETROVSK/417/2007		A	H3N2	2007		virus_only	17	0
A/DNIPROPETROVSK/429/2007		A	H3N2	2007		virus_only	17	0
A/DNIPROPETROVSK/88/2009		A	H3N2	2009		virus_only	8	0
A/DOMREPUBLIC/36321/1999		A	H3N2	1999		virus_only	17	0
A/DONETSK/172/2009		A	H3N2	2009		virus_only	8	0
A/DOUALA/11V18857/2011		A	H3N2	2011		virus_only	9	0
A/DRESDEN/1/1992		A	H3N2	1992		virus_only	8	0
A/DUBLIN/1/1999		A	H3N2	1999		virus_only	5	0
A/DUBLIN/3197/1993		A	H3N2	1993		virus_only	6	0
A/DUNAJSKASTREDA/232/2017		A	H3N2	2017		virus_only	12	0
A/DUNEDIN/1/1994		A	H3N2	1994		virus_only	8	0
A/DUNEDIN/24/1990		A	H3N2	1990		virus_only	13	0
A/DUNEDIN/25/1990		A	H3N2	1990		virus_only	8	0
A/DUNEDIN/3/1999		A	H3N2	1999		virus_only	6	0
A/DURBAN/189/2009		A	H3N2	2009		virus_only	9	0
A/DURBAN/190/2009		A	H3N2	2009		virus_only	9	0
A/DURBAN/191/2009		A	H3N2	2009		virus_only	11	0
A/DURBAN/311/2009		A	H3N2	2009		virus_only	9	0
A/DURBAN/675/2009		A	H3N2	2009		virus_only	17	0
A/DURBAN/92/2011		A	H3N2	2011		virus_only	12	0
A/EDIRNE/465/2006		A	H3N2	2006		virus_only	7	0
A/EDIRNE/564/2006		A	H3N2	2006		virus_only	7	0
A/EDIRNE/565/2006		A	H3N2	2006		virus_only	7	0
A/EDIRNE/566/2006		A	H3N2	2006		virus_only	7	0
A/EDIRNE/598/2006		A	H3N2	2006		virus_only	7	0
A/EDIRNE/603/2006		A	H3N2	2006		virus_only	5	0
A/EGPYT/47/2008		A	H3N2	2008		virus_only	8	0
A/EGYPT/118/2002		A	H3N2	2002		virus_only	5	0
A/EGYPT/133/2002		A	H3N2	2002		virus_only	5	0
A/EGYPT/145/2002		A	H3N2	2002		virus_only	5	0
A/EGYPT/151/2002		A	H3N2	2002		virus_only	5	0
A/EGYPT/154/2002		A	H3N2	2002		virus_only	5	0
A/EGYPT/160/2002		A	H3N2	2002		virus_only	5	0
A/EGYPT/18/1993		A	H3N2	1993		virus_only	9	0
A/EGYPT/184/2002		A	H3N2	2002		virus_only	5	0
A/EGYPT/187/2002		A	H3N2	2002		virus_only	5	0
A/EGYPT/189/2002		A	H3N2	2002		virus_only	5	0
A/EGYPT/19/1993		A	H3N2	1993		virus_only	9	0
A/EGYPT/191/2002		A	H3N2	2002		virus_only	6	0
A/EGYPT/197/2002		A	H3N2	2002		virus_only	5	0
A/EGYPT/200/2002		A	H3N2	2002		virus_only	6	0
A/EGYPT/205/2003		A	H3N2	2003		virus_only	6	0
A/EGYPT/207/2003		A	H3N2	2003		virus_only	6	0
A/EGYPT/208/2003		A	H3N2	2003		virus_only	6	0
A/EGYPT/210/2003		A	H3N2	2003		virus_only	6	0
A/EGYPT/212/2003		A	H3N2	2003		virus_only	6	0
A/EGYPT/218/2003		A	H3N2	2003		virus_only	6	0
A/EGYPT/222/2003		A	H3N2	2003		virus_only	6	0
A/EGYPT/228/2003		A	H3N2	2003		virus_only	6	0
A/EGYPT/233/2003		A	H3N2	2003		virus_only	6	0
A/EGYPT/234/2003		A	H3N2	2003		virus_only	6	0
A/EGYPT/237/2003		A	H3N2	2003		virus_only	6	0
A/EGYPT/247/2003		A	H3N2	2003		virus_only	6	0
A/EGYPT/248/2003		A	H3N2	2003		virus_only	6	0
A/EGYPT/249/2003		A	H3N2	2003		virus_only	6	0
A/EGYPT/252/2003		A	H3N2	2003		virus_only	6	0
A/EGYPT/259/2003		A	H3N2	2003		virus_only	6	0
A/EGYPT/262/2003		A	H3N2	2003		virus_only	6	0
A/EGYPT/278/2018		A	H3N2	2018		virus_only	8	0
A/EGYPT/293/2018		A	H3N2	2018		virus_only	8	0
A/EGYPT/46/2008		A	H3N2	2008		virus_only	8	0
A/EGYPT/48/2008		A	H3N2	2008		virus_only	8	0
A/EGYPT/59/2008		A	H3N2	2008		virus_only	8	0
A/EGYPT/60/2008		A	H3N2	2008		virus_only	8	0
A/EGYPT/7113/2019		A	H3N2	2019		virus_only	9	0
A/EGYPT/72/2008		A	H3N2	2008		virus_only	8	0
A/EGYPT/8070/2016		A	H3N2	2016		virus_only	12	0
A/EGYPT/8123/2016		A	H3N2	2016		virus_only	12	0
A/EGYPT/8200/2016		A	H3N2	2016		virus_only	12	0
A/EGYPT/8375/2016		A	H3N2	2016		virus_only	12	0
A/EGYPT/8437/2016		A	H3N2	2016		virus_only	12	0
A/EGYPT/8619/2016		A	H3N2	2016		virus_only	12	0
A/EGYPT/89/2002		A	H3N2	2002		virus_only	5	0
A/EGYPT/99/2006		A	H3N2	2006		virus_only	10	0
A/EGYPT/GAB3911/2014		A	H3N2	2014		virus_only	10	0
A/EGYPT/GAB3932/2014		A	H3N2	2014		virus_only	10	0
A/EGYPT/GAB4019/2014		A	H3N2	2014		virus_only	10	0
A/EGYPT/IMB3452/2014		A	H3N2	2014		virus_only	10	0
A/EGYPT/MEN4372/2014		A	H3N2	2014		virus_only	10	0
A/EHPAD/MONTPELLIER/2320/2018		A	H3N2	2018		virus_only	8	0
A/EIRE/149/1996		A	H3N2	1996		virus_only	10	0
A/EIRE/3043/1993		A	H3N2	1993		virus_only	6	0
A/EIRE/3047/1993		A	H3N2	1993		virus_only	6	0
A/EIRE/6997/1995		A	H3N2	1995		virus_only	6	0
A/EIRE/70149/1992		A	H3N2	1992		virus_only	6	0
A/EIRE/70187/1992		A	H3N2	1992		virus_only	6	0
A/EIRE/70189/1992		A	H3N2	1992		virus_only	6	0
A/EIRE/70190/1992		A	H3N2	1992		virus_only	6	0
A/EIRE/70248/1992		A	H3N2	1992		virus_only	6	0
A/EIRE/70249/1992		A	H3N2	1992		virus_only	6	0
A/EKATERINBURG/1/2005		A	H3N2	2005		virus_only	9	0
A/EKATERINBURG/2/2012		A	H3N2	2012		virus_only	10	0
A/EKATERINBURG/3/2009		A	H3N2	2009		virus_only	9	0
A/EKATERINBURG/4/2012		A	H3N2	2012		virus_only	10	0
A/EKATERINBURG/9/2005		A	H3N2	2005		virus_only	6	0
A/ENGLAND/		A	H3N2			virus_only	17	0
A/ENGLAND/1/1998		A	H3N2	1998		virus_only	5	0
A/ENGLAND/1/2003		A	H3N2	2003		virus_only	6	0
A/ENGLAND/1/2014		A	H3N2	2014		virus_only	9	0
A/ENGLAND/102/2019		A	H3N2	2019		virus_only	8	0
A/ENGLAND/103/2020		A	H3N2	2020		virus_only	10	0
A/ENGLAND/107/2020		A	H3N2	2020		virus_only	10	0
A/ENGLAND/12/2012		A	H3N2	2012		virus_only	9	0
A/ENGLAND/132/1998		A	H3N2	1998		virus_only	5	0
A/ENGLAND/138/2019		A	H3N2	2019		virus_only	8	0
A/ENGLAND/154/2019		A	H3N2	2019		virus_only	8	0
A/ENGLAND/155/2019		A	H3N2	2019		virus_only	8	0
A/ENGLAND/156/2019		A	H3N2	2019		virus_only	8	0
A/ENGLAND/157/2019		A	H3N2	2019		virus_only	8	0
A/ENGLAND/185/2019		A	H3N2	2019		virus_only	8	0
A/ENGLAND/19/1998		A	H3N2	1998		virus_only	5	0
A/ENGLAND/19/2017		A	H3N2	2017		virus_only	9	0
A/ENGLAND/194660616/2019		A	H3N2	2019		virus_only	9	0
A/ENGLAND/194820759/2019		A	H3N2	2019		virus_only	9	0
A/ENGLAND/194840192/2019		A	H3N2	2019		virus_only	9	0
A/ENGLAND/194840298/2019		A	H3N2	2019		virus_only	9	0
A/ENGLAND/199/1998		A	H3N2	1998		virus_only	5	0
A/ENGLAND/2/2014		A	H3N2	2014		virus_only	9	0
A/ENGLAND/20/2012		A	H3N2	2012		virus_only	9	0
A/ENGLAND/21/2012		A	H3N2	2012		virus_only	9	0
A/ENGLAND/222/2019		A	H3N2	2019		virus_only	7	0
A/ENGLAND/225/2009		A	H3N2	2009		virus_only	7	0
A/ENGLAND/226/2009		A	H3N2	2009		virus_only	7	0
A/ENGLAND/228/2009		A	H3N2	2009		virus_only	7	0
A/ENGLAND/23/1996		A	H3N2	1996		virus_only	5	0
A/ENGLAND/232/2009		A	H3N2	2009		virus_only	7	0
A/ENGLAND/233/07@H07060054701		A	H3N2			virus_only	20	0
A/ENGLAND/233/2009		A	H3N2	2009		virus_only	7	0
A/ENGLAND/238/07@H07068000201		A	H3N2			virus_only	20	0
A/ENGLAND/242/2009		A	H3N2	2009		virus_only	7	0
A/ENGLAND/253/2011		A	H3N2	2011		virus_only	9	0
A/ENGLAND/255/2011		A	H3N2	2011		virus_only	9	0
A/ENGLAND/256/2011		A	H3N2	2011		virus_only	9	0
A/ENGLAND/256/2014		A	H3N2	2014		virus_only	11	0
A/ENGLAND/257/2011		A	H3N2	2011		virus_only	9	0
A/ENGLAND/258/2011		A	H3N2	2011		virus_only	9	0
A/ENGLAND/270/2010		A	H3N2	2010		virus_only	8	0
A/ENGLAND/274/1998		A	H3N2	1998		virus_only	5	0
A/ENGLAND/286/1998		A	H3N2	1998		virus_only	5	0
A/ENGLAND/29/1998		A	H3N2	1998		virus_only	5	0
A/ENGLAND/294/2012		A	H3N2	2012		virus_only	10	0
A/ENGLAND/3/2019		A	H3N2	2019		virus_only	8	0
A/ENGLAND/30/1998		A	H3N2	1998		virus_only	5	0
A/ENGLAND/307/2019		A	H3N2	2019		virus_only	7	0
A/ENGLAND/308/2013		A	H3N2	2013		virus_only	1	0
A/ENGLAND/309/1995		A	H3N2	1995		virus_only	5	0
A/ENGLAND/309/2019		A	H3N2	2019		virus_only	8	0
A/ENGLAND/31/1998		A	H3N2	1998		virus_only	5	0
A/ENGLAND/311/1995		A	H3N2	1995		virus_only	5	0
A/ENGLAND/312/1995		A	H3N2	1995		virus_only	5	0
A/ENGLAND/314/1995		A	H3N2	1995		virus_only	5	0
A/ENGLAND/316/2012		A	H3N2	2012		virus_only	10	0
A/ENGLAND/320/2019		A	H3N2	2019		virus_only	8	0
A/ENGLAND/323/2019		A	H3N2	2019		virus_only	8	0
A/ENGLAND/325/1998		A	H3N2	1998		virus_only	5	0
A/ENGLAND/325/2019		A	H3N2	2019		virus_only	8	0
A/ENGLAND/330/2019		A	H3N2	2019		virus_only	8	0
A/ENGLAND/331/2019		A	H3N2	2019		virus_only	8	0
A/ENGLAND/333/2015		A	H3N2	2015		virus_only	10	0
A/ENGLAND/334/2015		A	H3N2	2015		virus_only	10	0
A/ENGLAND/335/2015		A	H3N2	2015		virus_only	10	0
A/ENGLAND/335/2019		A	H3N2	2019		virus_only	7	0
A/ENGLAND/344/2019		A	H3N2	2019		virus_only	8	0
A/ENGLAND/347/2019		A	H3N2	2019		virus_only	8	0
A/ENGLAND/35/1998		A	H3N2	1998		virus_only	5	0
A/ENGLAND/350/2019		A	H3N2	2019		virus_only	6	0
A/ENGLAND/354/2012		A	H3N2	2012		virus_only	10	0
A/ENGLAND/357/1995		A	H3N2	1995		virus_only	5	0
A/ENGLAND/361/1995		A	H3N2	1995		virus_only	5	0
A/ENGLAND/362/1995		A	H3N2	1995		virus_only	5	0
A/ENGLAND/363/1995		A	H3N2	1995		virus_only	5	0
A/ENGLAND/387/2019		A	H3N2	2019		virus_only	9	0
A/ENGLAND/392/2008		A	H3N2	2008		virus_only	20	0
A/ENGLAND/392/2012		A	H3N2	2012		virus_only	10	0
A/ENGLAND/395/2008		A	H3N2	2008		virus_only	20	0
A/ENGLAND/399/2014		A	H3N2	2014		virus_only	20	0
A/ENGLAND/400/2014		A	H3N2	2014		virus_only	11	0
A/ENGLAND/420/2003		A	H3N2	2003		virus_only	7	0
A/ENGLAND/421/1996		A	H3N2	1996		virus_only	5	0
A/ENGLAND/421/2003		A	H3N2	2003		virus_only	7	0
A/ENGLAND/422/2003		A	H3N2	2003		virus_only	7	0
A/ENGLAND/423/2003		A	H3N2	2003		virus_only	7	0
A/ENGLAND/424/2003		A	H3N2	2003		virus_only	7	0
A/ENGLAND/425/2003		A	H3N2	2003		virus_only	7	0
A/ENGLAND/449/2002		A	H3N2	2002		virus_only	6	0
A/ENGLAND/455/2002		A	H3N2	2002		virus_only	6	0
A/ENGLAND/476/2012		A	H3N2	2012		virus_only	10	0
A/ENGLAND/476/2019		A	H3N2	2019		virus_only	9	0
A/ENGLAND/49/2012		A	H3N2	2012		virus_only	10	0
A/ENGLAND/509/2012		A	H3N2	2012		virus_only	10	0
A/ENGLAND/513/2019		A	H3N2	2019		virus_only	9	0
A/ENGLAND/516/2014		A	H3N2	2014		virus_only	10	0
A/ENGLAND/517/2012		A	H3N2	2012		virus_only	10	0
A/ENGLAND/521/2019		A	H3N2	2019		virus_only	9	0
A/ENGLAND/524/2012		A	H3N2	2012		virus_only	10	0
A/ENGLAND/528/2014		A	H3N2	2014		virus_only	10	0
A/ENGLAND/530/2019		A	H3N2	2019		virus_only	9	0
A/ENGLAND/531/2012		A	H3N2	2012		virus_only	10	0
A/ENGLAND/531/2019		A	H3N2	2019		virus_only	9	0
A/ENGLAND/535/2018		A	H3N2	2018		virus_only	8	0
A/ENGLAND/540/2018		A	H3N2	2018		virus_only	8	0
A/ENGLAND/55/1999		A	H3N2	1999		virus_only	5	0
A/ENGLAND/551/2018		A	H3N2	2018		virus_only	8	0
A/ENGLAND/551/2019		A	H3N2	2019		virus_only	9	0
A/ENGLAND/553/2018		A	H3N2	2018		virus_only	8	0
A/ENGLAND/554/2012		A	H3N2	2012		virus_only	13	0
A/ENGLAND/555/2012		A	H3N2	2012		virus_only	13	0
A/ENGLAND/560/2006		A	H3N2	2006		virus_only	10	0
A/ENGLAND/561/2008		A	H3N2	2008		virus_only	11	0
A/ENGLAND/565/2012		A	H3N2	2012		virus_only	13	0
A/ENGLAND/568/2012		A	H3N2	2012		virus_only	13	0
A/ENGLAND/569/2012		A	H3N2	2012		virus_only	13	0
A/ENGLAND/572/2008		A	H3N2	2008		virus_only	11	0
A/ENGLAND/575/1998		A	H3N2	1998		virus_only	5	0
A/ENGLAND/575/2012		A	H3N2	2012		virus_only	11	0
A/ENGLAND/576/1998		A	H3N2	1998		virus_only	5	0
A/ENGLAND/577/1998		A	H3N2	1998		virus_only	5	0
A/ENGLAND/578/1998		A	H3N2	1998		virus_only	5	0
A/ENGLAND/579/1998		A	H3N2	1998		virus_only	5	0
A/ENGLAND/580/1998		A	H3N2	1998		virus_only	5	0
A/ENGLAND/581/1998		A	H3N2	1998		virus_only	5	0
A/ENGLAND/582/1998		A	H3N2	1998		virus_only	5	0
A/ENGLAND/583/1998		A	H3N2	1998		virus_only	5	0
A/ENGLAND/584/1998		A	H3N2	1998		virus_only	5	0
A/ENGLAND/586/2012		A	H3N2	2012		virus_only	11	0
A/ENGLAND/587/2012		A	H3N2	2012		virus_only	11	0
A/ENGLAND/593/2012		A	H3N2	2012		virus_only	11	0
A/ENGLAND/599/2019		A	H3N2	2019		virus_only	9	0
A/ENGLAND/601/2019		A	H3N2	2019		virus_only	9	0
A/ENGLAND/605/1998		A	H3N2	1998		virus_only	5	0
A/ENGLAND/612/2019		A	H3N2	2019		virus_only	9	0
A/ENGLAND/617/1998		A	H3N2	1998		virus_only	5	0
A/ENGLAND/617/1999		A	H3N2	1999		virus_only	5	0
A/ENGLAND/617/2013		A	H3N2	2013		virus_only	9	0
A/ENGLAND/619/1999		A	H3N2	1999		virus_only	5	0
A/ENGLAND/620/1999		A	H3N2	1999		virus_only	5	0
A/ENGLAND/620/2013		A	H3N2	2013		virus_only	9	0
A/ENGLAND/621/1999		A	H3N2	1999		virus_only	5	0
A/ENGLAND/625/2012		A	H3N2	2012		virus_only	11	0
A/ENGLAND/628/1998		A	H3N2	1998		virus_only	5	0
A/ENGLAND/630/2018		A	H3N2	2018		virus_only	8	0
A/ENGLAND/635/1999		A	H3N2	1999		virus_only	6	0
A/ENGLAND/645/2019		A	H3N2	2019		virus_only	9	0
A/ENGLAND/64520167/2016		A	H3N2	2016		virus_only	12	0
A/ENGLAND/64580215/2016		A	H3N2	2016		virus_only	12	0
A/ENGLAND/646/2018		A	H3N2	2018		virus_only	8	0
A/ENGLAND/648/1999		A	H3N2	1999		virus_only	6	0
A/ENGLAND/648/2019		A	H3N2	2019		virus_only	9	0
A/ENGLAND/650/2013		A	H3N2	2013		virus_only	9	0
A/ENGLAND/651/1999		A	H3N2	1999		virus_only	6	0
A/ENGLAND/651/2013		A	H3N2	2013		virus_only	9	0
A/ENGLAND/651/2019		A	H3N2	2019		virus_only	9	0
A/ENGLAND/668/2012		A	H3N2	2012		virus_only	11	0
A/ENGLAND/670/2012		A	H3N2	2012		virus_only	11	0
A/ENGLAND/675/2019		A	H3N2	2019		virus_only	9	0
A/ENGLAND/676/2012		A	H3N2	2012		virus_only	11	0
A/ENGLAND/688/2001		A	H3N2	2001		virus_only	8	0
A/ENGLAND/691/2010		A	H3N2	2010		virus_only	8	0
A/ENGLAND/695/1999		A	H3N2	1999		virus_only	6	0
A/ENGLAND/696/1998		A	H3N2	1998		virus_only	5	0
A/ENGLAND/699/2009		A	H3N2	2009		virus_only	9	0
A/ENGLAND/700/2009		A	H3N2	2009		virus_only	9	0
A/ENGLAND/717/1998		A	H3N2	1998		virus_only	5	0
A/ENGLAND/720/1998		A	H3N2	1998		virus_only	5	0
A/ENGLAND/724/1997		A	H3N2	1997		virus_only	5	0
A/ENGLAND/725/1997		A	H3N2	1997		virus_only	5	0
A/ENGLAND/729/1997		A	H3N2	1997		virus_only	5	0
A/ENGLAND/73/2004		A	H3N2	2004		virus_only	10	0
A/ENGLAND/744/1997		A	H3N2	1997		virus_only	5	0
A/ENGLAND/745/1997		A	H3N2	1997		virus_only	5	0
A/ENGLAND/754/2018		A	H3N2	2018		virus_only	8	0
A/ENGLAND/77/2005		A	H3N2	2005		virus_only	16	0
A/ENGLAND/8/1998		A	H3N2	1998		virus_only	5	0
A/ENGLAND/815/2009		A	H3N2	2009		virus_only	9	0
A/ENGLAND/85060527/2008		A	H3N2	2008		virus_only	11	0
A/ENGLAND/876/1999		A	H3N2	1999		virus_only	6	0
A/ENGLAND/878/1999		A	H3N2	1999		virus_only	6	0
A/ENGLAND/879/1999		A	H3N2	1999		virus_only	6	0
A/ENGLAND/880/1999		A	H3N2	1999		virus_only	6	0
A/ENGLAND/881/1999		A	H3N2	1999		virus_only	6	0
A/ENGLAND/929/2016		A	H3N2	2016		virus_only	12	0
A/ENGLAND/93/2019		A	H3N2	2019		virus_only	7	0
A/ENGLAND/94540758/2019		A	H3N2	2019		virus_only	14	0
A/ENGLAND/95/2019		A	H3N2	2019		virus_only	6	0
A/ENGLAND/962/2016		A	H3N2	2016		virus_only	12	0
A/ENGLAND/99/2019		A	H3N2	2019		virus_only	8	0
A/ENGLAND/EWLSYW9MYWXLAQ/2019		A	H3N2	2019		virus_only	8	0
A/ENGLAND/FMHWY2NXZM9PZG/2018		A	H3N2	2018		virus_only	8	0
A/ENGLAND/H07068000201		A	H3N2			virus_only	20	0
A/ENGLAND/H07074001801		A	H3N2			virus_only	10	0
A/ENGLAND/H07074004501		A	H3N2			virus_only	20	0
A/ENGLAND/H07074059301		A	H3N2			virus_only	10	0
A/ENGLAND/H07076001601		A	H3N2			virus_only	20	0
A/ENTREROS/755282/2011		A	H3N2	2011		virus_only	8	0
A/ERFURT/1/1992		A	H3N2	1992		virus_only	8	0
A/ERFURT/1/1997		A	H3N2	1997		virus_only	6	0
A/ERFURT/10/1992		A	H3N2	1992		virus_only	7	0
A/ERFURT/2/1992		A	H3N2	1992		virus_only	8	0
A/ERFURT/2/1997		A	H3N2	1997		virus_only	5	0
A/ERFURT/3/1992		A	H3N2	1992		virus_only	7	0
A/ERFURT/4/1992		A	H3N2	1992		virus_only	7	0
A/ERFURT/6/1992		A	H3N2	1992		virus_only	7	0
A/ERFURT/7/1992		A	H3N2	1992		virus_only	7	0
A/ERFURT/8/1992		A	H3N2	1992		virus_only	7	0
A/ERFUT/13/1990		A	H3N2	1990		virus_only	7	0
A/ERFUT/4/1990		A	H3N2	1990		virus_only	7	0
A/ERLANGEN/1/1991		A	H3N2	1991		virus_only	7	0
A/ERLANGEN/1/1995		A	H3N2	1995		virus_only	6	0
A/ERLANGEN/13/1992		A	H3N2	1992		virus_only	8	0
A/ERLANGEN/17/1992		A	H3N2	1992		virus_only	8	0
A/ERLANGEN/19/1992		A	H3N2	1992		virus_only	8	0
A/ERLANGEN/2/1991		A	H3N2	1991		virus_only	7	0
A/ERLANGEN/2/1992		A	H3N2	1992		virus_only	8	0
A/ERLANGEN/2/1995		A	H3N2	1995		virus_only	6	0
A/ERLANGEN/20/1992		A	H3N2	1992		virus_only	8	0
A/ERLANGEN/22/1996		A	H3N2	1996		virus_only	6	0
A/ERLANGEN/3/1991		A	H3N2	1991		virus_only	7	0
A/ERLANGEN/3/1992		A	H3N2	1992		virus_only	8	0
A/ERLANGEN/3/1995		A	H3N2	1995		virus_only	6	0
A/ERLANGEN/4/1991		A	H3N2	1991		virus_only	7	0
A/ERLANGEN/4/1995		A	H3N2	1995		virus_only	6	0
A/ERLANGEN/5/1991		A	H3N2	1991		virus_only	8	0
A/ERLANGEN/5/1995		A	H3N2	1995		virus_only	6	0
A/ERLANGEN/50/1998#ORIGINAL		A	H3N2			virus_only	4	0
A/ERLANGEN/53/1998#ORIGINAL		A	H3N2			virus_only	4	0
A/ERLANGEN/6/1992		A	H3N2	1992		virus_only	8	0
A/ERLANGEN/7/1992		A	H3N2	1992		virus_only	8	0
A/ERLANGEN/8/1992		A	H3N2	1992		virus_only	8	0
A/ERZURUM/2568/2014@45		A	H3N2			virus_only	11	0
A/ERZURUM/4024/2014		A	H3N2	2014		virus_only	9	0
A/ERZURUM/4165/2013		A	H3N2	2013		virus_only	9	0
A/ERZURUM/4221/2013		A	H3N2	2013		virus_only	9	0
A/ERZURUM/6/2014		A	H3N2	2014		virus_only	9	0
A/ERZURUM/99/2014		A	H3N2	2014		virus_only	9	0
A/ERZURUM/TR47/2010		A	H3N2	2010		virus_only	8	0
A/ESFAHAN/8343/2011		A	H3N2	2011		virus_only	9	0
A/ESKILSTUNA/6/2019		A	H3N2	2019		virus_only	8	0
A/ESTONIA/1/2009		A	H3N2	2009		virus_only	8	0
A/ESTONIA/119303/2019		A	H3N2	2019		virus_only	7	0
A/ESTONIA/126086/2020		A	H3N2	2020		virus_only	9	0
A/ESTONIA/126096/2020		A	H3N2	2020		virus_only	9	0
A/ESTONIA/126500/2020		A	H3N2	2020		virus_only	9	0
A/ESTONIA/126846/2020		A	H3N2	2020		virus_only	9	0
A/ESTONIA/127241/2020		A	H3N2	2020		virus_only	9	0
A/ESTONIA/2/2009		A	H3N2	2009		virus_only	8	0
A/ESTONIA/28303/2009		A	H3N2	2009		virus_only	8	0
A/ESTONIA/28488/2009		A	H3N2	2009		virus_only	8	0
A/ESTONIA/28552/2009		A	H3N2	2009		virus_only	8	0
A/ESTONIA/28747/2009		A	H3N2	2009		virus_only	8	0
A/ESTONIA/29546/2009		A	H3N2	2009		virus_only	8	0
A/ESTONIA/29948/2009		A	H3N2	2009		virus_only	11	0
A/ESTONIA/3/2009		A	H3N2	2009		virus_only	8	0
A/ESTONIA/65266/2012		A	H3N2	2012		virus_only	10	0
A/ESTONIA/65858/2012		A	H3N2	2012		virus_only	10	0
A/ESTONIA/66073/2012		A	H3N2	2012		virus_only	10	0
A/ESTONIA/66103/2012		A	H3N2	2012		virus_only	10	0
A/ESTONIA/66234/2012		A	H3N2	2012		virus_only	10	0
A/ESTONIA/66239/2012		A	H3N2	2012		virus_only	10	0
A/ESTONIA/66240/2012		A	H3N2	2012		virus_only	10	0
A/ESTONIA/66788/2012		A	H3N2	2012		virus_only	10	0
A/ESTONIA/66837/2012		A	H3N2	2012		virus_only	10	0
A/ESTONIA/67179/2012		A	H3N2	2012		virus_only	10	0
A/ESTONIA/67221/2012		A	H3N2	2012		virus_only	10	0
A/ESTONIA/67238/2012		A	H3N2	2012		virus_only	10	0
A/ESTONIA/76614/2013		A	H3N2	2013		virus_only	11	0
A/ESTONIA/76663/2013		A	H3N2	2013		virus_only	11	0
A/ESTONIA/76676/2013		A	H3N2	2013		virus_only	11	0
A/ESTONIA/76844/2013		A	H3N2	2013		virus_only	11	0
A/ESTONIA/77020/2013		A	H3N2	2013		virus_only	14	0
A/ESTONIA/77060/2013		A	H3N2	2013		virus_only	14	0
A/ESTONIA/77365/2013		A	H3N2	2013		virus_only	11	0
A/ESTONIA/91229/2015		A	H3N2	2015		virus_only	11	0
A/ESTONIA/91299/2015		A	H3N2	2015		virus_only	11	0
A/EUSKADI/1427/2003		A	H3N2	2003		virus_only	6	0
A/EUSKADI/1428/2003		A	H3N2	2003		virus_only	12	0
A/EXTREMAD/G2537/2005		A	H3N2	2005		virus_only	7	0
A/EXTREMAD/G2544/2005		A	H3N2	2005		virus_only	17	0
A/EXTREMAD/G2630/2005		A	H3N2	2005		virus_only	17	0
A/EXTREMADURA/1749/2014		A	H3N2	2014		virus_only	9	0
A/EXTREMADURA/1752/2014		A	H3N2	2014		virus_only	9	0
A/EXTREMADURA/1753/2014		A	H3N2	2014		virus_only	9	0
A/EXTREMADURA/2061/2014		A	H3N2	2014		virus_only	10	0
A/EXTREMADURA/283/2019		A	H3N2	2019		virus_only	8	0
A/EXTREMADURA/729/2015		A	H3N2	2015		virus_only	11	0
A/EXTREMADURA/731/2015		A	H3N2	2015		virus_only	22	0
A/EXTREMADURA/G1472/2003		A	H3N2	2003		virus_only	6	0
A/EXTREMADURA/G1474/2003		A	H3N2	2003		virus_only	6	0
A/FATICK/39/2002		A	H3N2	2002		virus_only	5	0
A/FES/107/2004		A	H3N2	2004		virus_only	9	0
A/FES/140/2011		A	H3N2	2011		virus_only	8	0
A/FES/1440/2018		A	H3N2	2018		virus_only	8	0
A/FES/158/2011		A	H3N2	2011		virus_only	8	0
A/FES/269/2004		A	H3N2	2004		virus_only	9	0
A/FES/274/2004		A	H3N2	2004		virus_only	9	0
A/FES/284/2004		A	H3N2	2004		virus_only	9	0
A/FES/407/2005		A	H3N2	2005		virus_only	9	0
A/FES/521/2009		A	H3N2	2009		virus_only	9	0
A/FES/67/2016		A	H3N2	2016		virus_only	12	0
A/FES/99/2004		A	H3N2	2004		virus_only	9	0
A/FIJI/1/1990		A	H3N2	1990		virus_only	8	0
A/FIJI/185/2004		A	H3N2	2004		virus_only	5	0
A/FIJI/2/2015		A	H3N2	2015		virus_only	21	0
A/FIJI/60/2016		A	H3N2	2016		virus_only	12	0
A/FINLAND/104/2019		A	H3N2	2019		virus_only	9	0
A/FINLAND/105/2019		A	H3N2	2019		virus_only	9	0
A/FINLAND/106/2002		A	H3N2	2002		virus_only	6	0
A/FINLAND/112/2002		A	H3N2	2002		virus_only	6	0
A/FINLAND/114/2019		A	H3N2	2019		virus_only	9	0
A/FINLAND/12/2002		A	H3N2	2002		virus_only	6	0
A/FINLAND/122/2008		A	H3N2	2008		virus_only	10	0
A/FINLAND/130/2019		A	H3N2	2019		virus_only	9	0
A/FINLAND/135/2002		A	H3N2	2002		virus_only	6	0
A/FINLAND/136/2019		A	H3N2	2019		virus_only	9	0
A/FINLAND/149/2008		A	H3N2	2008		virus_only	10	0
A/FINLAND/171/2020		A	H3N2	2020		virus_only	9	0
A/FINLAND/180/2003		A	H3N2	2003		virus_only	7	0
A/FINLAND/180/2020		A	H3N2	2020		virus_only	9	0
A/FINLAND/181/2020		A	H3N2	2020		virus_only	9	0
A/FINLAND/184/2020		A	H3N2	2020		virus_only	9	0
A/FINLAND/189/1992		A	H3N2	1992		virus_only	7	0
A/FINLAND/190/1992		A	H3N2	1992		virus_only	7	0
A/FINLAND/194/1992		A	H3N2	1992		virus_only	7	0
A/FINLAND/195/1992		A	H3N2	1992		virus_only	7	0
A/FINLAND/196/2012		A	H3N2	2012		virus_only	9	0
A/FINLAND/197/2012		A	H3N2	2012		virus_only	9	0
A/FINLAND/2/2002		A	H3N2	2002		virus_only	8	0
A/FINLAND/204/1992		A	H3N2	1992		virus_only	7	0
A/FINLAND/210/1992		A	H3N2	1992		virus_only	7	0
A/FINLAND/211/1992		A	H3N2	1992		virus_only	7	0
A/FINLAND/213/1992		A	H3N2	1992		virus_only	7	0
A/FINLAND/217/1992		A	H3N2	1992		virus_only	7	0
A/FINLAND/217/2012		A	H3N2	2012		virus_only	10	0
A/FINLAND/218/1992		A	H3N2	1992		virus_only	7	0
A/FINLAND/220/1992		A	H3N2	1992		virus_only	7	0
A/FINLAND/227/2012		A	H3N2	2012		virus_only	12	0
A/FINLAND/247/1993		A	H3N2	1993		virus_only	8	0
A/FINLAND/25/2002		A	H3N2	2002		virus_only	6	0
A/FINLAND/250/1993		A	H3N2	1993		virus_only	8	0
A/FINLAND/252/2012		A	H3N2	2012		virus_only	12	0
A/FINLAND/255/1993		A	H3N2	1993		virus_only	8	0
A/FINLAND/256/1993		A	H3N2	1993		virus_only	8	0
A/FINLAND/257/1993		A	H3N2	1993		virus_only	8	0
A/FINLAND/258/1993		A	H3N2	1993		virus_only	8	0
A/FINLAND/262/1993		A	H3N2	1993		virus_only	8	0
A/FINLAND/263/1992		A	H3N2	1992		virus_only	8	0
A/FINLAND/263/2012		A	H3N2	2012		virus_only	12	0
A/FINLAND/264/1993		A	H3N2	1993		virus_only	8	0
A/FINLAND/265/1993		A	H3N2	1993		virus_only	8	0
A/FINLAND/266/1993		A	H3N2	1993		virus_only	8	0
A/FINLAND/276/1993		A	H3N2	1993		virus_only	6	0
A/FINLAND/277/1993		A	H3N2	1993		virus_only	6	0
A/FINLAND/278/1993		A	H3N2	1993		virus_only	6	0
A/FINLAND/283/2008		A	H3N2	2008		virus_only	10	0
A/FINLAND/284/2008		A	H3N2	2008		virus_only	10	0
A/FINLAND/285/2008		A	H3N2	2008		virus_only	10	0
A/FINLAND/286/2008		A	H3N2	2008		virus_only	10	0
A/FINLAND/287/2008		A	H3N2	2008		virus_only	10	0
A/FINLAND/289/2008		A	H3N2	2008		virus_only	10	0
A/FINLAND/296/2012		A	H3N2	2012		virus_only	11	0
A/FINLAND/298/2012		A	H3N2	2012		virus_only	11	0
A/FINLAND/3/2002		A	H3N2	2002		virus_only	8	0
A/FINLAND/300/2003		A	H3N2	2003		virus_only	7	0
A/FINLAND/311/2013		A	H3N2	2013		virus_only	11	0
A/FINLAND/321/2003		A	H3N2	2003		virus_only	7	0
A/FINLAND/323/2003		A	H3N2	2003		virus_only	7	0
A/FINLAND/324/2003		A	H3N2	2003		virus_only	7	0
A/FINLAND/335/1995		A	H3N2	1995		virus_only	6	0
A/FINLAND/336/1995		A	H3N2	1995		virus_only	6	0
A/FINLAND/338/1995		A	H3N2	1995		virus_only	6	0
A/FINLAND/338/2003		A	H3N2	2003		virus_only	7	0
A/FINLAND/339/1995		A	H3N2	1995		virus_only	6	0
A/FINLAND/340/1995		A	H3N2	1995		virus_only	6	0
A/FINLAND/343/1995		A	H3N2	1995		virus_only	6	0
A/FINLAND/361/2003		A	H3N2	2003		virus_only	7	0
A/FINLAND/362/2003		A	H3N2	2003		virus_only	7	0
A/FINLAND/376/1995		A	H3N2	1995		virus_only	6	0
A/FINLAND/377/1995		A	H3N2	1995		virus_only	5	0
A/FINLAND/379/1995		A	H3N2	1995		virus_only	4	0
A/FINLAND/380/1995		A	H3N2	1995		virus_only	6	0
A/FINLAND/381/1995		A	H3N2	1995		virus_only	5	0
A/FINLAND/385/2013		A	H3N2	2013		virus_only	9	0
A/FINLAND/386/2013		A	H3N2	2013		virus_only	8	0
A/FINLAND/4/2002		A	H3N2	2002		virus_only	8	0
A/FINLAND/40/2010		A	H3N2	2010		virus_only	16	0
A/FINLAND/405/2014		A	H3N2	2014		virus_only	10	0
A/FINLAND/410/2014		A	H3N2	2014		virus_only	10	0
A/FINLAND/411/2014		A	H3N2	2014		virus_only	10	0
A/FINLAND/42/2002		A	H3N2	2002		virus_only	6	0
A/FINLAND/428/2014		A	H3N2	2014		virus_only	5	0
A/FINLAND/437/2014		A	H3N2	2014		virus_only	4	0
A/FINLAND/438/2014		A	H3N2	2014		virus_only	9	0
A/FINLAND/439/2014		A	H3N2	2014		virus_only	9	0
A/FINLAND/445/1996		A	H3N2	1996		virus_only	5	0
A/FINLAND/462/2014		A	H3N2	2014		virus_only	11	0
A/FINLAND/487/2004		A	H3N2	2004		virus_only	8	0
A/FINLAND/489/1997		A	H3N2	1997		virus_only	4	0
A/FINLAND/494/2015		A	H3N2	2015		virus_only	11	0
A/FINLAND/5/2002		A	H3N2	2002		virus_only	8	0
A/FINLAND/504/1997		A	H3N2	1997		virus_only	4	0
A/FINLAND/506/2015		A	H3N2	2015		virus_only	11	0
A/FINLAND/515/2005		A	H3N2	2005		virus_only	7	0
A/FINLAND/523/2005		A	H3N2	2005		virus_only	7	0
A/FINLAND/524/1997		A	H3N2	1997		virus_only	9	0
A/FINLAND/525/2015		A	H3N2	2015		virus_only	11	0
A/FINLAND/533/2009		A	H3N2	2009		virus_only	8	0
A/FINLAND/539/1997		A	H3N2	1997		virus_only	5	0
A/FINLAND/539/2009		A	H3N2	2009		virus_only	8	0
A/FINLAND/541/1998#ORIGINAL		A	H3N2			virus_only	5	0
A/FINLAND/542/1998		A	H3N2	1998		virus_only	5	0
A/FINLAND/543/1998#ORIGINAL		A	H3N2			virus_only	5	0
A/FINLAND/544/1998#ORIGINAL		A	H3N2			virus_only	5	0
A/FINLAND/545/1998#ORIGINAL		A	H3N2			virus_only	5	0
A/FINLAND/558/2005		A	H3N2	2005		virus_only	7	0
A/FINLAND/56/2002		A	H3N2	2002		virus_only	6	0
A/FINLAND/586/2016		A	H3N2	2016		virus_only	12	0
A/FINLAND/6/2002		A	H3N2	2002		virus_only	8	0
A/FINLAND/6/2008		A	H3N2	2008		virus_only	13	0
A/FINLAND/603/2005		A	H3N2	2005		virus_only	7	0
A/FINLAND/608/1998		A	H3N2	1998		virus_only	5	0
A/FINLAND/616/2005		A	H3N2	2005		virus_only	7	0
A/FINLAND/618/2005		A	H3N2	2005		virus_only	7	0
A/FINLAND/634/2006		A	H3N2	2006		virus_only	8	0
A/FINLAND/638/2009		A	H3N2	2009		virus_only	11	0
A/FINLAND/640/2009		A	H3N2	2009		virus_only	11	0
A/FINLAND/641/2006		A	H3N2	2006		virus_only	10	0
A/FINLAND/652/1999		A	H3N2	1999		virus_only	6	0
A/FINLAND/656/1999		A	H3N2	1999		virus_only	6	0
A/FINLAND/667/1999		A	H3N2	1999		virus_only	6	0
A/FINLAND/668/1999		A	H3N2	1999		virus_only	6	0
A/FINLAND/679/1999		A	H3N2	1999		virus_only	6	0
A/FINLAND/680/1999		A	H3N2	1999		virus_only	6	0
A/FINLAND/682/2006		A	H3N2	2006		virus_only	10	0
A/FINLAND/7/2002		A	H3N2	2002		virus_only	8	0
A/FINLAND/703/2006		A	H3N2	2006		virus_only	10	0
A/FINLAND/706/1999		A	H3N2	1999		virus_only	6	0
A/FINLAND/708/1999		A	H3N2	1999		virus_only	6	0
A/FINLAND/712/1999		A	H3N2	1999		virus_only	6	0
A/FINLAND/715/1999		A	H3N2	1999		virus_only	6	0
A/FINLAND/72/2002		A	H3N2	2002		virus_only	6	0
A/FINLAND/732/2006		A	H3N2	2006		virus_only	10	0
A/FINLAND/744/2006		A	H3N2	2006		virus_only	10	0
A/FINLAND/75/2002		A	H3N2	2002		virus_only	6	0
A/FINLAND/772/2006		A	H3N2	2006		virus_only	10	0
A/FINLAND/797/2007		A	H3N2	2007		virus_only	8	0
A/FINLAND/798/2007		A	H3N2	2007		virus_only	8	0
A/FINLAND/799/2007		A	H3N2	2007		virus_only	8	0
A/FINLAND/800/2007		A	H3N2	2007		virus_only	8	0
A/FINLAND/801/2007		A	H3N2	2007		virus_only	8	0
A/FINLAND/92/2019		A	H3N2	2019		virus_only	9	0
A/FINLAND/99/2019		A	H3N2	2019		virus_only	9	0
A/FIRENZE/1/1994		A	H3N2	1994		virus_only	6	0
A/FIRENZE/1/1995		A	H3N2	1995		virus_only	6	0
A/FIRENZE/1/1996		A	H3N2	1996		virus_only	6	0
A/FIRENZE/1/2000		A	H3N2	2000		virus_only	5	0
A/FIRENZE/1/2002		A	H3N2	2002		virus_only	6	0
A/FIRENZE/1/2003		A	H3N2	2003		virus_only	6	0
A/FIRENZE/1/2004		A	H3N2	2004		virus_only	12	0
A/FIRENZE/1/2005		A	H3N2	2005		virus_only	8	0
A/FIRENZE/1/2007		A	H3N2	2007		virus_only	8	0
A/FIRENZE/1/2011		A	H3N2	2011		virus_only	8	0
A/FIRENZE/1/99@25931		A	H3N2			virus_only	6	0
A/FIRENZE/10/1990		A	H3N2	1990		virus_only	7	0
A/FIRENZE/10/2003		A	H3N2	2003		virus_only	10	0
A/FIRENZE/10/2005		A	H3N2	2005		virus_only	9	0
A/FIRENZE/10/2007		A	H3N2	2007		virus_only	10	0
A/FIRENZE/11/1990		A	H3N2	1990		virus_only	7	0
A/FIRENZE/11/2003		A	H3N2	2003		virus_only	10	0
A/FIRENZE/11/2005		A	H3N2	2005		virus_only	9	0
A/FIRENZE/12/1990		A	H3N2	1990		virus_only	7	0
A/FIRENZE/12/2003		A	H3N2	2003		virus_only	10	0
A/FIRENZE/12/2005		A	H3N2	2005		virus_only	9	0
A/FIRENZE/12/2007		A	H3N2	2007		virus_only	10	0
A/FIRENZE/13/1990		A	H3N2	1990		virus_only	7	0
A/FIRENZE/13/2003		A	H3N2	2003		virus_only	10	0
A/FIRENZE/13/2005		A	H3N2	2005		virus_only	9	0
A/FIRENZE/13/2013		A	H3N2	2013		virus_only	11	0
A/FIRENZE/14/1990		A	H3N2	1990		virus_only	7	0
A/FIRENZE/14/2003		A	H3N2	2003		virus_only	10	0
A/FIRENZE/14/2005		A	H3N2	2005		virus_only	9	0
A/FIRENZE/14/2007		A	H3N2	2007		virus_only	10	0
A/FIRENZE/14/2008		A	H3N2	2008		virus_only	9	0
A/FIRENZE/16/1990		A	H3N2	1990		virus_only	7	0
A/FIRENZE/16/2008		A	H3N2	2008		virus_only	9	0
A/FIRENZE/17/1990		A	H3N2	1990		virus_only	7	0
A/FIRENZE/18/1990		A	H3N2	1990		virus_only	7	0
A/FIRENZE/19/1990		A	H3N2	1990		virus_only	7	0
A/FIRENZE/2/1990		A	H3N2	1990		virus_only	5	0
A/FIRENZE/2/1992		A	H3N2	1992		virus_only	7	0
A/FIRENZE/2/1994		A	H3N2	1994		virus_only	6	0
A/FIRENZE/2/1995		A	H3N2	1995		virus_only	6	0
A/FIRENZE/2/1996		A	H3N2	1996		virus_only	6	0
A/FIRENZE/2/1998		A	H3N2	1998		virus_only	6	0
A/FIRENZE/2/2000		A	H3N2	2000		virus_only	5	0
A/FIRENZE/2/2002		A	H3N2	2002		virus_only	6	0
A/FIRENZE/2/2003		A	H3N2	2003		virus_only	10	0
A/FIRENZE/2/2004		A	H3N2	2004		virus_only	6	0
A/FIRENZE/2/2007		A	H3N2	2007		virus_only	8	0
A/FIRENZE/2/99@26009		A	H3N2			virus_only	6	0
A/FIRENZE/20/1990		A	H3N2	1990		virus_only	7	0
A/FIRENZE/21/1990		A	H3N2	1990		virus_only	7	0
A/FIRENZE/21/2008		A	H3N2	2008		virus_only	9	0
A/FIRENZE/22/1990		A	H3N2	1990		virus_only	7	0
A/FIRENZE/23/1990		A	H3N2	1990		virus_only	7	0
A/FIRENZE/24/1990		A	H3N2	1990		virus_only	7	0
A/FIRENZE/24/2008		A	H3N2	2008		virus_only	9	0
A/FIRENZE/25/1990		A	H3N2	1990		virus_only	7	0
A/FIRENZE/25/2008		A	H3N2	2008		virus_only	9	0
A/FIRENZE/26/1990		A	H3N2	1990		virus_only	7	0
A/FIRENZE/26/2008		A	H3N2	2008		virus_only	9	0
A/FIRENZE/27/1990		A	H3N2	1990		virus_only	7	0
A/FIRENZE/3/1990		A	H3N2	1990		virus_only	5	0
A/FIRENZE/3/1992		A	H3N2	1992		virus_only	7	0
A/FIRENZE/3/1996		A	H3N2	1996		virus_only	6	0
A/FIRENZE/3/1998		A	H3N2	1998		virus_only	6	0
A/FIRENZE/3/2000		A	H3N2	2000		virus_only	5	0
A/FIRENZE/3/2002		A	H3N2	2002		virus_only	6	0
A/FIRENZE/3/2003		A	H3N2	2003		virus_only	10	0
A/FIRENZE/3/2004		A	H3N2	2004		virus_only	6	0
A/FIRENZE/3/2005		A	H3N2	2005		virus_only	8	0
A/FIRENZE/3/2007		A	H3N2	2007		virus_only	8	0
A/FIRENZE/3/2011		A	H3N2	2011		virus_only	9	0
A/FIRENZE/4/1990		A	H3N2	1990		virus_only	7	0
A/FIRENZE/4/1992		A	H3N2	1992		virus_only	7	0
A/FIRENZE/4/1995		A	H3N2	1995		virus_only	6	0
A/FIRENZE/4/2000		A	H3N2	2000		virus_only	5	0
A/FIRENZE/4/2003		A	H3N2	2003		virus_only	10	0
A/FIRENZE/4/2004		A	H3N2	2004		virus_only	6	0
A/FIRENZE/4/2005		A	H3N2	2005		virus_only	8	0
A/FIRENZE/4/2007		A	H3N2	2007		virus_only	8	0
A/FIRENZE/5/1990		A	H3N2	1990		virus_only	7	0
A/FIRENZE/5/1992		A	H3N2	1992		virus_only	7	0
A/FIRENZE/5/1995		A	H3N2	1995		virus_only	6	0
A/FIRENZE/5/1996		A	H3N2	1996		virus_only	6	0
A/FIRENZE/5/2003		A	H3N2	2003		virus_only	10	0
A/FIRENZE/5/2004		A	H3N2	2004		virus_only	6	0
A/FIRENZE/5/2005		A	H3N2	2005		virus_only	9	0
A/FIRENZE/6/1990		A	H3N2	1990		virus_only	7	0
A/FIRENZE/6/1995		A	H3N2	1995		virus_only	6	0
A/FIRENZE/6/2003		A	H3N2	2003		virus_only	10	0
A/FIRENZE/6/2004		A	H3N2	2004		virus_only	6	0
A/FIRENZE/6/2005		A	H3N2	2005		virus_only	9	0
A/FIRENZE/6/2014		A	H3N2	2014		virus_only	10	0
A/FIRENZE/7/1990		A	H3N2	1990		virus_only	7	0
A/FIRENZE/7/1992		A	H3N2	1992		virus_only	7	0
A/FIRENZE/7/1995		A	H3N2	1995		virus_only	6	0
A/FIRENZE/7/1996		A	H3N2	1996		virus_only	6	0
A/FIRENZE/7/2003		A	H3N2	2003		virus_only	10	0
A/FIRENZE/7/2005		A	H3N2	2005		virus_only	9	0
A/FIRENZE/8/1990		A	H3N2	1990		virus_only	7	0
A/FIRENZE/8/1992		A	H3N2	1992		virus_only	7	0
A/FIRENZE/8/1995		A	H3N2	1995		virus_only	6	0
A/FIRENZE/8/2005		A	H3N2	2005		virus_only	9	0
A/FIRENZE/9/1995		A	H3N2	1995		virus_only	6	0
A/FIRENZE/9/2005		A	H3N2	2005		virus_only	9	0
A/FIRENZE/9/2014		A	H3N2	2014		virus_only	10	0
A/FLANDERS/G796/2009		A	H3N2	2009		virus_only	8	0
A/FRANKFURT/1/1992		A	H3N2	1992		virus_only	8	0
A/FRANKFURT/1/1993		A	H3N2	1993		virus_only	7	0
A/FRANKFURT/1/1995		A	H3N2	1995		virus_only	6	0
A/FRANKFURT/14/1998#ORIGINAL		A	H3N2			virus_only	4	0
A/FRANKFURT/15/1998#ORIGINAL		A	H3N2			virus_only	4	0
A/FRANKFURT/2/1993		A	H3N2	1993		virus_only	7	0
A/FRANKFURT/2/1995		A	H3N2	1995		virus_only	6	0
A/FRANKFURT/3/1997		A	H3N2	1997		virus_only	6	0
A/FRANKFURT/4/1997		A	H3N2	1997		virus_only	11	0
A/FREIBURG/1/1990		A	H3N2	1990		virus_only	7	0
A/FREIBURG/1/1993		A	H3N2	1993		virus_only	7	0
A/FREIBURG/1/1995		A	H3N2	1995		virus_only	6	0
A/FREIBURG/14/1996		A	H3N2	1996		virus_only	6	0
A/FREIBURG/2/1993		A	H3N2	1993		virus_only	7	0
A/FREIBURG/2/1995		A	H3N2	1995		virus_only	6	0
A/FREIBURG/2/1997		A	H3N2	1997		virus_only	6	0
A/FREIBURG/3/1990		A	H3N2	1990		virus_only	6	0
A/FREIBURG/4/1990		A	H3N2	1990		virus_only	7	0
A/FREIBURG/5/1990		A	H3N2	1990		virus_only	7	0
A/FREIBURG/5/1992		A	H3N2	1992		virus_only	8	0
A/FREIBURG/5/1995		A	H3N2	1995		virus_only	6	0
A/FREIBURG/7/1990		A	H3N2	1990		virus_only	6	0
A/FRIULIVENEZIAGIULIA/10/2016		A	H3N2	2016		virus_only	12	0
A/FRIULIVENEZIAGIULIA/14/2016		A	H3N2	2016		virus_only	12	0
A/FRIULIVENEZIAGIULIA/228/2020		A	H3N2	2020		virus_only	9	0
A/FRIULIVENEZIAGIULIA/229/2020		A	H3N2	2020		virus_only	9	0
A/FRIULIVENEZIAGIULIA/233/2019		A	H3N2	2019		virus_only	9	0
A/FRIULIVENEZIAGIULIA/240/2020		A	H3N2	2020		virus_only	9	0
A/FRIULIVENEZIAGIULIA/244/2020		A	H3N2	2020		virus_only	9	0
A/FRIULIVENEZIAGIULIA/257/2020		A	H3N2	2020		virus_only	9	0
A/FRIULIVENEZIAGIULIA/59/2017		A	H3N2	2017		virus_only	12	0
A/FRONTON/252/2000		A	H3N2	2000		virus_only	6	0
A/FUJIANLICHENG/1729/2017		A	H3N2	2017		virus_only	8	0
A/FUJIANYANPING/2707/2013		A	H3N2	2013		virus_only	9	0
A/FUKUI/78/2015		A	H3N2	2015		virus_only	10	0
A/FUKUOKA/15/2002		A	H3N2	2002		virus_only	6	0
A/FUKUOKA/C58/1998		A	H3N2	1998		virus_only	5	0
A/FUKUSHIMA/114/1996		A	H3N2	1996		virus_only	14	0
A/FUKUSHIMA/127/2001		A	H3N2	2001		virus_only	6	0
A/FUKUSHIMA/131/2000		A	H3N2	2000		virus_only	7	0
A/FUKUSHIMA/140/1997		A	H3N2	1997		virus_only	6	0
A/FUKUSHIMA/69/2015		A	H3N2	2015		virus_only	10	0
A/FUKUSHIMA/99/1998		A	H3N2	1998		virus_only	5	0
A/GALANTA/473/2019		A	H3N2	2019		virus_only	8	0
A/GALANTA/592/2013		A	H3N2	2013		virus_only	11	0
A/GALATI/47519/2011		A	H3N2	2011		virus_only	8	0
A/GALATI/88977/2012		A	H3N2	2012		virus_only	9	0
A/GALICIA/15/2012		A	H3N2	2012		virus_only	11	0
A/GALICIA/1786/2014		A	H3N2	2014		virus_only	9	0
A/GALICIA/2054/2014		A	H3N2	2014		virus_only	10	0
A/GALICIA/2055/2014		A	H3N2	2014		virus_only	10	0
A/GALICIA/756/2015		A	H3N2	2015		virus_only	11	0
A/GALICIA/760/2015		A	H3N2	2015		virus_only	11	0
A/GALICIA/RR1804/2005		A	H3N2	2005		virus_only	17	0
A/GALICIA/RR9065/2012		A	H3N2	2012		virus_only	9	0
A/GALICIA/RR9907/2012		A	H3N2	2012		virus_only	11	0
A/GALICIA/RR9908/2012		A	H3N2	2012		virus_only	11	0
A/GALICIA/RR9910/2012		A	H3N2	2012		virus_only	11	0
A/GALICIA/RR9911/2012		A	H3N2	2012		virus_only	11	0
A/GAMBIA/G0063940/2012		A	H3N2	2012		virus_only	10	0
A/GAMBIA/G0064536/2012		A	H3N2	2012		virus_only	6	0
A/GAMBIA/G0065236/2012		A	H3N2	2012		virus_only	3	0
A/GAMBIA/G0065240/2012		A	H3N2	2012		virus_only	6	0
A/GAMBIA/G0065536/2012		A	H3N2	2012		virus_only	10	0
A/GAMBIA/G0065540/2012		A	H3N2	2012		virus_only	10	0
A/GAMBIA/G0065636/2012		A	H3N2	2012		virus_only	10	0
A/GAMBIA/G0065640/2012		A	H3N2	2012		virus_only	5	0
A/GAMBIA/G0065736/2012		A	H3N2	2012		virus_only	5	0
A/GAMBIA/G0065740/2012		A	H3N2	2012		virus_only	9	0
A/GAMBIA/G0067136/2012		A	H3N2	2012		virus_only	10	0
A/GAMBIA/G0067140/2012		A	H3N2	2012		virus_only	10	0
A/GAMBIA/G0069436/2012		A	H3N2	2012		virus_only	10	0
A/GAMBIA/G0069636/2012		A	H3N2	2012		virus_only	10	0
A/GAMBIA/G0069640/2012		A	H3N2	2012		virus_only	10	0
A/GAMBIA/G0070336/2012		A	H3N2	2012		virus_only	10	0
A/GAMBIA/G0071436/2012		A	H3N2	2012		virus_only	10	0
A/GAMBIA/G0074336/2012		A	H3N2	2012		virus_only	10	0
A/GAMBIA/G0074340/2012		A	H3N2	2012		virus_only	10	0
A/GAMBIA/G0074836/2012		A	H3N2	2012		virus_only	10	0
A/GAMBIA/G0075736/2012		A	H3N2	2012		virus_only	10	0
A/GAROUA/19V1937/2019		A	H3N2	2019		virus_only	10	0
A/GAZIANTEP/1950/2016		A	H3N2	2016		virus_only	12	0
A/GELSENKIRCHEN		A	H3N2			virus_only	6	0
A/GELSENKIRCHEN/1/1990		A	H3N2	1990		virus_only	7	0
A/GELSENKIRCHEN/1/1991		A	H3N2	1991		virus_only	7	0
A/GELSENKIRCHEN/1/1993		A	H3N2	1993		virus_only	7	0
A/GELSENKIRCHEN/11/1996		A	H3N2	1996		virus_only	6	0
A/GELSENKIRCHEN/2/1990		A	H3N2	1990		virus_only	7	0
A/GELSENKIRCHEN/2/1991		A	H3N2	1991		virus_only	7	0
A/GELSENKIRCHEN/3/1990		A	H3N2	1990		virus_only	7	0
A/GELSENKIRCHEN/3/1991		A	H3N2	1991		virus_only	7	0
A/GELSENKIRCHEN/4/1990		A	H3N2	1990		virus_only	7	0
A/GELSENKIRCHEN/5/1990		A	H3N2	1990		virus_only	7	0
A/GENEVA/0048/2003		A	H3N2	2003		virus_only	7	0
A/GENEVA/1459920/2009		A	H3N2	2009		virus_only	18	0
A/GENEVA/1474833/2009		A	H3N2	2009		virus_only	18	0
A/GENEVA/1479911/2009		A	H3N2	2009		virus_only	18	0
A/GENEVA/1479985/2009		A	H3N2	2009		virus_only	18	0
A/GENEVA/1482515/2009		A	H3N2	2009		virus_only	9	0
A/GENEVA/1491091/2009		A	H3N2	2009		virus_only	18	0
A/GENEVA/1498578/2009		A	H3N2	2009		virus_only	9	0
A/GENEVA/1505267/2009		A	H3N2	2009		virus_only	18	0
A/GENEVA/1514466/2009		A	H3N2	2009		virus_only	9	0
A/GENEVA/1514470/2009		A	H3N2	2009		virus_only	9	0
A/GENEVA/1514818/2009		A	H3N2	2009		virus_only	18	0
A/GENEVA/1528968/2009		A	H3N2	2009		virus_only	18	0
A/GENEVA/1539347/2009		A	H3N2	2009		virus_only	18	0
A/GENEVA/1545836/2009		A	H3N2	2009		virus_only	9	0
A/GENEVA/1570509/2009		A	H3N2	2009		virus_only	18	0
A/GENEVA/1638475/2009		A	H3N2	2009		virus_only	9	0
A/GENEVA/1639437/2009		A	H3N2	2009		virus_only	9	0
A/GENEVA/1830496/2009		A	H3N2	2009		virus_only	6	0
A/GENEVA/1830516/2009		A	H3N2	2009		virus_only	6	0
A/GENEVA/1830525/2009		A	H3N2	2009		virus_only	6	0
A/GENEVA/1981780/2009		A	H3N2	2009		virus_only	6	0
A/GENEVA/2022116/2009		A	H3N2	2009		virus_only	6	0
A/GENEVA/2023898/2009		A	H3N2	2009		virus_only	6	0
A/GENEVA/2029658/2009		A	H3N2	2009		virus_only	6	0
A/GENEVA/2059660/2009		A	H3N2	2009		virus_only	6	0
A/GENEVA/2059933/2009		A	H3N2	2009		virus_only	6	0
A/GENEVA/3061/2003		A	H3N2	2003		virus_only	5	0
A/GENEVA/3125/2003		A	H3N2	2003		virus_only	5	0
A/GENEVA/3129/2003		A	H3N2	2003		virus_only	5	0
A/GENEVA/3162/2003		A	H3N2	2003		virus_only	5	0
A/GENEVA/3168/2003		A	H3N2	2003		virus_only	5	0
A/GENEVA/3170/2008		A	H3N2	2008		virus_only	9	0
A/GENEVA/3314/2003		A	H3N2	2003		virus_only	7	0
A/GENEVA/3340/2003		A	H3N2	2003		virus_only	7	0
A/GENEVA/3343/2003		A	H3N2	2003		virus_only	5	0
A/GENEVA/3390/2003		A	H3N2	2003		virus_only	5	0
A/GENEVA/3398/2003		A	H3N2	2003		virus_only	5	0
A/GENEVA/3399/2003		A	H3N2	2003		virus_only	5	0
A/GENEVA/3590/2003		A	H3N2	2003		virus_only	6	0
A/GENEVA/3701/2003		A	H3N2	2003		virus_only	5	0
A/GENEVA/3767/2003		A	H3N2	2003		virus_only	7	0
A/GENEVA/3819/2003		A	H3N2	2003		virus_only	7	0
A/GENEVA/3881/2003		A	H3N2	2003		virus_only	7	0
A/GENEVA/3882/2003		A	H3N2	2003		virus_only	7	0
A/GENEVA/4057/2003		A	H3N2	2003		virus_only	7	0
A/GENEVA/4094/2003		A	H3N2	2003		virus_only	7	0
A/GENEVA/4096/2003		A	H3N2	2003		virus_only	7	0
A/GENEVA/4149722/2010		A	H3N2	2010		virus_only	18	0
A/GENEVA/4166/2003		A	H3N2	2003		virus_only	7	0
A/GENEVA/4439/2003		A	H3N2	2003		virus_only	7	0
A/GENEVA/4620/2003		A	H3N2	2003		virus_only	7	0
A/GENEVA/4621/2003		A	H3N2	2003		virus_only	7	0
A/GENEVA/4831/2003		A	H3N2	2003		virus_only	7	0
A/GENEVA/4841/2003		A	H3N2	2003		virus_only	7	0
A/GENEVA/4904/2003		A	H3N2	2003		virus_only	7	0
A/GENEVA/4935/2003		A	H3N2	2003		virus_only	6	0
A/GENEVA/5059/2003		A	H3N2	2003		virus_only	6	0
A/GENEVA/5060/2003		A	H3N2	2003		virus_only	6	0
A/GENEVA/5331/2003		A	H3N2	2003		virus_only	7	0
A/GENEVA/5361/2003		A	H3N2	2003		virus_only	7	0
A/GENEVA/5687/2003		A	H3N2	2003		virus_only	7	0
A/GENEVA/5741/2003		A	H3N2	2003		virus_only	7	0
A/GENEVA/5742/2003		A	H3N2	2003		virus_only	7	0
A/GENEVA/5743/2003		A	H3N2	2003		virus_only	7	0
A/GENEVA/5744/2003		A	H3N2	2003		virus_only	7	0
A/GENEVA/5748/2003		A	H3N2	2003		virus_only	7	0
A/GENEVA/5785/2003		A	H3N2	2003		virus_only	7	0
A/GENEVA/5786/2003		A	H3N2	2003		virus_only	7	0
A/GENEVA/5787/2003		A	H3N2	2003		virus_only	7	0
A/GENEVA/5788/2003		A	H3N2	2003		virus_only	7	0
A/GENEVA/6053/2003		A	H3N2	2003		virus_only	6	0
A/GENEVA/6577/2003		A	H3N2	2003		virus_only	6	0
A/GENEVA/6907/2003		A	H3N2	2003		virus_only	6	0
A/GENEVA/7022/2003		A	H3N2	2003		virus_only	6	0
A/GENEVA/7023/2003		A	H3N2	2003		virus_only	6	0
A/GENEVA/7114/2003		A	H3N2	2003		virus_only	6	0
A/GENEVA/7124/2003		A	H3N2	2003		virus_only	6	0
A/GENEVA/7136/2003		A	H3N2	2003		virus_only	6	0
A/GENEVA/7193/2003		A	H3N2	2003		virus_only	6	0
A/GENEVA/7212/2003		A	H3N2	2003		virus_only	6	0
A/GENEVA/7214/2003		A	H3N2	2003		virus_only	6	0
A/GENEVA/7320/2005		A	H3N2	2005		virus_only	6	0
A/GENEVA/7389/2003		A	H3N2	2003		virus_only	6	0
A/GENEVA/7392/2003		A	H3N2	2003		virus_only	6	0
A/GENEVA/7446/2003		A	H3N2	2003		virus_only	6	0
A/GENEVA/7488/2003		A	H3N2	2003		virus_only	6	0
A/GENEVA/7489/2003		A	H3N2	2003		virus_only	6	0
A/GENEVA/7500/2003		A	H3N2	2003		virus_only	6	0
A/GENEVA/8019/2008		A	H3N2	2008		virus_only	9	0
A/GENEVA/8097/2005		A	H3N2	2005		virus_only	6	0
A/GENEVA/8151/2003		A	H3N2	2003		virus_only	6	0
A/GENEVA/8165/2005		A	H3N2	2005		virus_only	6	0
A/GENEVA/8379/2005		A	H3N2	2005		virus_only	6	0
A/GENEVA/8417/2008		A	H3N2	2008		virus_only	9	0
A/GENEVA/8428/2008		A	H3N2	2008		virus_only	9	0
A/GENEVA/9360/2003		A	H3N2	2003		virus_only	8	0
A/GENEVA/9674/2008		A	H3N2	2008		virus_only	9	0
A/GENEVA/9947/2003		A	H3N2	2003		virus_only	7	0
A/GENEVE/07/8582		A	H3N2			virus_only	6	0
A/GENOVA/01/2002		A	H3N2	2002		virus_only	6	0
A/GENOVA/01/2010		A	H3N2	2010		virus_only	8	0
A/GENOVA/02/2002		A	H3N2	2002		virus_only	6	0
A/GENOVA/02/2009		A	H3N2	2009		virus_only	8	0
A/GENOVA/04/2012		A	H3N2	2012		virus_only	9	0
A/GENOVA/05/2012		A	H3N2	2012		virus_only	10	0
A/GENOVA/09/2009		A	H3N2	2009		virus_only	6	0
A/GENOVA/09/2014		A	H3N2	2014		virus_only	10	0
A/GENOVA/1/1995		A	H3N2	1995		virus_only	6	0
A/GENOVA/1/1996		A	H3N2	1996		virus_only	5	0
A/GENOVA/1/2004		A	H3N2	2004		virus_only	6	0
A/GENOVA/10/1998		A	H3N2	1998		virus_only	6	0
A/GENOVA/10/2009		A	H3N2	2009		virus_only	6	0
A/GENOVA/103/2000		A	H3N2	2000		virus_only	6	0
A/GENOVA/11/1991		A	H3N2	1991		virus_only	7	0
A/GENOVA/11/1995		A	H3N2	1995		virus_only	12	0
A/GENOVA/11/1998		A	H3N2	1998		virus_only	6	0
A/GENOVA/112/2000		A	H3N2	2000		virus_only	6	0
A/GENOVA/12/1991		A	H3N2	1991		virus_only	7	0
A/GENOVA/12/1997		A	H3N2	1997		virus_only	5	0
A/GENOVA/12/2005		A	H3N2	2005		virus_only	9	0
A/GENOVA/120/2000		A	H3N2	2000		virus_only	6	0
A/GENOVA/13/1995		A	H3N2	1995		virus_only	12	0
A/GENOVA/13/1997		A	H3N2	1997		virus_only	5	0
A/GENOVA/14/1995		A	H3N2	1995		virus_only	12	0
A/GENOVA/14/1997		A	H3N2	1997		virus_only	5	0
A/GENOVA/15/1995		A	H3N2	1995		virus_only	6	0
A/GENOVA/15/1997		A	H3N2	1997		virus_only	5	0
A/GENOVA/16/1991		A	H3N2	1991		virus_only	7	0
A/GENOVA/16/1995		A	H3N2	1995		virus_only	6	0
A/GENOVA/16/1997		A	H3N2	1997		virus_only	5	0
A/GENOVA/1614/2014		A	H3N2	2014		virus_only	10	0
A/GENOVA/17/1995		A	H3N2	1995		virus_only	12	0
A/GENOVA/18/1995		A	H3N2	1995		virus_only	12	0
A/GENOVA/18/1997		A	H3N2	1997		virus_only	5	0
A/GENOVA/2/2004		A	H3N2	2004		virus_only	6	0
A/GENOVA/20/1997		A	H3N2	1997		virus_only	5	0
A/GENOVA/21/2004		A	H3N2	2004		virus_only	6	0
A/GENOVA/2159/2003		A	H3N2	2003		virus_only	7	0
A/GENOVA/2161/2003		A	H3N2	2003		virus_only	7	0
A/GENOVA/2162/2003		A	H3N2	2003		virus_only	7	0
A/GENOVA/22/1998#ORIGINAL		A	H3N2			virus_only	6	0
A/GENOVA/24/1998		A	H3N2	1998		virus_only	5	0
A/GENOVA/25/1998#ORIGINAL		A	H3N2			virus_only	6	0
A/GENOVA/29/1998		A	H3N2	1998		virus_only	5	0
A/GENOVA/3/2002		A	H3N2	2002		virus_only	6	0
A/GENOVA/3/2004		A	H3N2	2004		virus_only	6	0
A/GENOVA/30/1998		A	H3N2	1998		virus_only	5	0
A/GENOVA/31/1998		A	H3N2	1998		virus_only	5	0
A/GENOVA/328/2002		A	H3N2	2002		virus_only	6	0
A/GENOVA/33/1998		A	H3N2	1998		virus_only	5	0
A/GENOVA/33/2005		A	H3N2	2005		virus_only	9	0
A/GENOVA/333/2002		A	H3N2	2002		virus_only	6	0
A/GENOVA/34/1998		A	H3N2	1998		virus_only	5	0
A/GENOVA/35/2004		A	H3N2	2004		virus_only	6	0
A/GENOVA/360/2002		A	H3N2	2002		virus_only	6	0
A/GENOVA/369/2002		A	H3N2	2002		virus_only	6	0
A/GENOVA/38/1999		A	H3N2	1999		virus_only	6	0
A/GENOVA/4/2002		A	H3N2	2002		virus_only	5	0
A/GENOVA/5/1998		A	H3N2	1998		virus_only	10	0
A/GENOVA/507/2002		A	H3N2	2002		virus_only	6	0
A/GENOVA/52/2000		A	H3N2	2000		virus_only	6	0
A/GENOVA/54/2004		A	H3N2	2004		virus_only	8	0
A/GENOVA/546/2003		A	H3N2	2003		virus_only	6	0
A/GENOVA/55/2004		A	H3N2	2004		virus_only	8	0
A/GENOVA/56/2004		A	H3N2	2004		virus_only	8	0
A/GENOVA/59/1999		A	H3N2	1999		virus_only	6	0
A/GENOVA/59/2005		A	H3N2	2005		virus_only	9	0
A/GENOVA/61/2005		A	H3N2	2005		virus_only	9	0
A/GENOVA/62/2005		A	H3N2	2005		virus_only	9	0
A/GENOVA/67/1999		A	H3N2	1999		virus_only	6	0
A/GENOVA/68/1999		A	H3N2	1999		virus_only	6	0
A/GENOVA/683/2003		A	H3N2	2003		virus_only	6	0
A/GENOVA/689/2003		A	H3N2	2003		virus_only	6	0
A/GENOVA/7/1991		A	H3N2	1991		virus_only	7	0
A/GENOVA/7/1995		A	H3N2	1995		virus_only	12	0
A/GENOVA/7/1998		A	H3N2	1998		virus_only	10	0
A/GENOVA/7/2005		A	H3N2	2005		virus_only	8	0
A/GENOVA/711/2003		A	H3N2	2003		virus_only	6	0
A/GENOVA/712/2003		A	H3N2	2003		virus_only	6	0
A/GENOVA/72/2000		A	H3N2	2000		virus_only	6	0
A/GENOVA/73/2000		A	H3N2	2000		virus_only	6	0
A/GENOVA/74/2000		A	H3N2	2000		virus_only	6	0
A/GENOVA/8/1998		A	H3N2	1998		virus_only	10	0
A/GENOVA/821/2003		A	H3N2	2003		virus_only	6	0
A/GENOVA/888/2003		A	H3N2	2003		virus_only	6	0
A/GENOVA/890/2003		A	H3N2	2003		virus_only	6	0
A/GENOVA/897/2003		A	H3N2	2003		virus_only	6	0
A/GENOVA/9/1991		A	H3N2	1991		virus_only	7	0
A/GENOVA/GE10/1998		A	H3N2	1998		virus_only	5	0
A/GENOVA/GE11/1998		A	H3N2	1998		virus_only	5	0
A/GEORGIA/100/2006		A	H3N2	2006		virus_only	9	0
A/GEORGIA/1041/2016		A	H3N2	2016		virus_only	14	0
A/GEORGIA/108/2014		A	H3N2	2014		virus_only	10	0
A/GEORGIA/117/2014		A	H3N2	2014		virus_only	10	0
A/GEORGIA/118224G/2009		A	H3N2	2009		virus_only	7	0
A/GEORGIA/118325G/2009		A	H3N2	2009		virus_only	7	0
A/GEORGIA/118826G/2009		A	H3N2	2009		virus_only	7	0
A/GEORGIA/123330G/2009		A	H3N2	2009		virus_only	7	0
A/GEORGIA/125/2007		A	H3N2	2007		virus_only	20	0
A/GEORGIA/125232G/2009		A	H3N2	2009		virus_only	7	0
A/GEORGIA/125433G/2009		A	H3N2	2009		virus_only	7	0
A/GEORGIA/126635G/2009		A	H3N2	2009		virus_only	7	0
A/GEORGIA/13/2007		A	H3N2	2007		virus_only	20	0
A/GEORGIA/130237G/2009		A	H3N2	2009		virus_only	7	0
A/GEORGIA/134/2007		A	H3N2	2007		virus_only	20	0
A/GEORGIA/135/2007		A	H3N2	2007		virus_only	20	0
A/GEORGIA/139/2007		A	H3N2	2007		virus_only	20	0
A/GEORGIA/15/2010		A	H3N2	2010		virus_only	8	0
A/GEORGIA/161/2012		A	H3N2	2012		virus_only	10	0
A/GEORGIA/17/2007		A	H3N2	2007		virus_only	20	0
A/GEORGIA/175/2014		A	H3N2	2014		virus_only	10	0
A/GEORGIA/18/2007		A	H3N2	2007		virus_only	20	0
A/GEORGIA/1819/2016		A	H3N2	2016		virus_only	12	0
A/GEORGIA/19532@PL20		A	H3N2			virus_only	11	0
A/GEORGIA/21/2006		A	H3N2	2006		virus_only	9	0
A/GEORGIA/215/2012		A	H3N2	2012		virus_only	10	0
A/GEORGIA/215/2014		A	H3N2	2014		virus_only	10	0
A/GEORGIA/22/2007		A	H3N2	2007		virus_only	20	0
A/GEORGIA/231/2014		A	H3N2	2014		virus_only	10	0
A/GEORGIA/24/2006		A	H3N2	2006		virus_only	9	0
A/GEORGIA/241/2014		A	H3N2	2014		virus_only	10	0
A/GEORGIA/25/2007		A	H3N2	2007		virus_only	10	0
A/GEORGIA/255/2012		A	H3N2	2012		virus_only	10	0
A/GEORGIA/26/2006		A	H3N2	2006		virus_only	9	0
A/GEORGIA/29/2006		A	H3N2	2006		virus_only	9	0
A/GEORGIA/3/1993		A	H3N2	1993		virus_only	6	0
A/GEORGIA/30/2006		A	H3N2	2006		virus_only	9	0
A/GEORGIA/301/2012		A	H3N2	2012		virus_only	10	0
A/GEORGIA/32/2006		A	H3N2	2006		virus_only	9	0
A/GEORGIA/328/2014		A	H3N2	2014		virus_only	10	0
A/GEORGIA/33/2006		A	H3N2	2006		virus_only	9	0
A/GEORGIA/34/2006		A	H3N2	2006		virus_only	9	0
A/GEORGIA/35/2006		A	H3N2	2006		virus_only	9	0
A/GEORGIA/36/2006		A	H3N2	2006		virus_only	9	0
A/GEORGIA/37/2006		A	H3N2	2006		virus_only	9	0
A/GEORGIA/370/2012		A	H3N2	2012		virus_only	10	0
A/GEORGIA/40/2007		A	H3N2	2007		virus_only	20	0
A/GEORGIA/40/2012		A	H3N2	2012		virus_only	10	0
A/GEORGIA/41/2006		A	H3N2	2006		virus_only	9	0
A/GEORGIA/42/2007		A	H3N2	2007		virus_only	20	0
A/GEORGIA/43/2006		A	H3N2	2006		virus_only	9	0
A/GEORGIA/495/2014		A	H3N2	2014		virus_only	18	0
A/GEORGIA/512/2012		A	H3N2	2012		virus_only	10	0
A/GEORGIA/52/2006		A	H3N2	2006		virus_only	9	0
A/GEORGIA/532/2015#PLAQUE20		A	H3N2			virus_only	107	0
A/GEORGIA/542/2014		A	H3N2	2014		virus_only	18	0
A/GEORGIA/55/2007		A	H3N2	2007		virus_only	20	0
A/GEORGIA/554/2012		A	H3N2	2012		virus_only	10	0
A/GEORGIA/579/2012		A	H3N2	2012		virus_only	10	0
A/GEORGIA/584/2014		A	H3N2	2014		virus_only	17	0
A/GEORGIA/59/2007		A	H3N2	2007		virus_only	10	0
A/GEORGIA/60/2006		A	H3N2	2006		virus_only	9	0
A/GEORGIA/61/2006		A	H3N2	2006		virus_only	9	0
A/GEORGIA/61/2007		A	H3N2	2007		virus_only	20	0
A/GEORGIA/62/2006		A	H3N2	2006		virus_only	9	0
A/GEORGIA/658/2019		A	H3N2	2019		virus_only	9	0
A/GEORGIA/66/2006		A	H3N2	2006		virus_only	9	0
A/GEORGIA/699/2014		A	H3N2	2014		virus_only	18	0
A/GEORGIA/72/2007		A	H3N2	2007		virus_only	20	0
A/GEORGIA/74/2006		A	H3N2	2006		virus_only	9	0
A/GEORGIA/76/2006		A	H3N2	2006		virus_only	9	0
A/GEORGIA/76/2007		A	H3N2	2007		virus_only	20	0
A/GEORGIA/76/2014		A	H3N2	2014		virus_only	10	0
A/GEORGIA/80/2007		A	H3N2	2007		virus_only	20	0
A/GEORGIA/864/2016		A	H3N2	2016		virus_only	14	0
A/GEORGIA/88/2007		A	H3N2	2007		virus_only	20	0
A/GEORGIA/90/2006		A	H3N2	2006		virus_only	9	0
A/GEORGIA/91/2006		A	H3N2	2006		virus_only	9	0
A/GEORGIA/92/2006		A	H3N2	2006		virus_only	9	0
A/GEORGIA/94/2006		A	H3N2	2006		virus_only	9	0
A/GEORGIA/96/2006		A	H3N2	2006		virus_only	9	0
A/GERONA/172/2002		A	H3N2	2002		virus_only	6	0
A/GERONA/201/2002		A	H3N2	2002		virus_only	6	0
A/GERONA/204/2002		A	H3N2	2002		virus_only	6	0
A/GERONA/232/2002		A	H3N2	2002		virus_only	6	0
A/GERONA/234/2002		A	H3N2	2002		virus_only	6	0
A/GERONA/240/2002		A	H3N2	2002		virus_only	6	0
A/GERONA/266/2002		A	H3N2	2002		virus_only	6	0
A/GERONA/317/2002		A	H3N2	2002		virus_only	6	0
A/GERONA/319/2002		A	H3N2	2002		virus_only	6	0
A/GERONA/367/2002		A	H3N2	2002		virus_only	6	0
A/GERONA/368/2002		A	H3N2	2002		virus_only	6	0
A/GERONA/430/2002		A	H3N2	2002		virus_only	6	0
A/GERONA/445/2002		A	H3N2	2002		virus_only	6	0
A/GHANA/1041/2019		A	H3N2	2019		virus_only	10	0
A/GHANA/1050/2019		A	H3N2	2019		virus_only	10	0
A/GHANA/11/2008		A	H3N2	2008		virus_only	10	0
A/GHANA/154/2019		A	H3N2	2019		virus_only	10	0
A/GHANA/1782/2017		A	H3N2	2017		virus_only	9	0
A/GHANA/1841/2017		A	H3N2	2017		virus_only	9	0
A/GHANA/2717/2017		A	H3N2	2017		virus_only	10	0
A/GHANA/312/2019		A	H3N2	2019		virus_only	10	0
A/GHANA/3361/2019		A	H3N2	2019		virus_only	9	0
A/GHANA/3532/2019		A	H3N2	2019		virus_only	9	0
A/GHANA/731/2011		A	H3N2	2011		virus_only	8	0
A/GHANA/758/2018		A	H3N2	2018		virus_only	8	0
A/GHANA/DARI0063/2013		A	H3N2	2013		virus_only	10	0
A/GHANA/DARI0085/2014		A	H3N2	2014		virus_only	9	0
A/GHANA/DARI0098/2013		A	H3N2	2013		virus_only	10	0
A/GHANA/DARI0101/2014		A	H3N2	2014		virus_only	18	0
A/GHANA/DARI0104/2014		A	H3N2	2014		virus_only	18	0
A/GHANA/DARI13111/2013		A	H3N2	2013		virus_only	13	0
A/GHANA/DARI150261/2015		A	H3N2	2015		virus_only	12	0
A/GHANA/DILI0311/2013		A	H3N2	2013		virus_only	10	0
A/GHANA/DILI0314/2013		A	H3N2	2013		virus_only	10	0
A/GHANA/DILI0319/2013		A	H3N2	2013		virus_only	10	0
A/GHANA/DILI0321/2013		A	H3N2	2013		virus_only	10	0
A/GHANA/DILI0405/2012		A	H3N2	2012		virus_only	11	0
A/GHANA/DILI0428/2014		A	H3N2	2014		virus_only	18	0
A/GHANA/DILI0436/2013		A	H3N2	2013		virus_only	10	0
A/GHANA/DILI0441/2014		A	H3N2	2014		virus_only	18	0
A/GHANA/DILI0443/2013		A	H3N2	2013		virus_only	10	0
A/GHANA/DILI0464/2013		A	H3N2	2013		virus_only	10	0
A/GHANA/DILI0465/2013		A	H3N2	2013		virus_only	10	0
A/GHANA/DILI0467/2013		A	H3N2	2013		virus_only	10	0
A/GHANA/DILI0470/2013		A	H3N2	2013		virus_only	10	0
A/GHANA/DILI0476/2014		A	H3N2	2014		virus_only	18	0
A/GHANA/DILI0479/2014		A	H3N2	2014		virus_only	18	0
A/GHANA/DILI0482/2014		A	H3N2	2014		virus_only	18	0
A/GHANA/DILI0483/2014		A	H3N2	2014		virus_only	18	0
A/GHANA/DILI0512/2014		A	H3N2	2014		virus_only	9	0
A/GHANA/DILI0522/2014		A	H3N2	2014		virus_only	18	0
A/GHANA/DILI0657/2014		A	H3N2	2014		virus_only	18	0
A/GHANA/DILI0658/2014		A	H3N2	2014		virus_only	20	0
A/GHANA/DILI0659/2014		A	H3N2	2014		virus_only	18	0
A/GHANA/DILI13619/2013		A	H3N2	2013		virus_only	13	0
A/GHANA/DILI13620/2013		A	H3N2	2013		virus_only	13	0
A/GHANA/DILI13694/2013		A	H3N2	2013		virus_only	13	0
A/GHANA/DILI13701/2013		A	H3N2	2013		virus_only	13	0
A/GHANA/DILI13702/2013		A	H3N2	2013		virus_only	13	0
A/GHANA/DILI13704/2013		A	H3N2	2013		virus_only	12	0
A/GHANA/DILI13726/2013		A	H3N2	2013		virus_only	13	0
A/GHANA/DILI13775/2013		A	H3N2	2013		virus_only	13	0
A/GHANA/DILI140657/2014		A	H3N2	2014		virus_only	11	0
A/GHANA/DILI140658/2014		A	H3N2	2014		virus_only	11	0
A/GHANA/DILI140659/2014		A	H3N2	2014		virus_only	11	0
A/GHANA/DILI141010/2014		A	H3N2	2014		virus_only	11	0
A/GHANA/DILI141014/2014		A	H3N2	2014		virus_only	21	0
A/GHANA/DILI141152/2014		A	H3N2	2014		virus_only	11	0
A/GHANA/DILI150233/2015		A	H3N2	2015		virus_only	11	0
A/GHANA/DILI495/2013		A	H3N2	2013		virus_only	11	0
A/GHANA/DILI498/2013		A	H3N2	2013		virus_only	11	0
A/GHANA/DILI505/2013		A	H3N2	2013		virus_only	10	0
A/GHANA/DILI515/2013		A	H3N2	2013		virus_only	10	0
A/GHANA/DILI516/2013		A	H3N2	2013		virus_only	10	0
A/GHANA/DILI518/2013		A	H3N2	2013		virus_only	10	0
A/GHANA/FS0373/2013		A	H3N2	2013		virus_only	10	0
A/GHANA/FS0460/2014		A	H3N2	2014		virus_only	9	0
A/GHANA/FS0513/2014		A	H3N2	2014		virus_only	18	0
A/GHANA/FS0514/2014		A	H3N2	2014		virus_only	18	0
A/GHANA/FS091110/2009		A	H3N2	2009		virus_only	11	0
A/GHANA/FS091212/2009		A	H3N2	2009		virus_only	11	0
A/GHANA/FS091231/2009		A	H3N2	2009		virus_only	11	0
A/GHANA/FS091238/2009		A	H3N2	2009		virus_only	11	0
A/GHANA/FS091267/2009		A	H3N2	2009		virus_only	11	0
A/GHANA/FS09879/2009		A	H3N2	2009		virus_only	11	0
A/GHANA/FS1031/2009		A	H3N2	2009		virus_only	7	0
A/GHANA/FS1032/2009		A	H3N2	2009		virus_only	7	0
A/GHANA/FS1034/2009		A	H3N2	2009		virus_only	7	0
A/GHANA/FS1035/2009		A	H3N2	2009		virus_only	7	0
A/GHANA/FS104722/2010		A	H3N2	2010		virus_only	8	0
A/GHANA/FS104723/2010		A	H3N2	2010		virus_only	8	0
A/GHANA/FS104745/2010		A	H3N2	2010		virus_only	8	0
A/GHANA/FS11041/2011		A	H3N2	2011		virus_only	8	0
A/GHANA/FS1110/2009		A	H3N2	2009		virus_only	6	0
A/GHANA/FS111014/2011		A	H3N2	2011		virus_only	8	0
A/GHANA/FS111037/2011		A	H3N2	2011		virus_only	8	0
A/GHANA/FS111045/2011		A	H3N2	2011		virus_only	8	0
A/GHANA/FS1111/2009		A	H3N2	2009		virus_only	6	0
A/GHANA/FS11132/2011		A	H3N2	2011		virus_only	8	0
A/GHANA/FS111981/2011		A	H3N2	2011		virus_only	7	0
A/GHANA/FS1159/2009		A	H3N2	2009		virus_only	6	0
A/GHANA/FS11591/2011		A	H3N2	2011		virus_only	8	0
A/GHANA/FS11648/2011		A	H3N2	2011		virus_only	8	0
A/GHANA/FS11687/2011		A	H3N2	2011		virus_only	8	0
A/GHANA/FS120677/2012		A	H3N2	2012		virus_only	10	0
A/GHANA/FS131065/2013		A	H3N2	2013		virus_only	13	0
A/GHANA/FS13951/2013		A	H3N2	2013		virus_only	13	0
A/GHANA/FS150185/2015		A	H3N2	2015		virus_only	11	0
A/GHANA/FS1502/2009		A	H3N2	2009		virus_only	11	0
A/GHANA/FS1551/2009		A	H3N2	2009		virus_only	11	0
A/GHANA/FS1589/2009		A	H3N2	2009		virus_only	11	0
A/GHANA/FS1591/2009		A	H3N2	2009		virus_only	11	0
A/GHANA/FS1633/2012		A	H3N2	2012		virus_only	11	0
A/GHANA/FS1914/2009		A	H3N2	2009		virus_only	6	0
A/GHANA/FS1918/2009		A	H3N2	2009		virus_only	6	0
A/GHANA/FS2240/2009		A	H3N2	2009		virus_only	11	0
A/GHANA/FS2355/2009		A	H3N2	2009		virus_only	11	0
A/GHANA/FS271/2010		A	H3N2	2010		virus_only	14	0
A/GHANA/FS376/2010		A	H3N2	2010		virus_only	14	0
A/GHANA/FS464/2010		A	H3N2	2010		virus_only	14	0
A/GHANA/FS467/2010		A	H3N2	2010		virus_only	14	0
A/GHAZIVIN/9/2009		A	H3N2	2009		virus_only	9	0
A/GHOM/9677/2011		A	H3N2	2011		virus_only	18	0
A/GIBRALTAR/SB226/2009		A	H3N2	2009		virus_only	9	0
A/GIBRALTAR/SB252/2009		A	H3N2	2009		virus_only	9	0
A/GIFU/46/2014		A	H3N2	2014		virus_only	10	0
A/GIRESUN/231/2014		A	H3N2	2014		virus_only	18	0
A/GIRONA/111/2003		A	H3N2	2003		virus_only	7	0
A/GIRONA/112/2003		A	H3N2	2003		virus_only	7	0
A/GIRONA/135/2003		A	H3N2	2003		virus_only	7	0
A/GIRONA/40/2003		A	H3N2	2003		virus_only	7	0
A/GIRONA/41/2003		A	H3N2	2003		virus_only	7	0
A/GIRONA/45/2003		A	H3N2	2003		virus_only	7	0
A/GIRONA/69/2003		A	H3N2	2003		virus_only	7	0
A/GIRONA/70/2003		A	H3N2	2003		virus_only	7	0
A/GIRONA/81/2003		A	H3N2	2003		virus_only	7	0
A/GIRONA/82/2003		A	H3N2	2003		virus_only	7	0
A/GLASGOW/400097/2015		A	H3N2	2015		virus_only	11	0
A/GLASGOW/401678/2015		A	H3N2	2015		virus_only	11	0
A/GLASGOW/407581/2012		A	H3N2	2012		virus_only	10	0
A/GLASGOW/407585/2012		A	H3N2	2012		virus_only	10	0
A/GLASGOW/407664		A	H3N2			virus_only	10	0
A/GLASGOW/407665/2012		A	H3N2	2012		virus_only	10	0
A/GLASGOW/4144/2014		A	H3N2	2014		virus_only	12	0
A/GLASGOW/4165/2014		A	H3N2	2014		virus_only	22	0
A/GLASGOW/RVL2/2012		A	H3N2	2012		virus_only	11	0
A/GLASGOW/RVL5/2012		A	H3N2	2012		virus_only	20	0
A/GLASGOW/RVL6/2012		A	H3N2	2012		virus_only	11	0
A/GLASGOW/RVL7/2012		A	H3N2	2012		virus_only	11	0
A/GLASGOW/RVL8/2012		A	H3N2	2012		virus_only	11	0
A/GMILANOVAC/277/2009		A	H3N2	2009		virus_only	11	0
A/GOMEL/1613/2012		A	H3N2	2012		virus_only	10	0
A/GOMEL/1692/2012		A	H3N2	2012		virus_only	10	0
A/GORNJIMILANOVAC/303/2007		A	H3N2	2007		virus_only	11	0
A/GORNOALTAYSK/1/2016		A	H3N2	2016		virus_only	12	0
A/GOROKA/8/1990		A	H3N2	1990		virus_only	8	0
A/GOTEBERG/2/1998		A	H3N2	1998		virus_only	6	0
A/GOTEBORG/1/1993		A	H3N2	1993		virus_only	8	0
A/GOTEBORG/1/1999		A	H3N2	1999		virus_only	6	0
A/GOTEBORG/1/2002		A	H3N2	2002		virus_only	6	0
A/GOTEBORG/1/2003		A	H3N2	2003		virus_only	8	0
A/GOTEBORG/1/2004		A	H3N2	2004		virus_only	6	0
A/GOTEBORG/2/1993		A	H3N2	1993		virus_only	6	0
A/GOTEBORG/2/1995		A	H3N2	1995		virus_only	6	0
A/GOTEBORG/2/1997		A	H3N2	1997		virus_only	6	0
A/GOTEBORG/2/2002		A	H3N2	2002		virus_only	6	0
A/GOTEBORG/3/1993		A	H3N2	1993		virus_only	5	0
A/GOTEBORG/3/1995		A	H3N2	1995		virus_only	5	0
A/GOTEBORG/3/1997		A	H3N2	1997		virus_only	6	0
A/GOTEBORG/3/1999		A	H3N2	1999		virus_only	5	0
A/GOTEBORG/3/2002		A	H3N2	2002		virus_only	8	0
A/GOTEBORG/4/1993		A	H3N2	1993		virus_only	5	0
A/GOTEBURG/1/1997		A	H3N2	1997		virus_only	6	0
A/GOTEBURG/1/2000		A	H3N2	2000		virus_only	6	0
A/GOTEBURG/2/2003		A	H3N2	2003		virus_only	6	0
A/GOTEBURG/3/2003		A	H3N2	2003		virus_only	6	0
A/GOTEBURG/4/2003		A	H3N2	2003		virus_only	6	0
A/GOTEBURG/6/1999		A	H3N2	1999		virus_only	6	0
A/GOTHENBORG/1/1994		A	H3N2	1994		virus_only	13	0
A/GOTHENBORG/1/1995		A	H3N2	1995		virus_only	6	0
A/GOTHENBURG/1/2010		A	H3N2	2010		virus_only	16	0
A/GOTHENBURG/3/2009		A	H3N2	2009		virus_only	11	0
A/GRANADA/134/1995		A	H3N2	1995		virus_only	5	0
A/GRANADA/1420/2003		A	H3N2	2003		virus_only	12	0
A/GRANADA/2/1996		A	H3N2	1996		virus_only	6	0
A/GRANADA/R192/1997		A	H3N2	1997		virus_only	6	0
A/GRANADA/RR1437/2003		A	H3N2	2003		virus_only	6	0
A/GRANADA/RR1438/2003		A	H3N2	2003		virus_only	6	0
A/GRANADA/RR1549/2003		A	H3N2	2003		virus_only	6	0
A/GRANADA/RR1759/2004		A	H3N2	2004		virus_only	17	0
A/GRANADA/RR1760/2004		A	H3N2	2004		virus_only	17	0
A/GRANADA/RR1761/2004		A	H3N2	2004		virus_only	17	0
A/GRANADA/RR1762/2004		A	H3N2	2004		virus_only	17	0
A/GRANADA/RR332/1998		A	H3N2	1998		virus_only	5	0
A/GRANADA/RR333/1998		A	H3N2	1998		virus_only	5	0
A/GRANADA/RR334/1998		A	H3N2	1998		virus_only	5	0
A/GRANADA/RR356/1998		A	H3N2	1998		virus_only	5	0
A/GRANADA/RR359/1998		A	H3N2	1998		virus_only	5	0
A/GRANADA/RR440/1999		A	H3N2	1999		virus_only	5	0
A/GREECE/1/2003		A	H3N2	2003		virus_only	6	0
A/GREECE/1/2014		A	H3N2	2014		virus_only	10	0
A/GREECE/10/2003		A	H3N2	2003		virus_only	6	0
A/GREECE/104/2003		A	H3N2	2003		virus_only	6	0
A/GREECE/109/2003		A	H3N2	2003		virus_only	5	0
A/GREECE/110/2000		A	H3N2	2000		virus_only	6	0
A/GREECE/12/2014		A	H3N2	2014		virus_only	20	0
A/GREECE/1430/2018		A	H3N2	2018		virus_only	8	0
A/GREECE/145119/2019		A	H3N2	2019		virus_only	8	0
A/GREECE/17/2015		A	H3N2	2015		virus_only	11	0
A/GREECE/20/2003		A	H3N2	2003		virus_only	6	0
A/GREECE/21/2003		A	H3N2	2003		virus_only	6	0
A/GREECE/22/2003		A	H3N2	2003		virus_only	6	0
A/GREECE/2263/2014		A	H3N2	2014		virus_only	11	0
A/GREECE/261/2015		A	H3N2	2015		virus_only	11	0
A/GREECE/28/2003		A	H3N2	2003		virus_only	6	0
A/GREECE/327/2015		A	H3N2	2015		virus_only	11	0
A/GREECE/35/2017		A	H3N2	2017		virus_only	12	0
A/GREECE/357/2019		A	H3N2	2019		virus_only	8	0
A/GREECE/46/2003		A	H3N2	2003		virus_only	5	0
A/GREECE/47/2003		A	H3N2	2003		virus_only	5	0
A/GREECE/51/2003		A	H3N2	2003		virus_only	5	0
A/GREECE/51/2015		A	H3N2	2015		virus_only	11	0
A/GREECE/624/2006		A	H3N2	2006		virus_only	10	0
A/GREECE/69/2000		A	H3N2	2000		virus_only	6	0
A/GREECE/71/2003		A	H3N2	2003		virus_only	6	0
A/GREECE/726/2016		A	H3N2	2016		virus_only	12	0
A/GREECE/8/2003		A	H3N2	2003		virus_only	6	0
A/GREECE/83/2003		A	H3N2	2003		virus_only	6	0
A/GREECE/87/2003		A	H3N2	2003		virus_only	5	0
A/GREECE/90/2000		A	H3N2	2000		virus_only	6	0
A/GREECE/94/2006		A	H3N2	2006		virus_only	10	0
A/GREENLAND/4/1996		A	H3N2	1996		virus_only	6	0
A/GREIFSWALD/1/1992		A	H3N2	1992		virus_only	8	0
A/GREIFSWALD/2/1990		A	H3N2	1990		virus_only	7	0
A/GREIFSWALD/2/1992		A	H3N2	1992		virus_only	7	0
A/GREIFSWALD/3/1990		A	H3N2	1990		virus_only	7	0
A/GRENADA/48/1996		A	H3N2	1996		virus_only	6	0
A/GRENADA/67/1996		A	H3N2	1996		virus_only	6	0
A/GRENADA/76/1996		A	H3N2	1996		virus_only	6	0
A/GRENADA/86/1996		A	H3N2	1996		virus_only	6	0
A/GRENADA/88/1996		A	H3N2	1996		virus_only	6	0
A/GRENADA/R195		A	H3N2			virus_only	6	0
A/GRENADA/R198/1997		A	H3N2	1997		virus_only	6	0
A/GRENOBLE/1144/2009		A	H3N2	2009		virus_only	18	0
A/GRENOBLE/1500/2018		A	H3N2	2018		virus_only	8	0
A/GRENOBLE/185/2020		A	H3N2	2020		virus_only	9	0
A/GREVENA/143/2000		A	H3N2	2000		virus_only	6	0
A/GROZNY/RII3/2019		A	H3N2	2019		virus_only	9	0
A/GTEBORG/2/2005		A	H3N2	2005		virus_only	8	0
A/GUADALAJARA/G1490/2003		A	H3N2	2003		virus_only	6	0
A/GUADALAJARA/G1511/2003		A	H3N2	2003		virus_only	6	0
A/GUADELOUPE/202/2010#NEW		A	H3N2			virus_only	10	0
A/GUADELOUPE/36528/1996		A	H3N2	1996		virus_only	5	0
A/GUADELOUPE/37529/1996		A	H3N2	1996		virus_only	5	0
A/GUADELOUPE/38530/1996		A	H3N2	1996		virus_only	5	0
A/GUADELOUPE/40532/1996		A	H3N2	1996		virus_only	5	0
A/GUADELOUPE/41533/1996		A	H3N2	1996		virus_only	5	0
A/GUADELOUPE/48540/1996		A	H3N2	1996		virus_only	5	0
A/GUANGDONG/27/1992		A	H3N2	1992		virus_only	8	0
A/GUANGDONGHAIZHU/1510/2014		A	H3N2	2014		virus_only	11	0
A/GUANGXIBABU/1913/2018		A	H3N2	2018		virus_only	8	0
A/GUANGXIQINNAN/1590/2019		A	H3N2	2019		virus_only	10	0
A/GUATEMALA/199/2011		A	H3N2	2011		virus_only	4	0
A/GUIZHOUNANMING/1958/2018		A	H3N2	2018		virus_only	12	0
A/GUIZHOUQINGZHEN/1968/2016		A	H3N2	2016		virus_only	12	0
A/GUIZHOUXINYI/1799/2014		A	H3N2	2014		virus_only	10	0
A/GUMUSHANE/1211/2014@11		A	H3N2			virus_only	11	0
A/GUMUSHANE/150/2014		A	H3N2	2014		virus_only	9	0
A/GUMUSHANE/154/2014		A	H3N2	2014		virus_only	9	0
A/GUNMA/16/2005		A	H3N2	2005		virus_only	11	0
A/GUYANE/1/1997		A	H3N2	1997		virus_only	6	0
A/GUYANE/12/1997		A	H3N2	1997		virus_only	6	0
A/GUYANE/1296/2012@A/GUADELOUPE/44/2012		A	H3N2	2012		virus_only	10	0
A/GUYANE/1297/2012@A/GUADELOUPE/45/2012		A	H3N2	2012		virus_only	10	0
A/GUYANE/15/1997		A	H3N2	1997		virus_only	6	0
A/GUYANE/17/1996		A	H3N2	1996		virus_only	6	0
A/GUYANE/1742/2015		A	H3N2	2015		virus_only	11	0
A/GUYANE/1746/1998		A	H3N2	1998		virus_only	5	0
A/GUYANE/1747/1998		A	H3N2	1998		virus_only	5	0
A/GUYANE/1749/2015		A	H3N2	2015		virus_only	11	0
A/GUYANE/1750/2015		A	H3N2	2015		virus_only	11	0
A/GUYANE/2/1997		A	H3N2	1997		virus_only	6	0
A/GUYANE/3/1997		A	H3N2	1997		virus_only	6	0
A/GUYANE/4/1997		A	H3N2	1997		virus_only	6	0
A/GUYANE/42534/1996		A	H3N2	1996		virus_only	5	0
A/GUYANE/43535/1996		A	H3N2	1996		virus_only	5	0
A/GUYANE/44536/1996		A	H3N2	1996		virus_only	5	0
A/GUYANE/47539/1996		A	H3N2	1996		virus_only	5	0
A/GUYANE/5/1997		A	H3N2	1997		virus_only	6	0
A/GUYANE/51/1996		A	H3N2	1996		virus_only	6	0
A/GUYANE/52/1996		A	H3N2	1996		virus_only	6	0
A/GUYANE/53/1996		A	H3N2	1996		virus_only	6	0
A/GUYANE/54/1996		A	H3N2	1996		virus_only	6	0
A/GUYANE/55/1996		A	H3N2	1996		virus_only	6	0
A/GUYANE/56/1996		A	H3N2	1996		virus_only	6	0
A/GUYANE/59/1996		A	H3N2	1996		virus_only	6	0
A/GUYANE/6/1996		A	H3N2	1996		virus_only	6	0
A/GUYANE/6/1997		A	H3N2	1997		virus_only	6	0
A/GUYANE/60/1996		A	H3N2	1996		virus_only	6	0
A/GUYANE/61/1996		A	H3N2	1996		virus_only	6	0
A/GUYANE/62/1996		A	H3N2	1996		virus_only	6	0
A/GUYANE/63/1996		A	H3N2	1996		virus_only	6	0
A/GUYANE/64/1996		A	H3N2	1996		virus_only	6	0
A/GUYANE/644/1998#ORIGINAL		A	H3N2			virus_only	5	0
A/GUYANE/66/1996		A	H3N2	1996		virus_only	6	0
A/GUYANE/67/1996		A	H3N2	1996		virus_only	6	0
A/GUYANE/68/1996		A	H3N2	1996		virus_only	6	0
A/GUYANE/7/1997		A	H3N2	1997		virus_only	6	0
A/GUYANE/8/1997		A	H3N2	1997		virus_only	6	0
A/GUYANE/9/1996		A	H3N2	1996		virus_only	6	0
A/GUYANE/9/1997		A	H3N2	1997		virus_only	6	0
A/GWANGIU/897/2007		A	H3N2	2007		virus_only	30	0
A/GYEONGBUK/1039/2018		A	H3N2	2018		virus_only	9	0
A/GYEONGBUK/986/2007		A	H3N2	2007		virus_only	20	0
A/GYEONGBUK/989/2007		A	H3N2	2007		virus_only	20	0
A/GYEONGGI/884/2007		A	H3N2	2007		virus_only	20	0
A/GYEONGGI/979/2007		A	H3N2	2007		virus_only	20	0
A/GYEONGNAM/780/2007		A	H3N2	2007		virus_only	20	0
A/GYEONGNAM/828/2007		A	H3N2	2007		virus_only	20	0
A/HAMBURG/1/1992		A	H3N2	1992		virus_only	7	0
A/HAMBURG/1/1995		A	H3N2	1995		virus_only	5	0
A/HAMBURG/1/2002		A	H3N2	2002		virus_only	8	0
A/HAMBURG/1/2006		A	H3N2	2006		virus_only	8	0
A/HAMBURG/1/2012		A	H3N2	2012		virus_only	9	0
A/HAMBURG/1/2014		A	H3N2	2014		virus_only	9	0
A/HAMBURG/28/1999		A	H3N2	1999		virus_only	5	0
A/HAMBURG/29/1999		A	H3N2	1999		virus_only	5	0
A/HAMBURG/3/2007		A	H3N2	2007		virus_only	10	0
A/HAMBURG/4/1999		A	H3N2	1999		virus_only	6	0
A/HAMBURG/6/1999		A	H3N2	1999		virus_only	6	0
A/HAMBURG/62/2000		A	H3N2	2000		virus_only	5	0
A/HANNOVER/1/1992		A	H3N2	1992		virus_only	7	0
A/HANNOVER/1/1993		A	H3N2	1993		virus_only	7	0
A/HANNOVER/1/1994		A	H3N2	1994		virus_only	6	0
A/HANNOVER/1/1995		A	H3N2	1995		virus_only	6	0
A/HANNOVER/1/1996		A	H3N2	1996		virus_only	6	0
A/HANNOVER/1/1997		A	H3N2	1997		virus_only	6	0
A/HANNOVER/10/1997		A	H3N2	1997		virus_only	5	0
A/HANNOVER/10/2000		A	H3N2	2000		virus_only	5	0
A/HANNOVER/10/2002		A	H3N2	2002		virus_only	7	0
A/HANNOVER/11/1997		A	H3N2	1997		virus_only	5	0
A/HANNOVER/11/2002		A	H3N2	2002		virus_only	7	0
A/HANNOVER/11/2003		A	H3N2	2003		virus_only	5	0
A/HANNOVER/12/1990		A	H3N2	1990		virus_only	7	0
A/HANNOVER/12/1997		A	H3N2	1997		virus_only	5	0
A/HANNOVER/12/2002		A	H3N2	2002		virus_only	7	0
A/HANNOVER/13/1990		A	H3N2	1990		virus_only	6	0
A/HANNOVER/131/2003		A	H3N2	2003		virus_only	7	0
A/HANNOVER/14/1990		A	H3N2	1990		virus_only	7	0
A/HANNOVER/14/1996		A	H3N2	1996		virus_only	6	0
A/HANNOVER/15/1990		A	H3N2	1990		virus_only	6	0
A/HANNOVER/15/1997		A	H3N2	1997		virus_only	5	0
A/HANNOVER/15/1999		A	H3N2	1999		virus_only	6	0
A/HANNOVER/15/2003		A	H3N2	2003		virus_only	5	0
A/HANNOVER/153/2003		A	H3N2	2003		virus_only	7	0
A/HANNOVER/154/2003		A	H3N2	2003		virus_only	7	0
A/HANNOVER/155/2003		A	H3N2	2003		virus_only	7	0
A/HANNOVER/16/1990		A	H3N2	1990		virus_only	7	0
A/HANNOVER/17/1997		A	H3N2	1997		virus_only	5	0
A/HANNOVER/17/1999		A	H3N2	1999		virus_only	6	0
A/HANNOVER/170/1999		A	H3N2	1999		virus_only	5	0
A/HANNOVER/171/1999		A	H3N2	1999		virus_only	5	0
A/HANNOVER/176/1999		A	H3N2	1999		virus_only	5	0
A/HANNOVER/178/1999		A	H3N2	1999		virus_only	5	0
A/HANNOVER/18/1990		A	H3N2	1990		virus_only	6	0
A/HANNOVER/18/1999		A	H3N2	1999		virus_only	6	0
A/HANNOVER/19/1990		A	H3N2	1990		virus_only	7	0
A/HANNOVER/19/1998		A	H3N2	1998		virus_only	5	0
A/HANNOVER/19/1999		A	H3N2	1999		virus_only	6	0
A/HANNOVER/2/1991		A	H3N2	1991		virus_only	7	0
A/HANNOVER/2/1992		A	H3N2	1992		virus_only	7	0
A/HANNOVER/2/1993		A	H3N2	1993		virus_only	6	0
A/HANNOVER/2/1995		A	H3N2	1995		virus_only	6	0
A/HANNOVER/2/1996		A	H3N2	1996		virus_only	6	0
A/HANNOVER/208/1999		A	H3N2	1999		virus_only	5	0
A/HANNOVER/212/1999		A	H3N2	1999		virus_only	5	0
A/HANNOVER/218/1999		A	H3N2	1999		virus_only	5	0
A/HANNOVER/23/1990		A	H3N2	1990		virus_only	7	0
A/HANNOVER/235/1999		A	H3N2	1999		virus_only	5	0
A/HANNOVER/236/1999		A	H3N2	1999		virus_only	5	0
A/HANNOVER/244/1999		A	H3N2	1999		virus_only	5	0
A/HANNOVER/27/2002		A	H3N2	2002		virus_only	6	0
A/HANNOVER/28/2002		A	H3N2	2002		virus_only	6	0
A/HANNOVER/3/1990		A	H3N2	1990		virus_only	7	0
A/HANNOVER/3/1993		A	H3N2	1993		virus_only	6	0
A/HANNOVER/3/1995		A	H3N2	1995		virus_only	6	0
A/HANNOVER/3/1996		A	H3N2	1996		virus_only	6	0
A/HANNOVER/3/2004		A	H3N2	2004		virus_only	6	0
A/HANNOVER/30/2002		A	H3N2	2002		virus_only	6	0
A/HANNOVER/31/2002		A	H3N2	2002		virus_only	6	0
A/HANNOVER/39/1998#ORIGINAL		A	H3N2			virus_only	4	0
A/HANNOVER/4/1993		A	H3N2	1993		virus_only	6	0
A/HANNOVER/4/1995		A	H3N2	1995		virus_only	6	0
A/HANNOVER/4/1996		A	H3N2	1996		virus_only	6	0
A/HANNOVER/4/2000		A	H3N2	2000		virus_only	5	0
A/HANNOVER/4/2002		A	H3N2	2002		virus_only	7	0
A/HANNOVER/40/2000		A	H3N2	2000		virus_only	6	0
A/HANNOVER/42/1989		A	H3N2	1989		virus_only	7	0
A/HANNOVER/42/1998#ORIGINAL		A	H3N2			virus_only	4	0
A/HANNOVER/43/1989		A	H3N2	1989		virus_only	7	0
A/HANNOVER/43/1998#ORIGINAL		A	H3N2			virus_only	4	0
A/HANNOVER/44/1989		A	H3N2	1989		virus_only	7	0
A/HANNOVER/46/2000		A	H3N2	2000		virus_only	6	0
A/HANNOVER/47/2000		A	H3N2	2000		virus_only	6	0
A/HANNOVER/5/1993		A	H3N2	1993		virus_only	6	0
A/HANNOVER/5/1995		A	H3N2	1995		virus_only	6	0
A/HANNOVER/5/1996		A	H3N2	1996		virus_only	6	0
A/HANNOVER/5/2002		A	H3N2	2002		virus_only	7	0
A/HANNOVER/5/2003		A	H3N2	2003		virus_only	5	0
A/HANNOVER/52/1998		A	H3N2	1998		virus_only	4	0
A/HANNOVER/55/1998#ORIGINAL		A	H3N2			virus_only	4	0
A/HANNOVER/6/1992		A	H3N2	1992		virus_only	8	0
A/HANNOVER/6/1997		A	H3N2	1997		virus_only	5	0
A/HANNOVER/6/1998		A	H3N2	1998		virus_only	5	0
A/HANNOVER/6/2003		A	H3N2	2003		virus_only	5	0
A/HANNOVER/60/1999		A	H3N2	1999		virus_only	5	0
A/HANNOVER/61/1998		A	H3N2	1998		virus_only	5	0
A/HANNOVER/62/1998		A	H3N2	1998		virus_only	5	0
A/HANNOVER/65/1998		A	H3N2	1998		virus_only	5	0
A/HANNOVER/66/1998		A	H3N2	1998		virus_only	5	0
A/HANNOVER/68/1999		A	H3N2	1999		virus_only	5	0
A/HANNOVER/69/1999		A	H3N2	1999		virus_only	5	0
A/HANNOVER/7/1998		A	H3N2	1998		virus_only	5	0
A/HANNOVER/71/1999		A	H3N2	1999		virus_only	5	0
A/HANNOVER/73/1999		A	H3N2	1999		virus_only	5	0
A/HANNOVER/76/1999		A	H3N2	1999		virus_only	5	0
A/HANNOVER/8/1996		A	H3N2	1996		virus_only	6	0
A/HANNOVER/8/2000		A	H3N2	2000		virus_only	5	0
A/HANNOVER/8/2002		A	H3N2	2002		virus_only	7	0
A/HANNOVER/8/2003		A	H3N2	2003		virus_only	5	0
A/HANNOVER/84/1999		A	H3N2	1999		virus_only	5	0
A/HANNOVER/9/1990		A	H3N2	1990		virus_only	7	0
A/HANNOVER/9/2000		A	H3N2	2000		virus_only	5	0
A/HANNOVER/9/2002		A	H3N2	2002		virus_only	7	0
A/HANNOVER/94/2003		A	H3N2	2003		virus_only	5	0
A/HARBIN/15/1992		A	H3N2	1992		virus_only	6	0
A/HATAY/141/2015@50		A	H3N2			virus_only	11	0
A/HATAY/2314/2014@42		A	H3N2			virus_only	11	0
A/HATAY/367/2014		A	H3N2	2014		virus_only	18	0
A/HAUTENORMANDIE/085/2019		A	H3N2	2019		virus_only	8	0
A/HAUTENORMANDIE/1087/2014		A	H3N2	2014		virus_only	9	0
A/HAUTENORMANDIE/2022/2012		A	H3N2	2012		virus_only	55	0
A/HAWAII/22/2012@NIB80A		A	H3N2			virus_only	11	0
A/HAWAII/22/2012@NIB80B		A	H3N2			virus_only	11	0
A/HAWAII/22/2012@NIB80C		A	H3N2			virus_only	11	0
A/HAWAII/22/2012@NIB80F		A	H3N2			virus_only	11	0
A/HENANXIGONG/11041/2014		A	H3N2	2014		virus_only	10	0
A/HESSEN/1/2000		A	H3N2	2000		virus_only	5	0
A/HESSEN/1/2014		A	H3N2	2014		virus_only	9	0
A/HESSEN/12/1998#ORIGINAL		A	H3N2			virus_only	4	0
A/HESSEN/14/2017		A	H3N2	2017		virus_only	12	0
A/HESSEN/2/2000		A	H3N2	2000		virus_only	5	0
A/HESSEN/23/2002		A	H3N2	2002		virus_only	6	0
A/HESSEN/34/2019		A	H3N2	2019		virus_only	8	0
A/HESSEN/4/2014		A	H3N2	2014		virus_only	9	0
A/HESSEN/42/2019		A	H3N2	2019		virus_only	7	0
A/HESSEN/5/2010		A	H3N2	2010		virus_only	7	0
A/HESSEN/56/2019		A	H3N2	2019		virus_only	7	0
A/HESSEN/6/2000		A	H3N2	2000		virus_only	5	0
A/HESSEN/6/2007		A	H3N2	2007		virus_only	19	0
A/HIROSHIMA/182/2000		A	H3N2	2000		virus_only	6	0
A/HIROSHIMA/39/2004		A	H3N2	2004		virus_only	7	0
A/HIROSHIMA/9/2000		A	H3N2	2000		virus_only	6	0
A/HIROSHIMA/C174/1999		A	H3N2	1999		virus_only	6	0
A/HIROSHIMA/C86/1997		A	H3N2	1997		virus_only	6	0
A/HIROSHIMAC/53/2011		A	H3N2	2011		virus_only	9	0
A/HIROSHINAC/53/2011		A	H3N2	2011		virus_only	9	0
A/HMELNIZK/4175/2010		A	H3N2	2010		virus_only	8	0
A/HODONIN/34/2007		A	H3N2	2007		virus_only	20	0
A/HOKKAIDO/6/2015		A	H3N2	2015		virus_only	10	0
A/HOKKAIDO/91/1999		A	H3N2	1999		virus_only	6	0
A/HONGKONG/1/1968		A	H3N2	1968		virus_only	21	0
A/HONGKONG/1/1992		A	H3N2	1992		virus_only	15	0
A/HONGKONG/1/1993		A	H3N2	1993		virus_only	7	0
A/HONGKONG/1/1997		A	H3N2	1997		virus_only	6	0
A/HONGKONG/1036/2013		A	H3N2	2013		virus_only	24	0
A/HONGKONG/1044/2003		A	H3N2	2003		virus_only	8	0
A/HONGKONG/1045/2003		A	H3N2	2003		virus_only	8	0
A/HONGKONG/1047/2003		A	H3N2	2003		virus_only	8	0
A/HONGKONG/1050/2008		A	H3N2	2008		virus_only	2	0
A/HONGKONG/107/2005		A	H3N2	2005		virus_only	7	0
A/HONGKONG/11/1998		A	H3N2	1998		virus_only	5	0
A/HONGKONG/1100/2018		A	H3N2	2018		virus_only	8	0
A/HONGKONG/1110/2018		A	H3N2	2018		virus_only	8	0
A/HONGKONG/114/2004		A	H3N2	2004		virus_only	6	0
A/HONGKONG/1140/2003		A	H3N2	2003		virus_only	8	0
A/HONGKONG/1143/2002		A	H3N2	2002		virus_only	5	0
A/HONGKONG/1146/2002		A	H3N2	2002		virus_only	5	0
A/HONGKONG/1159/2003		A	H3N2	2003		virus_only	8	0
A/HONGKONG/1160/2003		A	H3N2	2003		virus_only	8	0
A/HONGKONG/1173/2003		A	H3N2	2003		virus_only	8	0
A/HONGKONG/1174/2003		A	H3N2	2003		virus_only	8	0
A/HONGKONG/11743/2015		A	H3N2	2015		virus_only	11	0
A/HONGKONG/1186/2003		A	H3N2	2003		virus_only	8	0
A/HONGKONG/12/2014		A	H3N2	2014		virus_only	9	0
A/HONGKONG/120/2017		A	H3N2	2017		virus_only	12	0
A/HONGKONG/1205/2003		A	H3N2	2003		virus_only	9	0
A/HONGKONG/1218/2000		A	H3N2	2000		virus_only	6	0
A/HONGKONG/1221/1999		A	H3N2	1999		virus_only	5	0
A/HONGKONG/1227/2003		A	H3N2	2003		virus_only	9	0
A/HONGKONG/1244/2003		A	H3N2	2003		virus_only	9	0
A/HONGKONG/1251/2001		A	H3N2	2001		virus_only	6	0
A/HONGKONG/1254/2003		A	H3N2	2003		virus_only	9	0
A/HONGKONG/1256/2003		A	H3N2	2003		virus_only	9	0
A/HONGKONG/1261/2003		A	H3N2	2003		virus_only	9	0
A/HONGKONG/1262/2003		A	H3N2	2003		virus_only	9	0
A/HONGKONG/1264/2003		A	H3N2	2003		virus_only	9	0
A/HONGKONG/1269/2001		A	H3N2	2001		virus_only	6	0
A/HONGKONG/1270/2003		A	H3N2	2003		virus_only	9	0
A/HONGKONG/1272/2003		A	H3N2	2003		virus_only	9	0
A/HONGKONG/1291/2000		A	H3N2	2000		virus_only	6	0
A/HONGKONG/13/1998		A	H3N2	1998		virus_only	5	0
A/HONGKONG/1307/2001		A	H3N2	2001		virus_only	8	0
A/HONGKONG/1312/2002		A	H3N2	2002		virus_only	5	0
A/HONGKONG/1318/2000		A	H3N2	2000		virus_only	6	0
A/HONGKONG/1319/2000		A	H3N2	2000		virus_only	6	0
A/HONGKONG/1326/2000		A	H3N2	2000		virus_only	8	0
A/HONGKONG/136/2003		A	H3N2	2003		virus_only	9	0
A/HONGKONG/137/2003		A	H3N2	2003		virus_only	9	0
A/HONGKONG/137/2005		A	H3N2	2005		virus_only	7	0
A/HONGKONG/1399/2000		A	H3N2	2000		virus_only	8	0
A/HONGKONG/14/1992		A	H3N2	1992		virus_only	7	0
A/HONGKONG/1418/2000		A	H3N2	2000		virus_only	8	0
A/HONGKONG/1420/2000		A	H3N2	2000		virus_only	8	0
A/HONGKONG/1481/1999		A	H3N2	1999		virus_only	7	0
A/HONGKONG/1495/1999		A	H3N2	1999		virus_only	20	0
A/HONGKONG/1496/1999		A	H3N2	1999		virus_only	20	0
A/HONGKONG/15/1997		A	H3N2	1997		virus_only	4	0
A/HONGKONG/15/1998		A	H3N2	1998		virus_only	5	0
A/HONGKONG/15/2004		A	H3N2	2004		virus_only	6	0
A/HONGKONG/15/2013		A	H3N2	2013		virus_only	30	0
A/HONGKONG/151/2004		A	H3N2	2004		virus_only	6	0
A/HONGKONG/153/1996		A	H3N2	1996		virus_only	6	0
A/HONGKONG/1537/2002		A	H3N2	2002		virus_only	5	0
A/HONGKONG/155/2004		A	H3N2	2004		virus_only	6	0
A/HONGKONG/157/2005		A	H3N2	2005		virus_only	7	0
A/HONGKONG/1570/2000		A	H3N2	2000		virus_only	7	0
A/HONGKONG/1572/2000		A	H3N2	2000		virus_only	7	0
A/HONGKONG/1573/2000		A	H3N2	2000		virus_only	7	0
A/HONGKONG/1577/2000		A	H3N2	2000		virus_only	7	0
A/HONGKONG/1585/2000		A	H3N2	2000		virus_only	7	0
A/HONGKONG/159/2004		A	H3N2	2004		virus_only	6	0
A/HONGKONG/161/2005		A	H3N2	2005		virus_only	7	0
A/HONGKONG/1649/1998		A	H3N2	1998		virus_only	4	0
A/HONGKONG/17/1998		A	H3N2	1998		virus_only	5	0
A/HONGKONG/1710/2005		A	H3N2	2005		virus_only	7	0
A/HONGKONG/1723/2005		A	H3N2	2005		virus_only	7	0
A/HONGKONG/1735/2005		A	H3N2	2005		virus_only	7	0
A/HONGKONG/1737/2010		A	H3N2	2010		virus_only	8	0
A/HONGKONG/1775/2000		A	H3N2	2000		virus_only	7	0
A/HONGKONG/1775/2010		A	H3N2	2010		virus_only	8	0
A/HONGKONG/1778/2008		A	H3N2	2008		virus_only	11	0
A/HONGKONG/178/2005		A	H3N2	2005		virus_only	17	0
A/HONGKONG/1782/2000		A	H3N2	2000		virus_only	7	0
A/HONGKONG/1789/2000		A	H3N2	2000		virus_only	7	0
A/HONGKONG/1805/2000		A	H3N2	2000		virus_only	7	0
A/HONGKONG/1819/2002		A	H3N2	2002		virus_only	11	0
A/HONGKONG/182/2004		A	H3N2	2004		virus_only	6	0
A/HONGKONG/1827/2000		A	H3N2	2000		virus_only	6	0
A/HONGKONG/183/2004		A	H3N2	2004		virus_only	6	0
A/HONGKONG/1837/2010		A	H3N2	2010		virus_only	8	0
A/HONGKONG/1840/2000		A	H3N2	2000		virus_only	6	0
A/HONGKONG/1859/2008		A	H3N2	2008		virus_only	11	0
A/HONGKONG/186/2004		A	H3N2	2004		virus_only	6	0
A/HONGKONG/1865/2000		A	H3N2	2000		virus_only	6	0
A/HONGKONG/1867/2000		A	H3N2	2000		virus_only	6	0
A/HONGKONG/1881/1999		A	H3N2	1999		virus_only	6	0
A/HONGKONG/1888/2010		A	H3N2	2010		virus_only	8	0
A/HONGKONG/1889/2009		A	H3N2	2009		virus_only	18	0
A/HONGKONG/189/2004		A	H3N2	2004		virus_only	6	0
A/HONGKONG/19/2014		A	H3N2	2014		virus_only	9	0
A/HONGKONG/1923/2000		A	H3N2	2000		virus_only	13	0
A/HONGKONG/1926/2009		A	H3N2	2009		virus_only	18	0
A/HONGKONG/193/2005		A	H3N2	2005		virus_only	17	0
A/HONGKONG/194/2005		A	H3N2	2005		virus_only	16	0
A/HONGKONG/1957/2007		A	H3N2	2007		virus_only	16	0
A/HONGKONG/199/2005		A	H3N2	2005		virus_only	17	0
A/HONGKONG/2/1993		A	H3N2	1993		virus_only	7	0
A/HONGKONG/2/1995		A	H3N2	1995		virus_only	6	0
A/HONGKONG/2/2000		A	H3N2	2000		virus_only	6	0
A/HONGKONG/20/1996		A	H3N2	1996		virus_only	6	0
A/HONGKONG/20/1998		A	H3N2	1998		virus_only	5	0
A/HONGKONG/201/2005		A	H3N2	2005		virus_only	17	0
A/HONGKONG/201/2006		A	H3N2	2006		virus_only	8	0
A/HONGKONG/2019/1999		A	H3N2	1999		virus_only	6	0
A/HONGKONG/209/2013		A	H3N2	2013		virus_only	18	0
A/HONGKONG/2097/2010		A	H3N2	2010		virus_only	7	0
A/HONGKONG/21/1990		A	H3N2	1990		virus_only	15	0
A/HONGKONG/2139/2009		A	H3N2	2009		virus_only	19	0
A/HONGKONG/2142/2009		A	H3N2	2009		virus_only	19	0
A/HONGKONG/2146/2010		A	H3N2	2010		virus_only	7	0
A/HONGKONG/2154/2009		A	H3N2	2009		virus_only	19	0
A/HONGKONG/217/1997		A	H3N2	1997		virus_only	6	0
A/HONGKONG/218/2006		A	H3N2	2006		virus_only	8	0
A/HONGKONG/2180/2010		A	H3N2	2010		virus_only	7	0
A/HONGKONG/22/1998		A	H3N2	1998		virus_only	5	0
A/HONGKONG/220/2004		A	H3N2	2004		virus_only	6	0
A/HONGKONG/2210/2009		A	H3N2	2009		virus_only	19	0
A/HONGKONG/223/2005		A	H3N2	2005		virus_only	17	0
A/HONGKONG/2262/2016		A	H3N2	2016		virus_only	12	0
A/HONGKONG/2267/2017		A	H3N2	2017		virus_only	9	0
A/HONGKONG/2268/2006		A	H3N2	2006		virus_only	10	0
A/HONGKONG/227/2004		A	H3N2	2004		virus_only	6	0
A/HONGKONG/2271/2016		A	H3N2	2016		virus_only	12	0
A/HONGKONG/2273/2017		A	H3N2	2017		virus_only	9	0
A/HONGKONG/2274/2017		A	H3N2	2017		virus_only	21	0
A/HONGKONG/2277/2017		A	H3N2	2017		virus_only	21	0
A/HONGKONG/2279/2017		A	H3N2	2017		virus_only	21	0
A/HONGKONG/2283/2017		A	H3N2	2017		virus_only	9	0
A/HONGKONG/2284/2017		A	H3N2	2017		virus_only	9	0
A/HONGKONG/2285/2017		A	H3N2	2017		virus_only	21	0
A/HONGKONG/2286/2017		A	H3N2	2017		virus_only	12	0
A/HONGKONG/2287/2005		A	H3N2	2005		virus_only	7	0
A/HONGKONG/2291/2017		A	H3N2	2017		virus_only	9	0
A/HONGKONG/2293/2017		A	H3N2	2017		virus_only	9	0
A/HONGKONG/23/2014		A	H3N2	2014		virus_only	9	0
A/HONGKONG/234/2002		A	H3N2	2002		virus_only	6	0
A/HONGKONG/237/2004		A	H3N2	2004		virus_only	6	0
A/HONGKONG/24/1998		A	H3N2	1998		virus_only	5	0
A/HONGKONG/242/2004		A	H3N2	2004		virus_only	6	0
A/HONGKONG/243/2005		A	H3N2	2005		virus_only	17	0
A/HONGKONG/247/1996		A	H3N2	1996		virus_only	6	0
A/HONGKONG/249/2004		A	H3N2	2004		virus_only	6	0
A/HONGKONG/250/2004		A	H3N2	2004		virus_only	6	0
A/HONGKONG/251/2007		A	H3N2	2007		virus_only	16	0
A/HONGKONG/2549/2004		A	H3N2	2004		virus_only	5	0
A/HONGKONG/255/2005		A	H3N2	2005		virus_only	17	0
A/HONGKONG/2557/2004		A	H3N2	2004		virus_only	5	0
A/HONGKONG/2571/2007		A	H3N2	2007		virus_only	16	0
A/HONGKONG/2573/2004		A	H3N2	2004		virus_only	5	0
A/HONGKONG/26/1998		A	H3N2	1998		virus_only	5	0
A/HONGKONG/26006/2000		A	H3N2	2000		virus_only	6	0
A/HONGKONG/26056/2000		A	H3N2	2000		virus_only	6	0
A/HONGKONG/26076/2000		A	H3N2	2000		virus_only	6	0
A/HONGKONG/26106/2000		A	H3N2	2000		virus_only	6	0
A/HONGKONG/26205/2000		A	H3N2	2000		virus_only	6	0
A/HONGKONG/26215/2000		A	H3N2	2000		virus_only	6	0
A/HONGKONG/26223/2000		A	H3N2	2000		virus_only	6	0
A/HONGKONG/26227/2009		A	H3N2	2009		virus_only	19	0
A/HONGKONG/26233/2009		A	H3N2	2009		virus_only	19	0
A/HONGKONG/26267/2000		A	H3N2	2000		virus_only	6	0
A/HONGKONG/263/2004		A	H3N2	2004		virus_only	6	0
A/HONGKONG/26368/2000		A	H3N2	2000		virus_only	6	0
A/HONGKONG/26391/2000		A	H3N2	2000		virus_only	6	0
A/HONGKONG/26497/2000		A	H3N2	2000		virus_only	6	0
A/HONGKONG/26549/2000		A	H3N2	2000		virus_only	6	0
A/HONGKONG/26554/2009		A	H3N2	2009		virus_only	19	0
A/HONGKONG/26562/2009		A	H3N2	2009		virus_only	19	0
A/HONGKONG/2657/2007		A	H3N2	2007		virus_only	16	0
A/HONGKONG/26587/2000		A	H3N2	2000		virus_only	6	0
A/HONGKONG/26589/2000		A	H3N2	2000		virus_only	6	0
A/HONGKONG/26621/2000		A	H3N2	2000		virus_only	6	0
A/HONGKONG/26632/2000		A	H3N2	2000		virus_only	6	0
A/HONGKONG/26684/2000		A	H3N2	2000		virus_only	6	0
A/HONGKONG/2670/2019		A	H3N2	2019		virus_only	8	0
A/HONGKONG/2672/2019		A	H3N2	2019		virus_only	8	0
A/HONGKONG/2673/2019		A	H3N2	2019		virus_only	8	0
A/HONGKONG/26735/2000		A	H3N2	2000		virus_only	6	0
A/HONGKONG/2675/2019		A	H3N2	2019		virus_only	8	0
A/HONGKONG/2676/2019		A	H3N2	2019		virus_only	8	0
A/HONGKONG/2679/2019		A	H3N2	2019		virus_only	8	0
A/HONGKONG/26805/2000		A	H3N2	2000		virus_only	6	0
A/HONGKONG/26811/2000		A	H3N2	2000		virus_only	6	0
A/HONGKONG/26894/2000		A	H3N2	2000		virus_only	6	0
A/HONGKONG/26901/2000		A	H3N2	2000		virus_only	6	0
A/HONGKONG/26969/2000		A	H3N2	2000		virus_only	6	0
A/HONGKONG/26980/2000		A	H3N2	2000		virus_only	6	0
A/HONGKONG/27024/2000		A	H3N2	2000		virus_only	6	0
A/HONGKONG/27072/2000		A	H3N2	2000		virus_only	6	0
A/HONGKONG/2713/2006		A	H3N2	2006		virus_only	10	0
A/HONGKONG/27157/2000		A	H3N2	2000		virus_only	6	0
A/HONGKONG/27183/2000		A	H3N2	2000		virus_only	6	0
A/HONGKONG/27348/2000		A	H3N2	2000		virus_only	6	0
A/HONGKONG/27374/2000		A	H3N2	2000		virus_only	13	0
A/HONGKONG/27449/2000		A	H3N2	2000		virus_only	13	0
A/HONGKONG/27470/2000		A	H3N2	2000		virus_only	6	0
A/HONGKONG/27528/2000		A	H3N2	2000		virus_only	6	0
A/HONGKONG/27579/2000		A	H3N2	2000		virus_only	6	0
A/HONGKONG/27582/2000		A	H3N2	2000		virus_only	6	0
A/HONGKONG/27585/2000		A	H3N2	2000		virus_only	6	0
A/HONGKONG/2761/2005		A	H3N2	2005		virus_only	7	0
A/HONGKONG/27618/2000		A	H3N2	2000		virus_only	6	0
A/HONGKONG/27810/2000		A	H3N2	2000		virus_only	6	0
A/HONGKONG/2782/2005		A	H3N2	2005		virus_only	7	0
A/HONGKONG/27936/2000		A	H3N2	2000		virus_only	6	0
A/HONGKONG/280/1997		A	H3N2	1997		virus_only	6	0
A/HONGKONG/28016/2000		A	H3N2	2000		virus_only	6	0
A/HONGKONG/28038/2000		A	H3N2	2000		virus_only	6	0
A/HONGKONG/28044/2000		A	H3N2	2000		virus_only	6	0
A/HONGKONG/28133/2000		A	H3N2	2000		virus_only	6	0
A/HONGKONG/28214/2000		A	H3N2	2000		virus_only	6	0
A/HONGKONG/28240/2000		A	H3N2	2000		virus_only	6	0
A/HONGKONG/28248/2000		A	H3N2	2000		virus_only	6	0
A/HONGKONG/28278/2000		A	H3N2	2000		virus_only	6	0
A/HONGKONG/28308/2000		A	H3N2	2000		virus_only	6	0
A/HONGKONG/2831/2005		A	H3N2	2005		virus_only	7	0
A/HONGKONG/2845/2005		A	H3N2	2005		virus_only	7	0
A/HONGKONG/28501/2000		A	H3N2	2000		virus_only	6	0
A/HONGKONG/2851/2005		A	H3N2	2005		virus_only	7	0
A/HONGKONG/2874/2004		A	H3N2	2004		virus_only	5	0
A/HONGKONG/2895/2005		A	H3N2	2005		virus_only	7	0
A/HONGKONG/2896/2005		A	H3N2	2005		virus_only	7	0
A/HONGKONG/2897/2005		A	H3N2	2005		virus_only	7	0
A/HONGKONG/29/1990		A	H3N2	1990		virus_only	7	0
A/HONGKONG/29/1998		A	H3N2	1998		virus_only	5	0
A/HONGKONG/2926/2005		A	H3N2	2005		virus_only	7	0
A/HONGKONG/293/2004		A	H3N2	2004		virus_only	6	0
A/HONGKONG/2936/2005		A	H3N2	2005		virus_only	7	0
A/HONGKONG/2946/2018		A	H3N2	2018		virus_only	8	0
A/HONGKONG/2966/2005		A	H3N2	2005		virus_only	7	0
A/HONGKONG/2971/2005		A	H3N2	2005		virus_only	7	0
A/HONGKONG/2976/2004		A	H3N2	2004		virus_only	5	0
A/HONGKONG/2982/2004		A	H3N2	2004		virus_only	5	0
A/HONGKONG/2991/2017		A	H3N2	2017		virus_only	8	0
A/HONGKONG/3/1992		A	H3N2	1992		virus_only	7	0
A/HONGKONG/3/1995		A	H3N2	1995		virus_only	6	0
A/HONGKONG/301/1997		A	H3N2	1997		virus_only	20	0
A/HONGKONG/304/2004		A	H3N2	2004		virus_only	6	0
A/HONGKONG/3071/2010		A	H3N2	2010		virus_only	12	0
A/HONGKONG/31/1998		A	H3N2	1998		virus_only	5	0
A/HONGKONG/3140/2008		A	H3N2	2008		virus_only	8	0
A/HONGKONG/3154/2008		A	H3N2	2008		virus_only	8	0
A/HONGKONG/3159/2017		A	H3N2	2017		virus_only	8	0
A/HONGKONG/3160/2017		A	H3N2	2017		virus_only	9	0
A/HONGKONG/3162/2017		A	H3N2	2017		virus_only	9	0
A/HONGKONG/317/1997		A	H3N2	1997		virus_only	8	0
A/HONGKONG/3170/2010		A	H3N2	2010		virus_only	12	0
A/HONGKONG/3171/2010		A	H3N2	2010		virus_only	12	0
A/HONGKONG/3197/2008		A	H3N2	2008		virus_only	8	0
A/HONGKONG/32/1995		A	H3N2	1995		virus_only	6	0
A/HONGKONG/32/2014		A	H3N2	2014		virus_only	9	0
A/HONGKONG/325/2004		A	H3N2	2004		virus_only	6	0
A/HONGKONG/33/2014		A	H3N2	2014		virus_only	9	0
A/HONGKONG/332/2006		A	H3N2	2006		virus_only	8	0
A/HONGKONG/335/1997		A	H3N2	1997		virus_only	6	0
A/HONGKONG/33726/2009		A	H3N2	2009		virus_only	10	0
A/HONGKONG/34194/2009		A	H3N2	2009		virus_only	10	0
A/HONGKONG/35/2004		A	H3N2	2004		virus_only	6	0
A/HONGKONG/357/1996		A	H3N2	1996		virus_only	6	0
A/HONGKONG/3570/2010		A	H3N2	2010		virus_only	12	0
A/HONGKONG/3577/2010		A	H3N2	2010		virus_only	12	0
A/HONGKONG/3579/2010		A	H3N2	2010		virus_only	12	0
A/HONGKONG/358/1996		A	H3N2	1996		virus_only	6	0
A/HONGKONG/358/2004		A	H3N2	2004		virus_only	6	0
A/HONGKONG/36/2004		A	H3N2	2004		virus_only	6	0
A/HONGKONG/361/1996		A	H3N2	1996		virus_only	6	0
A/HONGKONG/3616/2010		A	H3N2	2010		virus_only	12	0
A/HONGKONG/374/1997		A	H3N2	1997		virus_only	6	0
A/HONGKONG/38/1995		A	H3N2	1995		virus_only	6	0
A/HONGKONG/3857/2017		A	H3N2	2017		virus_only	8	0
A/HONGKONG/387/1997		A	H3N2	1997		virus_only	12	0
A/HONGKONG/387/1997#CLONE1		A	H3N2			virus_only	7	0
A/HONGKONG/387/1997#CLONE2		A	H3N2			virus_only	7	0
A/HONGKONG/388/1996		A	H3N2	1996		virus_only	6	0
A/HONGKONG/392/2013		A	H3N2	2013		virus_only	11	0
A/HONGKONG/3951/2011		A	H3N2	2011		virus_only	8	0
A/HONGKONG/3961/2011		A	H3N2	2011		virus_only	8	0
A/HONGKONG/3968/2011		A	H3N2	2011		virus_only	16	0
A/HONGKONG/4/2014		A	H3N2	2014		virus_only	9	0
A/HONGKONG/4085/2017		A	H3N2	2017		virus_only	8	0
A/HONGKONG/4119/2017		A	H3N2	2017		virus_only	8	0
A/HONGKONG/4181/2017		A	H3N2	2017		virus_only	8	0
A/HONGKONG/419/2013		A	H3N2	2013		virus_only	21	0
A/HONGKONG/42/1996		A	H3N2	1996		virus_only	5	0
A/HONGKONG/423/1999		A	H3N2	1999		virus_only	5	0
A/HONGKONG/4231/2005		A	H3N2	2005		virus_only	8	0
A/HONGKONG/4241/2005		A	H3N2	2005		virus_only	8	0
A/HONGKONG/4281/2005		A	H3N2	2005		virus_only	8	0
A/HONGKONG/43/2013		A	H3N2	2013		virus_only	10	0
A/HONGKONG/4325/2019		A	H3N2	2019		virus_only	9	0
A/HONGKONG/434/1996		A	H3N2	1996		virus_only	10	0
A/HONGKONG/4350/2005		A	H3N2	2005		virus_only	8	0
A/HONGKONG/4357/2019		A	H3N2	2019		virus_only	9	0
A/HONGKONG/437/2003		A	H3N2	2003		virus_only	16	0
A/HONGKONG/4377/2019		A	H3N2	2019		virus_only	9	0
A/HONGKONG/439/2004		A	H3N2	2004		virus_only	6	0
A/HONGKONG/4398/2019		A	H3N2	2019		virus_only	8	0
A/HONGKONG/4399/2019		A	H3N2	2019		virus_only	8	0
A/HONGKONG/44/2004		A	H3N2	2004		virus_only	6	0
A/HONGKONG/4421/2005		A	H3N2	2005		virus_only	8	0
A/HONGKONG/4434/2019		A	H3N2	2019		virus_only	8	0
A/HONGKONG/4435/2019		A	H3N2	2019		virus_only	8	0
A/HONGKONG/4436/2019		A	H3N2	2019		virus_only	9	0
A/HONGKONG/4437/1998		A	H3N2	1998		virus_only	4	0
A/HONGKONG/4437/2019		A	H3N2	2019		virus_only	9	0
A/HONGKONG/4439/2019		A	H3N2	2019		virus_only	9	0
A/HONGKONG/4440/2019		A	H3N2	2019		virus_only	9	0
A/HONGKONG/4465/2004		A	H3N2	2004		virus_only	11	0
A/HONGKONG/4494/2009		A	H3N2	2009		virus_only	7	0
A/HONGKONG/453/2006		A	H3N2	2006		virus_only	8	0
A/HONGKONG/4544/2009		A	H3N2	2009		virus_only	7	0
A/HONGKONG/4546/2009		A	H3N2	2009		virus_only	7	0
A/HONGKONG/4560/2009		A	H3N2	2009		virus_only	7	0
A/HONGKONG/4584/2004		A	H3N2	2004		virus_only	11	0
A/HONGKONG/4593/2004		A	H3N2	2004		virus_only	11	0
A/HONGKONG/4607/2004		A	H3N2	2004		virus_only	10	0
A/HONGKONG/4607/2005		A	H3N2	2005		virus_only	8	0
A/HONGKONG/4614/2004		A	H3N2	2004		virus_only	15	0
A/HONGKONG/4669/2007		A	H3N2	2007		virus_only	10	0
A/HONGKONG/4714/1998		A	H3N2	1998		virus_only	4	0
A/HONGKONG/4761/2007		A	H3N2	2007		virus_only	10	0
A/HONGKONG/4765/2007		A	H3N2	2007		virus_only	10	0
A/HONGKONG/4800/2014		A	H3N2	2014		virus_only	22	0
A/HONGKONG/4801/2014@NIB94		A	H3N2			virus_only	2	0
A/HONGKONG/4801/2014@X263		A	H3N2			virus_only	18	0
A/HONGKONG/4801/2014@X263A		A	H3N2			virus_only	18	0
A/HONGKONG/49/1995		A	H3N2	1995		virus_only	6	0
A/HONGKONG/4920/2005		A	H3N2	2005		virus_only	7	0
A/HONGKONG/4923/2005		A	H3N2	2005		virus_only	7	0
A/HONGKONG/4937/2011		A	H3N2	2011		virus_only	9	0
A/HONGKONG/4960/2011		A	H3N2	2011		virus_only	9	0
A/HONGKONG/4974/2011		A	H3N2	2011		virus_only	9	0
A/HONGKONG/502/1997		A	H3N2	1997		virus_only	5	0
A/HONGKONG/5047/2011		A	H3N2	2011		virus_only	9	0
A/HONGKONG/506/1997		A	H3N2	1997		virus_only	5	0
A/HONGKONG/51/2003		A	H3N2	2003		virus_only	6	0
A/HONGKONG/510/1997		A	H3N2	1997		virus_only	5	0
A/HONGKONG/518/1997		A	H3N2	1997		virus_only	5	0
A/HONGKONG/520/1997		A	H3N2	1997		virus_only	5	0
A/HONGKONG/524/1997		A	H3N2	1997		virus_only	5	0
A/HONGKONG/529/2003		A	H3N2	2003		virus_only	8	0
A/HONGKONG/530/2003		A	H3N2	2003		virus_only	8	0
A/HONGKONG/531/1997		A	H3N2	1997		virus_only	5	0
A/HONGKONG/5320/2014		A	H3N2	2014		virus_only	33	0
A/HONGKONG/537/1997		A	H3N2	1997		virus_only	5	0
A/HONGKONG/540/1997		A	H3N2	1997		virus_only	5	0
A/HONGKONG/545/1997		A	H3N2	1997		virus_only	5	0
A/HONGKONG/549/1997		A	H3N2	1997		virus_only	5	0
A/HONGKONG/55/1994		A	H3N2	1994		virus_only	5	0
A/HONGKONG/551/1997		A	H3N2	1997		virus_only	5	0
A/HONGKONG/554/1997		A	H3N2	1997		virus_only	5	0
A/HONGKONG/556/1997		A	H3N2	1997		virus_only	5	0
A/HONGKONG/5578/2014		A	H3N2	2014		virus_only	33	0
A/HONGKONG/56/1994		A	H3N2	1994		virus_only	4	0
A/HONGKONG/56/2003		A	H3N2	2003		virus_only	6	0
A/HONGKONG/5643/2013		A	H3N2	2013		virus_only	9	0
A/HONGKONG/568/2002		A	H3N2	2002		virus_only	6	0
A/HONGKONG/5695/2014		A	H3N2	2014		virus_only	22	0
A/HONGKONG/5739/2014		A	H3N2	2014		virus_only	22	0
A/HONGKONG/6/1999		A	H3N2	1999		virus_only	5	0
A/HONGKONG/60/1997		A	H3N2	1997		virus_only	5	0
A/HONGKONG/6013/2014		A	H3N2	2014		virus_only	10	0
A/HONGKONG/6033/2014		A	H3N2	2014		virus_only	10	0
A/HONGKONG/6086/2014		A	H3N2	2014		virus_only	10	0
A/HONGKONG/61/2004		A	H3N2	2004		virus_only	6	0
A/HONGKONG/626/2018		A	H3N2	2018		virus_only	8	0
A/HONGKONG/6315/2014		A	H3N2	2014		virus_only	10	0
A/HONGKONG/639/2018		A	H3N2	2018		virus_only	8	0
A/HONGKONG/6421/2014		A	H3N2	2014		virus_only	10	0
A/HONGKONG/655/2018		A	H3N2	2018		virus_only	8	0
A/HONGKONG/66/2003		A	H3N2	2003		virus_only	6	0
A/HONGKONG/664/2003		A	H3N2	2003		virus_only	8	0
A/HONGKONG/676/2018		A	H3N2	2018		virus_only	8	0
A/HONGKONG/6872/2014		A	H3N2	2014		virus_only	10	0
A/HONGKONG/6873/2014		A	H3N2	2014		virus_only	10	0
A/HONGKONG/69/2003		A	H3N2	2003		virus_only	6	0
A/HONGKONG/699/2020		A	H3N2	2020		virus_only	10	0
A/HONGKONG/7/1993		A	H3N2	1993		virus_only	6	0
A/HONGKONG/701/2020		A	H3N2	2020		virus_only	10	0
A/HONGKONG/702/2020		A	H3N2	2020		virus_only	10	0
A/HONGKONG/703/2020		A	H3N2	2020		virus_only	10	0
A/HONGKONG/705/2020		A	H3N2	2020		virus_only	10	0
A/HONGKONG/706/2020		A	H3N2	2020		virus_only	10	0
A/HONGKONG/709/2020		A	H3N2	2020		virus_only	10	0
A/HONGKONG/711/2003		A	H3N2	2003		virus_only	8	0
A/HONGKONG/711/2020		A	H3N2	2020		virus_only	10	0
A/HONGKONG/720/2001		A	H3N2	2001		virus_only	6	0
A/HONGKONG/7229/2014		A	H3N2	2014		virus_only	10	0
A/HONGKONG/7243/2014		A	H3N2	2014		virus_only	10	0
A/HONGKONG/7272/2014		A	H3N2	2014		virus_only	10	0
A/HONGKONG/7276/2014		A	H3N2	2014		virus_only	11	0
A/HONGKONG/7313/2014		A	H3N2	2014		virus_only	11	0
A/HONGKONG/7329/2014		A	H3N2	2014		virus_only	11	0
A/HONGKONG/7347/2014		A	H3N2	2014		virus_only	10	0
A/HONGKONG/7364/2014		A	H3N2	2014		virus_only	10	0
A/HONGKONG/762/2001		A	H3N2	2001		virus_only	6	0
A/HONGKONG/7622/2014		A	H3N2	2014		virus_only	10	0
A/HONGKONG/7624/2014		A	H3N2	2014		virus_only	10	0
A/HONGKONG/766/2000		A	H3N2	2000		virus_only	6	0
A/HONGKONG/796/2008		A	H3N2	2008		virus_only	10	0
A/HONGKONG/80/1997		A	H3N2	1997		virus_only	10	0
A/HONGKONG/8117/2012		A	H3N2	2012		virus_only	10	0
A/HONGKONG/8119/2012		A	H3N2	2012		virus_only	10	0
A/HONGKONG/8150/2012		A	H3N2	2012		virus_only	10	0
A/HONGKONG/8152/2012		A	H3N2	2012		virus_only	10	0
A/HONGKONG/82/2003		A	H3N2	2003		virus_only	6	0
A/HONGKONG/905/2003		A	H3N2	2003		virus_only	9	0
A/HONGKONG/91/2005		A	H3N2	2005		virus_only	7	0
A/HONGKONG/933/2003		A	H3N2	2003		virus_only	8	0
A/HONGKONG/936/2003		A	H3N2	2003		virus_only	8	0
A/HONGKONG/964/2003		A	H3N2	2003		virus_only	8	0
A/HONGKONG/995/2003		A	H3N2	2003		virus_only	8	0
A/HORMOZGAN/7980/2011		A	H3N2	2011		virus_only	8	0
A/HORMOZGAN/7981/2011		A	H3N2	2011		virus_only	9	0
A/HRADECKRALOVE/43/2009		A	H3N2	2009		virus_only	8	0
A/HUBEIDONGBAO/1205/2015		A	H3N2	2015		virus_only	10	0
A/HUNANKAIFU/1166/2012		A	H3N2	2012		virus_only	14	0
A/HUNANLUSONG/1532/2013		A	H3N2	2013		virus_only	9	0
A/HUNANWULING/11088/2015		A	H3N2	2015		virus_only	13	0
A/HUNGARY/104/2020		A	H3N2	2020		virus_only	12	0
A/HUNGARY/108/2020		A	H3N2	2020		virus_only	9	0
A/HUNGARY/11/1996		A	H3N2	1996		virus_only	5	0
A/HUNGARY/13/1996		A	H3N2	1996		virus_only	5	0
A/HUNGARY/13/1999		A	H3N2	1999		virus_only	5	0
A/HUNGARY/14/1996		A	H3N2	1996		virus_only	5	0
A/HUNGARY/15/1996		A	H3N2	1996		virus_only	5	0
A/HUNGARY/175/2016		A	H3N2	2016		virus_only	12	0
A/HUNGARY/188/2016		A	H3N2	2016		virus_only	12	0
A/HUNGARY/191/2016		A	H3N2	2016		virus_only	12	0
A/HUNGARY/192/2016		A	H3N2	2016		virus_only	12	0
A/HUNGARY/195/2016		A	H3N2	2016		virus_only	12	0
A/HUNGARY/197/2016		A	H3N2	2016		virus_only	12	0
A/HUNGARY/198/2016		A	H3N2	2016		virus_only	12	0
A/HUNGARY/2/1992		A	H3N2	1992		virus_only	8	0
A/HUNGARY/202/2016		A	H3N2	2016		virus_only	12	0
A/HUNGARY/203/2016		A	H3N2	2016		virus_only	12	0
A/HUNGARY/21/2003		A	H3N2	2003		virus_only	8	0
A/HUNGARY/24/1999		A	H3N2	1999		virus_only	6	0
A/HUNGARY/26/2019		A	H3N2	2019		virus_only	8	0
A/HUNGARY/28/2019		A	H3N2	2019		virus_only	8	0
A/HUNGARY/4/1994		A	H3N2	1994		virus_only	7	0
A/HUNGARY/423/2015		A	H3N2	2015		virus_only	10	0
A/HUNGARY/436/2015		A	H3N2	2015		virus_only	10	0
A/HUNGARY/438/2015		A	H3N2	2015		virus_only	10	0
A/HUNGARY/480/2014		A	H3N2	2014		virus_only	9	0
A/HUNGARY/5/1997		A	H3N2	1997		virus_only	5	0
A/HUNGARY/5/2019		A	H3N2	2019		virus_only	8	0
A/HUNGARY/6/1994		A	H3N2	1994		virus_only	7	0
A/HUNGARY/6/1997		A	H3N2	1997		virus_only	5	0
A/HUNGARY/61/2020		A	H3N2	2020		virus_only	12	0
A/HUNGARY/7/1992		A	H3N2	1992		virus_only	8	0
A/HUNGARY/7/1994		A	H3N2	1994		virus_only	7	0
A/HUNGARY/7/1997		A	H3N2	1997		virus_only	10	0
A/HUNGARY/8/1994		A	H3N2	1994		virus_only	7	0
A/HUNGARY/9/1994		A	H3N2	1994		virus_only	7	0
A/HUNGARY/91/2020		A	H3N2	2020		virus_only	12	0
A/HYOGO/4001/2014		A	H3N2	2014		virus_only	10	0
A/IASI/157785/2014		A	H3N2	2014		virus_only	9	0
A/IASI/162712/2014		A	H3N2	2014		virus_only	10	0
A/IASI/176654/2015		A	H3N2	2015		virus_only	11	0
A/IASI/177049/2015		A	H3N2	2015		virus_only	11	0
A/IASI/177050/2015		A	H3N2	2015		virus_only	11	0
A/IASI/239836/2019		A	H3N2	2019		virus_only	8	0
A/IASI/253/2003		A	H3N2	2003		virus_only	6	0
A/IASI/263/2003		A	H3N2	2003		virus_only	6	0
A/IASI/47704/2011		A	H3N2	2011		virus_only	8	0
A/IASI/89451/2012		A	H3N2	2012		virus_only	9	0
A/ICELAND/02/2012		A	H3N2	2012		virus_only	21	0
A/ICELAND/02/2013		A	H3N2	2013		virus_only	22	0
A/ICELAND/03/2018		A	H3N2	2018		virus_only	10	0
A/ICELAND/04/2012		A	H3N2	2012		virus_only	10	0
A/ICELAND/04/2013		A	H3N2	2013		virus_only	11	0
A/ICELAND/05/2012		A	H3N2	2012		virus_only	10	0
A/ICELAND/05/2020		A	H3N2	2020		virus_only	9	0
A/ICELAND/06/2012		A	H3N2	2012		virus_only	10	0
A/ICELAND/07/2012		A	H3N2	2012		virus_only	21	0
A/ICELAND/07150/2014		A	H3N2	2014		virus_only	10	0
A/ICELAND/07151/2014		A	H3N2	2014		virus_only	10	0
A/ICELAND/08/2012		A	H3N2	2012		virus_only	10	0
A/ICELAND/08/2018		A	H3N2	2018		virus_only	8	0
A/ICELAND/08202/2014		A	H3N2	2014		virus_only	10	0
A/ICELAND/09/2012		A	H3N2	2012		virus_only	10	0
A/ICELAND/1/1993		A	H3N2	1993		virus_only	6	0
A/ICELAND/1/1995		A	H3N2	1995		virus_only	6	0
A/ICELAND/1/1996		A	H3N2	1996		virus_only	6	0
A/ICELAND/1/1998		A	H3N2	1998		virus_only	5	0
A/ICELAND/1/1999		A	H3N2	1999		virus_only	8	0
A/ICELAND/1/2000		A	H3N2	2000		virus_only	6	0
A/ICELAND/1/2002		A	H3N2	2002		virus_only	7	0
A/ICELAND/1/2004		A	H3N2	2004		virus_only	6	0
A/ICELAND/1/2005		A	H3N2	2005		virus_only	11	0
A/ICELAND/1/2006		A	H3N2	2006		virus_only	7	0
A/ICELAND/1/2007		A	H3N2	2007		virus_only	10	0
A/ICELAND/10/1995		A	H3N2	1995		virus_only	6	0
A/ICELAND/10/2007		A	H3N2	2007		virus_only	10	0
A/ICELAND/10/2012		A	H3N2	2012		virus_only	10	0
A/ICELAND/100/2005		A	H3N2	2005		virus_only	7	0
A/ICELAND/100/2018		A	H3N2	2018		virus_only	9	0
A/ICELAND/101/2018		A	H3N2	2018		virus_only	9	0
A/ICELAND/102/2018		A	H3N2	2018		virus_only	9	0
A/ICELAND/103/2018		A	H3N2	2018		virus_only	9	0
A/ICELAND/104/2003		A	H3N2	2003		virus_only	7	0
A/ICELAND/104/2018		A	H3N2	2018		virus_only	9	0
A/ICELAND/106/2005		A	H3N2	2005		virus_only	7	0
A/ICELAND/107/2018		A	H3N2	2018		virus_only	9	0
A/ICELAND/108/2005		A	H3N2	2005		virus_only	7	0
A/ICELAND/108/2018		A	H3N2	2018		virus_only	9	0
A/ICELAND/11/1995		A	H3N2	1995		virus_only	6	0
A/ICELAND/11/2012		A	H3N2	2012		virus_only	10	0
A/ICELAND/110/2005		A	H3N2	2005		virus_only	7	0
A/ICELAND/111/2005		A	H3N2	2005		virus_only	7	0
A/ICELAND/12/1995		A	H3N2	1995		virus_only	6	0
A/ICELAND/12/2000		A	H3N2	2000		virus_only	6	0
A/ICELAND/12/2004		A	H3N2	2004		virus_only	11	0
A/ICELAND/12/2012		A	H3N2	2012		virus_only	9	0
A/ICELAND/120/2003		A	H3N2	2003		virus_only	7	0
A/ICELAND/121/2003		A	H3N2	2003		virus_only	7	0
A/ICELAND/126/2003		A	H3N2	2003		virus_only	6	0
A/ICELAND/12621/2019		A	H3N2	2019		virus_only	8	0
A/ICELAND/127/2003		A	H3N2	2003		virus_only	6	0
A/ICELAND/127/2017		A	H3N2	2017		virus_only	8	0
A/ICELAND/128/2017		A	H3N2	2017		virus_only	8	0
A/ICELAND/13/1995		A	H3N2	1995		virus_only	6	0
A/ICELAND/13/1997		A	H3N2	1997		virus_only	5	0
A/ICELAND/13/1999		A	H3N2	1999		virus_only	8	0
A/ICELAND/13/2007		A	H3N2	2007		virus_only	10	0
A/ICELAND/13/2012		A	H3N2	2012		virus_only	20	0
A/ICELAND/13011/2008		A	H3N2	2008		virus_only	10	0
A/ICELAND/136/2017		A	H3N2	2017		virus_only	10	0
A/ICELAND/14/1995		A	H3N2	1995		virus_only	6	0
A/ICELAND/14/1999		A	H3N2	1999		virus_only	8	0
A/ICELAND/14/2000		A	H3N2	2000		virus_only	6	0
A/ICELAND/14/2005		A	H3N2	2005		virus_only	7	0
A/ICELAND/14/2012		A	H3N2	2012		virus_only	10	0
A/ICELAND/14/2013		A	H3N2	2013		virus_only	11	0
A/ICELAND/15/1995		A	H3N2	1995		virus_only	6	0
A/ICELAND/15/2004		A	H3N2	2004		virus_only	11	0
A/ICELAND/15/2012		A	H3N2	2012		virus_only	9	0
A/ICELAND/16/1995		A	H3N2	1995		virus_only	6	0
A/ICELAND/16/2000		A	H3N2	2000		virus_only	6	0
A/ICELAND/16/2007		A	H3N2	2007		virus_only	10	0
A/ICELAND/16/2012		A	H3N2	2012		virus_only	10	0
A/ICELAND/16879/2012		A	H3N2	2012		virus_only	11	0
A/ICELAND/17/2007		A	H3N2	2007		virus_only	10	0
A/ICELAND/17/2012		A	H3N2	2012		virus_only	21	0
A/ICELAND/18/1995		A	H3N2	1995		virus_only	6	0
A/ICELAND/18/2004		A	H3N2	2004		virus_only	11	0
A/ICELAND/18/2007		A	H3N2	2007		virus_only	10	0
A/ICELAND/18/2012		A	H3N2	2012		virus_only	21	0
A/ICELAND/18/2017		A	H3N2	2017		virus_only	12	0
A/ICELAND/18/2020		A	H3N2	2020		virus_only	9	0
A/ICELAND/19/1995		A	H3N2	1995		virus_only	6	0
A/ICELAND/19/1997		A	H3N2	1997		virus_only	10	0
A/ICELAND/19/2004		A	H3N2	2004		virus_only	11	0
A/ICELAND/19/2007		A	H3N2	2007		virus_only	10	0
A/ICELAND/19/2012		A	H3N2	2012		virus_only	9	0
A/ICELAND/19139/2008		A	H3N2	2008		virus_only	10	0
A/ICELAND/2/1993		A	H3N2	1993		virus_only	6	0
A/ICELAND/2/1996		A	H3N2	1996		virus_only	6	0
A/ICELAND/2/1997		A	H3N2	1997		virus_only	5	0
A/ICELAND/2/2002		A	H3N2	2002		virus_only	7	0
A/ICELAND/2/2004		A	H3N2	2004		virus_only	6	0
A/ICELAND/2/2006		A	H3N2	2006		virus_only	7	0
A/ICELAND/2/2007		A	H3N2	2007		virus_only	10	0
A/ICELAND/20/1995		A	H3N2	1995		virus_only	6	0
A/ICELAND/20/1999		A	H3N2	1999		virus_only	8	0
A/ICELAND/20/2004		A	H3N2	2004		virus_only	11	0
A/ICELAND/20/2007		A	H3N2	2007		virus_only	10	0
A/ICELAND/20/2012		A	H3N2	2012		virus_only	9	0
A/ICELAND/21/1995		A	H3N2	1995		virus_only	6	0
A/ICELAND/21/2002		A	H3N2	2002		virus_only	6	0
A/ICELAND/21/2007		A	H3N2	2007		virus_only	10	0
A/ICELAND/21/2012		A	H3N2	2012		virus_only	10	0
A/ICELAND/217/1997		A	H3N2	1997		virus_only	5	0
A/ICELAND/22/1995		A	H3N2	1995		virus_only	6	0
A/ICELAND/22/1999		A	H3N2	1999		virus_only	8	0
A/ICELAND/22/2003		A	H3N2	2003		virus_only	8	0
A/ICELAND/22/2004		A	H3N2	2004		virus_only	11	0
A/ICELAND/22/2005		A	H3N2	2005		virus_only	7	0
A/ICELAND/22/2007		A	H3N2	2007		virus_only	10	0
A/ICELAND/221/1992		A	H3N2	1992		virus_only	7	0
A/ICELAND/23/1998#ORIGINAL		A	H3N2			virus_only	5	0
A/ICELAND/23/2000		A	H3N2	2000		virus_only	6	0
A/ICELAND/23/2002		A	H3N2	2002		virus_only	6	0
A/ICELAND/23/2012		A	H3N2	2012		virus_only	10	0
A/ICELAND/23/2014		A	H3N2	2014		virus_only	10	0
A/ICELAND/23/2017		A	H3N2	2017		virus_only	12	0
A/ICELAND/23/2019		A	H3N2	2019		virus_only	8	0
A/ICELAND/23/2020		A	H3N2	2020		virus_only	9	0
A/ICELAND/2309/2009		A	H3N2	2009		virus_only	10	0
A/ICELAND/237/1992		A	H3N2	1992		virus_only	7	0
A/ICELAND/24/1995		A	H3N2	1995		virus_only	6	0
A/ICELAND/24/1997		A	H3N2	1997		virus_only	5	0
A/ICELAND/24/1998		A	H3N2	1998		virus_only	5	0
A/ICELAND/24/2005		A	H3N2	2005		virus_only	7	0
A/ICELAND/24/2011		A	H3N2	2011		virus_only	12	0
A/ICELAND/24/2012		A	H3N2	2012		virus_only	10	0
A/ICELAND/25/1995		A	H3N2	1995		virus_only	6	0
A/ICELAND/25/1997		A	H3N2	1997		virus_only	5	0
A/ICELAND/25/2007		A	H3N2	2007		virus_only	10	0
A/ICELAND/25/2012		A	H3N2	2012		virus_only	22	0
A/ICELAND/25/2020		A	H3N2	2020		virus_only	9	0
A/ICELAND/26/1995		A	H3N2	1995		virus_only	6	0
A/ICELAND/26/2002		A	H3N2	2002		virus_only	6	0
A/ICELAND/26/2007		A	H3N2	2007		virus_only	10	0
A/ICELAND/26/2020		A	H3N2	2020		virus_only	9	0
A/ICELAND/27/1995		A	H3N2	1995		virus_only	6	0
A/ICELAND/27/1998#ORIGINAL		A	H3N2			virus_only	5	0
A/ICELAND/27/1999		A	H3N2	1999		virus_only	8	0
A/ICELAND/27/2000		A	H3N2	2000		virus_only	6	0
A/ICELAND/27/2012		A	H3N2	2012		virus_only	11	0
A/ICELAND/27/2017		A	H3N2	2017		virus_only	11	0
A/ICELAND/28/1995		A	H3N2	1995		virus_only	6	0
A/ICELAND/28/1998		A	H3N2	1998		virus_only	5	0
A/ICELAND/29/1998#ORIGINAL		A	H3N2			virus_only	5	0
A/ICELAND/29/2005		A	H3N2	2005		virus_only	7	0
A/ICELAND/29/2013		A	H3N2	2013		virus_only	11	0
A/ICELAND/29/2020		A	H3N2	2020		virus_only	9	0
A/ICELAND/2970/2009		A	H3N2	2009		virus_only	10	0
A/ICELAND/3/1993		A	H3N2	1993		virus_only	6	0
A/ICELAND/3/1996		A	H3N2	1996		virus_only	6	0
A/ICELAND/3/1997		A	H3N2	1997		virus_only	5	0
A/ICELAND/3/1999		A	H3N2	1999		virus_only	8	0
A/ICELAND/3/2002		A	H3N2	2002		virus_only	7	0
A/ICELAND/3/2005		A	H3N2	2005		virus_only	11	0
A/ICELAND/3/2007		A	H3N2	2007		virus_only	10	0
A/ICELAND/30/1998#ORIGINAL		A	H3N2			virus_only	5	0
A/ICELAND/30/2007		A	H3N2	2007		virus_only	10	0
A/ICELAND/30/2013		A	H3N2	2013		virus_only	11	0
A/ICELAND/30/2020		A	H3N2	2020		virus_only	9	0
A/ICELAND/31/1998		A	H3N2	1998		virus_only	5	0
A/ICELAND/31/2002		A	H3N2	2002		virus_only	6	0
A/ICELAND/31/2007		A	H3N2	2007		virus_only	10	0
A/ICELAND/31/2017		A	H3N2	2017		virus_only	11	0
A/ICELAND/32/1996		A	H3N2	1996		virus_only	5	0
A/ICELAND/32/1998#ORIGINAL		A	H3N2			virus_only	5	0
A/ICELAND/32/2015@1502234		A	H3N2			virus_only	12	0
A/ICELAND/3270/2009		A	H3N2	2009		virus_only	10	0
A/ICELAND/33/1998#ORIGINAL		A	H3N2			virus_only	5	0
A/ICELAND/33/1999		A	H3N2	1999		virus_only	8	0
A/ICELAND/33/2005		A	H3N2	2005		virus_only	7	0
A/ICELAND/33/2007		A	H3N2	2007		virus_only	10	0
A/ICELAND/34/1998#ORIGINAL		A	H3N2			virus_only	5	0
A/ICELAND/34/2014		A	H3N2	2014		virus_only	10	0
A/ICELAND/34/2015@1502331		A	H3N2			virus_only	12	0
A/ICELAND/35/1998		A	H3N2	1998		virus_only	5	0
A/ICELAND/35/2015@1502417		A	H3N2			virus_only	12	0
A/ICELAND/36/1998#ORIGINAL		A	H3N2			virus_only	5	0
A/ICELAND/36/1999		A	H3N2	1999		virus_only	8	0
A/ICELAND/36/2005		A	H3N2	2005		virus_only	7	0
A/ICELAND/36/2007		A	H3N2	2007		virus_only	10	0
A/ICELAND/36/2017		A	H3N2	2017		virus_only	11	0
A/ICELAND/37/2015@1503004		A	H3N2			virus_only	12	0
A/ICELAND/37/2017		A	H3N2	2017		virus_only	12	0
A/ICELAND/37/2020		A	H3N2	2020		virus_only	9	0
A/ICELAND/38/1998#ORIGINAL		A	H3N2			virus_only	5	0
A/ICELAND/38/2006		A	H3N2	2006		virus_only	10	0
A/ICELAND/38/2007		A	H3N2	2007		virus_only	10	0
A/ICELAND/38/2015@1503232		A	H3N2			virus_only	10	0
A/ICELAND/39/1998#ORIGINAL		A	H3N2			virus_only	5	0
A/ICELAND/39/2000		A	H3N2	2000		virus_only	6	0
A/ICELAND/39/2005		A	H3N2	2005		virus_only	7	0
A/ICELAND/39/2008		A	H3N2	2008		virus_only	20	0
A/ICELAND/4/1993		A	H3N2	1993		virus_only	6	0
A/ICELAND/4/2000		A	H3N2	2000		virus_only	6	0
A/ICELAND/4/2002		A	H3N2	2002		virus_only	7	0
A/ICELAND/4/2003		A	H3N2	2003		virus_only	8	0
A/ICELAND/4/2004		A	H3N2	2004		virus_only	6	0
A/ICELAND/4/2011		A	H3N2	2011		virus_only	12	0
A/ICELAND/4/2019		A	H3N2	2019		virus_only	8	0
A/ICELAND/40/2007		A	H3N2	2007		virus_only	10	0
A/ICELAND/40/2008		A	H3N2	2008		virus_only	20	0
A/ICELAND/40/2017		A	H3N2	2017		virus_only	24	0
A/ICELAND/41/1998#ORIGINAL		A	H3N2			virus_only	5	0
A/ICELAND/41/1999		A	H3N2	1999		virus_only	8	0
A/ICELAND/41/2000		A	H3N2	2000		virus_only	6	0
A/ICELAND/41/2007		A	H3N2	2007		virus_only	10	0
A/ICELAND/41/2015@1503608		A	H3N2			virus_only	10	0
A/ICELAND/42/1999		A	H3N2	1999		virus_only	8	0
A/ICELAND/42/2007		A	H3N2	2007		virus_only	10	0
A/ICELAND/422/1992		A	H3N2	1992		virus_only	7	0
A/ICELAND/43/2015@1503911		A	H3N2			virus_only	10	0
A/ICELAND/4311/2013		A	H3N2	2013		virus_only	11	0
A/ICELAND/44/2007		A	H3N2	2007		virus_only	10	0
A/ICELAND/45/2008		A	H3N2	2008		virus_only	20	0
A/ICELAND/45/2014		A	H3N2	2014		virus_only	10	0
A/ICELAND/45/2015@1504352		A	H3N2			virus_only	10	0
A/ICELAND/450/1992		A	H3N2	1992		virus_only	7	0
A/ICELAND/454/1992		A	H3N2	1992		virus_only	7	0
A/ICELAND/46/1999		A	H3N2	1999		virus_only	8	0
A/ICELAND/46/2002		A	H3N2	2002		virus_only	6	0
A/ICELAND/46/2005		A	H3N2	2005		virus_only	7	0
A/ICELAND/46/2006		A	H3N2	2006		virus_only	10	0
A/ICELAND/46/2007		A	H3N2	2007		virus_only	10	0
A/ICELAND/47/2006		A	H3N2	2006		virus_only	10	0
A/ICELAND/48/1998#ORIGINAL		A	H3N2			virus_only	5	0
A/ICELAND/48/1999		A	H3N2	1999		virus_only	8	0
A/ICELAND/48/2007		A	H3N2	2007		virus_only	10	0
A/ICELAND/48/2008		A	H3N2	2008		virus_only	20	0
A/ICELAND/5/1993		A	H3N2	1993		virus_only	6	0
A/ICELAND/5/1995		A	H3N2	1995		virus_only	6	0
A/ICELAND/5/1999		A	H3N2	1999		virus_only	8	0
A/ICELAND/5/2002		A	H3N2	2002		virus_only	7	0
A/ICELAND/5/2004		A	H3N2	2004		virus_only	6	0
A/ICELAND/5/2005		A	H3N2	2005		virus_only	11	0
A/ICELAND/5/2007		A	H3N2	2007		virus_only	10	0
A/ICELAND/50/1999		A	H3N2	1999		virus_only	6	0
A/ICELAND/51/1998#ORIGINAL		A	H3N2			virus_only	5	0
A/ICELAND/52/1999		A	H3N2	1999		virus_only	6	0
A/ICELAND/52/2005		A	H3N2	2005		virus_only	7	0
A/ICELAND/53/2002		A	H3N2	2002		virus_only	6	0
A/ICELAND/53/2008		A	H3N2	2008		virus_only	20	0
A/ICELAND/54/2002		A	H3N2	2002		virus_only	6	0
A/ICELAND/54/2008		A	H3N2	2008		virus_only	20	0
A/ICELAND/55/2002		A	H3N2	2002		virus_only	6	0
A/ICELAND/56/1998#ORIGINAL		A	H3N2			virus_only	5	0
A/ICELAND/56/1999		A	H3N2	1999		virus_only	6	0
A/ICELAND/56/2008		A	H3N2	2008		virus_only	20	0
A/ICELAND/56/2013		A	H3N2	2013		virus_only	22	0
A/ICELAND/57/1998#ORIGINAL		A	H3N2			virus_only	5	0
A/ICELAND/58/2006		A	H3N2	2006		virus_only	10	0
A/ICELAND/59/2008		A	H3N2	2008		virus_only	10	0
A/ICELAND/59/2016@8561		A	H3N2			virus_only	13	0
A/ICELAND/59/2019		A	H3N2	2019		virus_only	8	0
A/ICELAND/6/1995		A	H3N2	1995		virus_only	5	0
A/ICELAND/6/2002		A	H3N2	2002		virus_only	7	0
A/ICELAND/6/2004		A	H3N2	2004		virus_only	6	0
A/ICELAND/6/2005		A	H3N2	2005		virus_only	11	0
A/ICELAND/6/2006		A	H3N2	2006		virus_only	10	0
A/ICELAND/6/2007		A	H3N2	2007		virus_only	10	0
A/ICELAND/6043/2009		A	H3N2	2009		virus_only	10	0
A/ICELAND/61/2002		A	H3N2	2002		virus_only	6	0
A/ICELAND/61/2005		A	H3N2	2005		virus_only	7	0
A/ICELAND/61/2006		A	H3N2	2006		virus_only	10	0
A/ICELAND/62/2014		A	H3N2	2014		virus_only	5	0
A/ICELAND/63/2018		A	H3N2	2018		virus_only	8	0
A/ICELAND/64/1999		A	H3N2	1999		virus_only	6	0
A/ICELAND/64/2017		A	H3N2	2017		virus_only	24	0
A/ICELAND/65/1999		A	H3N2	1999		virus_only	6	0
A/ICELAND/65/2008		A	H3N2	2008		virus_only	20	0
A/ICELAND/65/2011		A	H3N2	2011		virus_only	12	0
A/ICELAND/65/2016		A	H3N2	2016		virus_only	12	0
A/ICELAND/66/2005		A	H3N2	2005		virus_only	19	0
A/ICELAND/66/2011		A	H3N2	2011		virus_only	10	0
A/ICELAND/66/2016		A	H3N2	2016		virus_only	13	0
A/ICELAND/67/2008		A	H3N2	2008		virus_only	20	0
A/ICELAND/67/2011		A	H3N2	2011		virus_only	10	0
A/ICELAND/68/2011		A	H3N2	2011		virus_only	10	0
A/ICELAND/68/2016		A	H3N2	2016		virus_only	13	0
A/ICELAND/6879/2015@1506879		A	H3N2			virus_only	20	0
A/ICELAND/69/2008		A	H3N2	2008		virus_only	20	0
A/ICELAND/69/2011		A	H3N2	2011		virus_only	21	0
A/ICELAND/69/2017		A	H3N2	2017		virus_only	24	0
A/ICELAND/7/1995		A	H3N2	1995		virus_only	6	0
A/ICELAND/7/1996		A	H3N2	1996		virus_only	5	0
A/ICELAND/7/2002		A	H3N2	2002		virus_only	7	0
A/ICELAND/7/2004		A	H3N2	2004		virus_only	11	0
A/ICELAND/7/2007		A	H3N2	2007		virus_only	10	0
A/ICELAND/70/2002		A	H3N2	2002		virus_only	6	0
A/ICELAND/70/2008		A	H3N2	2008		virus_only	20	0
A/ICELAND/70/2011		A	H3N2	2011		virus_only	10	0
A/ICELAND/70/2016		A	H3N2	2016		virus_only	13	0
A/ICELAND/7018/2015@1507018		A	H3N2			virus_only	10	0
A/ICELAND/71/2005		A	H3N2	2005		virus_only	7	0
A/ICELAND/71/2019		A	H3N2	2019		virus_only	8	0
A/ICELAND/72/2008		A	H3N2	2008		virus_only	20	0
A/ICELAND/72/2016		A	H3N2	2016		virus_only	13	0
A/ICELAND/73/1999		A	H3N2	1999		virus_only	6	0
A/ICELAND/74/2008		A	H3N2	2008		virus_only	20	0
A/ICELAND/74/2016		A	H3N2	2016		virus_only	13	0
A/ICELAND/76/2002		A	H3N2	2002		virus_only	6	0
A/ICELAND/76/2006		A	H3N2	2006		virus_only	10	0
A/ICELAND/76/2008		A	H3N2	2008		virus_only	20	0
A/ICELAND/76/2016		A	H3N2	2016		virus_only	13	0
A/ICELAND/77/1999		A	H3N2	1999		virus_only	6	0
A/ICELAND/77/2005		A	H3N2	2005		virus_only	7	0
A/ICELAND/77/2008		A	H3N2	2008		virus_only	20	0
A/ICELAND/77/2019		A	H3N2	2019		virus_only	9	0
A/ICELAND/78/2006		A	H3N2	2006		virus_only	10	0
A/ICELAND/78/2016		A	H3N2	2016		virus_only	13	0
A/ICELAND/78/2019		A	H3N2	2019		virus_only	8	0
A/ICELAND/79/2008		A	H3N2	2008		virus_only	20	0
A/ICELAND/79/2019		A	H3N2	2019		virus_only	9	0
A/ICELAND/8/1995		A	H3N2	1995		virus_only	6	0
A/ICELAND/8/1997		A	H3N2	1997		virus_only	5	0
A/ICELAND/8/2000		A	H3N2	2000		virus_only	6	0
A/ICELAND/8/2002		A	H3N2	2002		virus_only	7	0
A/ICELAND/8/2004		A	H3N2	2004		virus_only	11	0
A/ICELAND/80/2002		A	H3N2	2002		virus_only	6	0
A/ICELAND/80/2005		A	H3N2	2005		virus_only	7	0
A/ICELAND/80/2008		A	H3N2	2008		virus_only	20	0
A/ICELAND/81/2016		A	H3N2	2016		virus_only	12	0
A/ICELAND/81/2019		A	H3N2	2019		virus_only	8	0
A/ICELAND/82/2008		A	H3N2	2008		virus_only	20	0
A/ICELAND/83/1999		A	H3N2	1999		virus_only	6	0
A/ICELAND/83/2005		A	H3N2	2005		virus_only	7	0
A/ICELAND/84/2005		A	H3N2	2005		virus_only	7	0
A/ICELAND/84/2016		A	H3N2	2016		virus_only	12	0
A/ICELAND/85/2002		A	H3N2	2002		virus_only	6	0
A/ICELAND/86/2005		A	H3N2	2005		virus_only	7	0
A/ICELAND/87/2002		A	H3N2	2002		virus_only	6	0
A/ICELAND/88/2018		A	H3N2	2018		virus_only	8	0
A/ICELAND/89/2005		A	H3N2	2005		virus_only	7	0
A/ICELAND/9/1995		A	H3N2	1995		virus_only	6	0
A/ICELAND/9/1999		A	H3N2	1999		virus_only	8	0
A/ICELAND/9/2002		A	H3N2	2002		virus_only	7	0
A/ICELAND/90/2018		A	H3N2	2018		virus_only	8	0
A/ICELAND/92/2005		A	H3N2	2005		virus_only	7	0
A/ICELAND/93/2002		A	H3N2	2002		virus_only	6	0
A/ICELAND/95/2002		A	H3N2	2002		virus_only	6	0
A/ICELAND/95/2005		A	H3N2	2005		virus_only	7	0
A/ICELAND/95/2018		A	H3N2	2018		virus_only	8	0
A/ICELAND/97/2002		A	H3N2	2002		virus_only	6	0
A/ICELAND/97/2005		A	H3N2	2005		virus_only	7	0
A/ICELAND/98/2002		A	H3N2	2002		virus_only	6	0
A/IDAHO/20/2012		A	H3N2	2012		virus_only	10	0
A/IMATHIE/108/2009		A	H3N2	2009		virus_only	9	0
A/INCHEON/1130/2007		A	H3N2	2007		virus_only	20	0
A/INCHEON/1134/2007		A	H3N2	2007		virus_only	20	0
A/INDONESIA/22/2003		A	H3N2	2003		virus_only	8	0
A/INDONESIA/3277/2002		A	H3N2	2002		virus_only	5	0
A/INVERNESS/12271/1998		A	H3N2	1998		virus_only	5	0
A/INVERNESS/12315/1998		A	H3N2	1998		virus_only	5	0
A/INVERNESS/12390/1998		A	H3N2	1998		virus_only	5	0
A/INVERNESS/12407/1998		A	H3N2	1998		virus_only	5	0
A/INVERNESS/1528/1993		A	H3N2	1993		virus_only	6	0
A/INVERNESS/17627/2000		A	H3N2	2000		virus_only	5	0
A/INVERNESS/5741/1995		A	H3N2	1995		virus_only	6	0
A/INVERNESS/5800237/1993		A	H3N2	1993		virus_only	13	0
A/INVERNESS/5800293/1993		A	H3N2	1993		virus_only	13	0
A/INVERNESS/5800336/1993		A	H3N2	1993		virus_only	6	0
A/INVERNESS/5800351/1993		A	H3N2	1993		virus_only	6	0
A/INVERNESS/5800352/1993		A	H3N2	1993		virus_only	6	0
A/INVERNESS/5800359/1993		A	H3N2	1993		virus_only	6	0
A/INVERNESS/5800406/1993		A	H3N2	1993		virus_only	6	0
A/INVERNESS/5803368/1995		A	H3N2	1995		virus_only	14	0
A/INVERNESS/5808658/1997		A	H3N2	1997		virus_only	5	0
A/INVERNESS/5808690/1997		A	H3N2	1997		virus_only	5	0
A/INVERNESS/5812408/1998		A	H3N2	1998		virus_only	5	0
A/INVERNESS/5812530/1998		A	H3N2	1998		virus_only	5	0
A/INVERNESS/5814640/1998		A	H3N2	1998		virus_only	5	0
A/INVERNESS/5814803/1999		A	H3N2	1999		virus_only	5	0
A/INVERNESS/5814808/1999		A	H3N2	1999		virus_only	5	0
A/INVERNESS/5814809/1999		A	H3N2	1999		virus_only	5	0
A/INVERNESS/5814849/1999		A	H3N2	1999		virus_only	5	0
A/INVERNESS/5814861/1999		A	H3N2	1999		virus_only	5	0
A/INVERNESS/5818/1995		A	H3N2	1995		virus_only	6	0
A/INVERNESS/5823347/2002		A	H3N2	2002		virus_only	8	0
A/INVERNESS/5823639/2002		A	H3N2	2002		virus_only	6	0
A/INVERNESS/5823753/2002		A	H3N2	2002		virus_only	6	0
A/INVERNESS/5823828/2002		A	H3N2	2002		virus_only	6	0
A/INVERNESS/5823860/2002		A	H3N2	2002		virus_only	6	0
A/INVERNESS/5823870/2002		A	H3N2	2002		virus_only	6	0
A/INVERNESS/5824117/2002		A	H3N2	2002		virus_only	6	0
A/INVERNESS/5824157/2002		A	H3N2	2002		virus_only	6	0
A/INVERNESS/5886/1995		A	H3N2	1995		virus_only	5	0
A/IOANNINAGR/145/2012		A	H3N2	2012		virus_only	9	0
A/IOANNINAGR/148/2012		A	H3N2	2012		virus_only	9	0
A/IOANNINAGR/187/2012		A	H3N2	2012		virus_only	9	0
A/IOANNINAGR/81/2012		A	H3N2	2012		virus_only	9	0
A/IOWA/19/2010#NEW		A	H3N2			virus_only	10	0
A/IRAN/167623/2019		A	H3N2	2019		virus_only	8	0
A/IRAN/168206/2019		A	H3N2	2019		virus_only	8	0
A/IRAN/168336/2019		A	H3N2	2019		virus_only	8	0
A/IRAN/168359/2019		A	H3N2	2019		virus_only	8	0
A/IRAN/168555/2019		A	H3N2	2019		virus_only	8	0
A/IRAN/171909/2019		A	H3N2	2019		virus_only	8	0
A/IRAN/218/2005		A	H3N2	2005		virus_only	5	0
A/IRAN/281/2005		A	H3N2	2005		virus_only	5	0
A/IRAN/282/2005		A	H3N2	2005		virus_only	5	0
A/IRAN/288/2005		A	H3N2	2005		virus_only	5	0
A/IRAN/294/2005		A	H3N2	2005		virus_only	5	0
A/IRAN/55457/2016		A	H3N2	2016		virus_only	12	0
A/IRAN/755/2009		A	H3N2	2009		virus_only	11	0
A/IRAN/75924/2017		A	H3N2	2017		virus_only	8	0
A/IRAN/78090/2017		A	H3N2	2017		virus_only	8	0
A/IRAN/79/2004		A	H3N2	2004		virus_only	5	0
A/IRAQ/463/2014		A	H3N2	2014		virus_only	11	0
A/IRAQ/470/2014		A	H3N2	2014		virus_only	11	0
A/IRAQ/821/2014		A	H3N2	2014		virus_only	11	0
A/IRELAND/00098/2016		A	H3N2	2016		virus_only	12	0
A/IRELAND/00367/2013		A	H3N2	2013		virus_only	22	0
A/IRELAND/00462/2012		A	H3N2	2012		virus_only	11	0
A/IRELAND/00492/2017		A	H3N2	2017		virus_only	12	0
A/IRELAND/01234/2018		A	H3N2	2018		virus_only	8	0
A/IRELAND/05415/2018		A	H3N2	2018		virus_only	9	0
A/IRELAND/10033/1999		A	H3N2	1999		virus_only	6	0
A/IRELAND/10104/2003		A	H3N2	2003		virus_only	12	0
A/IRELAND/10108/2003		A	H3N2	2003		virus_only	12	0
A/IRELAND/1092/2002		A	H3N2	2002		virus_only	7	0
A/IRELAND/1120/2007		A	H3N2	2007		virus_only	10	0
A/IRELAND/11M27357/2011		A	H3N2	2011		virus_only	16	0
A/IRELAND/11M92381/2011		A	H3N2	2011		virus_only	7	0
A/IRELAND/11M92698/2011		A	H3N2	2011		virus_only	9	0
A/IRELAND/11M92761/2011		A	H3N2	2011		virus_only	12	0
A/IRELAND/11M92922/2011		A	H3N2	2011		virus_only	9	0
A/IRELAND/11V9451/2011		A	H3N2	2011		virus_only	9	0
A/IRELAND/1215/2003		A	H3N2	2003		virus_only	6	0
A/IRELAND/12182/2005		A	H3N2	2005		virus_only	7	0
A/IRELAND/12M28404/2012		A	H3N2	2012		virus_only	10	0
A/IRELAND/12M28563/2012		A	H3N2	2012		virus_only	10	0
A/IRELAND/12M90/2012		A	H3N2	2012		virus_only	9	0
A/IRELAND/12V2608/2012		A	H3N2	2012		virus_only	10	0
A/IRELAND/12V2628/2012		A	H3N2	2012		virus_only	10	0
A/IRELAND/12V2734/2012		A	H3N2	2012		virus_only	10	0
A/IRELAND/12V2794/2012		A	H3N2	2012		virus_only	9	0
A/IRELAND/12V397/2012		A	H3N2	2012		virus_only	9	0
A/IRELAND/13334/2011		A	H3N2	2011		virus_only	8	0
A/IRELAND/13527/2011		A	H3N2	2011		virus_only	8	0
A/IRELAND/14M00149/2013		A	H3N2	2013		virus_only	9	0
A/IRELAND/14M00263/2013		A	H3N2	2013		virus_only	9	0
A/IRELAND/14M02879/2014		A	H3N2	2014		virus_only	9	0
A/IRELAND/14M03520/2014		A	H3N2	2014		virus_only	9	0
A/IRELAND/21550/2014		A	H3N2	2014		virus_only	11	0
A/IRELAND/22041/2014		A	H3N2	2014		virus_only	11	0
A/IRELAND/22350/2014		A	H3N2	2014		virus_only	11	0
A/IRELAND/22359/2014		A	H3N2	2014		virus_only	11	0
A/IRELAND/22716/2019		A	H3N2	2019		virus_only	10	0
A/IRELAND/22878/2014		A	H3N2	2014		virus_only	11	0
A/IRELAND/23296/2020		A	H3N2	2020		virus_only	9	0
A/IRELAND/23414/2019		A	H3N2	2019		virus_only	10	0
A/IRELAND/23577/2014		A	H3N2	2014		virus_only	10	0
A/IRELAND/26207/2019		A	H3N2	2019		virus_only	10	0
A/IRELAND/26826/2019		A	H3N2	2019		virus_only	10	0
A/IRELAND/28223/2019		A	H3N2	2019		virus_only	10	0
A/IRELAND/28663/2019		A	H3N2	2019		virus_only	10	0
A/IRELAND/29431/2019		A	H3N2	2019		virus_only	10	0
A/IRELAND/30256/2019		A	H3N2	2019		virus_only	10	0
A/IRELAND/32103/2019		A	H3N2	2019		virus_only	10	0
A/IRELAND/4185/2011		A	H3N2	2011		virus_only	8	0
A/IRELAND/518/2007		A	H3N2	2007		virus_only	10	0
A/IRELAND/535/2002		A	H3N2	2002		virus_only	8	0
A/IRELAND/558/2011		A	H3N2	2011		virus_only	8	0
A/IRELAND/651/2002		A	H3N2	2002		virus_only	7	0
A/IRELAND/72254/2016		A	H3N2	2016		virus_only	12	0
A/IRELAND/72703/2016		A	H3N2	2016		virus_only	12	0
A/IRELAND/7408/2011		A	H3N2	2011		virus_only	8	0
A/IRELAND/76255/2016		A	H3N2	2016		virus_only	12	0
A/IRELAND/78717/2016		A	H3N2	2016		virus_only	12	0
A/IRELAND/789/2003		A	H3N2	2003		virus_only	6	0
A/IRELAND/793/2002		A	H3N2	2002		virus_only	7	0
A/IRELAND/80971/2016		A	H3N2	2016		virus_only	12	0
A/IRELAND/81104/2016		A	H3N2	2016		virus_only	12	0
A/IRELAND/81180/2016		A	H3N2	2016		virus_only	12	0
A/IRELAND/81354/2016		A	H3N2	2016		virus_only	12	0
A/IRELAND/81920/2016		A	H3N2	2016		virus_only	12	0
A/IRELAND/82326/2016		A	H3N2	2016		virus_only	12	0
A/IRELAND/82745/2016		A	H3N2	2016		virus_only	12	0
A/IRELAND/85561/2019		A	H3N2	2019		virus_only	9	0
A/IRELAND/86110/2016		A	H3N2	2016		virus_only	12	0
A/IRELAND/88070/2019		A	H3N2	2019		virus_only	9	0
A/IRELAND/89141/2019		A	H3N2	2019		virus_only	9	0
A/IRELAND/909/2011		A	H3N2	2011		virus_only	8	0
A/IRELAND/91453/2019		A	H3N2	2019		virus_only	9	0
A/IRELAND/91781/2019		A	H3N2	2019		virus_only	9	0
A/IRELAND/9449/2011		A	H3N2	2011		virus_only	8	0
A/IRELAND/9591/2004		A	H3N2	2004		virus_only	20	0
A/IRELAND/9742/2003		A	H3N2	2003		virus_only	6	0
A/IRELAND/978/2007		A	H3N2	2007		virus_only	10	0
A/IRELAND/997/2002		A	H3N2	2002		virus_only	7	0
A/IRELAND/998/2002		A	H3N2	2002		virus_only	7	0
A/IRELAND/999/2002		A	H3N2	2002		virus_only	7	0
A/IRELAND/M19748/2013		A	H3N2	2013		virus_only	18	0
A/IRELAND/M20189/2013		A	H3N2	2013		virus_only	9	0
A/IRELAND/M20427/2013		A	H3N2	2013		virus_only	9	0
A/IRELAND/M26695/2013		A	H3N2	2013		virus_only	9	0
A/IRELAND/M28390/2013		A	H3N2	2013		virus_only	9	0
A/IRELAND/M28426/2013		A	H3N2	2013		virus_only	9	0
A/IRELAND/M28859/2013		A	H3N2	2013		virus_only	18	0
A/IRELAND/V1160/2012		A	H3N2	2012		virus_only	10	0
A/ISERNIA/1/2005		A	H3N2	2005		virus_only	10	0
A/ISHIKAWA/102/2002		A	H3N2	2002		virus_only	6	0
A/ISR/32/2013		A	H3N2	2013		virus_only	9	0
A/ISRAEL/1/11/2011		A	H3N2	2011		virus_only	8	0
A/ISRAEL/1/1990		A	H3N2	1990		virus_only	7	0
A/ISRAEL/1/1991		A	H3N2	1991		virus_only	7	0
A/ISRAEL/1/1992		A	H3N2	1992		virus_only	7	0
A/ISRAEL/1/1993		A	H3N2	1993		virus_only	7	0
A/ISRAEL/1/1994		A	H3N2	1994		virus_only	7	0
A/ISRAEL/1/1995		A	H3N2	1995		virus_only	6	0
A/ISRAEL/1/1996		A	H3N2	1996		virus_only	6	0
A/ISRAEL/1/1997		A	H3N2	1997		virus_only	4	0
A/ISRAEL/1/1999		A	H3N2	1999		virus_only	5	0
A/ISRAEL/1/2003		A	H3N2	2003		virus_only	6	0
A/ISRAEL/1/2006		A	H3N2	2006		virus_only	10	0
A/ISRAEL/10/1990		A	H3N2	1990		virus_only	7	0
A/ISRAEL/10/1991		A	H3N2	1991		virus_only	7	0
A/ISRAEL/10/1995		A	H3N2	1995		virus_only	6	0
A/ISRAEL/10/2012		A	H3N2	2012		virus_only	11	0
A/ISRAEL/100/1995		A	H3N2	1995		virus_only	6	0
A/ISRAEL/101/2000		A	H3N2	2000		virus_only	6	0
A/ISRAEL/102/2000		A	H3N2	2000		virus_only	6	0
A/ISRAEL/103/1998#ORIGINAL		A	H3N2			virus_only	5	0
A/ISRAEL/103/2002		A	H3N2	2002		virus_only	6	0
A/ISRAEL/10422/2018		A	H3N2	2018		virus_only	8	0
A/ISRAEL/10464/2018		A	H3N2	2018		virus_only	7	0
A/ISRAEL/10480/2018		A	H3N2	2018		virus_only	8	0
A/ISRAEL/10481/2018		A	H3N2	2018		virus_only	8	0
A/ISRAEL/105/1995		A	H3N2	1995		virus_only	6	0
A/ISRAEL/105/1997#ORIGINAL		A	H3N2			virus_only	5	0
A/ISRAEL/106/1995		A	H3N2	1995		virus_only	6	0
A/ISRAEL/106/1999		A	H3N2	1999		virus_only	5	0
A/ISRAEL/11/1990		A	H3N2	1990		virus_only	7	0
A/ISRAEL/11/1991		A	H3N2	1991		virus_only	7	0
A/ISRAEL/11/1999		A	H3N2	1999		virus_only	5	0
A/ISRAEL/11/2003		A	H3N2	2003		virus_only	6	0
A/ISRAEL/11/2004		A	H3N2	2004		virus_only	6	0
A/ISRAEL/110/2000		A	H3N2	2000		virus_only	6	0
A/ISRAEL/111/1999		A	H3N2	1999		virus_only	5	0
A/ISRAEL/112/1999		A	H3N2	1999		virus_only	5	0
A/ISRAEL/114/2003		A	H3N2	2003		virus_only	6	0
A/ISRAEL/115/1997#ORIGINAL		A	H3N2			virus_only	5	0
A/ISRAEL/116/2002		A	H3N2	2002		virus_only	6	0
A/ISRAEL/117/1995		A	H3N2	1995		virus_only	6	0
A/ISRAEL/117/1997#ORIGINAL		A	H3N2			virus_only	5	0
A/ISRAEL/117/2003		A	H3N2	2003		virus_only	7	0
A/ISRAEL/118/1998#ORIGINAL		A	H3N2			virus_only	5	0
A/ISRAEL/118/2000		A	H3N2	2000		virus_only	6	0
A/ISRAEL/118/2003		A	H3N2	2003		virus_only	7	0
A/ISRAEL/119/1997#ORIGINAL		A	H3N2			virus_only	5	0
A/ISRAEL/12/1990		A	H3N2	1990		virus_only	7	0
A/ISRAEL/12/1991		A	H3N2	1991		virus_only	7	0
A/ISRAEL/12/1995		A	H3N2	1995		virus_only	6	0
A/ISRAEL/12/1996		A	H3N2	1996		virus_only	6	0
A/ISRAEL/12/1997		A	H3N2	1997		virus_only	4	0
A/ISRAEL/120/1995		A	H3N2	1995		virus_only	6	0
A/ISRAEL/120/1997#ORIGINAL		A	H3N2			virus_only	5	0
A/ISRAEL/122/2002		A	H3N2	2002		virus_only	6	0
A/ISRAEL/124/1997#ORIGINAL		A	H3N2			virus_only	5	0
A/ISRAEL/124/2003		A	H3N2	2003		virus_only	6	0
A/ISRAEL/125/1997#ORIGINAL		A	H3N2			virus_only	5	0
A/ISRAEL/126/2000		A	H3N2	2000		virus_only	6	0
A/ISRAEL/127/2000		A	H3N2	2000		virus_only	6	0
A/ISRAEL/128/1997#ORIGINAL		A	H3N2			virus_only	5	0
A/ISRAEL/129/2003		A	H3N2	2003		virus_only	6	0
A/ISRAEL/13/1990		A	H3N2	1990		virus_only	7	0
A/ISRAEL/13/1991		A	H3N2	1991		virus_only	7	0
A/ISRAEL/13/1995		A	H3N2	1995		virus_only	6	0
A/ISRAEL/13/1996		A	H3N2	1996		virus_only	6	0
A/ISRAEL/13/2002		A	H3N2	2002		virus_only	8	0
A/ISRAEL/13/2009		A	H3N2	2009		virus_only	8	0
A/ISRAEL/131/2000		A	H3N2	2000		virus_only	6	0
A/ISRAEL/133/1997#ORIGINAL		A	H3N2			virus_only	5	0
A/ISRAEL/133/2018		A	H3N2	2018		virus_only	8	0
A/ISRAEL/137/1997#ORIGINAL		A	H3N2			virus_only	5	0
A/ISRAEL/137/2000		A	H3N2	2000		virus_only	6	0
A/ISRAEL/137/2003		A	H3N2	2003		virus_only	6	0
A/ISRAEL/139/2003		A	H3N2	2003		virus_only	6	0
A/ISRAEL/14/11/2011		A	H3N2	2011		virus_only	8	0
A/ISRAEL/14/1989		A	H3N2	1989		virus_only	7	0
A/ISRAEL/14/1990		A	H3N2	1990		virus_only	7	0
A/ISRAEL/14/1991		A	H3N2	1991		virus_only	7	0
A/ISRAEL/14/1995		A	H3N2	1995		virus_only	6	0
A/ISRAEL/142/2002		A	H3N2	2002		virus_only	6	0
A/ISRAEL/143/1997#ORIGINAL		A	H3N2			virus_only	5	0
A/ISRAEL/144/2002		A	H3N2	2002		virus_only	6	0
A/ISRAEL/144/2018		A	H3N2	2018		virus_only	8	0
A/ISRAEL/146/2000		A	H3N2	2000		virus_only	6	0
A/ISRAEL/146/2003		A	H3N2	2003		virus_only	6	0
A/ISRAEL/149/1999		A	H3N2	1999		virus_only	5	0
A/ISRAEL/15/1989		A	H3N2	1989		virus_only	7	0
A/ISRAEL/15/1995		A	H3N2	1995		virus_only	6	0
A/ISRAEL/15/2013		A	H3N2	2013		virus_only	11	0
A/ISRAEL/151/2001		A	H3N2	2001		virus_only	6	0
A/ISRAEL/153/2000		A	H3N2	2000		virus_only	6	0
A/ISRAEL/154/2001		A	H3N2	2001		virus_only	8	0
A/ISRAEL/155/2002		A	H3N2	2002		virus_only	6	0
A/ISRAEL/156/2000		A	H3N2	2000		virus_only	6	0
A/ISRAEL/157/2001		A	H3N2	2001		virus_only	8	0
A/ISRAEL/158/2001		A	H3N2	2001		virus_only	8	0
A/ISRAEL/158/2002		A	H3N2	2002		virus_only	6	0
A/ISRAEL/159/1999		A	H3N2	1999		virus_only	5	0
A/ISRAEL/16/1989		A	H3N2	1989		virus_only	7	0
A/ISRAEL/16/1995		A	H3N2	1995		virus_only	6	0
A/ISRAEL/16/2004		A	H3N2	2004		virus_only	6	0
A/ISRAEL/16/2006		A	H3N2	2006		virus_only	10	0
A/ISRAEL/162/2002		A	H3N2	2002		virus_only	6	0
A/ISRAEL/163/2001		A	H3N2	2001		virus_only	8	0
A/ISRAEL/165/2001		A	H3N2	2001		virus_only	8	0
A/ISRAEL/166/2001		A	H3N2	2001		virus_only	8	0
A/ISRAEL/166/2003		A	H3N2	2003		virus_only	6	0
A/ISRAEL/169/2002		A	H3N2	2002		virus_only	6	0
A/ISRAEL/169/2003		A	H3N2	2003		virus_only	6	0
A/ISRAEL/17/1989		A	H3N2	1989		virus_only	7	0
A/ISRAEL/17/1997		A	H3N2	1997		virus_only	4	0
A/ISRAEL/17/2003		A	H3N2	2003		virus_only	6	0
A/ISRAEL/17/2013		A	H3N2	2013		virus_only	11	0
A/ISRAEL/170/2001		A	H3N2	2001		virus_only	8	0
A/ISRAEL/171/2000		A	H3N2	2000		virus_only	6	0
A/ISRAEL/171/2002		A	H3N2	2002		virus_only	6	0
A/ISRAEL/172/1999		A	H3N2	1999		virus_only	5	0
A/ISRAEL/172/2001		A	H3N2	2001		virus_only	8	0
A/ISRAEL/172/2002		A	H3N2	2002		virus_only	6	0
A/ISRAEL/174/2001		A	H3N2	2001		virus_only	8	0
A/ISRAEL/175/2003		A	H3N2	2003		virus_only	6	0
A/ISRAEL/176/2000		A	H3N2	2000		virus_only	6	0
A/ISRAEL/177/2002		A	H3N2	2002		virus_only	6	0
A/ISRAEL/177/2018		A	H3N2	2018		virus_only	8	0
A/ISRAEL/178/1999		A	H3N2	1999		virus_only	5	0
A/ISRAEL/178/2000		A	H3N2	2000		virus_only	6	0
A/ISRAEL/178/2002		A	H3N2	2002		virus_only	6	0
A/ISRAEL/178/2018		A	H3N2	2018		virus_only	8	0
A/ISRAEL/179/1999		A	H3N2	1999		virus_only	5	0
A/ISRAEL/18/11/2011		A	H3N2	2011		virus_only	16	0
A/ISRAEL/18/1989		A	H3N2	1989		virus_only	7	0
A/ISRAEL/18/1995		A	H3N2	1995		virus_only	6	0
A/ISRAEL/18/2000		A	H3N2	2000		virus_only	6	0
A/ISRAEL/18/2004		A	H3N2	2004		virus_only	8	0
A/ISRAEL/18/2006		A	H3N2	2006		virus_only	10	0
A/ISRAEL/181/2000		A	H3N2	2000		virus_only	6	0
A/ISRAEL/182/1999		A	H3N2	1999		virus_only	5	0
A/ISRAEL/183/2000		A	H3N2	2000		virus_only	6	0
A/ISRAEL/184/2000		A	H3N2	2000		virus_only	6	0
A/ISRAEL/19/11/2011		A	H3N2	2011		virus_only	8	0
A/ISRAEL/19/1995		A	H3N2	1995		virus_only	6	0
A/ISRAEL/19/2006		A	H3N2	2006		virus_only	10	0
A/ISRAEL/19/2013		A	H3N2	2013		virus_only	11	0
A/ISRAEL/2/11/2010		A	H3N2	2010		virus_only	8	0
A/ISRAEL/2/1990		A	H3N2	1990		virus_only	7	0
A/ISRAEL/2/1991		A	H3N2	1991		virus_only	7	0
A/ISRAEL/2/1992		A	H3N2	1992		virus_only	7	0
A/ISRAEL/2/1993		A	H3N2	1993		virus_only	7	0
A/ISRAEL/2/1994		A	H3N2	1994		virus_only	7	0
A/ISRAEL/2/1995		A	H3N2	1995		virus_only	6	0
A/ISRAEL/2/1997		A	H3N2	1997		virus_only	4	0
A/ISRAEL/2/2009		A	H3N2	2009		virus_only	8	0
A/ISRAEL/20/2013		A	H3N2	2013		virus_only	11	0
A/ISRAEL/200/2003		A	H3N2	2003		virus_only	6	0
A/ISRAEL/203/1999		A	H3N2	1999		virus_only	5	0
A/ISRAEL/21/2003		A	H3N2	2003		virus_only	6	0
A/ISRAEL/21/2006		A	H3N2	2006		virus_only	10	0
A/ISRAEL/22/1991		A	H3N2	1991		virus_only	7	0
A/ISRAEL/22/1999		A	H3N2	1999		virus_only	5	0
A/ISRAEL/22/2009		A	H3N2	2009		virus_only	11	0
A/ISRAEL/223/1999		A	H3N2	1999		virus_only	5	0
A/ISRAEL/224/1999		A	H3N2	1999		virus_only	5	0
A/ISRAEL/225/1999		A	H3N2	1999		virus_only	5	0
A/ISRAEL/226/1999		A	H3N2	1999		virus_only	5	0
A/ISRAEL/227/1998		A	H3N2	1998		virus_only	5	0
A/ISRAEL/229/1998		A	H3N2	1998		virus_only	5	0
A/ISRAEL/229/1999		A	H3N2	1999		virus_only	5	0
A/ISRAEL/23/1996		A	H3N2	1996		virus_only	6	0
A/ISRAEL/23/1999		A	H3N2	1999		virus_only	5	0
A/ISRAEL/23/2003		A	H3N2	2003		virus_only	6	0
A/ISRAEL/23/2009		A	H3N2	2009		virus_only	11	0
A/ISRAEL/234/1998		A	H3N2	1998		virus_only	5	0
A/ISRAEL/236/1998		A	H3N2	1998		virus_only	5	0
A/ISRAEL/237/1998		A	H3N2	1998		virus_only	5	0
A/ISRAEL/238/1998		A	H3N2	1998		virus_only	5	0
A/ISRAEL/238/1999		A	H3N2	1999		virus_only	5	0
A/ISRAEL/24/1997		A	H3N2	1997		virus_only	4	0
A/ISRAEL/24/2002		A	H3N2	2002		virus_only	8	0
A/ISRAEL/24/2009		A	H3N2	2009		virus_only	11	0
A/ISRAEL/24/2013		A	H3N2	2013		virus_only	11	0
A/ISRAEL/243/1999		A	H3N2	1999		virus_only	5	0
A/ISRAEL/244/1999		A	H3N2	1999		virus_only	5	0
A/ISRAEL/245/1999		A	H3N2	1999		virus_only	5	0
A/ISRAEL/245/2003		A	H3N2	2003		virus_only	6	0
A/ISRAEL/246/1999		A	H3N2	1999		virus_only	5	0
A/ISRAEL/246/2003		A	H3N2	2003		virus_only	6	0
A/ISRAEL/248/1999		A	H3N2	1999		virus_only	6	0
A/ISRAEL/249/1998		A	H3N2	1998		virus_only	5	0
A/ISRAEL/249/2003		A	H3N2	2003		virus_only	6	0
A/ISRAEL/25/2000		A	H3N2	2000		virus_only	6	0
A/ISRAEL/25/2002		A	H3N2	2002		virus_only	6	0
A/ISRAEL/25/2009		A	H3N2	2009		virus_only	11	0
A/ISRAEL/250/1999		A	H3N2	1999		virus_only	6	0
A/ISRAEL/252/1999		A	H3N2	1999		virus_only	6	0
A/ISRAEL/255/1998		A	H3N2	1998		virus_only	5	0
A/ISRAEL/256/1998		A	H3N2	1998		virus_only	5	0
A/ISRAEL/258/1999		A	H3N2	1999		virus_only	6	0
A/ISRAEL/26/2003		A	H3N2	2003		virus_only	6	0
A/ISRAEL/26/2009		A	H3N2	2009		virus_only	11	0
A/ISRAEL/264/1999		A	H3N2	1999		virus_only	6	0
A/ISRAEL/268/1999		A	H3N2	1999		virus_only	6	0
A/ISRAEL/269/1999		A	H3N2	1999		virus_only	6	0
A/ISRAEL/27/2002		A	H3N2	2002		virus_only	6	0
A/ISRAEL/27/2004		A	H3N2	2004		virus_only	8	0
A/ISRAEL/27/2009		A	H3N2	2009		virus_only	11	0
A/ISRAEL/27/2011		A	H3N2	2011		virus_only	9	0
A/ISRAEL/271/1999		A	H3N2	1999		virus_only	6	0
A/ISRAEL/272/1999		A	H3N2	1999		virus_only	6	0
A/ISRAEL/273/2003		A	H3N2	2003		virus_only	6	0
A/ISRAEL/28/2002		A	H3N2	2002		virus_only	6	0
A/ISRAEL/28/2004		A	H3N2	2004		virus_only	8	0
A/ISRAEL/286/1999		A	H3N2	1999		virus_only	6	0
A/ISRAEL/29/1996		A	H3N2	1996		virus_only	6	0
A/ISRAEL/29/2004		A	H3N2	2004		virus_only	8	0
A/ISRAEL/29/2006		A	H3N2	2006		virus_only	10	0
A/ISRAEL/298/1999		A	H3N2	1999		virus_only	6	0
A/ISRAEL/3/1991		A	H3N2	1991		virus_only	7	0
A/ISRAEL/3/1992		A	H3N2	1992		virus_only	7	0
A/ISRAEL/3/1993		A	H3N2	1993		virus_only	6	0
A/ISRAEL/3/1994		A	H3N2	1994		virus_only	7	0
A/ISRAEL/3/1997		A	H3N2	1997		virus_only	4	0
A/ISRAEL/3/2003		A	H3N2	2003		virus_only	14	0
A/ISRAEL/3/2004		A	H3N2	2004		virus_only	6	0
A/ISRAEL/3/2005		A	H3N2	2005		virus_only	8	0
A/ISRAEL/3/2009		A	H3N2	2009		virus_only	8	0
A/ISRAEL/30/2004		A	H3N2	2004		virus_only	8	0
A/ISRAEL/30/2006		A	H3N2	2006		virus_only	10	0
A/ISRAEL/305/1999		A	H3N2	1999		virus_only	6	0
A/ISRAEL/308/2003		A	H3N2	2003		virus_only	6	0
A/ISRAEL/31/1995		A	H3N2	1995		virus_only	6	0
A/ISRAEL/31/2002		A	H3N2	2002		virus_only	6	0
A/ISRAEL/31/2003		A	H3N2	2003		virus_only	6	0
A/ISRAEL/31/2006		A	H3N2	2006		virus_only	10	0
A/ISRAEL/32/1995		A	H3N2	1995		virus_only	6	0
A/ISRAEL/32/2005		A	H3N2	2005		virus_only	8	0
A/ISRAEL/32/2006		A	H3N2	2006		virus_only	10	0
A/ISRAEL/32/2011		A	H3N2	2011		virus_only	9	0
A/ISRAEL/320/1999		A	H3N2	1999		virus_only	6	0
A/ISRAEL/321/1999		A	H3N2	1999		virus_only	6	0
A/ISRAEL/33/1995		A	H3N2	1995		virus_only	6	0
A/ISRAEL/33/1997		A	H3N2	1997		virus_only	5	0
A/ISRAEL/33/2006		A	H3N2	2006		virus_only	10	0
A/ISRAEL/331/1999		A	H3N2	1999		virus_only	6	0
A/ISRAEL/332/1999		A	H3N2	1999		virus_only	6	0
A/ISRAEL/334/1999		A	H3N2	1999		virus_only	6	0
A/ISRAEL/338/2019		A	H3N2	2019		virus_only	9	0
A/ISRAEL/339/2003		A	H3N2	2003		virus_only	6	0
A/ISRAEL/34/2000		A	H3N2	2000		virus_only	6	0
A/ISRAEL/34/2003		A	H3N2	2003		virus_only	6	0
A/ISRAEL/34/2005		A	H3N2	2005		virus_only	8	0
A/ISRAEL/340/1999		A	H3N2	1999		virus_only	6	0
A/ISRAEL/341/1999		A	H3N2	1999		virus_only	6	0
A/ISRAEL/3440/2003		A	H3N2	2003		virus_only	16	0
A/ISRAEL/3483/2003		A	H3N2	2003		virus_only	8	0
A/ISRAEL/35/1995		A	H3N2	1995		virus_only	6	0
A/ISRAEL/353/2003		A	H3N2	2003		virus_only	6	0
A/ISRAEL/3650/2003		A	H3N2	2003		virus_only	16	0
A/ISRAEL/3670/2003		A	H3N2	2003		virus_only	16	0
A/ISRAEL/3671/2003		A	H3N2	2003		virus_only	16	0
A/ISRAEL/3673/2003		A	H3N2	2003		virus_only	16	0
A/ISRAEL/3699/2003		A	H3N2	2003		virus_only	8	0
A/ISRAEL/37/1997		A	H3N2	1997		virus_only	5	0
A/ISRAEL/38/1995		A	H3N2	1995		virus_only	6	0
A/ISRAEL/38/2003		A	H3N2	2003		virus_only	6	0
A/ISRAEL/38/2011		A	H3N2	2011		virus_only	9	0
A/ISRAEL/3857/2003		A	H3N2	2003		virus_only	8	0
A/ISRAEL/39/1995		A	H3N2	1995		virus_only	6	0
A/ISRAEL/39/1996		A	H3N2	1996		virus_only	6	0
A/ISRAEL/39/2003		A	H3N2	2003		virus_only	6	0
A/ISRAEL/4/11/2011		A	H3N2	2011		virus_only	8	0
A/ISRAEL/4/1991		A	H3N2	1991		virus_only	7	0
A/ISRAEL/4/1992		A	H3N2	1992		virus_only	7	0
A/ISRAEL/4/1994		A	H3N2	1994		virus_only	7	0
A/ISRAEL/4/1995		A	H3N2	1995		virus_only	6	0
A/ISRAEL/4/1999		A	H3N2	1999		virus_only	5	0
A/ISRAEL/4/2002		A	H3N2	2002		virus_only	8	0
A/ISRAEL/4/2003		A	H3N2	2003		virus_only	6	0
A/ISRAEL/4/2009		A	H3N2	2009		virus_only	8	0
A/ISRAEL/40/2005		A	H3N2	2005		virus_only	8	0
A/ISRAEL/40/2006		A	H3N2	2006		virus_only	8	0
A/ISRAEL/4016/2003		A	H3N2	2003		virus_only	8	0
A/ISRAEL/4018/2003		A	H3N2	2003		virus_only	8	0
A/ISRAEL/4048/2003		A	H3N2	2003		virus_only	8	0
A/ISRAEL/41/2011		A	H3N2	2011		virus_only	9	0
A/ISRAEL/417/2003		A	H3N2	2003		virus_only	6	0
A/ISRAEL/42/2004		A	H3N2	2004		virus_only	8	0
A/ISRAEL/422/2003		A	H3N2	2003		virus_only	6	0
A/ISRAEL/423/2004		A	H3N2	2004		virus_only	6	0
A/ISRAEL/424/2003		A	H3N2	2003		virus_only	6	0
A/ISRAEL/43/1995		A	H3N2	1995		virus_only	6	0
A/ISRAEL/43/1996		A	H3N2	1996		virus_only	6	0
A/ISRAEL/43/2011		A	H3N2	2011		virus_only	9	0
A/ISRAEL/44/1995		A	H3N2	1995		virus_only	6	0
A/ISRAEL/44/2004		A	H3N2	2004		virus_only	8	0
A/ISRAEL/46/2006		A	H3N2	2006		virus_only	8	0
A/ISRAEL/4600/2003		A	H3N2	2003		virus_only	8	0
A/ISRAEL/47/2006		A	H3N2	2006		virus_only	8	0
A/ISRAEL/47/2011		A	H3N2	2011		virus_only	9	0
A/ISRAEL/48/1995		A	H3N2	1995		virus_only	6	0
A/ISRAEL/48/2000		A	H3N2	2000		virus_only	6	0
A/ISRAEL/48/2006		A	H3N2	2006		virus_only	8	0
A/ISRAEL/49/1995		A	H3N2	1995		virus_only	6	0
A/ISRAEL/49/1996		A	H3N2	1996		virus_only	6	0
A/ISRAEL/49/1999		A	H3N2	1999		virus_only	5	0
A/ISRAEL/49/2000		A	H3N2	2000		virus_only	6	0
A/ISRAEL/49/2006		A	H3N2	2006		virus_only	8	0
A/ISRAEL/5/11/2011		A	H3N2	2011		virus_only	16	0
A/ISRAEL/5/1991		A	H3N2	1991		virus_only	7	0
A/ISRAEL/5/1994		A	H3N2	1994		virus_only	7	0
A/ISRAEL/5/1995		A	H3N2	1995		virus_only	6	0
A/ISRAEL/5/2000		A	H3N2	2000		virus_only	6	0
A/ISRAEL/5/2004		A	H3N2	2004		virus_only	6	0
A/ISRAEL/5/2006		A	H3N2	2006		virus_only	10	0
A/ISRAEL/5/2009		A	H3N2	2009		virus_only	8	0
A/ISRAEL/50/1997		A	H3N2	1997		virus_only	5	0
A/ISRAEL/50/2000		A	H3N2	2000		virus_only	6	0
A/ISRAEL/50/2004		A	H3N2	2004		virus_only	8	0
A/ISRAEL/50/2011		A	H3N2	2011		virus_only	9	0
A/ISRAEL/51/2003		A	H3N2	2003		virus_only	6	0
A/ISRAEL/52/1997		A	H3N2	1997		virus_only	5	0
A/ISRAEL/52/2002		A	H3N2	2002		virus_only	6	0
A/ISRAEL/53/1995		A	H3N2	1995		virus_only	6	0
A/ISRAEL/53/1999		A	H3N2	1999		virus_only	5	0
A/ISRAEL/54/2006		A	H3N2	2006		virus_only	8	0
A/ISRAEL/55/1997		A	H3N2	1997		virus_only	5	0
A/ISRAEL/55/2006		A	H3N2	2006		virus_only	8	0
A/ISRAEL/56/1995		A	H3N2	1995		virus_only	6	0
A/ISRAEL/56/1996		A	H3N2	1996		virus_only	6	0
A/ISRAEL/56/2006		A	H3N2	2006		virus_only	8	0
A/ISRAEL/57/2002		A	H3N2	2002		virus_only	6	0
A/ISRAEL/57/2006		A	H3N2	2006		virus_only	8	0
A/ISRAEL/58/1996		A	H3N2	1996		virus_only	6	0
A/ISRAEL/58/2006		A	H3N2	2006		virus_only	8	0
A/ISRAEL/58/2008		A	H3N2	2008		virus_only	8	0
A/ISRAEL/59/2004		A	H3N2	2004		virus_only	8	0
A/ISRAEL/59/2005		A	H3N2	2005		virus_only	8	0
A/ISRAEL/590/2018		A	H3N2	2018		virus_only	8	0
A/ISRAEL/6/11/2011		A	H3N2	2011		virus_only	8	0
A/ISRAEL/6/1991		A	H3N2	1991		virus_only	7	0
A/ISRAEL/6/1992		A	H3N2	1992		virus_only	7	0
A/ISRAEL/6/1995		A	H3N2	1995		virus_only	6	0
A/ISRAEL/6/1998#ORIGINAL		A	H3N2			virus_only	5	0
A/ISRAEL/6/2002		A	H3N2	2002		virus_only	8	0
A/ISRAEL/6/2009		A	H3N2	2009		virus_only	8	0
A/ISRAEL/603/2018		A	H3N2	2018		virus_only	7	0
A/ISRAEL/604/2018		A	H3N2	2018		virus_only	7	0
A/ISRAEL/61/1997		A	H3N2	1997		virus_only	5	0
A/ISRAEL/61/1998#ORIGINAL		A	H3N2			virus_only	5	0
A/ISRAEL/62/1997		A	H3N2	1997		virus_only	5	0
A/ISRAEL/63/1998#ORIGINAL		A	H3N2			virus_only	5	0
A/ISRAEL/64/2005		A	H3N2	2005		virus_only	8	0
A/ISRAEL/64/2006		A	H3N2	2006		virus_only	8	0
A/ISRAEL/65/2006		A	H3N2	2006		virus_only	8	0
A/ISRAEL/65/2008		A	H3N2	2008		virus_only	8	0
A/ISRAEL/66/2003		A	H3N2	2003		virus_only	6	0
A/ISRAEL/66/2005		A	H3N2	2005		virus_only	8	0
A/ISRAEL/66/2006		A	H3N2	2006		virus_only	8	0
A/ISRAEL/66/2008		A	H3N2	2008		virus_only	8	0
A/ISRAEL/67/1997		A	H3N2	1997		virus_only	5	0
A/ISRAEL/67/1998#ORIGINAL		A	H3N2			virus_only	5	0
A/ISRAEL/68/2006		A	H3N2	2006		virus_only	8	0
A/ISRAEL/7/1991		A	H3N2	1991		virus_only	7	0
A/ISRAEL/7/1992		A	H3N2	1992		virus_only	7	0
A/ISRAEL/7/1997		A	H3N2	1997		virus_only	4	0
A/ISRAEL/7/2005		A	H3N2	2005		virus_only	8	0
A/ISRAEL/7/2009		A	H3N2	2009		virus_only	8	0
A/ISRAEL/70/2005		A	H3N2	2005		virus_only	8	0
A/ISRAEL/70/2006		A	H3N2	2006		virus_only	8	0
A/ISRAEL/71/2000		A	H3N2	2000		virus_only	6	0
A/ISRAEL/72/1996		A	H3N2	1996		virus_only	6	0
A/ISRAEL/72/2000		A	H3N2	2000		virus_only	6	0
A/ISRAEL/73/2003		A	H3N2	2003		virus_only	6	0
A/ISRAEL/73/2006		A	H3N2	2006		virus_only	8	0
A/ISRAEL/74/1996		A	H3N2	1996		virus_only	4	0
A/ISRAEL/74/1998#ORIGINAL		A	H3N2			virus_only	5	0
A/ISRAEL/74/2006		A	H3N2	2006		virus_only	8	0
A/ISRAEL/75/1996		A	H3N2	1996		virus_only	4	0
A/ISRAEL/75/1998#ORIGINAL		A	H3N2			virus_only	5	0
A/ISRAEL/75/2004		A	H3N2	2004		virus_only	8	0
A/ISRAEL/76/1995		A	H3N2	1995		virus_only	6	0
A/ISRAEL/76/2002		A	H3N2	2002		virus_only	6	0
A/ISRAEL/76/2003		A	H3N2	2003		virus_only	6	0
A/ISRAEL/76/2006		A	H3N2	2006		virus_only	8	0
A/ISRAEL/77/1998#ORIGINAL		A	H3N2			virus_only	5	0
A/ISRAEL/77/2005		A	H3N2	2005		virus_only	8	0
A/ISRAEL/78/1996		A	H3N2	1996		virus_only	4	0
A/ISRAEL/78/1997		A	H3N2	1997		virus_only	5	0
A/ISRAEL/78/2000		A	H3N2	2000		virus_only	6	0
A/ISRAEL/78/2006		A	H3N2	2006		virus_only	8	0
A/ISRAEL/79/2002		A	H3N2	2002		virus_only	6	0
A/ISRAEL/79/2006		A	H3N2	2006		virus_only	8	0
A/ISRAEL/8/11/2010		A	H3N2	2010		virus_only	8	0
A/ISRAEL/8/1990		A	H3N2	1990		virus_only	7	0
A/ISRAEL/8/1991		A	H3N2	1991		virus_only	7	0
A/ISRAEL/8/1995		A	H3N2	1995		virus_only	6	0
A/ISRAEL/8/1996		A	H3N2	1996		virus_only	6	0
A/ISRAEL/8/1999		A	H3N2	1999		virus_only	5	0
A/ISRAEL/8/2003		A	H3N2	2003		virus_only	6	0
A/ISRAEL/8/2004		A	H3N2	2004		virus_only	6	0
A/ISRAEL/8/2005		A	H3N2	2005		virus_only	8	0
A/ISRAEL/80/1998#ORIGINAL		A	H3N2			virus_only	5	0
A/ISRAEL/80/2006		A	H3N2	2006		virus_only	8	0
A/ISRAEL/8135/2018		A	H3N2	2018		virus_only	8	0
A/ISRAEL/82/1995		A	H3N2	1995		virus_only	6	0
A/ISRAEL/8285/2003		A	H3N2	2003		virus_only	7	0
A/ISRAEL/83/1998#ORIGINAL		A	H3N2			virus_only	5	0
A/ISRAEL/83/1999		A	H3N2	1999		virus_only	5	0
A/ISRAEL/83/2006		A	H3N2	2006		virus_only	8	0
A/ISRAEL/85/1995		A	H3N2	1995		virus_only	6	0
A/ISRAEL/85/1997		A	H3N2	1997		virus_only	5	0
A/ISRAEL/86/1997		A	H3N2	1997		virus_only	5	0
A/ISRAEL/86/2005		A	H3N2	2005		virus_only	8	0
A/ISRAEL/87/1995		A	H3N2	1995		virus_only	6	0
A/ISRAEL/87/1997		A	H3N2	1997		virus_only	5	0
A/ISRAEL/87/2005		A	H3N2	2005		virus_only	8	0
A/ISRAEL/8701/2018		A	H3N2	2018		virus_only	8	0
A/ISRAEL/89/1995		A	H3N2	1995		virus_only	6	0
A/ISRAEL/89/1997		A	H3N2	1997		virus_only	10	0
A/ISRAEL/8989/2018		A	H3N2	2018		virus_only	8	0
A/ISRAEL/9/1991		A	H3N2	1991		virus_only	7	0
A/ISRAEL/9/1997		A	H3N2	1997		virus_only	4	0
A/ISRAEL/9/1999		A	H3N2	1999		virus_only	5	0
A/ISRAEL/9/2000		A	H3N2	2000		virus_only	6	0
A/ISRAEL/9/2009		A	H3N2	2009		virus_only	8	0
A/ISRAEL/90/1995		A	H3N2	1995		virus_only	6	0
A/ISRAEL/90/1998#ORIGINAL		A	H3N2			virus_only	5	0
A/ISRAEL/91/1998#ORIGINAL		A	H3N2			virus_only	5	0
A/ISRAEL/91/2002		A	H3N2	2002		virus_only	6	0
A/ISRAEL/92/1997		A	H3N2	1997		virus_only	10	0
A/ISRAEL/93/1997		A	H3N2	1997		virus_only	10	0
A/ISRAEL/93/1997#ORIGINAL		A	H3N2			virus_only	5	0
A/ISRAEL/94/1997#ORIGINAL		A	H3N2			virus_only	5	0
A/ISRAEL/95/1998#ORIGINAL		A	H3N2			virus_only	5	0
A/ISRAEL/95/2000		A	H3N2	2000		virus_only	6	0
A/ISRAEL/96/1995		A	H3N2	1995		virus_only	6	0
A/ISRAEL/96/1997#ORIGINAL		A	H3N2			virus_only	5	0
A/ISRAEL/97/1997#ORIGINAL		A	H3N2			virus_only	5	0
A/ISRAEL/97/1998#ORIGINAL		A	H3N2			virus_only	5	0
A/ISRAEL/99/2002		A	H3N2	2002		virus_only	6	0
A/ISRAEL/C558/2017		A	H3N2	2017		virus_only	12	0
A/ISRAEL/C7213/2017		A	H3N2	2017		virus_only	8	0
A/ISRAEL/C791/2017		A	H3N2	2017		virus_only	12	0
A/ISRAEL/D7/2003		A	H3N2	2003		virus_only	7	0
A/ISRAEL/D8/2003		A	H3N2	2003		virus_only	7	0
A/ISRAEL/O6286/2014		A	H3N2	2014		virus_only	12	0
A/ISRAEL/O6994/2014		A	H3N2	2014		virus_only	10	0
A/ISRAEL/O7051/2014		A	H3N2	2014		virus_only	10	0
A/ISRAEL/O7414/2014		A	H3N2	2014		virus_only	10	0
A/ISRAEL/R742/2016		A	H3N2	2016		virus_only	12	0
A/ISRAEL/SK386/2017		A	H3N2	2017		virus_only	8	0
A/ISRAEL/SK521/2017		A	H3N2	2017		virus_only	8	0
A/ISRAEL/Z1035/2014		A	H3N2	2014		virus_only	9	0
A/ISRAEL/Z1047/2014		A	H3N2	2014		virus_only	9	0
A/ISRAEL/Z1048/2014		A	H3N2	2014		virus_only	9	0
A/ISRAEL/Z1206/2014		A	H3N2	2014		virus_only	9	0
A/ISRAEL/Z1213/2014		A	H3N2	2014		virus_only	9	0
A/ISRAEL/Z1222/2014		A	H3N2	2014		virus_only	9	0
A/ISRAEL/Z1225/2014		A	H3N2	2014		virus_only	9	0
A/ISRAEL/Z1227/2014		A	H3N2	2014		virus_only	9	0
A/ISRAEL/Z1257/2014		A	H3N2	2014		virus_only	9	0
A/ISRAEL/Z1263/2014		A	H3N2	2014		virus_only	9	0
A/ISRAEL/Z1267/2014		A	H3N2	2014		virus_only	9	0
A/ISRAEL/Z1277/2014		A	H3N2	2014		virus_only	9	0
A/ISRAEL/Z774/2014		A	H3N2	2014		virus_only	19	0
A/ISRAEL/Z938/2014		A	H3N2	2014		virus_only	9	0
A/ISRAEL/Z941/2014		A	H3N2	2014		virus_only	9	0
A/ISREL/27/2011		A	H3N2	2011		virus_only	9	0
A/ISREL/32/2011		A	H3N2	2011		virus_only	9	0
A/ISREL/38/2011		A	H3N2	2011		virus_only	9	0
A/ISREL/41/2011		A	H3N2	2011		virus_only	9	0
A/ISREL/43/2011		A	H3N2	2011		virus_only	9	0
A/ISREL/47/2011		A	H3N2	2011		virus_only	9	0
A/ISREL/50/2011		A	H3N2	2011		virus_only	9	0
A/ISTANBUL/1006/1999		A	H3N2	1999		virus_only	7	0
A/ISTANBUL/1279/1999		A	H3N2	1999		virus_only	6	0
A/ISTANBUL/1327/1999		A	H3N2	1999		virus_only	6	0
A/ISTANBUL/1628/2014@29		A	H3N2			virus_only	11	0
A/ISTANBUL/180/2006		A	H3N2	2006		virus_only	7	0
A/ISTANBUL/1946182/2016		A	H3N2	2016		virus_only	12	0
A/ISTANBUL/229/2004		A	H3N2	2004		virus_only	7	0
A/ISTANBUL/283/2004		A	H3N2	2004		virus_only	7	0
A/ISTANBUL/285/2004		A	H3N2	2004		virus_only	7	0
A/ISTANBUL/429/2006		A	H3N2	2006		virus_only	7	0
A/ISTANBUL/431/2006		A	H3N2	2006		virus_only	7	0
A/ISTANBUL/458/2006		A	H3N2	2006		virus_only	7	0
A/ISTANBUL/491/2006		A	H3N2	2006		virus_only	7	0
A/ISTANBUL/505/2006		A	H3N2	2006		virus_only	7	0
A/ISTANBUL/527/2006		A	H3N2	2006		virus_only	7	0
A/ISTANBUL/550/2006		A	H3N2	2006		virus_only	7	0
A/ISTANBUL/552/2006		A	H3N2	2006		virus_only	7	0
A/ISTANBUL/587/2006		A	H3N2	2006		virus_only	7	0
A/ISTANBUL/778/2006		A	H3N2	2006		virus_only	7	0
A/ISTANBUL/785/2006		A	H3N2	2006		virus_only	7	0
A/ISTANBUL/791/2006		A	H3N2	2006		virus_only	7	0
A/ISTANBUL/801/2006		A	H3N2	2006		virus_only	7	0
A/ITALY/FVG/29/2014		A	H3N2	2014		virus_only	10	0
A/ITALY/FVG/31/2014		A	H3N2	2014		virus_only	10	0
A/IVACEVICHI/113/2007		A	H3N2	2007		virus_only	10	0
A/IVORYCOAST/362/2006		A	H3N2	2006		virus_only	10	0
A/IVORYCOAST/373/2006		A	H3N2	2006		virus_only	10	0
A/IZMIR/1020/2016		A	H3N2	2016		virus_only	12	0
A/IZMIR/1089/2016		A	H3N2	2016		virus_only	12	0
A/IZMIR/1170/2013		A	H3N2	2013		virus_only	18	0
A/IZMIR/1257/1999		A	H3N2	1999		virus_only	6	0
A/IZMIR/1259/1999		A	H3N2	1999		virus_only	6	0
A/IZMIR/3575/2016		A	H3N2	2016		virus_only	12	0
A/IZMIR/471/2006		A	H3N2	2006		virus_only	7	0
A/IZMIR/522/2006		A	H3N2	2006		virus_only	7	0
A/IZMIR/6/2018		A	H3N2	2018		virus_only	9	0
A/JEONBUK/1170/2007		A	H3N2	2007		virus_only	20	0
A/JIANGSUQINGPU/1660/2015		A	H3N2	2015		virus_only	10	0
A/JIANGXIDONGHU/11101/2014		A	H3N2	2014		virus_only	11	0
A/JIANGXIDONGHU/1218/2015		A	H3N2	2015		virus_only	13	0
A/JIANGXIXUNYANG/1790/2013		A	H3N2	2013		virus_only	9	0
A/JIANGXIYUSHUI/1220/2013		A	H3N2	2013		virus_only	9	0
A/JIHLAVA/83/2012		A	H3N2	2012		virus_only	10	0
A/JIHLAVA/91/2007		A	H3N2	2007		virus_only	30	0
A/JILINYANJI/1179/2015		A	H3N2	2015		virus_only	13	0
A/JOHANNESBURG/1/1994@510		A	H3N2			virus_only	5	0
A/JOHANNESBURG/1/1997		A	H3N2	1997		virus_only	20	0
A/JOHANNESBURG/1/2003		A	H3N2	2003		virus_only	8	0
A/JOHANNESBURG/1/2004		A	H3N2	2004		virus_only	5	0
A/JOHANNESBURG/10/1997		A	H3N2	1997		virus_only	20	0
A/JOHANNESBURG/10/1997#ORIGINAL		A	H3N2			virus_only	14	0
A/JOHANNESBURG/10/1998		A	H3N2	1998		virus_only	5	0
A/JOHANNESBURG/100/1997		A	H3N2	1997		virus_only	9	0
A/JOHANNESBURG/100/2001		A	H3N2	2001		virus_only	6	0
A/JOHANNESBURG/102/1999		A	H3N2	1999		virus_only	6	0
A/JOHANNESBURG/107/2011		A	H3N2	2011		virus_only	12	0
A/JOHANNESBURG/109/1997		A	H3N2	1997		virus_only	9	0
A/JOHANNESBURG/11/1995		A	H3N2	1995		virus_only	6	0
A/JOHANNESBURG/11/2003		A	H3N2	2003		virus_only	8	0
A/JOHANNESBURG/111/1999		A	H3N2	1999		virus_only	6	0
A/JOHANNESBURG/113/2011		A	H3N2	2011		virus_only	12	0
A/JOHANNESBURG/114/2011		A	H3N2	2011		virus_only	12	0
A/JOHANNESBURG/12/1998		A	H3N2	1998		virus_only	5	0
A/JOHANNESBURG/12/2004		A	H3N2	2004		virus_only	5	0
A/JOHANNESBURG/122/2005		A	H3N2	2005		virus_only	8	0
A/JOHANNESBURG/126/1997		A	H3N2	1997		virus_only	9	0
A/JOHANNESBURG/126/2009		A	H3N2	2009		virus_only	11	0
A/JOHANNESBURG/13/1995		A	H3N2	1995		virus_only	6	0
A/JOHANNESBURG/130/1997		A	H3N2	1997		virus_only	9	0
A/JOHANNESBURG/131/2009		A	H3N2	2009		virus_only	16	0
A/JOHANNESBURG/14/1995		A	H3N2	1995		virus_only	6	0
A/JOHANNESBURG/140/2009		A	H3N2	2009		virus_only	11	0
A/JOHANNESBURG/15/1995		A	H3N2	1995		virus_only	6	0
A/JOHANNESBURG/15/1997		A	H3N2	1997		virus_only	6	0
A/JOHANNESBURG/152/2009		A	H3N2	2009		virus_only	17	0
A/JOHANNESBURG/153/2011		A	H3N2	2011		virus_only	12	0
A/JOHANNESBURG/155/2009		A	H3N2	2009		virus_only	11	0
A/JOHANNESBURG/16/1995		A	H3N2	1995		virus_only	6	0
A/JOHANNESBURG/161/2009		A	H3N2	2009		virus_only	11	0
A/JOHANNESBURG/169/2009		A	H3N2	2009		virus_only	9	0
A/JOHANNESBURG/17/1995		A	H3N2	1995		virus_only	6	0
A/JOHANNESBURG/173/2009		A	H3N2	2009		virus_only	10	0
A/JOHANNESBURG/18/1995		A	H3N2	1995		virus_only	6	0
A/JOHANNESBURG/185/2006		A	H3N2	2006		virus_only	9	0
A/JOHANNESBURG/19/1998		A	H3N2	1998		virus_only	5	0
A/JOHANNESBURG/19/2006		A	H3N2	2006		virus_only	9	0
A/JOHANNESBURG/2/1995		A	H3N2	1995		virus_only	5	0
A/JOHANNESBURG/2/2004		A	H3N2	2004		virus_only	5	0
A/JOHANNESBURG/2/2006		A	H3N2	2006		virus_only	9	0
A/JOHANNESBURG/20/1995		A	H3N2	1995		virus_only	5	0
A/JOHANNESBURG/20/1997		A	H3N2	1997		virus_only	6	0
A/JOHANNESBURG/20/2003		A	H3N2	2003		virus_only	8	0
A/JOHANNESBURG/21/1995		A	H3N2	1995		virus_only	5	0
A/JOHANNESBURG/21/2004		A	H3N2	2004		virus_only	5	0
A/JOHANNESBURG/22/1994		A	H3N2	1994		virus_only	7	0
A/JOHANNESBURG/22/1994@707		A	H3N2			virus_only	5	0
A/JOHANNESBURG/22/1995		A	H3N2	1995		virus_only	5	0
A/JOHANNESBURG/23/1995		A	H3N2	1995		virus_only	5	0
A/JOHANNESBURG/23/1997		A	H3N2	1997		virus_only	6	0
A/JOHANNESBURG/230/2009		A	H3N2	2009		virus_only	11	0
A/JOHANNESBURG/239/2009		A	H3N2	2009		virus_only	11	0
A/JOHANNESBURG/24/1995		A	H3N2	1995		virus_only	5	0
A/JOHANNESBURG/24/2008		A	H3N2	2008		virus_only	10	0
A/JOHANNESBURG/245/2006		A	H3N2	2006		virus_only	9	0
A/JOHANNESBURG/25/1995		A	H3N2	1995		virus_only	5	0
A/JOHANNESBURG/25/1997		A	H3N2	1997		virus_only	6	0
A/JOHANNESBURG/25/1998		A	H3N2	1998		virus_only	5	0
A/JOHANNESBURG/251/2009		A	H3N2	2009		virus_only	5	0
A/JOHANNESBURG/255/2009		A	H3N2	2009		virus_only	15	0
A/JOHANNESBURG/26/1995		A	H3N2	1995		virus_only	5	0
A/JOHANNESBURG/27/1995		A	H3N2	1995		virus_only	5	0
A/JOHANNESBURG/27/1998		A	H3N2	1998		virus_only	5	0
A/JOHANNESBURG/27/2011		A	H3N2	2011		virus_only	16	0
A/JOHANNESBURG/271/2006		A	H3N2	2006		virus_only	9	0
A/JOHANNESBURG/277/2006		A	H3N2	2006		virus_only	9	0
A/JOHANNESBURG/28/1995		A	H3N2	1995		virus_only	5	0
A/JOHANNESBURG/28/2003		A	H3N2	2003		virus_only	8	0
A/JOHANNESBURG/29/1995		A	H3N2	1995		virus_only	5	0
A/JOHANNESBURG/3/1995		A	H3N2	1995		virus_only	6	0
A/JOHANNESBURG/3/1997		A	H3N2	1997		virus_only	20	0
A/JOHANNESBURG/30/1995		A	H3N2	1995		virus_only	5	0
A/JOHANNESBURG/30/1997		A	H3N2	1997		virus_only	6	0
A/JOHANNESBURG/301/2005		A	H3N2	2005		virus_only	8	0
A/JOHANNESBURG/31/1995		A	H3N2	1995		virus_only	5	0
A/JOHANNESBURG/311/2006		A	H3N2	2006		virus_only	9	0
A/JOHANNESBURG/315/2006		A	H3N2	2006		virus_only	9	0
A/JOHANNESBURG/32/1997		A	H3N2	1997		virus_only	6	0
A/JOHANNESBURG/32/2000		A	H3N2	2000		virus_only	7	0
A/JOHANNESBURG/3224/2012		A	H3N2	2012		virus_only	10	0
A/JOHANNESBURG/3292/2012		A	H3N2	2012		virus_only	10	0
A/JOHANNESBURG/33/1994@782		A	H3N2			virus_only	5	0
A/JOHANNESBURG/33/1995		A	H3N2	1995		virus_only	5	0
A/JOHANNESBURG/3303/2012		A	H3N2	2012		virus_only	10	0
A/JOHANNESBURG/3345/2012		A	H3N2	2012		virus_only	10	0
A/JOHANNESBURG/339/2006		A	H3N2	2006		virus_only	9	0
A/JOHANNESBURG/3392/2012		A	H3N2	2012		virus_only	10	0
A/JOHANNESBURG/34/1994		A	H3N2	1994		virus_only	7	0
A/JOHANNESBURG/34/1994@827		A	H3N2			virus_only	5	0
A/JOHANNESBURG/34/1995		A	H3N2	1995		virus_only	5	0
A/JOHANNESBURG/34/2010		A	H3N2	2010		virus_only	12	0
A/JOHANNESBURG/340/2006		A	H3N2	2006		virus_only	9	0
A/JOHANNESBURG/344/2006		A	H3N2	2006		virus_only	9	0
A/JOHANNESBURG/345/2009		A	H3N2	2009		virus_only	8	0
A/JOHANNESBURG/3469/2012		A	H3N2	2012		virus_only	10	0
A/JOHANNESBURG/3495/2012		A	H3N2	2012		virus_only	10	0
A/JOHANNESBURG/35/1994		A	H3N2	1994		virus_only	6	0
A/JOHANNESBURG/35/1994@857		A	H3N2			virus_only	5	0
A/JOHANNESBURG/35/2003		A	H3N2	2003		virus_only	8	0
A/JOHANNESBURG/350/2006		A	H3N2	2006		virus_only	9	0
A/JOHANNESBURG/354/2006		A	H3N2	2006		virus_only	9	0
A/JOHANNESBURG/3557/2012		A	H3N2	2012		virus_only	10	0
A/JOHANNESBURG/36/1994@870		A	H3N2			virus_only	5	0
A/JOHANNESBURG/36/1995		A	H3N2	1995		virus_only	5	0
A/JOHANNESBURG/36/2003		A	H3N2	2003		virus_only	8	0
A/JOHANNESBURG/37/1994@879		A	H3N2			virus_only	4	0
A/JOHANNESBURG/37/1995		A	H3N2	1995		virus_only	5	0
A/JOHANNESBURG/38/1994@880		A	H3N2			virus_only	5	0
A/JOHANNESBURG/38/1995		A	H3N2	1995		virus_only	5	0
A/JOHANNESBURG/385/2009		A	H3N2	2009		virus_only	17	0
A/JOHANNESBURG/39/1994@881		A	H3N2			virus_only	5	0
A/JOHANNESBURG/391/2005		A	H3N2	2005		virus_only	8	0
A/JOHANNESBURG/395/2005		A	H3N2	2005		virus_only	8	0
A/JOHANNESBURG/4/1998		A	H3N2	1998		virus_only	5	0
A/JOHANNESBURG/4/2003		A	H3N2	2003		virus_only	8	0
A/JOHANNESBURG/4/2008		A	H3N2	2008		virus_only	10	0
A/JOHANNESBURG/40/1994		A	H3N2	1994		virus_only	7	0
A/JOHANNESBURG/40/1994@885		A	H3N2			virus_only	5	0
A/JOHANNESBURG/40/1996		A	H3N2	1996		virus_only	6	0
A/JOHANNESBURG/40/2000		A	H3N2	2000		virus_only	7	0
A/JOHANNESBURG/41/1994		A	H3N2	1994		virus_only	7	0
A/JOHANNESBURG/41/1994@920		A	H3N2			virus_only	5	0
A/JOHANNESBURG/41/1996		A	H3N2	1996		virus_only	6	0
A/JOHANNESBURG/411/2009		A	H3N2	2009		virus_only	15	0
A/JOHANNESBURG/42/1994		A	H3N2	1994		virus_only	7	0
A/JOHANNESBURG/42/1994@929		A	H3N2			virus_only	5	0
A/JOHANNESBURG/42/1996		A	H3N2	1996		virus_only	6	0
A/JOHANNESBURG/42/1999		A	H3N2	1999		virus_only	6	0
A/JOHANNESBURG/43/1994		A	H3N2	1994		virus_only	7	0
A/JOHANNESBURG/43/1994@941		A	H3N2			virus_only	5	0
A/JOHANNESBURG/43/1996		A	H3N2	1996		virus_only	6	0
A/JOHANNESBURG/44/1994		A	H3N2	1994		virus_only	7	0
A/JOHANNESBURG/44/1994@952		A	H3N2			virus_only	5	0
A/JOHANNESBURG/44/1996		A	H3N2	1996		virus_only	6	0
A/JOHANNESBURG/44/1998		A	H3N2	1998		virus_only	4	0
A/JOHANNESBURG/45/1994		A	H3N2	1994		virus_only	7	0
A/JOHANNESBURG/45/1994@953		A	H3N2			virus_only	5	0
A/JOHANNESBURG/45/1996		A	H3N2	1996		virus_only	6	0
A/JOHANNESBURG/46/1996		A	H3N2	1996		virus_only	6	0
A/JOHANNESBURG/46/2007		A	H3N2	2007		virus_only	20	0
A/JOHANNESBURG/47/1996		A	H3N2	1996		virus_only	6	0
A/JOHANNESBURG/48/1996		A	H3N2	1996		virus_only	6	0
A/JOHANNESBURG/486/2009		A	H3N2	2009		virus_only	11	0
A/JOHANNESBURG/5/1995		A	H3N2	1995		virus_only	6	0
A/JOHANNESBURG/5/2004		A	H3N2	2004		virus_only	5	0
A/JOHANNESBURG/50/1996		A	H3N2	1996		virus_only	6	0
A/JOHANNESBURG/51/1996		A	H3N2	1996		virus_only	6	0
A/JOHANNESBURG/52/1996		A	H3N2	1996		virus_only	6	0
A/JOHANNESBURG/5223/2012		A	H3N2	2012		virus_only	10	0
A/JOHANNESBURG/53/1996		A	H3N2	1996		virus_only	6	0
A/JOHANNESBURG/54/1996		A	H3N2	1996		virus_only	6	0
A/JOHANNESBURG/54/2000		A	H3N2	2000		virus_only	15	0
A/JOHANNESBURG/5471/2012		A	H3N2	2012		virus_only	10	0
A/JOHANNESBURG/55/1996		A	H3N2	1996		virus_only	6	0
A/JOHANNESBURG/556/2009		A	H3N2	2009		virus_only	7	0
A/JOHANNESBURG/5569/2012		A	H3N2	2012		virus_only	10	0
A/JOHANNESBURG/5637/2012		A	H3N2	2012		virus_only	10	0
A/JOHANNESBURG/57/1999		A	H3N2	1999		virus_only	6	0
A/JOHANNESBURG/58/1996		A	H3N2	1996		virus_only	6	0
A/JOHANNESBURG/589/2009		A	H3N2	2009		virus_only	16	0
A/JOHANNESBURG/5903/2012		A	H3N2	2012		virus_only	10	0
A/JOHANNESBURG/6/1995		A	H3N2	1995		virus_only	6	0
A/JOHANNESBURG/6/1997		A	H3N2	1997		virus_only	6	0
A/JOHANNESBURG/6/2004		A	H3N2	2004		virus_only	4	0
A/JOHANNESBURG/60/1996		A	H3N2	1996		virus_only	6	0
A/JOHANNESBURG/61/1996		A	H3N2	1996		virus_only	16	0
A/JOHANNESBURG/62/1996		A	H3N2	1996		virus_only	6	0
A/JOHANNESBURG/63/1996		A	H3N2	1996		virus_only	6	0
A/JOHANNESBURG/64/1996		A	H3N2	1996		virus_only	6	0
A/JOHANNESBURG/65/1997		A	H3N2	1997		virus_only	9	0
A/JOHANNESBURG/66/1998		A	H3N2	1998		virus_only	4	0
A/JOHANNESBURG/66/1999		A	H3N2	1999		virus_only	6	0
A/JOHANNESBURG/66/2007		A	H3N2	2007		virus_only	20	0
A/JOHANNESBURG/67/1996		A	H3N2	1996		virus_only	6	0
A/JOHANNESBURG/68/1997		A	H3N2	1997		virus_only	9	0
A/JOHANNESBURG/69/1996		A	H3N2	1996		virus_only	6	0
A/JOHANNESBURG/7/1995		A	H3N2	1995		virus_only	6	0
A/JOHANNESBURG/7/1998		A	H3N2	1998		virus_only	5	0
A/JOHANNESBURG/70/1996		A	H3N2	1996		virus_only	6	0
A/JOHANNESBURG/70/1997		A	H3N2	1997		virus_only	9	0
A/JOHANNESBURG/70/1998		A	H3N2	1998		virus_only	4	0
A/JOHANNESBURG/71/1996		A	H3N2	1996		virus_only	6	0
A/JOHANNESBURG/72/1997		A	H3N2	1997		virus_only	9	0
A/JOHANNESBURG/72/1999		A	H3N2	1999		virus_only	6	0
A/JOHANNESBURG/73/1996		A	H3N2	1996		virus_only	6	0
A/JOHANNESBURG/73/1997		A	H3N2	1997		virus_only	9	0
A/JOHANNESBURG/73/2011		A	H3N2	2011		virus_only	12	0
A/JOHANNESBURG/74/1996		A	H3N2	1996		virus_only	6	0
A/JOHANNESBURG/74/2007		A	H3N2	2007		virus_only	20	0
A/JOHANNESBURG/75/1996		A	H3N2	1996		virus_only	6	0
A/JOHANNESBURG/75/2009		A	H3N2	2009		virus_only	16	0
A/JOHANNESBURG/76/1996		A	H3N2	1996		virus_only	6	0
A/JOHANNESBURG/77/1996		A	H3N2	1996		virus_only	6	0
A/JOHANNESBURG/78/1996		A	H3N2	1996		virus_only	6	0
A/JOHANNESBURG/78/2011		A	H3N2	2011		virus_only	12	0
A/JOHANNESBURG/79/1998		A	H3N2	1998		virus_only	4	0
A/JOHANNESBURG/79/2011		A	H3N2	2011		virus_only	12	0
A/JOHANNESBURG/8/1995		A	H3N2	1995		virus_only	6	0
A/JOHANNESBURG/80/1996		A	H3N2	1996		virus_only	6	0
A/JOHANNESBURG/80/1999		A	H3N2	1999		virus_only	13	0
A/JOHANNESBURG/81/1996		A	H3N2	1996		virus_only	6	0
A/JOHANNESBURG/83/1996		A	H3N2	1996		virus_only	6	0
A/JOHANNESBURG/85/1996		A	H3N2	1996		virus_only	6	0
A/JOHANNESBURG/86/1996		A	H3N2	1996		virus_only	6	0
A/JOHANNESBURG/86/2001		A	H3N2	2001		virus_only	6	0
A/JOHANNESBURG/87/1996		A	H3N2	1996		virus_only	6	0
A/JOHANNESBURG/91/2007		A	H3N2	2007		virus_only	20	0
A/JOHANNESBURG/92/1999		A	H3N2	1999		virus_only	26	0
A/JOHANNESBURG/92/2001		A	H3N2	2001		virus_only	6	0
A/JOHANNESBURG/92/2007		A	H3N2	2007		virus_only	20	0
A/JOHANNESBURG/94/2011		A	H3N2	2011		virus_only	12	0
A/JOHANNESBURG/95/1997		A	H3N2	1997		virus_only	9	0
A/JOHANNESBURG/96/1997		A	H3N2	1997		virus_only	9	0
A/JOHANNESBURG/97/1997		A	H3N2	1997		virus_only	9	0
A/JOHANNESBURG/99/2011		A	H3N2	2011		virus_only	12	0
A/JORDAN/20006/2014		A	H3N2	2014		virus_only	18	0
A/JORDAN/20028/2014		A	H3N2	2014		virus_only	22	0
A/JORDAN/20053/2014		A	H3N2	2014		virus_only	19	0
A/JORDAN/20110030568/2011		A	H3N2	2011		virus_only	9	0
A/JORDAN/20110030585/2011		A	H3N2	2011		virus_only	9	0
A/JORDAN/20110030655/2011		A	H3N2	2011		virus_only	9	0
A/JORDAN/20110030687/2011		A	H3N2	2011		virus_only	9	0
A/JORDAN/20110030706/2011		A	H3N2	2011		virus_only	9	0
A/JORDAN/20110030713/2011		A	H3N2	2011		virus_only	9	0
A/JORDAN/20110030717/2011		A	H3N2	2011		virus_only	9	0
A/JORDAN/20110030729/2011		A	H3N2	2011		virus_only	9	0
A/JORDAN/20110030732/2011		A	H3N2	2011		virus_only	9	0
A/JORDAN/20110030749/2011		A	H3N2	2011		virus_only	8	0
A/JORDAN/20110030776/2011		A	H3N2	2011		virus_only	9	0
A/JORDAN/20110030777/2011		A	H3N2	2011		virus_only	9	0
A/JORDAN/20110030780/2011		A	H3N2	2011		virus_only	9	0
A/JORDAN/20157/2017		A	H3N2	2017		virus_only	24	0
A/JORDAN/20160020743/2016		A	H3N2	2016		virus_only	12	0
A/JORDAN/20170020054/2017		A	H3N2	2017		virus_only	10	0
A/JORDAN/20170020076/2017		A	H3N2	2017		virus_only	12	0
A/JORDAN/20524/2013		A	H3N2	2013		virus_only	18	0
A/JORDAN/20539/2013		A	H3N2	2013		virus_only	18	0
A/JORDAN/20551/2013		A	H3N2	2013		virus_only	18	0
A/JORDAN/20561/2013		A	H3N2	2013		virus_only	10	0
A/JORDAN/20564/2013		A	H3N2	2013		virus_only	10	0
A/JORDAN/20565/2013		A	H3N2	2013		virus_only	18	0
A/JORDAN/30003/2012		A	H3N2	2012		virus_only	11	0
A/JORDAN/30006/2012		A	H3N2	2012		virus_only	11	0
A/JORDAN/30014/2014		A	H3N2	2014		virus_only	10	0
A/JORDAN/30022/2014		A	H3N2	2014		virus_only	19	0
A/JORDAN/30031/2014		A	H3N2	2014		virus_only	19	0
A/JORDAN/30062/2014		A	H3N2	2014		virus_only	19	0
A/JORDAN/30076/2019		A	H3N2	2019		virus_only	8	0
A/JORDAN/30121/2019		A	H3N2	2019		virus_only	8	0
A/JORDAN/30226/2015		A	H3N2	2015		virus_only	12	0
A/JORDAN/30483/2014		A	H3N2	2014		virus_only	10	0
A/JORDAN/30485/2014		A	H3N2	2014		virus_only	11	0
A/JORDAN/30502/2012		A	H3N2	2012		virus_only	11	0
A/JORDAN/30517/2013		A	H3N2	2013		virus_only	18	0
A/JORDAN/30536/2012		A	H3N2	2012		virus_only	10	0
A/JORDAN/30539/2012		A	H3N2	2012		virus_only	10	0
A/JORDAN/30541/2013		A	H3N2	2013		virus_only	18	0
A/JORDAN/30577/2013		A	H3N2	2013		virus_only	18	0
A/JORDAN/30586/2013		A	H3N2	2013		virus_only	18	0
A/JORDAN/30609/2013		A	H3N2	2013		virus_only	18	0
A/JORDAN/30654/2013		A	H3N2	2013		virus_only	18	0
A/JORDAN/30657/2013		A	H3N2	2013		virus_only	18	0
A/JORDAN/30661/2013		A	H3N2	2013		virus_only	18	0
A/JORDAN/30669/2013		A	H3N2	2013		virus_only	18	0
A/JORDAN/30677/2013		A	H3N2	2013		virus_only	18	0
A/JORDAN/30694/2013		A	H3N2	2013		virus_only	18	0
A/JORDAN/30698/2013		A	H3N2	2013		virus_only	18	0
A/JORDAN/30707/2013		A	H3N2	2013		virus_only	18	0
A/JORDAN/30714/2013		A	H3N2	2013		virus_only	18	0
A/JORDAN/4470/2016		A	H3N2	2016		virus_only	14	0
A/JORDAN/IIIJ15447001NT/2016		A	H3N2	2016		virus_only	12	0
A/JORDAN/J164294/2017		A	H3N2	2017		virus_only	24	0
A/JUJUY/2915/2014		A	H3N2	2014		virus_only	11	0
A/KAGOSHIMA/3/2012		A	H3N2	2012		virus_only	10	0
A/KALAMATAGR/540/2017		A	H3N2	2017		virus_only	12	0
A/KALININGRAD/1/2006		A	H3N2	2006		virus_only	9	0
A/KALININGRAD/1/2013		A	H3N2	2013		virus_only	11	0
A/KALININGRAD/15/2009		A	H3N2	2009		virus_only	9	0
A/KALININGRAD/2/2014		A	H3N2	2014		virus_only	20	0
A/KALININGRAD/20/2006		A	H3N2	2006		virus_only	9	0
A/KALININGRAD/23/2009		A	H3N2	2009		virus_only	9	0
A/KALININGRAD/24/2006		A	H3N2	2006		virus_only	9	0
A/KALININGRAD/4/2006		A	H3N2	2006		virus_only	9	0
A/KALININGRAD/4/2012		A	H3N2	2012		virus_only	10	0
A/KALININGRAD/4/2015		A	H3N2	2015		virus_only	11	0
A/KALININGRAD/41/2018		A	H3N2	2018		virus_only	8	0
A/KALININGRAD/44/2006		A	H3N2	2006		virus_only	8	0
A/KANAGANA/99/1998		A	H3N2	1998		virus_only	5	0
A/KANAGAWA/141/2013		A	H3N2	2013		virus_only	9	0
A/KANAGAWA/AC1624/2017		A	H3N2	2017		virus_only	9	0
A/KANAGAWA/IC1618/2017		A	H3N2	2017		virus_only	9	0
A/KANAGAWA/ZC1617/2017		A	H3N2	2017		virus_only	8	0
A/KARDITSA/139/2000		A	H3N2	2000		virus_only	6	0
A/KARLOVYVARY/46/2012		A	H3N2	2012		virus_only	10	0
A/KARLSTAD/1/1996		A	H3N2	1996		virus_only	6	0
A/KASTORIE/80/2009		A	H3N2	2009		virus_only	9	0
A/KAUNAS/1044/2011		A	H3N2	2011		virus_only	20	0
A/KAVALA/132/2000		A	H3N2	2000		virus_only	6	0
A/KAWASAKI/1/1991		A	H3N2	1991		virus_only	7	0
A/KAWASAKI/262/2004		A	H3N2	2004		virus_only	7	0
A/KAZAKHSTAN/2053/2011		A	H3N2	2011		virus_only	10	0
A/KAZAKHSTAN/2055/2011		A	H3N2	2011		virus_only	10	0
A/KAZAKHSTAN/2108/2011		A	H3N2	2011		virus_only	10	0
A/KAZAKHSTAN/2112/2011		A	H3N2	2011		virus_only	10	0
A/KAZAKHSTAN/2140/2011		A	H3N2	2011		virus_only	10	0
A/KAZAKHSTAN/2158/2011		A	H3N2	2011		virus_only	10	0
A/KAZAKHSTAN/2295/2011		A	H3N2	2011		virus_only	10	0
A/KAZAKHSTAN/2304/2011		A	H3N2	2011		virus_only	20	0
A/KAZAKHSTAN/2383NRLKZ/2012		A	H3N2	2012		virus_only	9	0
A/KAZAKHSTAN/2384NRLKZ/2012		A	H3N2	2012		virus_only	9	0
A/KAZAKHSTAN/2408NRLKZ/2012		A	H3N2	2012		virus_only	9	0
A/KAZAKHSTAN/2969/2013		A	H3N2	2013		virus_only	9	0
A/KAZAKHSTAN/2999/2013		A	H3N2	2013		virus_only	9	0
A/KAZAKHSTAN/3118/2013		A	H3N2	2013		virus_only	9	0
A/KAZAKHSTAN/3121/2013		A	H3N2	2013		virus_only	9	0
A/KAZAKHSTAN/3197/2013		A	H3N2	2013		virus_only	9	0
A/KAZAKHSTAN/3263/2013		A	H3N2	2013		virus_only	9	0
A/KAZAKHSTAN/3281/2013		A	H3N2	2013		virus_only	9	0
A/KAZAKHSTAN/3291/2013		A	H3N2	2013		virus_only	9	0
A/KAZAKHSTAN/3318/2013		A	H3N2	2013		virus_only	9	0
A/KAZAKHSTAN/3319/2013		A	H3N2	2013		virus_only	9	0
A/KAZAKHSTAN/3344/2013		A	H3N2	2013		virus_only	9	0
A/KAZAKHSTAN/3370/2013		A	H3N2	2013		virus_only	9	0
A/KAZAKHSTAN/3371/2013		A	H3N2	2013		virus_only	9	0
A/KAZAKHSTAN/3372/2013		A	H3N2	2013		virus_only	9	0
A/KAZAKHSTAN/3393/2014		A	H3N2	2014		virus_only	9	0
A/KAZAKHSTAN/3480/2014		A	H3N2	2014		virus_only	9	0
A/KAZAKHSTAN/3597/2014		A	H3N2	2014		virus_only	9	0
A/KAZAKHSTAN/3602/2014		A	H3N2	2014		virus_only	9	0
A/KAZAKHSTAN/3603/2014		A	H3N2	2014		virus_only	9	0
A/KAZAKHSTAN/3605/2014		A	H3N2	2014		virus_only	9	0
A/KAZAKHSTAN/3606/2014		A	H3N2	2014		virus_only	9	0
A/KAZAKHSTAN/3645/2014		A	H3N2	2014		virus_only	9	0
A/KAZAKHSTAN/3661/2014		A	H3N2	2014		virus_only	10	0
A/KAZAKHSTAN/3663/2014		A	H3N2	2014		virus_only	10	0
A/KAZAKHSTAN/3666/2014		A	H3N2	2014		virus_only	10	0
A/KAZAKHSTAN/3667/2014		A	H3N2	2014		virus_only	10	0
A/KAZAKHSTAN/3698/2014		A	H3N2	2014		virus_only	9	0
A/KAZAKHSTAN/3776/2014		A	H3N2	2014		virus_only	9	0
A/KAZAKHSTAN/3781/2014		A	H3N2	2014		virus_only	11	0
A/KAZAKHSTAN/3782/2014		A	H3N2	2014		virus_only	11	0
A/KAZAKHSTAN/3784/2014		A	H3N2	2014		virus_only	11	0
A/KAZAKHSTAN/3785/2014		A	H3N2	2014		virus_only	11	0
A/KAZAKHSTAN/3790/2014		A	H3N2	2014		virus_only	11	0
A/KAZAKHSTAN/3791/2014		A	H3N2	2014		virus_only	11	0
A/KAZAKHSTAN/3793/2014		A	H3N2	2014		virus_only	11	0
A/KAZAKHSTAN/3797/2015		A	H3N2	2015		virus_only	11	0
A/KAZAKHSTAN/3798/2014		A	H3N2	2014		virus_only	11	0
A/KAZAKHSTAN/4766/2016		A	H3N2	2016		virus_only	12	0
A/KENTUCKY/05/2011		A	H3N2	2011		virus_only	9	0
A/KHABAROVSK/1/2003		A	H3N2	2003		virus_only	6	0
A/KHABAROVSK/1/2015		A	H3N2	2015		virus_only	11	0
A/KHABAROVSK/1/2016		A	H3N2	2016		virus_only	12	0
A/KHABAROVSK/10/2006		A	H3N2	2006		virus_only	8	0
A/KHABAROVSK/10/2008		A	H3N2	2008		virus_only	10	0
A/KHABAROVSK/109/2003		A	H3N2	2003		virus_only	6	0
A/KHABAROVSK/12/2015		A	H3N2	2015		virus_only	14	0
A/KHABAROVSK/13/2003		A	H3N2	2003		virus_only	6	0
A/KHABAROVSK/136/2004		A	H3N2	2004		virus_only	6	0
A/KHABAROVSK/2/2003		A	H3N2	2003		virus_only	6	0
A/KHABAROVSK/2054/1996		A	H3N2	1996		virus_only	6	0
A/KHABAROVSK/28/2007		A	H3N2	2007		virus_only	10	0
A/KHABAROVSK/29/2006		A	H3N2	2006		virus_only	8	0
A/KHABAROVSK/3/2003		A	H3N2	2003		virus_only	6	0
A/KHABAROVSK/3/2015		A	H3N2	2015		virus_only	13	0
A/KHABAROVSK/34/2003		A	H3N2	2003		virus_only	6	0
A/KHABAROVSK/36/2005		A	H3N2	2005		virus_only	6	0
A/KHABAROVSK/361/2003		A	H3N2	2003		virus_only	6	0
A/KHABAROVSK/4/2000		A	H3N2	2000		virus_only	6	0
A/KHABAROVSK/4/2003		A	H3N2	2003		virus_only	6	0
A/KHABAROVSK/4/2005		A	H3N2	2005		virus_only	6	0
A/KHABAROVSK/41/2008		A	H3N2	2008		virus_only	10	0
A/KHABAROVSK/41363/1993		A	H3N2	1993		virus_only	7	0
A/KHABAROVSK/44/2003		A	H3N2	2003		virus_only	6	0
A/KHABAROVSK/470/2007		A	H3N2	2007		virus_only	10	0
A/KHABAROVSK/49/2006		A	H3N2	2006		virus_only	8	0
A/KHABAROVSK/5/2003		A	H3N2	2003		virus_only	6	0
A/KHABAROVSK/5/2008		A	H3N2	2008		virus_only	10	0
A/KHABAROVSK/528/2007		A	H3N2	2007		virus_only	10	0
A/KHABAROVSK/7084/1998		A	H3N2	1998		virus_only	5	0
A/KHABAROVSK/7372/1999		A	H3N2	1999		virus_only	5	0
A/KHABAROVSK/8540/2002		A	H3N2	2002		virus_only	6	0
A/KHABAROVSK/8549/2002		A	H3N2	2002		virus_only	6	0
A/KHABAROVSK/9/2003		A	H3N2	2003		virus_only	6	0
A/KHABAROVSK/9/2005		A	H3N2	2005		virus_only	6	0
A/KHABOROVSK/46967/1994		A	H3N2	1994		virus_only	6	0
A/KHABOROVSK/47109/1994		A	H3N2	1994		virus_only	5	0
A/KHABOROVSK/47314/1994		A	H3N2	1994		virus_only	5	0
A/KHARKIV/444/2018		A	H3N2	2018		virus_only	8	0
A/KHARKIV/446/2018		A	H3N2	2018		virus_only	8	0
A/KHARKOV/200/2014		A	H3N2	2014		virus_only	10	0
A/KHARKOV/201/2014		A	H3N2	2014		virus_only	10	0
A/KHARKOV/203/2014		A	H3N2	2014		virus_only	9	0
A/KHAZKOV/38/1991		A	H3N2	1991		virus_only	6	0
A/KHMELNITSKY/138/2017		A	H3N2	2017		virus_only	11	0
A/KHMELNITSKY/143/2017		A	H3N2	2017		virus_only	7	0
A/KHMELNITSKY/145/2017		A	H3N2	2017		virus_only	12	0
A/KHMELNITSKY/147/2017		A	H3N2	2017		virus_only	12	0
A/KHMELNITSKY/148/2017		A	H3N2	2017		virus_only	12	0
A/KHMELNITSKY/150/2017		A	H3N2	2017		virus_only	12	0
A/KHMELNITSKY/1958/2016		A	H3N2	2016		virus_only	12	0
A/KHMELNITSKY/1981/2016		A	H3N2	2016		virus_only	12	0
A/KHMELNITSKY/1990/2016		A	H3N2	2016		virus_only	12	0
A/KHMELNITSKY/2245/2016		A	H3N2	2016		virus_only	12	0
A/KHMELNITSKY/240/2014		A	H3N2	2014		virus_only	24	0
A/KHMELNITSKY/243/2014		A	H3N2	2014		virus_only	11	0
A/KHMELNITSKY/244/2014		A	H3N2	2014		virus_only	24	0
A/KHMELNITSKY/245/2014		A	H3N2	2014		virus_only	24	0
A/KHMELNITSKY/246/2014		A	H3N2	2014		virus_only	24	0
A/KHMELNITSKY/247/2014		A	H3N2	2014		virus_only	24	0
A/KHMELNITSKY/2479/2016		A	H3N2	2016		virus_only	12	0
A/KHMELNITSKY/248/2014		A	H3N2	2014		virus_only	24	0
A/KHMELNITSKY/249/2014		A	H3N2	2014		virus_only	24	0
A/KHMELNITSKY/250/2014		A	H3N2	2014		virus_only	11	0
A/KHMELNITSKY/466/2015		A	H3N2	2015		virus_only	17	0
A/KHMELNITSKY/467/2015		A	H3N2	2015		virus_only	11	0
A/KHMELNYTSKYI/145/2019		A	H3N2	2019		virus_only	8	0
A/KHMELNYTSKYI/148/2019		A	H3N2	2019		virus_only	8	0
A/KHMELNYTSKYI/149/2019		A	H3N2	2019		virus_only	8	0
A/KHMELNYTSKYI/155/2019		A	H3N2	2019		virus_only	8	0
A/KHMELNYTSKYI/544/2018		A	H3N2	2018		virus_only	8	0
A/KHMELNYTSKYI/545/2018		A	H3N2	2018		virus_only	8	0
A/KHMELNYTSKYI/547/2018		A	H3N2	2018		virus_only	8	0
A/KHORASAN/8032/2011		A	H3N2	2011		virus_only	9	0
A/KHORASAN/8320/2011		A	H3N2	2011		virus_only	9	0
A/KIEV/11/2009		A	H3N2	2009		virus_only	8	0
A/KIEV/113/2007		A	H3N2	2007		virus_only	9	0
A/KIEV/115/2007		A	H3N2	2007		virus_only	9	0
A/KIEV/136/2006		A	H3N2	2006		virus_only	8	0
A/KIEV/20/2009		A	H3N2	2009		virus_only	8	0
A/KIEV/213/2006		A	H3N2	2006		virus_only	8	0
A/KIEV/26/2009		A	H3N2	2009		virus_only	8	0
A/KIEV/367/2006		A	H3N2	2006		virus_only	8	0
A/KIEV/38/2009		A	H3N2	2009		virus_only	8	0
A/KIEV/43/2009		A	H3N2	2009		virus_only	8	0
A/KIEV/451/2007		A	H3N2	2007		virus_only	18	0
A/KIEV/461/2007		A	H3N2	2007		virus_only	9	0
A/KIEV/47/2009		A	H3N2	2009		virus_only	8	0
A/KIEV/49/2009		A	H3N2	2009		virus_only	8	0
A/KIEV/491/2007		A	H3N2	2007		virus_only	9	0
A/KIEV/516/2007		A	H3N2	2007		virus_only	9	0
A/KIEV/52/2009		A	H3N2	2009		virus_only	8	0
A/KIEV/54/2009		A	H3N2	2009		virus_only	8	0
A/KIEV/543/2007		A	H3N2	2007		virus_only	18	0
A/KIEV/546/2007		A	H3N2	2007		virus_only	9	0
A/KIEV/60/2009		A	H3N2	2009		virus_only	8	0
A/KIEV/68/2009		A	H3N2	2009		virus_only	8	0
A/KIEV/71/2009		A	H3N2	2009		virus_only	8	0
A/KIEVREGION/104/2007		A	H3N2	2007		virus_only	9	0
A/KIEVREGION/74/2009		A	H3N2	2009		virus_only	8	0
A/KILKIS/61/23009		A	H3N2			virus_only	9	0
A/KITAKYUSHU/2/2004		A	H3N2	2004		virus_only	7	0
A/KITAKYUSYU/1/1991		A	H3N2	1991		virus_only	7	0
A/KMELNITSK/350/2013		A	H3N2	2013		virus_only	11	0
A/KMELNITSK/477/2013		A	H3N2	2013		virus_only	11	0
A/KOBE/241/2011		A	H3N2	2011		virus_only	9	0
A/KOBE/9/2007		A	H3N2	2007		virus_only	10	0
A/KOLN/1/1993		A	H3N2	1993		virus_only	6	0
A/KOLN/1/1995		A	H3N2	1995		virus_only	6	0
A/KOMARNO/58/2018		A	H3N2	2018		virus_only	8	0
A/KOMARNO/618/2015		A	H3N2	2015		virus_only	11	0
A/KOMARNO/93/2016		A	H3N2	2016		virus_only	12	0
A/KOMOTINI/154/2000		A	H3N2	2000		virus_only	6	0
A/KOROGHO/GR1307/2011		A	H3N2	2011		virus_only	9	0
A/KOROGHO/R1295/2011		A	H3N2	2011		virus_only	4	0
A/KOROGHO/R1307/2011		A	H3N2	2011		virus_only	9	0
A/KOSICE/128/2015		A	H3N2	2015		virus_only	18	0
A/KOSICE/182/2017		A	H3N2	2017		virus_only	12	0
A/KOSICE/2/1996		A	H3N2	1996		virus_only	6	0
A/KOSOVO/1130/2019		A	H3N2	2019		virus_only	8	0
A/KOSOVO/1188/2019		A	H3N2	2019		virus_only	8	0
A/KOZANI/138/2000		A	H3N2	2000		virus_only	6	0
A/KOZANI/141/2000		A	H3N2	2000		virus_only	6	0
A/KRAGUJEVAC/2337/2014		A	H3N2	2014		virus_only	10	0
A/KRAGUJEVAC/2340/2014		A	H3N2	2014		virus_only	10	0
A/KRAGUJEVAC/2378/2014		A	H3N2	2014		virus_only	10	0
A/KRALJEVO/1420/2014		A	H3N2	2014		virus_only	9	0
A/KRASNOYARSK/23/2005		A	H3N2	2005		virus_only	6	0
A/KRASNOYARSK/RII07/2017		A	H3N2	2017		virus_only	12	0
A/KUMAMOTOC/36/2011		A	H3N2	2011		virus_only	12	0
A/KURGAN/24/2016		A	H3N2	2016		virus_only	12	0
A/KUTAHYA/3503/2016		A	H3N2	2016		virus_only	12	0
A/KYIV/463/2018		A	H3N2	2018		virus_only	8	0
A/KYIV/487/2018		A	H3N2	2018		virus_only	8	0
A/KYIV/491/2018		A	H3N2	2018		virus_only	8	0
A/KYIV/493/2018		A	H3N2	2018		virus_only	8	0
A/KYIV/510/2018		A	H3N2	2018		virus_only	8	0
A/KYIV/532/2018		A	H3N2	2018		virus_only	7	0
A/KYIV/84/2017		A	H3N2	2017		virus_only	12	0
A/KYIV/920/2016		A	H3N2	2016		virus_only	12	0
A/KYIV/923/2016		A	H3N2	2016		virus_only	12	0
A/KYIV/926/2016		A	H3N2	2016		virus_only	12	0
A/KYOTOC/11/2003		A	H3N2	2003		virus_only	7	0
A/KYRGYZSTAN/11/2017		A	H3N2	2017		virus_only	12	0
A/KYRGYZSTAN/15/2017		A	H3N2	2017		virus_only	12	0
A/KYRGYZSTAN/166/2019		A	H3N2	2019		virus_only	9	0
A/KYRGYZSTAN/168/2019		A	H3N2	2019		virus_only	9	0
A/KYRGYZSTAN/21/2016		A	H3N2	2016		virus_only	12	0
A/KYRGYZSTAN/28/2016		A	H3N2	2016		virus_only	13	0
A/KYRGYZSTAN/29/2016		A	H3N2	2016		virus_only	13	0
A/KYRGYZSTAN/305/2019		A	H3N2	2019		virus_only	9	0
A/KYRGYZSTANBISHKEK/63/2020		A	H3N2	2020		virus_only	9	0
A/KYRGYZSTANBISHKEK/65/2020		A	H3N2	2020		virus_only	9	0
A/LAAYOUNE/206/2009		A	H3N2	2009		virus_only	9	0
A/LAMIAGR/79/2014		A	H3N2	2014		virus_only	20	0
A/LAOS/F2884/2016		A	H3N2	2016		virus_only	12	0
A/LAPEYRADE/250/2000		A	H3N2	2000		virus_only	6	0
A/LAPEYRADE/368/2000		A	H3N2	2000		virus_only	6	0
A/LAPLATA/54106/2008		A	H3N2	2008		virus_only	20	0
A/LAPLATA/54149/2008		A	H3N2	2008		virus_only	20	0
A/LAPLATA/65507/2011		A	H3N2	2011		virus_only	8	0
A/LAREUNION/1001/2002		A	H3N2	2002		virus_only	6	0
A/LAREUNION/1004/2002		A	H3N2	2002		virus_only	6	0
A/LAREUNION/1017/2002		A	H3N2	2002		virus_only	5	0
A/LAREUNION/1147/2002		A	H3N2	2002		virus_only	5	0
A/LAREUNION/1245/2008		A	H3N2	2008		virus_only	8	0
A/LAREUNION/1248/2008		A	H3N2	2008		virus_only	8	0
A/LAREUNION/1413/1999		A	H3N2	1999		virus_only	6	0
A/LAREUNION/1456/2011		A	H3N2	2011		virus_only	8	0
A/LAREUNION/1457/2011		A	H3N2	2011		virus_only	16	0
A/LAREUNION/1459/2011		A	H3N2	2011		virus_only	8	0
A/LAREUNION/1499/2011		A	H3N2	2011		virus_only	16	0
A/LAREUNION/1523/2011		A	H3N2	2011		virus_only	16	0
A/LAREUNION/1552/2011		A	H3N2	2011		virus_only	16	0
A/LAREUNION/1956/2011		A	H3N2	2011		virus_only	9	0
A/LAREUNION/1967/2018		A	H3N2	2018		virus_only	9	0
A/LAREUNION/1970/2018		A	H3N2	2018		virus_only	9	0
A/LAREUNION/2055/2011		A	H3N2	2011		virus_only	9	0
A/LAREUNION/943/2002		A	H3N2	2002		virus_only	6	0
A/LARIOJA/2050/2014		A	H3N2	2014		virus_only	10	0
A/LARIOJA/2051/2014		A	H3N2	2014		virus_only	10	0
A/LARIOJA/2052/2014		A	H3N2	2014		virus_only	10	0
A/LARIOJA/2053/2014		A	H3N2	2014		virus_only	10	0
A/LARIOJA/2189/2018		A	H3N2	2018		virus_only	8	0
A/LARIOJA/2190/2018		A	H3N2	2018		virus_only	8	0
A/LARIOJA/2192/2018		A	H3N2	2018		virus_only	8	0
A/LARIOJA/2197/2018		A	H3N2	2018		virus_only	8	0
A/LARIOJA/2206/2018		A	H3N2	2018		virus_only	8	0
A/LARIOJA/RR3415/2008		A	H3N2	2008		virus_only	18	0
A/LARIOJA/RR8958/2011		A	H3N2	2011		virus_only	9	0
A/LARIOJA/RR8961/2011		A	H3N2	2011		virus_only	9	0
A/LARISSA/10/2007		A	H3N2	2007		virus_only	8	0
A/LARISSA/167/2000		A	H3N2	2000		virus_only	6	0
A/LAROCHELLE/85/2019		A	H3N2	2019		virus_only	8	0
A/LAROCHESURYON/12344177/2002		A	H3N2	2002		virus_only	8	0
A/LASI/20/2009		A	H3N2	2009		virus_only	8	0
A/LASI/22/2009		A	H3N2	2009		virus_only	8	0
A/LATVIA/01024575/2017		A	H3N2	2017		virus_only	12	0
A/LATVIA/02013062/2019		A	H3N2	2019		virus_only	8	0
A/LATVIA/02033614/2019		A	H3N2	2019		virus_only	8	0
A/LATVIA/02053853/2019		A	H3N2	2019		virus_only	8	0
A/LATVIA/02056748/2017		A	H3N2	2017		virus_only	12	0
A/LATVIA/02057392/2017		A	H3N2	2017		virus_only	12	0
A/LATVIA/02062187/2017		A	H3N2	2017		virus_only	12	0
A/LATVIA/02073821/2019		A	H3N2	2019		virus_only	8	0
A/LATVIA/02073849/2019		A	H3N2	2019		virus_only	8	0
A/LATVIA/03012433/2019		A	H3N2	2019		virus_only	8	0
A/LATVIA/03013033/2014		A	H3N2	2014		virus_only	11	0
A/LATVIA/03018148/2014		A	H3N2	2014		virus_only	11	0
A/LATVIA/03026603/2014		A	H3N2	2014		virus_only	11	0
A/LATVIA/04003626/2017		A	H3N2	2017		virus_only	12	0
A/LATVIA/04003950/2014		A	H3N2	2014		virus_only	20	0
A/LATVIA/04011765/2014		A	H3N2	2014		virus_only	20	0
A/LATVIA/1002/2000		A	H3N2	2000		virus_only	5	0
A/LATVIA/10041/1999		A	H3N2	1999		virus_only	6	0
A/LATVIA/1009/2004		A	H3N2	2004		virus_only	6	0
A/LATVIA/1015/2000		A	H3N2	2000		virus_only	5	0
A/LATVIA/10194/1999		A	H3N2	1999		virus_only	6	0
A/LATVIA/10230/1999		A	H3N2	1999		virus_only	6	0
A/LATVIA/10366/1999		A	H3N2	1999		virus_only	6	0
A/LATVIA/10374/1999		A	H3N2	1999		virus_only	6	0
A/LATVIA/10394/1999		A	H3N2	1999		virus_only	6	0
A/LATVIA/10481/1999		A	H3N2	1999		virus_only	6	0
A/LATVIA/1070/2000		A	H3N2	2000		virus_only	5	0
A/LATVIA/10793/1999		A	H3N2	1999		virus_only	6	0
A/LATVIA/1097/2000		A	H3N2	2000		virus_only	5	0
A/LATVIA/10989/1999		A	H3N2	1999		virus_only	6	0
A/LATVIA/110/2009		A	H3N2	2009		virus_only	8	0
A/LATVIA/11002/1999		A	H3N2	1999		virus_only	6	0
A/LATVIA/11002559/2017		A	H3N2	2017		virus_only	10	0
A/LATVIA/11003/1999		A	H3N2	1999		virus_only	6	0
A/LATVIA/11019324/2018		A	H3N2	2018		virus_only	9	0
A/LATVIA/11028714/2019		A	H3N2	2019		virus_only	8	0
A/LATVIA/11032248/2019		A	H3N2	2019		virus_only	9	0
A/LATVIA/11046717/2017		A	H3N2	2017		virus_only	10	0
A/LATVIA/11060108/2017		A	H3N2	2017		virus_only	10	0
A/LATVIA/11068832/2019		A	H3N2	2019		virus_only	8	0
A/LATVIA/11072125/2016		A	H3N2	2016		virus_only	12	0
A/LATVIA/1116/2004		A	H3N2	2004		virus_only	6	0
A/LATVIA/12/2000		A	H3N2	2000		virus_only	6	0
A/LATVIA/12005233/2018		A	H3N2	2018		virus_only	9	0
A/LATVIA/12019591/2013		A	H3N2	2013		virus_only	9	0
A/LATVIA/12020474/2016		A	H3N2	2016		virus_only	12	0
A/LATVIA/12030846/2014		A	H3N2	2014		virus_only	10	0
A/LATVIA/12051160/2014		A	H3N2	2014		virus_only	10	0
A/LATVIA/12064825/2016		A	H3N2	2016		virus_only	12	0
A/LATVIA/12066660/2014		A	H3N2	2014		virus_only	10	0
A/LATVIA/1220/1999		A	H3N2	1999		virus_only	5	0
A/LATVIA/1241/2004		A	H3N2	2004		virus_only	6	0
A/LATVIA/1244/2004		A	H3N2	2004		virus_only	6	0
A/LATVIA/1247890P/2011		A	H3N2	2011		virus_only	9	0
A/LATVIA/12610/2008		A	H3N2	2008		virus_only	8	0
A/LATVIA/1275/1999		A	H3N2	1999		virus_only	5	0
A/LATVIA/12817/2008		A	H3N2	2008		virus_only	8	0
A/LATVIA/12830/2008		A	H3N2	2008		virus_only	8	0
A/LATVIA/1297/2004		A	H3N2	2004		virus_only	6	0
A/LATVIA/130021/2013		A	H3N2	2013		virus_only	11	0
A/LATVIA/1308/2003		A	H3N2	2003		virus_only	6	0
A/LATVIA/132/2004		A	H3N2	2004		virus_only	6	0
A/LATVIA/132593/2013		A	H3N2	2013		virus_only	11	0
A/LATVIA/134/2009		A	H3N2	2009		virus_only	8	0
A/LATVIA/134462P/2012		A	H3N2	2012		virus_only	9	0
A/LATVIA/134610/2012		A	H3N2	2012		virus_only	9	0
A/LATVIA/135583/2012		A	H3N2	2012		virus_only	9	0
A/LATVIA/13641/2003		A	H3N2	2003		virus_only	7	0
A/LATVIA/137023/2013		A	H3N2	2013		virus_only	11	0
A/LATVIA/137528/2012		A	H3N2	2012		virus_only	9	0
A/LATVIA/13779/2003		A	H3N2	2003		virus_only	7	0
A/LATVIA/13794/2002		A	H3N2	2002		virus_only	6	0
A/LATVIA/138/2000		A	H3N2	2000		virus_only	6	0
A/LATVIA/1382/2004		A	H3N2	2004		virus_only	6	0
A/LATVIA/1384/2003		A	H3N2	2003		virus_only	6	0
A/LATVIA/139879P/2012		A	H3N2	2012		virus_only	9	0
A/LATVIA/141/2009		A	H3N2	2009		virus_only	8	0
A/LATVIA/142/2000		A	H3N2	2000		virus_only	6	0
A/LATVIA/1486/2003		A	H3N2	2003		virus_only	6	0
A/LATVIA/1506/2003		A	H3N2	2003		virus_only	6	0
A/LATVIA/15447/2004		A	H3N2	2004		virus_only	10	0
A/LATVIA/155/2000		A	H3N2	2000		virus_only	6	0
A/LATVIA/15743/2004		A	H3N2	2004		virus_only	18	0
A/LATVIA/1575/2003		A	H3N2	2003		virus_only	6	0
A/LATVIA/1586/2003		A	H3N2	2003		virus_only	6	0
A/LATVIA/1634/1999		A	H3N2	1999		virus_only	5	0
A/LATVIA/1636/1999		A	H3N2	1999		virus_only	5	0
A/LATVIA/1642/1999		A	H3N2	1999		virus_only	5	0
A/LATVIA/1649/2003		A	H3N2	2003		virus_only	6	0
A/LATVIA/1653/2006		A	H3N2	2006		virus_only	9	0
A/LATVIA/1682/1998		A	H3N2	1998		virus_only	5	0
A/LATVIA/171/2004		A	H3N2	2004		virus_only	6	0
A/LATVIA/1715/2006		A	H3N2	2006		virus_only	9	0
A/LATVIA/1761/1998		A	H3N2	1998		virus_only	5	0
A/LATVIA/1786/1998		A	H3N2	1998		virus_only	5	0
A/LATVIA/1787/1998		A	H3N2	1998		virus_only	5	0
A/LATVIA/194/2000		A	H3N2	2000		virus_only	6	0
A/LATVIA/1969/2006		A	H3N2	2006		virus_only	9	0
A/LATVIA/197/2003		A	H3N2	2003		virus_only	6	0
A/LATVIA/1970/2002		A	H3N2	2002		virus_only	6	0
A/LATVIA/1981/2006		A	H3N2	2006		virus_only	9	0
A/LATVIA/1998/2002		A	H3N2	2002		virus_only	6	0
A/LATVIA/2047/2006		A	H3N2	2006		virus_only	9	0
A/LATVIA/2070/2002		A	H3N2	2002		virus_only	6	0
A/LATVIA/2075/2002		A	H3N2	2002		virus_only	6	0
A/LATVIA/2095/2002		A	H3N2	2002		virus_only	6	0
A/LATVIA/21047/2009		A	H3N2	2009		virus_only	9	0
A/LATVIA/21192/2009		A	H3N2	2009		virus_only	9	0
A/LATVIA/21222/2009		A	H3N2	2009		virus_only	9	0
A/LATVIA/217/2000		A	H3N2	2000		virus_only	6	0
A/LATVIA/2209/2009		A	H3N2	2009		virus_only	8	0
A/LATVIA/222/2006		A	H3N2	2006		virus_only	8	0
A/LATVIA/2232/2002		A	H3N2	2002		virus_only	6	0
A/LATVIA/2233/2002		A	H3N2	2002		virus_only	6	0
A/LATVIA/2263/2006		A	H3N2	2006		virus_only	9	0
A/LATVIA/2367/1998		A	H3N2	1998		virus_only	5	0
A/LATVIA/2372/1998		A	H3N2	1998		virus_only	5	0
A/LATVIA/2400/2002		A	H3N2	2002		virus_only	6	0
A/LATVIA/2416/1998		A	H3N2	1998		virus_only	5	0
A/LATVIA/2436/1998		A	H3N2	1998		virus_only	5	0
A/LATVIA/2463/1999		A	H3N2	1999		virus_only	5	0
A/LATVIA/2473/1999		A	H3N2	1999		virus_only	5	0
A/LATVIA/2481/1999		A	H3N2	1999		virus_only	5	0
A/LATVIA/2596/2007		A	H3N2	2007		virus_only	30	0
A/LATVIA/2628/2005		A	H3N2	2005		virus_only	7	0
A/LATVIA/2638/2003		A	H3N2	2003		virus_only	5	0
A/LATVIA/2640/2000		A	H3N2	2000		virus_only	6	0
A/LATVIA/2706/2002		A	H3N2	2002		virus_only	6	0
A/LATVIA/2710/2002		A	H3N2	2002		virus_only	6	0
A/LATVIA/2726/2003		A	H3N2	2003		virus_only	5	0
A/LATVIA/2754/2003		A	H3N2	2003		virus_only	5	0
A/LATVIA/2772/2000		A	H3N2	2000		virus_only	6	0
A/LATVIA/2773/2003		A	H3N2	2003		virus_only	5	0
A/LATVIA/2808/2005		A	H3N2	2005		virus_only	7	0
A/LATVIA/2825/2005		A	H3N2	2005		virus_only	7	0
A/LATVIA/2854/2003		A	H3N2	2003		virus_only	5	0
A/LATVIA/2873/2003		A	H3N2	2003		virus_only	5	0
A/LATVIA/2947/2009		A	H3N2	2009		virus_only	9	0
A/LATVIA/2967/2003		A	H3N2	2003		virus_only	5	0
A/LATVIA/2999/2005		A	H3N2	2005		virus_only	7	0
A/LATVIA/3010/2005		A	H3N2	2005		virus_only	7	0
A/LATVIA/3035/2000		A	H3N2	2000		virus_only	6	0
A/LATVIA/3094/1999		A	H3N2	1999		virus_only	5	0
A/LATVIA/3131/2007		A	H3N2	2007		virus_only	30	0
A/LATVIA/3136/2005		A	H3N2	2005		virus_only	7	0
A/LATVIA/3270/2000		A	H3N2	2000		virus_only	6	0
A/LATVIA/3272/2005		A	H3N2	2005		virus_only	7	0
A/LATVIA/3424/2000		A	H3N2	2000		virus_only	6	0
A/LATVIA/345/2007		A	H3N2	2007		virus_only	8	0
A/LATVIA/3493/2003		A	H3N2	2003		virus_only	5	0
A/LATVIA/3588/2003		A	H3N2	2003		virus_only	5	0
A/LATVIA/3619/2000		A	H3N2	2000		virus_only	6	0
A/LATVIA/3632/2003		A	H3N2	2003		virus_only	5	0
A/LATVIA/3637/2005		A	H3N2	2005		virus_only	7	0
A/LATVIA/3666/2003		A	H3N2	2003		virus_only	5	0
A/LATVIA/3876/2006		A	H3N2	2006		virus_only	10	0
A/LATVIA/3878/2003		A	H3N2	2003		virus_only	5	0
A/LATVIA/3919/2003		A	H3N2	2003		virus_only	5	0
A/LATVIA/4024/2003		A	H3N2	2003		virus_only	5	0
A/LATVIA/404/2004		A	H3N2	2004		virus_only	6	0
A/LATVIA/4064/2003		A	H3N2	2003		virus_only	5	0
A/LATVIA/4121/2007		A	H3N2	2007		virus_only	30	0
A/LATVIA/4122/2006		A	H3N2	2006		virus_only	10	0
A/LATVIA/4128/2007		A	H3N2	2007		virus_only	20	0
A/LATVIA/4593/2002		A	H3N2	2002		virus_only	6	0
A/LATVIA/46/2000		A	H3N2	2000		virus_only	6	0
A/LATVIA/4742/2002		A	H3N2	2002		virus_only	6	0
A/LATVIA/4806/2002		A	H3N2	2002		virus_only	6	0
A/LATVIA/483/2004		A	H3N2	2004		virus_only	6	0
A/LATVIA/484/2000		A	H3N2	2000		virus_only	5	0
A/LATVIA/4850/2005		A	H3N2	2005		virus_only	6	0
A/LATVIA/4882/2002		A	H3N2	2002		virus_only	6	0
A/LATVIA/4897/2007		A	H3N2	2007		virus_only	30	0
A/LATVIA/4898/2006		A	H3N2	2006		virus_only	10	0
A/LATVIA/49/2000		A	H3N2	2000		virus_only	6	0
A/LATVIA/4900/2005		A	H3N2	2005		virus_only	6	0
A/LATVIA/494/2000		A	H3N2	2000		virus_only	5	0
A/LATVIA/4946/2002		A	H3N2	2002		virus_only	6	0
A/LATVIA/499/1999		A	H3N2	1999		virus_only	5	0
A/LATVIA/5072/2005		A	H3N2	2005		virus_only	6	0
A/LATVIA/51/2003		A	H3N2	2003		virus_only	6	0
A/LATVIA/5102/2002		A	H3N2	2002		virus_only	6	0
A/LATVIA/5173/2006		A	H3N2	2006		virus_only	8	0
A/LATVIA/542/2006		A	H3N2	2006		virus_only	9	0
A/LATVIA/544/2000		A	H3N2	2000		virus_only	5	0
A/LATVIA/5653/2006		A	H3N2	2006		virus_only	8	0
A/LATVIA/63/2000		A	H3N2	2000		virus_only	6	0
A/LATVIA/64/2000		A	H3N2	2000		virus_only	6	0
A/LATVIA/655/2000		A	H3N2	2000		virus_only	5	0
A/LATVIA/66/2000		A	H3N2	2000		virus_only	6	0
A/LATVIA/68/2000		A	H3N2	2000		virus_only	6	0
A/LATVIA/685/2007		A	H3N2	2007		virus_only	8	0
A/LATVIA/692/2004		A	H3N2	2004		virus_only	6	0
A/LATVIA/725/2000		A	H3N2	2000		virus_only	5	0
A/LATVIA/760/2000		A	H3N2	2000		virus_only	5	0
A/LATVIA/800/2004		A	H3N2	2004		virus_only	6	0
A/LATVIA/812/1999		A	H3N2	1999		virus_only	5	0
A/LATVIA/897/2000		A	H3N2	2000		virus_only	5	0
A/LATVIA/907/2003		A	H3N2	2003		virus_only	6	0
A/LATVIA/918/2000		A	H3N2	2000		virus_only	5	0
A/LATVIA/921/2000		A	H3N2	2000		virus_only	5	0
A/LATVIA/94/2004		A	H3N2	2004		virus_only	6	0
A/LATVIA/942/2004		A	H3N2	2004		virus_only	6	0
A/LATVIA/961/2000		A	H3N2	2000		virus_only	5	0
A/LATVIA/967A/1998		A	H3N2	1998		virus_only	11	0
A/LATVIA/967B/1998		A	H3N2	1998		virus_only	11	0
A/LATVIA/973/2004		A	H3N2	2004		virus_only	6	0
A/LAUSANNE/1/1997		A	H3N2	1997		virus_only	6	0
A/LAUSANNE/203/1992		A	H3N2	1992		virus_only	6	0
A/LAUSANNE/223/1992		A	H3N2	1992		virus_only	6	0
A/LAUSANNE/258/1992		A	H3N2	1992		virus_only	6	0
A/LAUSANNE/2915/1993		A	H3N2	1993		virus_only	6	0
A/LAUSANNE/2942/1993		A	H3N2	1993		virus_only	6	0
A/LAUSANNE/2973/1993		A	H3N2	1993		virus_only	6	0
A/LAUSANNE/2996/1993		A	H3N2	1993		virus_only	6	0
A/LAUSANNE/3483/1996		A	H3N2	1996		virus_only	6	0
A/LAUSANNE/4/1997		A	H3N2	1997		virus_only	6	0
A/LAUSANNE/409/1994		A	H3N2	1994		virus_only	6	0
A/LAUSANNE/51/1996		A	H3N2	1996		virus_only	6	0
A/LAUSANNE/52/1996		A	H3N2	1996		virus_only	6	0
A/LAUSANNE/661/1996		A	H3N2	1996		virus_only	6	0
A/LAUSANNE/949/1995		A	H3N2	1995		virus_only	6	0
A/LAUSANNE/989/1995		A	H3N2	1995		virus_only	6	0
A/LAZIO/1/2000		A	H3N2	2000		virus_only	6	0
A/LAZIO/1/2002		A	H3N2	2002		virus_only	6	0
A/LAZIO/2/2000		A	H3N2	2000		virus_only	6	0
A/LAZIO/2/2002		A	H3N2	2002		virus_only	6	0
A/LAZIO/3/2000		A	H3N2	2000		virus_only	6	0
A/LAZIO/6/2000		A	H3N2	2000		virus_only	6	0
A/LAZIO/7/2000		A	H3N2	2000		virus_only	6	0
A/LEBANON/307/2019		A	H3N2	2019		virus_only	9	0
A/LEBANON/397/2019		A	H3N2	2019		virus_only	7	0
A/LEBANON/58/2018		A	H3N2	2018		virus_only	8	0
A/LEBANON/59/2018		A	H3N2	2018		virus_only	8	0
A/LEBANON/I471/2019		A	H3N2	2019		virus_only	3	0
A/LECCE/10/2000		A	H3N2	2000		virus_only	6	0
A/LECCE/11/2000		A	H3N2	2000		virus_only	6	0
A/LECCE/4/2000		A	H3N2	2000		virus_only	6	0
A/LECCE/7/2000		A	H3N2	2000		virus_only	6	0
A/LECCE/8/2000		A	H3N2	2000		virus_only	6	0
A/LECCE/9/2000		A	H3N2	2000		virus_only	6	0
A/LEHAVRE/2077/2000		A	H3N2	2000		virus_only	7	0
A/LEMANS/280/2000		A	H3N2	2000		virus_only	6	0
A/LEON/10/1996		A	H3N2	1996		virus_only	5	0
A/LEON/10/1998		A	H3N2	1998		virus_only	5	0
A/LEON/11/2007		A	H3N2	2007		virus_only	8	0
A/LEON/13/2009		A	H3N2	2009		virus_only	8	0
A/LEON/14/1998		A	H3N2	1998		virus_only	5	0
A/LEON/16/1998		A	H3N2	1998		virus_only	5	0
A/LEON/19/1998		A	H3N2	1998		virus_only	5	0
A/LEON/2/2007		A	H3N2	2007		virus_only	10	0
A/LEON/201/2015		A	H3N2	2015		virus_only	11	0
A/LEON/256/2014		A	H3N2	2014		virus_only	22	0
A/LEON/26/1995		A	H3N2	1995		virus_only	6	0
A/LEON/46/2003		A	H3N2	2003		virus_only	7	0
A/LEON/49/1995		A	H3N2	1995		virus_only	6	0
A/LEON/5/2009		A	H3N2	2009		virus_only	9	0
A/LEON/58/2003		A	H3N2	2003		virus_only	7	0
A/LEON/59/2003		A	H3N2	2003		virus_only	7	0
A/LEON/69/2003		A	H3N2	2003		virus_only	7	0
A/LEON/76/2003		A	H3N2	2003		virus_only	7	0
A/LEON/77/2003		A	H3N2	2003		virus_only	7	0
A/LEON/9/1999		A	H3N2	1999		virus_only	5	0
A/LERICI/1/1995		A	H3N2	1995		virus_only	6	0
A/LERICI/2/1995		A	H3N2	1995		virus_only	6	0
A/LERICI/2/1997		A	H3N2	1997		virus_only	5	0
A/LERICI/3/1995		A	H3N2	1995		virus_only	6	0
A/LERICI/4/1995		A	H3N2	1995		virus_only	6	0
A/LESKOVAC/1653/2013		A	H3N2	2013		virus_only	11	0
A/LESKOVAC/1655/2013		A	H3N2	2013		virus_only	24	0
A/LESKOVAC/1701/2012		A	H3N2	2012		virus_only	10	0
A/LESKOVAC/722/2007		A	H3N2	2007		virus_only	11	0
A/LEVICE/133/2017		A	H3N2	2017		virus_only	12	0
A/LEVICE/221/2014		A	H3N2	2014		virus_only	11	0
A/LEVICE/223/2014		A	H3N2	2014		virus_only	11	0
A/LEVICE/84/2015		A	H3N2	2015		virus_only	11	0
A/LIAONINGBAITA/1293/2015		A	H3N2	2015		virus_only	13	0
A/LIAONINGHEPING/1430/2014		A	H3N2	2014		virus_only	10	0
A/LIAONINGYINZHOU/1399/2017		A	H3N2	2017		virus_only	8	0
A/LIBEREC/93/2007		A	H3N2	2007		virus_only	20	0
A/LIMEGES/1971/2000		A	H3N2	2000		virus_only	6	0
A/LIMOGES/2390/2003		A	H3N2	2003		virus_only	6	0
A/LIMOGES/2398/2003		A	H3N2	2003		virus_only	6	0
A/LIMOGES/2402/2003		A	H3N2	2003		virus_only	6	0
A/LIMOGES/3105/2013		A	H3N2	2013		virus_only	9	0
A/LIMOGES/874/2002		A	H3N2	2002		virus_only	6	0
A/LIMOGES/906/2005		A	H3N2	2005		virus_only	6	0
A/LIMOGES/909/2005		A	H3N2	2005		virus_only	6	0
A/LINAS/100/2000		A	H3N2	2000		virus_only	6	0
A/LINKOPING/1/1997		A	H3N2	1997		virus_only	6	0
A/LINKOPING/1/2017		A	H3N2	2017		virus_only	15	0
A/LINKOPING/2/2017		A	H3N2	2017		virus_only	12	0
A/LINKOPING/3/2017		A	H3N2	2017		virus_only	12	0
A/LINKOPING/5/2016		A	H3N2	2016		virus_only	12	0
A/LINKOPING/6/2017		A	H3N2	2017		virus_only	8	0
A/LIPETSK/10/2004		A	H3N2	2004		virus_only	6	0
A/LIPETSK/11/1999		A	H3N2	1999		virus_only	5	0
A/LIPETSK/14/2002		A	H3N2	2002		virus_only	5	0
A/LIPETSK/15/2004		A	H3N2	2004		virus_only	6	0
A/LIPETSK/16/2002		A	H3N2	2002		virus_only	5	0
A/LIPETSK/45/2000		A	H3N2	2000		virus_only	6	0
A/LIPETSK/5/1998		A	H3N2	1998		virus_only	5	0
A/LIPEZK/159/1998		A	H3N2	1998		virus_only	5	0
A/LISBOA/01/2009		A	H3N2	2009		virus_only	8	0
A/LISBOA/04/2009		A	H3N2	2009		virus_only	8	0
A/LISBOA/1/2014		A	H3N2	2014		virus_only	9	0
A/LISBOA/100/2019		A	H3N2	2019		virus_only	8	0
A/LISBOA/12/2017		A	H3N2	2017		virus_only	6	0
A/LISBOA/147/2013		A	H3N2	2013		virus_only	9	0
A/LISBOA/149/2013		A	H3N2	2013		virus_only	9	0
A/LISBOA/16/2017		A	H3N2	2017		virus_only	6	0
A/LISBOA/17/2017		A	H3N2	2017		virus_only	6	0
A/LISBOA/18/2018		A	H3N2	2018		virus_only	8	0
A/LISBOA/2/2014		A	H3N2	2014		virus_only	9	0
A/LISBOA/2/2017		A	H3N2	2017		virus_only	6	0
A/LISBOA/23/2012		A	H3N2	2012		virus_only	10	0
A/LISBOA/3/2014		A	H3N2	2014		virus_only	9	0
A/LISBOA/30/2008		A	H3N2	2008		virus_only	9	0
A/LISBOA/30/2012		A	H3N2	2012		virus_only	10	0
A/LISBOA/31/2008		A	H3N2	2008		virus_only	18	0
A/LISBOA/31/2012		A	H3N2	2012		virus_only	10	0
A/LISBOA/32/2008		A	H3N2	2008		virus_only	9	0
A/LISBOA/32/2009		A	H3N2	2009		virus_only	8	0
A/LISBOA/32/2012		A	H3N2	2012		virus_only	10	0
A/LISBOA/33/2008		A	H3N2	2008		virus_only	18	0
A/LISBOA/34/2008		A	H3N2	2008		virus_only	9	0
A/LISBOA/35/2008		A	H3N2	2008		virus_only	7	0
A/LISBOA/36/2008		A	H3N2	2008		virus_only	8	0
A/LISBOA/37/2008		A	H3N2	2008		virus_only	8	0
A/LISBOA/38/2008		A	H3N2	2008		virus_only	16	0
A/LISBOA/38/2012		A	H3N2	2012		virus_only	10	0
A/LISBOA/4/2017		A	H3N2	2017		virus_only	6	0
A/LISBOA/42/2008		A	H3N2	2008		virus_only	8	0
A/LISBOA/43/2008		A	H3N2	2008		virus_only	8	0
A/LISBOA/44/2008		A	H3N2	2008		virus_only	16	0
A/LISBOA/5/2017		A	H3N2	2017		virus_only	6	0
A/LISBOA/58/2012		A	H3N2	2012		virus_only	10	0
A/LISBOA/59/2012		A	H3N2	2012		virus_only	10	0
A/LISBOA/61/2012		A	H3N2	2012		virus_only	10	0
A/LISBOA/91/2019		A	H3N2	2019		virus_only	8	0
A/LISBOA/92/2019		A	H3N2	2019		virus_only	8	0
A/LISBOA/93/2019		A	H3N2	2019		virus_only	8	0
A/LISBOA/94/2019		A	H3N2	2019		virus_only	8	0
A/LISBOA/95/2019		A	H3N2	2019		virus_only	8	0
A/LISBOA/97/2019		A	H3N2	2019		virus_only	8	0
A/LISBOA/98/2019		A	H3N2	2019		virus_only	8	0
A/LISBOA/MS102/2014		A	H3N2	2014		virus_only	9	0
A/LISBOA/MS105/2014		A	H3N2	2014		virus_only	9	0
A/LISBOA/SU15/2012		A	H3N2	2012		virus_only	11	0
A/LISBOA/SU23/2011		A	H3N2	2011		virus_only	8	0
A/LISBOA/SU34/2014		A	H3N2	2014		virus_only	10	0
A/LISBOA/SU540/2014		A	H3N2	2014		virus_only	9	0
A/LISBOA/SU91/2012		A	H3N2	2012		virus_only	22	0
A/LISBON/1/1995		A	H3N2	1995		virus_only	6	0
A/LISBON/1/1996		A	H3N2	1996		virus_only	6	0
A/LISBON/1/1997		A	H3N2	1997		virus_only	5	0
A/LISBON/1/2000		A	H3N2	2000		virus_only	5	0
A/LISBON/1/2005		A	H3N2	2005		virus_only	9	0
A/LISBON/10/2000		A	H3N2	2000		virus_only	6	0
A/LISBON/10/2003		A	H3N2	2003		virus_only	7	0
A/LISBON/10/2005		A	H3N2	2005		virus_only	16	0
A/LISBON/11/2003		A	H3N2	2003		virus_only	7	0
A/LISBON/11/2005		A	H3N2	2005		virus_only	9	0
A/LISBON/12/2000		A	H3N2	2000		virus_only	6	0
A/LISBON/12/2003		A	H3N2	2003		virus_only	7	0
A/LISBON/12/2005		A	H3N2	2005		virus_only	16	0
A/LISBON/13/2000		A	H3N2	2000		virus_only	6	0
A/LISBON/13/2005		A	H3N2	2005		virus_only	9	0
A/LISBON/14/2000		A	H3N2	2000		virus_only	6	0
A/LISBON/14/2003		A	H3N2	2003		virus_only	7	0
A/LISBON/14/2005		A	H3N2	2005		virus_only	16	0
A/LISBON/15/2000		A	H3N2	2000		virus_only	6	0
A/LISBON/15/2003		A	H3N2	2003		virus_only	7	0
A/LISBON/15/2005		A	H3N2	2005		virus_only	9	0
A/LISBON/16/2000		A	H3N2	2000		virus_only	6	0
A/LISBON/16/2003		A	H3N2	2003		virus_only	7	0
A/LISBON/16/2005		A	H3N2	2005		virus_only	8	0
A/LISBON/17/2000		A	H3N2	2000		virus_only	6	0
A/LISBON/17/2003		A	H3N2	2003		virus_only	7	0
A/LISBON/18/2000		A	H3N2	2000		virus_only	6	0
A/LISBON/18/2003		A	H3N2	2003		virus_only	7	0
A/LISBON/18/2005		A	H3N2	2005		virus_only	8	0
A/LISBON/19/2000		A	H3N2	2000		virus_only	6	0
A/LISBON/2/1991		A	H3N2	1991		virus_only	6	0
A/LISBON/2/1996		A	H3N2	1996		virus_only	5	0
A/LISBON/2/2000		A	H3N2	2000		virus_only	5	0
A/LISBON/2/2005		A	H3N2	2005		virus_only	9	0
A/LISBON/20/2000		A	H3N2	2000		virus_only	6	0
A/LISBON/20/2003		A	H3N2	2003		virus_only	7	0
A/LISBON/20/2005		A	H3N2	2005		virus_only	8	0
A/LISBON/21/2000		A	H3N2	2000		virus_only	6	0
A/LISBON/21/2003		A	H3N2	2003		virus_only	7	0
A/LISBON/21/2005		A	H3N2	2005		virus_only	8	0
A/LISBON/22/2005		A	H3N2	2005		virus_only	14	0
A/LISBON/23/2000		A	H3N2	2000		virus_only	6	0
A/LISBON/23/2003		A	H3N2	2003		virus_only	7	0
A/LISBON/23/3005		A	H3N2			virus_only	16	0
A/LISBON/24/2000		A	H3N2	2000		virus_only	6	0
A/LISBON/24/2003		A	H3N2	2003		virus_only	7	0
A/LISBON/24/2005		A	H3N2	2005		virus_only	16	0
A/LISBON/25/2000		A	H3N2	2000		virus_only	6	0
A/LISBON/25/2003		A	H3N2	2003		virus_only	7	0
A/LISBON/25/2005		A	H3N2	2005		virus_only	8	0
A/LISBON/26/2000		A	H3N2	2000		virus_only	6	0
A/LISBON/26/2005		A	H3N2	2005		virus_only	8	0
A/LISBON/26/2007		A	H3N2	2007		virus_only	10	0
A/LISBON/27/2000		A	H3N2	2000		virus_only	6	0
A/LISBON/27/2005		A	H3N2	2005		virus_only	9	0
A/LISBON/27/2007		A	H3N2	2007		virus_only	10	0
A/LISBON/28/2005		A	H3N2	2005		virus_only	9	0
A/LISBON/29/2005		A	H3N2	2005		virus_only	9	0
A/LISBON/3/1991		A	H3N2	1991		virus_only	6	0
A/LISBON/3/2005		A	H3N2	2005		virus_only	9	0
A/LISBON/30/2005		A	H3N2	2005		virus_only	9	0
A/LISBON/30/2007		A	H3N2	2007		virus_only	10	0
A/LISBON/31/2005		A	H3N2	2005		virus_only	9	0
A/LISBON/31/2007		A	H3N2	2007		virus_only	10	0
A/LISBON/32/2005		A	H3N2	2005		virus_only	9	0
A/LISBON/33/2005		A	H3N2	2005		virus_only	9	0
A/LISBON/33/2007		A	H3N2	2007		virus_only	10	0
A/LISBON/34/2005		A	H3N2	2005		virus_only	9	0
A/LISBON/34/2007		A	H3N2	2007		virus_only	10	0
A/LISBON/35/2007		A	H3N2	2007		virus_only	20	0
A/LISBON/36/2005		A	H3N2	2005		virus_only	9	0
A/LISBON/36/2007		A	H3N2	2007		virus_only	10	0
A/LISBON/37/2005		A	H3N2	2005		virus_only	9	0
A/LISBON/38/2005		A	H3N2	2005		virus_only	9	0
A/LISBON/39/2005		A	H3N2	2005		virus_only	9	0
A/LISBON/39/2007		A	H3N2	2007		virus_only	10	0
A/LISBON/4/1991		A	H3N2	1991		virus_only	6	0
A/LISBON/4/2000		A	H3N2	2000		virus_only	5	0
A/LISBON/4/2004		A	H3N2	2004		virus_only	9	0
A/LISBON/4/2005		A	H3N2	2005		virus_only	16	0
A/LISBON/40/2005		A	H3N2	2005		virus_only	9	0
A/LISBON/40/2007		A	H3N2	2007		virus_only	10	0
A/LISBON/41/2005		A	H3N2	2005		virus_only	9	0
A/LISBON/41/2007		A	H3N2	2007		virus_only	10	0
A/LISBON/42/2005		A	H3N2	2005		virus_only	9	0
A/LISBON/43/2005		A	H3N2	2005		virus_only	9	0
A/LISBON/43/2007		A	H3N2	2007		virus_only	10	0
A/LISBON/44/2005		A	H3N2	2005		virus_only	9	0
A/LISBON/44/2007		A	H3N2	2007		virus_only	20	0
A/LISBON/45/2005		A	H3N2	2005		virus_only	9	0
A/LISBON/45/2007		A	H3N2	2007		virus_only	10	0
A/LISBON/46/2005		A	H3N2	2005		virus_only	9	0
A/LISBON/46/2007		A	H3N2	2007		virus_only	20	0
A/LISBON/47/2005		A	H3N2	2005		virus_only	9	0
A/LISBON/47/2007		A	H3N2	2007		virus_only	10	0
A/LISBON/48/2007		A	H3N2	2007		virus_only	10	0
A/LISBON/49/2007		A	H3N2	2007		virus_only	30	0
A/LISBON/5/1991		A	H3N2	1991		virus_only	6	0
A/LISBON/5/2002		A	H3N2	2002		virus_only	6	0
A/LISBON/5/2005		A	H3N2	2005		virus_only	9	0
A/LISBON/50/2005		A	H3N2	2005		virus_only	7	0
A/LISBON/50/2007		A	H3N2	2007		virus_only	10	0
A/LISBON/51/2005		A	H3N2	2005		virus_only	7	0
A/LISBON/51/2007		A	H3N2	2007		virus_only	30	0
A/LISBON/52/2005		A	H3N2	2005		virus_only	7	0
A/LISBON/52/2007		A	H3N2	2007		virus_only	10	0
A/LISBON/53/2005		A	H3N2	2005		virus_only	7	0
A/LISBON/53/2007		A	H3N2	2007		virus_only	10	0
A/LISBON/55/2007		A	H3N2	2007		virus_only	10	0
A/LISBON/56/2005		A	H3N2	2005		virus_only	7	0
A/LISBON/57/2005		A	H3N2	2005		virus_only	7	0
A/LISBON/57/2007		A	H3N2	2007		virus_only	10	0
A/LISBON/58/2005		A	H3N2	2005		virus_only	7	0
A/LISBON/58/2007		A	H3N2	2007		virus_only	10	0
A/LISBON/59/2005		A	H3N2	2005		virus_only	7	0
A/LISBON/59/2007		A	H3N2	2007		virus_only	20	0
A/LISBON/6/1991		A	H3N2	1991		virus_only	6	0
A/LISBON/6/2000		A	H3N2	2000		virus_only	5	0
A/LISBON/6/2005		A	H3N2	2005		virus_only	16	0
A/LISBON/60/2005		A	H3N2	2005		virus_only	7	0
A/LISBON/60/2007		A	H3N2	2007		virus_only	10	0
A/LISBON/61/2005		A	H3N2	2005		virus_only	7	0
A/LISBON/62/2005		A	H3N2	2005		virus_only	7	0
A/LISBON/63/2005		A	H3N2	2005		virus_only	7	0
A/LISBON/64/2005		A	H3N2	2005		virus_only	7	0
A/LISBON/65/2005		A	H3N2	2005		virus_only	7	0
A/LISBON/66/2005		A	H3N2	2005		virus_only	7	0
A/LISBON/67/2005		A	H3N2	2005		virus_only	7	0
A/LISBON/68/2005		A	H3N2	2005		virus_only	7	0
A/LISBON/69/2005		A	H3N2	2005		virus_only	7	0
A/LISBON/7/1991		A	H3N2	1991		virus_only	6	0
A/LISBON/7/2000		A	H3N2	2000		virus_only	5	0
A/LISBON/70/2005		A	H3N2	2005		virus_only	7	0
A/LISBON/71/2005		A	H3N2	2005		virus_only	7	0
A/LISBON/72/2005		A	H3N2	2005		virus_only	7	0
A/LISBON/73/2005		A	H3N2	2005		virus_only	7	0
A/LISBON/74/2005		A	H3N2	2005		virus_only	7	0
A/LISBON/75/2005		A	H3N2	2005		virus_only	7	0
A/LISBON/76/2005		A	H3N2	2005		virus_only	7	0
A/LISBON/77/2005		A	H3N2	2005		virus_only	7	0
A/LISBON/78/2005		A	H3N2	2005		virus_only	7	0
A/LISBON/79/2005		A	H3N2	2005		virus_only	7	0
A/LISBON/8/2000		A	H3N2	2000		virus_only	5	0
A/LISBON/8/2005		A	H3N2	2005		virus_only	9	0
A/LISBON/80/2005		A	H3N2	2005		virus_only	7	0
A/LISBON/81/2005		A	H3N2	2005		virus_only	7	0
A/LISBON/82/2005		A	H3N2	2005		virus_only	7	0
A/LISBON/83/2005		A	H3N2	2005		virus_only	7	0
A/LISBON/84/2005		A	H3N2	2005		virus_only	7	0
A/LISBON/85/2005		A	H3N2	2005		virus_only	7	0
A/LISBON/86/2005		A	H3N2	2005		virus_only	7	0
A/LISBON/87/2005		A	H3N2	2005		virus_only	7	0
A/LISBON/88/2005		A	H3N2	2005		virus_only	7	0
A/LISBON/9/2000		A	H3N2	2000		virus_only	6	0
A/LISBON/9/2003		A	H3N2	2003		virus_only	7	0
A/LISBON/90/2005		A	H3N2	2005		virus_only	7	0
A/LISBON/91/2005		A	H3N2	2005		virus_only	7	0
A/LISBON/92/2005		A	H3N2	2005		virus_only	7	0
A/LITHUANIA/10126/2018		A	H3N2	2018		virus_only	8	0
A/LITHUANIA/10213/2014		A	H3N2	2014		virus_only	18	0
A/LITHUANIA/10373/2014		A	H3N2	2014		virus_only	18	0
A/LITHUANIA/10543/2014		A	H3N2	2014		virus_only	18	0
A/LITHUANIA/10716/2014		A	H3N2	2014		virus_only	18	0
A/LITHUANIA/111K/2009		A	H3N2	2009		virus_only	11	0
A/LITHUANIA/112/2009		A	H3N2	2009		virus_only	17	0
A/LITHUANIA/113/2009		A	H3N2	2009		virus_only	17	0
A/LITHUANIA/11496/2014		A	H3N2	2014		virus_only	18	0
A/LITHUANIA/11607/2014		A	H3N2	2014		virus_only	18	0
A/LITHUANIA/11727/2014		A	H3N2	2014		virus_only	18	0
A/LITHUANIA/11K/2009		A	H3N2	2009		virus_only	21	0
A/LITHUANIA/120/2009		A	H3N2	2009		virus_only	17	0
A/LITHUANIA/131K/2009		A	H3N2	2009		virus_only	32	0
A/LITHUANIA/13347/2014		A	H3N2	2014		virus_only	18	0
A/LITHUANIA/142K/2009		A	H3N2	2009		virus_only	32	0
A/LITHUANIA/34/2009		A	H3N2	2009		virus_only	9	0
A/LITHUANIA/41/2009		A	H3N2	2009		virus_only	9	0
A/LITHUANIA/43/2009		A	H3N2	2009		virus_only	9	0
A/LITHUANIA/44/2009		A	H3N2	2009		virus_only	9	0
A/LITHUANIA/46/2009		A	H3N2	2009		virus_only	9	0
A/LITHUANIA/4K/2009		A	H3N2	2009		virus_only	9	0
A/LITHUANIA/5009/2014		A	H3N2	2014		virus_only	18	0
A/LITHUANIA/5271/2013		A	H3N2	2013		virus_only	9	0
A/LITHUANIA/5273/2013		A	H3N2	2013		virus_only	9	0
A/LITHUANIA/5274/2013		A	H3N2	2013		virus_only	9	0
A/LITHUANIA/56/2009		A	H3N2	2009		virus_only	17	0
A/LITHUANIA/58/2009		A	H3N2	2009		virus_only	9	0
A/LITHUANIA/5810/2013		A	H3N2	2013		virus_only	9	0
A/LITHUANIA/5879/2014		A	H3N2	2014		virus_only	18	0
A/LITHUANIA/6105/2013		A	H3N2	2013		virus_only	9	0
A/LITHUANIA/6165/2017		A	H3N2	2017		virus_only	12	0
A/LITHUANIA/63/2009		A	H3N2	2009		virus_only	9	0
A/LITHUANIA/6376/2013		A	H3N2	2013		virus_only	9	0
A/LITHUANIA/6385/2013		A	H3N2	2013		virus_only	9	0
A/LITHUANIA/6583/2017		A	H3N2	2017		virus_only	12	0
A/LITHUANIA/6735/2017		A	H3N2	2017		virus_only	8	0
A/LITHUANIA/6934/2013		A	H3N2	2013		virus_only	9	0
A/LITHUANIA/7241/2013		A	H3N2	2013		virus_only	9	0
A/LITHUANIA/7266/2014		A	H3N2	2014		virus_only	18	0
A/LITHUANIA/7452/2014		A	H3N2	2014		virus_only	18	0
A/LITHUANIA/7489/2014		A	H3N2	2014		virus_only	18	0
A/LITHUANIA/7612/2017		A	H3N2	2017		virus_only	9	0
A/LITHUANIA/7703/2017		A	H3N2	2017		virus_only	11	0
A/LITHUANIA/7802/2014		A	H3N2	2014		virus_only	18	0
A/LITHUANIA/7849/2013		A	H3N2	2013		virus_only	9	0
A/LITHUANIA/7906/2017		A	H3N2	2017		virus_only	12	0
A/LITHUANIA/8/2009		A	H3N2	2009		virus_only	9	0
A/LITHUANIA/8003/2013		A	H3N2	2013		virus_only	9	0
A/LITHUANIA/8115/2013		A	H3N2	2013		virus_only	9	0
A/LITHUANIA/8237/2014		A	H3N2	2014		virus_only	18	0
A/LITHUANIA/8397/2014		A	H3N2	2014		virus_only	18	0
A/LITHUANIA/84/2009		A	H3N2	2009		virus_only	9	0
A/LITHUANIA/88/2009		A	H3N2	2009		virus_only	9	0
A/LITHUANIA/89/2009		A	H3N2	2009		virus_only	9	0
A/LITHUANIA/90/2009		A	H3N2	2009		virus_only	9	0
A/LITHUANIA/9133/2014		A	H3N2	2014		virus_only	18	0
A/LITHUANIA/9144/2014		A	H3N2	2014		virus_only	18	0
A/LITHUANIA/9404/2014		A	H3N2	2014		virus_only	18	0
A/LITHUANIA/9430/2014		A	H3N2	2014		virus_only	18	0
A/LITHUANIA/95/2009		A	H3N2	2009		virus_only	9	0
A/LITHUANIA/9520/2013		A	H3N2	2013		virus_only	9	0
A/LITHUANIA/96/2009		A	H3N2	2009		virus_only	9	0
A/LITHUANIA/9696/2013		A	H3N2	2013		virus_only	9	0
A/LITHUANIA/9947/2014		A	H3N2	2014		virus_only	22	0
A/LITHUANIA/MB40700/2019		A	H3N2	2019		virus_only	9	0
A/LITHUANIA/MB40701/2019		A	H3N2	2019		virus_only	9	0
A/LITHUANIA/MB41185/2019		A	H3N2	2019		virus_only	9	0
A/LITHUANIA/MB41235/2019		A	H3N2	2019		virus_only	9	0
A/LITHUANIA/MB41285/2019		A	H3N2	2019		virus_only	9	0
A/LITHUANIA/MB41882/2019		A	H3N2	2019		virus_only	9	0
A/LITHUANIA/MB42123/2019		A	H3N2	2019		virus_only	9	0
A/LORRAINE/004/2014		A	H3N2	2014		virus_only	9	0
A/LORRAINE/1348/2013		A	H3N2	2013		virus_only	9	0
A/LORRAINE/1589/2020		A	H3N2	2020		virus_only	9	0
A/LORRAINE/1641/2015		A	H3N2	2015		virus_only	14	0
A/LORRAINE/2056/2011		A	H3N2	2011		virus_only	9	0
A/LORRAINE/2073/2011		A	H3N2	2011		virus_only	9	0
A/LORRAINE/2355/2014		A	H3N2	2014		virus_only	10	0
A/LORRAINE/2365/2018		A	H3N2	2018		virus_only	9	0
A/LORRAINE/2485/2013		A	H3N2	2013		virus_only	9	0
A/LORRAINE/329/2012		A	H3N2	2012		virus_only	10	0
A/LORRAINE/883/2012		A	H3N2	2012		virus_only	10	0
A/LOUISIANA/09/2013		A	H3N2	2013		virus_only	9	0
A/LUBICA/132/2017		A	H3N2	2017		virus_only	5	0
A/LUBICA/314/2020		A	H3N2	2020		virus_only	10	0
A/LUBICA/315/2020		A	H3N2	2020		virus_only	10	0
A/LUGANSK/10/2009		A	H3N2	2009		virus_only	20	0
A/LURGAN/2682/1999		A	H3N2	1999		virus_only	6	0
A/LUXEMBOURG/1177/2019		A	H3N2	2019		virus_only	8	0
A/LUXEMBOURG/1325/2008		A	H3N2	2008		virus_only	8	0
A/LUXEMBOURG/1378/2008		A	H3N2	2008		virus_only	8	0
A/LUXEMBOURG/1382/2008		A	H3N2	2008		virus_only	8	0
A/LUXEMBOURG/1384/2008		A	H3N2	2008		virus_only	8	0
A/LUXEMBOURG/14070685/2014		A	H3N2	2014		virus_only	10	0
A/LUXEMBOURG/2293/2019		A	H3N2	2019		virus_only	8	0
A/LUXEMBOURG/341/2019		A	H3N2	2019		virus_only	8	0
A/LUXEMBOURG/612/2009		A	H3N2	2009		virus_only	11	0
A/LUXEMBOURG/615/2009		A	H3N2	2009		virus_only	8	0
A/LUXEMBOURG/620/2009		A	H3N2	2009		virus_only	11	0
A/LUXEMBOURG/62062/2016		A	H3N2	2016		virus_only	12	0
A/LUXEMBOURG/63257/2016		A	H3N2	2016		virus_only	12	0
A/LUXEMBOURG/63722/2016		A	H3N2	2016		virus_only	12	0
A/LUXEMBOURG/638/2009		A	H3N2	2009		virus_only	8	0
A/LUXEMBOURG/641/2009		A	H3N2	2009		virus_only	8	0
A/LUXEMBOURG/668/2009		A	H3N2	2009		virus_only	8	0
A/LUXEMBOURG/782/2009		A	H3N2	2009		virus_only	19	0
A/LUXEMBOURG/791/2009		A	H3N2	2009		virus_only	22	0
A/LUXEMBOURG/793/2009		A	H3N2	2009		virus_only	11	0
A/LYON/1/1997		A	H3N2	1997		virus_only	5	0
A/LYON/10/2007		A	H3N2	2007		virus_only	9	0
A/LYON/100/2002		A	H3N2	2002		virus_only	6	0
A/LYON/1007/1993		A	H3N2	1993		virus_only	7	0
A/LYON/101/2005		A	H3N2	2005		virus_only	8	0
A/LYON/1014/2010		A	H3N2	2010		virus_only	8	0
A/LYON/1033/1999		A	H3N2	1999		virus_only	6	0
A/LYON/1039/1998		A	H3N2	1998		virus_only	5	0
A/LYON/1040/1998		A	H3N2	1998		virus_only	5	0
A/LYON/1043/1998		A	H3N2	1998		virus_only	5	0
A/LYON/1049/1993		A	H3N2	1993		virus_only	7	0
A/LYON/1050/1998		A	H3N2	1998		virus_only	5	0
A/LYON/1054/1991		A	H3N2	1991		virus_only	6	0
A/LYON/1058/2010		A	H3N2	2010		virus_only	8	0
A/LYON/1061/1991		A	H3N2	1991		virus_only	6	0
A/LYON/108/1997		A	H3N2	1997		virus_only	6	0
A/LYON/108/2005		A	H3N2	2005		virus_only	8	0
A/LYON/1082/1991		A	H3N2	1991		virus_only	7	0
A/LYON/1084/1998		A	H3N2	1998		virus_only	4	0
A/LYON/11/1997		A	H3N2	1997		virus_only	6	0
A/LYON/1100/1991		A	H3N2	1991		virus_only	6	0
A/LYON/1100/1998		A	H3N2	1998		virus_only	4	0
A/LYON/111/1998		A	H3N2	1998		virus_only	5	0
A/LYON/1111/1996		A	H3N2	1996		virus_only	6	0
A/LYON/1118/1991		A	H3N2	1991		virus_only	6	0
A/LYON/112/1994		A	H3N2	1994		virus_only	7	0
A/LYON/1123/1991		A	H3N2	1991		virus_only	7	0
A/LYON/1124/1991		A	H3N2	1991		virus_only	6	0
A/LYON/1125/1991		A	H3N2	1991		virus_only	6	0
A/LYON/1132/1998		A	H3N2	1998		virus_only	5	0
A/LYON/1133/1998		A	H3N2	1998		virus_only	5	0
A/LYON/1135/1991		A	H3N2	1991		virus_only	6	0
A/LYON/1135/2010		A	H3N2	2010		virus_only	8	0
A/LYON/114/1992		A	H3N2	1992		virus_only	6	0
A/LYON/1143/1998		A	H3N2	1998		virus_only	5	0
A/LYON/1145/1996		A	H3N2	1996		virus_only	6	0
A/LYON/1149/1991		A	H3N2	1991		virus_only	6	0
A/LYON/1151/1994		A	H3N2	1994		virus_only	6	0
A/LYON/1151/1998		A	H3N2	1998		virus_only	5	0
A/LYON/1158/2003		A	H3N2	2003		virus_only	8	0
A/LYON/116/1997		A	H3N2	1997		virus_only	6	0
A/LYON/1164/1998		A	H3N2	1998		virus_only	4	0
A/LYON/1167/1991		A	H3N2	1991		virus_only	6	0
A/LYON/1168/1991		A	H3N2	1991		virus_only	6	0
A/LYON/1170/1998		A	H3N2	1998		virus_only	5	0
A/LYON/1182/1991		A	H3N2	1991		virus_only	6	0
A/LYON/1189/1991		A	H3N2	1991		virus_only	6	0
A/LYON/1193/2001		A	H3N2	2001		virus_only	8	0
A/LYON/1197/1991		A	H3N2	1991		virus_only	6	0
A/LYON/1198/1991		A	H3N2	1991		virus_only	6	0
A/LYON/1199/2003		A	H3N2	2003		virus_only	8	0
A/LYON/12/2002		A	H3N2	2002		virus_only	8	0
A/LYON/1200/1998		A	H3N2	1998		virus_only	4	0
A/LYON/1204/1991		A	H3N2	1991		virus_only	6	0
A/LYON/1204/1993		A	H3N2	1993		virus_only	7	0
A/LYON/1205/1991		A	H3N2	1991		virus_only	7	0
A/LYON/1210/1991		A	H3N2	1991		virus_only	7	0
A/LYON/1218/1991		A	H3N2	1991		virus_only	6	0
A/LYON/1222/1998		A	H3N2	1998		virus_only	5	0
A/LYON/1225/1991		A	H3N2	1991		virus_only	6	0
A/LYON/1229/1993		A	H3N2	1993		virus_only	7	0
A/LYON/1232/1991		A	H3N2	1991		virus_only	6	0
A/LYON/1235/1991		A	H3N2	1991		virus_only	7	0
A/LYON/1238/1991		A	H3N2	1991		virus_only	6	0
A/LYON/1241/1993		A	H3N2	1993		virus_only	7	0
A/LYON/1242/2000		A	H3N2	2000		virus_only	13	0
A/LYON/1244/1996		A	H3N2	1996		virus_only	6	0
A/LYON/1246/1991		A	H3N2	1991		virus_only	7	0
A/LYON/1251/1991		A	H3N2	1991		virus_only	6	0
A/LYON/1267/1991		A	H3N2	1991		virus_only	7	0
A/LYON/1268/1991		A	H3N2	1991		virus_only	7	0
A/LYON/1273/1991		A	H3N2	1991		virus_only	7	0
A/LYON/1276/1991		A	H3N2	1991		virus_only	7	0
A/LYON/1279/1991		A	H3N2	1991		virus_only	7	0
A/LYON/1280/1991		A	H3N2	1991		virus_only	7	0
A/LYON/1283/1991		A	H3N2	1991		virus_only	7	0
A/LYON/1284/1991		A	H3N2	1991		virus_only	7	0
A/LYON/1286/1991		A	H3N2	1991		virus_only	7	0
A/LYON/1287/1998		A	H3N2	1998		virus_only	4	0
A/LYON/1288/2006		A	H3N2	2006		virus_only	9	0
A/LYON/1290/1991		A	H3N2	1991		virus_only	7	0
A/LYON/1292/1991		A	H3N2	1991		virus_only	7	0
A/LYON/1292/2006		A	H3N2	2006		virus_only	9	0
A/LYON/1296/1991		A	H3N2	1991		virus_only	7	0
A/LYON/1301/1991		A	H3N2	1991		virus_only	7	0
A/LYON/1304/1991		A	H3N2	1991		virus_only	7	0
A/LYON/1305/2006		A	H3N2	2006		virus_only	9	0
A/LYON/1308/1991		A	H3N2	1991		virus_only	7	0
A/LYON/1308/2006		A	H3N2	2006		virus_only	9	0
A/LYON/1309/1998		A	H3N2	1998		virus_only	5	0
A/LYON/1312/1991		A	H3N2	1991		virus_only	6	0
A/LYON/1312/2006		A	H3N2	2006		virus_only	9	0
A/LYON/1314/1991		A	H3N2	1991		virus_only	7	0
A/LYON/1315/1991		A	H3N2	1991		virus_only	7	0
A/LYON/1316/1991		A	H3N2	1991		virus_only	7	0
A/LYON/1320/1991		A	H3N2	1991		virus_only	7	0
A/LYON/1320/1998		A	H3N2	1998		virus_only	5	0
A/LYON/1320/2006		A	H3N2	2006		virus_only	9	0
A/LYON/1320/2008		A	H3N2	2008		virus_only	8	0
A/LYON/1324/2006		A	H3N2	2006		virus_only	9	0
A/LYON/1327/1991		A	H3N2	1991		virus_only	7	0
A/LYON/1329/1991		A	H3N2	1991		virus_only	7	0
A/LYON/1331/1998		A	H3N2	1998		virus_only	5	0
A/LYON/1331/2003		A	H3N2	2003		virus_only	15	0
A/LYON/1331/2006		A	H3N2	2006		virus_only	9	0
A/LYON/1332/2018		A	H3N2	2018		virus_only	8	0
A/LYON/1335/1991		A	H3N2	1991		virus_only	7	0
A/LYON/1337/1991		A	H3N2	1991		virus_only	7	0
A/LYON/1340/1991		A	H3N2	1991		virus_only	7	0
A/LYON/1342/1991		A	H3N2	1991		virus_only	7	0
A/LYON/1344/1991		A	H3N2	1991		virus_only	7	0
A/LYON/1345/1991		A	H3N2	1991		virus_only	7	0
A/LYON/1346/1991		A	H3N2	1991		virus_only	7	0
A/LYON/1350/2001		A	H3N2	2001		virus_only	8	0
A/LYON/1352/1998		A	H3N2	1998		virus_only	5	0
A/LYON/1352/2008		A	H3N2	2008		virus_only	8	0
A/LYON/1353/2000		A	H3N2	2000		virus_only	13	0
A/LYON/1354/1991		A	H3N2	1991		virus_only	7	0
A/LYON/1355/1991		A	H3N2	1991		virus_only	7	0
A/LYON/1359/1991		A	H3N2	1991		virus_only	7	0
A/LYON/1359/2006		A	H3N2	2006		virus_only	9	0
A/LYON/1364/1991		A	H3N2	1991		virus_only	7	0
A/LYON/1368/1991		A	H3N2	1991		virus_only	7	0
A/LYON/1369/1991		A	H3N2	1991		virus_only	7	0
A/LYON/1371/1991		A	H3N2	1991		virus_only	7	0
A/LYON/1373/1991		A	H3N2	1991		virus_only	7	0
A/LYON/1374/1991		A	H3N2	1991		virus_only	7	0
A/LYON/1381/2007		A	H3N2	2007		virus_only	10	0
A/LYON/1383/1998		A	H3N2	1998		virus_only	4	0
A/LYON/1388/1991		A	H3N2	1991		virus_only	7	0
A/LYON/14/2000		A	H3N2	2000		virus_only	6	0
A/LYON/1401/2001		A	H3N2	2001		virus_only	8	0
A/LYON/1407/2001		A	H3N2	2001		virus_only	8	0
A/LYON/1409/2001		A	H3N2	2001		virus_only	8	0
A/LYON/141/2001		A	H3N2	2001		virus_only	6	0
A/LYON/1413/2001		A	H3N2	2001		virus_only	8	0
A/LYON/1422/2003		A	H3N2	2003		virus_only	7	0
A/LYON/1439/1998		A	H3N2	1998		virus_only	5	0
A/LYON/1446/1998		A	H3N2	1998		virus_only	4	0
A/LYON/1480/1998#ORIGINAL		A	H3N2			virus_only	4	0
A/LYON/1487/1998		A	H3N2	1998		virus_only	4	0
A/LYON/1488/1998		A	H3N2	1998		virus_only	4	0
A/LYON/1491/1998		A	H3N2	1998		virus_only	4	0
A/LYON/1493/2018		A	H3N2	2018		virus_only	8	0
A/LYON/1496/1999		A	H3N2	1999		virus_only	7	0
A/LYON/15/1994		A	H3N2	1994		virus_only	7	0
A/LYON/150/1992		A	H3N2	1992		virus_only	6	0
A/LYON/1500/1998		A	H3N2	1998		virus_only	4	0
A/LYON/1503/2003		A	H3N2	2003		virus_only	13	0
A/LYON/1506/1999		A	H3N2	1999		virus_only	7	0
A/LYON/1507/2003		A	H3N2	2003		virus_only	7	0
A/LYON/151/1996		A	H3N2	1996		virus_only	12	0
A/LYON/1512/2003		A	H3N2	2003		virus_only	7	0
A/LYON/1514/2003		A	H3N2	2003		virus_only	7	0
A/LYON/1515/2003		A	H3N2	2003		virus_only	7	0
A/LYON/1518/1993		A	H3N2	1993		virus_only	6	0
A/LYON/152/1994		A	H3N2	1994		virus_only	7	0
A/LYON/1524/1991		A	H3N2	1991		virus_only	7	0
A/LYON/1527/1991		A	H3N2	1991		virus_only	7	0
A/LYON/1532/1992		A	H3N2	1992		virus_only	6	0
A/LYON/1536/1993		A	H3N2	1993		virus_only	6	0
A/LYON/1538/1993		A	H3N2	1993		virus_only	6	0
A/LYON/1541/2003		A	H3N2	2003		virus_only	7	0
A/LYON/1542/1993		A	H3N2	1993		virus_only	6	0
A/LYON/1544/1991		A	H3N2	1991		virus_only	7	0
A/LYON/1546/1993		A	H3N2	1993		virus_only	6	0
A/LYON/1547/1991		A	H3N2	1991		virus_only	7	0
A/LYON/1547/1993		A	H3N2	1993		virus_only	6	0
A/LYON/1555/2003		A	H3N2	2003		virus_only	7	0
A/LYON/1557/1993		A	H3N2	1993		virus_only	6	0
A/LYON/1558/1991		A	H3N2	1991		virus_only	7	0
A/LYON/1559/1991		A	H3N2	1991		virus_only	7	0
A/LYON/1560/1991		A	H3N2	1991		virus_only	7	0
A/LYON/1560/2018		A	H3N2	2018		virus_only	8	0
A/LYON/1562/1991		A	H3N2	1991		virus_only	7	0
A/LYON/1565/1993		A	H3N2	1993		virus_only	6	0
A/LYON/1566/1994		A	H3N2	1994		virus_only	6	0
A/LYON/1566/1998		A	H3N2	1998		virus_only	5	0
A/LYON/157/1997		A	H3N2	1997		virus_only	6	0
A/LYON/1575/1993		A	H3N2	1993		virus_only	6	0
A/LYON/1575/2003		A	H3N2	2003		virus_only	13	0
A/LYON/1576/1991		A	H3N2	1991		virus_only	7	0
A/LYON/1577/1993		A	H3N2	1993		virus_only	6	0
A/LYON/1579/1991		A	H3N2	1991		virus_only	7	0
A/LYON/158/1996		A	H3N2	1996		virus_only	6	0
A/LYON/158/1997		A	H3N2	1997		virus_only	6	0
A/LYON/158/2007		A	H3N2	2007		virus_only	8	0
A/LYON/1580/1993		A	H3N2	1993		virus_only	6	0
A/LYON/1583/1991		A	H3N2	1991		virus_only	7	0
A/LYON/1584/1991		A	H3N2	1991		virus_only	7	0
A/LYON/1586/1991		A	H3N2	1991		virus_only	7	0
A/LYON/1589/1993		A	H3N2	1993		virus_only	6	0
A/LYON/1593/1991		A	H3N2	1991		virus_only	7	0
A/LYON/1594/1991		A	H3N2	1991		virus_only	7	0
A/LYON/1599/1993		A	H3N2	1993		virus_only	6	0
A/LYON/16/2000		A	H3N2	2000		virus_only	6	0
A/LYON/1600/1993		A	H3N2	1993		virus_only	6	0
A/LYON/1603/1991		A	H3N2	1991		virus_only	7	0
A/LYON/1609/1991		A	H3N2	1991		virus_only	7	0
A/LYON/1612/1991		A	H3N2	1991		virus_only	7	0
A/LYON/1613/1993		A	H3N2	1993		virus_only	6	0
A/LYON/1613/1999		A	H3N2	1999		virus_only	6	0
A/LYON/1614/1993		A	H3N2	1993		virus_only	6	0
A/LYON/1616/1991		A	H3N2	1991		virus_only	7	0
A/LYON/1616/1993		A	H3N2	1993		virus_only	6	0
A/LYON/16197/2002		A	H3N2	2002		virus_only	5	0
A/LYON/162/2020		A	H3N2	2020		virus_only	9	0
A/LYON/1620/1991		A	H3N2	1991		virus_only	7	0
A/LYON/1622/1991		A	H3N2	1991		virus_only	7	0
A/LYON/1624/2003		A	H3N2	2003		virus_only	6	0
A/LYON/1627/1991		A	H3N2	1991		virus_only	7	0
A/LYON/1627/1993		A	H3N2	1993		virus_only	6	0
A/LYON/163/2000		A	H3N2	2000		virus_only	6	0
A/LYON/163/2007		A	H3N2	2007		virus_only	8	0
A/LYON/1630/1993		A	H3N2	1993		virus_only	6	0
A/LYON/1631/1993		A	H3N2	1993		virus_only	6	0
A/LYON/1631/2020		A	H3N2	2020		virus_only	9	0
A/LYON/1632/1993		A	H3N2	1993		virus_only	6	0
A/LYON/1633/1993		A	H3N2	1993		virus_only	12	0
A/LYON/1635/1993		A	H3N2	1993		virus_only	6	0
A/LYON/1636/1993		A	H3N2	1993		virus_only	6	0
A/LYON/1640/1991		A	H3N2	1991		virus_only	7	0
A/LYON/1643/1991		A	H3N2	1991		virus_only	7	0
A/LYON/1644/1991		A	H3N2	1991		virus_only	7	0
A/LYON/165/2003		A	H3N2	2003		virus_only	5	0
A/LYON/1653/2003		A	H3N2	2003		virus_only	6	0
A/LYON/1655/1999		A	H3N2	1999		virus_only	6	0
A/LYON/1656/1991		A	H3N2	1991		virus_only	7	0
A/LYON/1657/1993		A	H3N2	1993		virus_only	6	0
A/LYON/1658/1993		A	H3N2	1993		virus_only	6	0
A/LYON/1659/1991		A	H3N2	1991		virus_only	7	0
A/LYON/166/1997		A	H3N2	1997		virus_only	6	0
A/LYON/1660/1999		A	H3N2	1999		virus_only	6	0
A/LYON/1663/1991		A	H3N2	1991		virus_only	7	0
A/LYON/1666/1999		A	H3N2	1999		virus_only	6	0
A/LYON/1667/1993		A	H3N2	1993		virus_only	7	0
A/LYON/1670/1991		A	H3N2	1991		virus_only	7	0
A/LYON/1670/1999		A	H3N2	1999		virus_only	6	0
A/LYON/1672/1999		A	H3N2	1999		virus_only	5	0
A/LYON/1674/2009		A	H3N2	2009		virus_only	19	0
A/LYON/1678/1999		A	H3N2	1999		virus_only	6	0
A/LYON/1679/1999		A	H3N2	1999		virus_only	5	0
A/LYON/1683/2003		A	H3N2	2003		virus_only	6	0
A/LYON/1690/1999		A	H3N2	1999		virus_only	5	0
A/LYON/1703/1999		A	H3N2	1999		virus_only	5	0
A/LYON/1705/2003		A	H3N2	2003		virus_only	6	0
A/LYON/1711/1999		A	H3N2	1999		virus_only	5	0
A/LYON/1715/2009		A	H3N2	2009		virus_only	19	0
A/LYON/1717/1999		A	H3N2	1999		virus_only	5	0
A/LYON/1723/2003		A	H3N2	2003		virus_only	6	0
A/LYON/1727/1999		A	H3N2	1999		virus_only	5	0
A/LYON/1728/1999		A	H3N2	1999		virus_only	5	0
A/LYON/1732/1999		A	H3N2	1999		virus_only	5	0
A/LYON/1733/1993		A	H3N2	1993		virus_only	6	0
A/LYON/1734/1999		A	H3N2	1999		virus_only	5	0
A/LYON/1736/2003		A	H3N2	2003		virus_only	6	0
A/LYON/1737/2003		A	H3N2	2003		virus_only	6	0
A/LYON/1740/1999		A	H3N2	1999		virus_only	5	0
A/LYON/1742/1999		A	H3N2	1999		virus_only	5	0
A/LYON/1743/1999		A	H3N2	1999		virus_only	5	0
A/LYON/1744/1999		A	H3N2	1999		virus_only	5	0
A/LYON/1745/1993		A	H3N2	1993		virus_only	7	0
A/LYON/1750/1999		A	H3N2	1999		virus_only	5	0
A/LYON/1751/1999		A	H3N2	1999		virus_only	5	0
A/LYON/1754/1999		A	H3N2	1999		virus_only	5	0
A/LYON/1758/1996		A	H3N2	1996		virus_only	6	0
A/LYON/1760/1996		A	H3N2	1996		virus_only	12	0
A/LYON/1761/1999		A	H3N2	1999		virus_only	5	0
A/LYON/1764/1999		A	H3N2	1999		virus_only	5	0
A/LYON/1767/1999		A	H3N2	1999		virus_only	5	0
A/LYON/1774/1999		A	H3N2	1999		virus_only	5	0
A/LYON/1775/1999		A	H3N2	1999		virus_only	5	0
A/LYON/1779/1999		A	H3N2	1999		virus_only	5	0
A/LYON/1780/1993		A	H3N2	1993		virus_only	7	0
A/LYON/1781/1996		A	H3N2	1996		virus_only	12	0
A/LYON/1786/1993		A	H3N2	1993		virus_only	6	0
A/LYON/1786/1999		A	H3N2	1999		virus_only	5	0
A/LYON/1787/2003		A	H3N2	2003		virus_only	6	0
A/LYON/1788/1999		A	H3N2	1999		virus_only	5	0
A/LYON/1789/1999		A	H3N2	1999		virus_only	5	0
A/LYON/1790/1999		A	H3N2	1999		virus_only	5	0
A/LYON/1792/1999		A	H3N2	1999		virus_only	5	0
A/LYON/1793/1999		A	H3N2	1999		virus_only	5	0
A/LYON/1794/1999		A	H3N2	1999		virus_only	5	0
A/LYON/1795/1993		A	H3N2	1993		virus_only	6	0
A/LYON/1796/1999		A	H3N2	1999		virus_only	5	0
A/LYON/18/2000		A	H3N2	2000		virus_only	6	0
A/LYON/1801/1999		A	H3N2	1999		virus_only	5	0
A/LYON/1803/1993		A	H3N2	1993		virus_only	6	0
A/LYON/1804/1999		A	H3N2	1999		virus_only	5	0
A/LYON/1808/1999		A	H3N2	1999		virus_only	5	0
A/LYON/1809/1999		A	H3N2	1999		virus_only	5	0
A/LYON/181/1995		A	H3N2	1995		virus_only	6	0
A/LYON/1814/1999		A	H3N2	1999		virus_only	5	0
A/LYON/1815/1993		A	H3N2	1993		virus_only	6	0
A/LYON/1816/1993		A	H3N2	1993		virus_only	6	0
A/LYON/1817/1999		A	H3N2	1999		virus_only	5	0
A/LYON/1818/1993		A	H3N2	1993		virus_only	6	0
A/LYON/182/1995		A	H3N2	1995		virus_only	6	0
A/LYON/1820/1993		A	H3N2	1993		virus_only	6	0
A/LYON/1822/1993		A	H3N2	1993		virus_only	6	0
A/LYON/1824/1999		A	H3N2	1999		virus_only	5	0
A/LYON/1825/1999		A	H3N2	1999		virus_only	5	0
A/LYON/1826/1999		A	H3N2	1999		virus_only	5	0
A/LYON/1827/1999		A	H3N2	1999		virus_only	5	0
A/LYON/1828/1999		A	H3N2	1999		virus_only	5	0
A/LYON/1829/1999		A	H3N2	1999		virus_only	5	0
A/LYON/1835/1999		A	H3N2	1999		virus_only	5	0
A/LYON/1839/1999		A	H3N2	1999		virus_only	5	0
A/LYON/1841/1993		A	H3N2	1993		virus_only	7	0
A/LYON/1844/1999		A	H3N2	1999		virus_only	5	0
A/LYON/1846/1993		A	H3N2	1993		virus_only	7	0
A/LYON/1847/1999		A	H3N2	1999		virus_only	5	0
A/LYON/1848/1999		A	H3N2	1999		virus_only	5	0
A/LYON/1849/1993		A	H3N2	1993		virus_only	7	0
A/LYON/185/1992		A	H3N2	1992		virus_only	6	0
A/LYON/1850/1999		A	H3N2	1999		virus_only	5	0
A/LYON/1851/1993		A	H3N2	1993		virus_only	7	0
A/LYON/1853/1993		A	H3N2	1993		virus_only	7	0
A/LYON/1855/1993		A	H3N2	1993		virus_only	7	0
A/LYON/1856/1993		A	H3N2	1993		virus_only	7	0
A/LYON/1858/1993		A	H3N2	1993		virus_only	7	0
A/LYON/1858/1999		A	H3N2	1999		virus_only	5	0
A/LYON/1859/1999		A	H3N2	1999		virus_only	5	0
A/LYON/1861/1999		A	H3N2	1999		virus_only	5	0
A/LYON/1862/1999		A	H3N2	1999		virus_only	5	0
A/LYON/1863/1993		A	H3N2	1993		virus_only	7	0
A/LYON/1863/1999		A	H3N2	1999		virus_only	5	0
A/LYON/1865/1993		A	H3N2	1993		virus_only	7	0
A/LYON/1866/1993		A	H3N2	1993		virus_only	7	0
A/LYON/1867/1993		A	H3N2	1993		virus_only	7	0
A/LYON/1875/2003		A	H3N2	2003		virus_only	6	0
A/LYON/1901/1993		A	H3N2	1993		virus_only	7	0
A/LYON/1908/1993		A	H3N2	1993		virus_only	7	0
A/LYON/1909/1993		A	H3N2	1993		virus_only	7	0
A/LYON/1910/1996		A	H3N2	1996		virus_only	5	0
A/LYON/1911/1993		A	H3N2	1993		virus_only	7	0
A/LYON/1913/1993		A	H3N2	1993		virus_only	7	0
A/LYON/1913/2003		A	H3N2	2003		virus_only	6	0
A/LYON/1918/1993		A	H3N2	1993		virus_only	7	0
A/LYON/192/1992		A	H3N2	1992		virus_only	6	0
A/LYON/1930/1996		A	H3N2	1996		virus_only	5	0
A/LYON/1941/1993		A	H3N2	1993		virus_only	7	0
A/LYON/1943/1993		A	H3N2	1993		virus_only	7	0
A/LYON/195/1994		A	H3N2	1994		virus_only	7	0
A/LYON/1954/1993		A	H3N2	1993		virus_only	7	0
A/LYON/1957/1993		A	H3N2	1993		virus_only	7	0
A/LYON/1960/1993		A	H3N2	1993		virus_only	7	0
A/LYON/1961/1993		A	H3N2	1993		virus_only	6	0
A/LYON/1963/1993		A	H3N2	1993		virus_only	6	0
A/LYON/198/1995		A	H3N2	1995		virus_only	5	0
A/LYON/1982/1993		A	H3N2	1993		virus_only	6	0
A/LYON/1983/1993		A	H3N2	1993		virus_only	6	0
A/LYON/1984/1996		A	H3N2	1996		virus_only	5	0
A/LYON/1985/1996		A	H3N2	1996		virus_only	5	0
A/LYON/1987/1996		A	H3N2	1996		virus_only	6	0
A/LYON/19989/2002		A	H3N2	2002		virus_only	5	0
A/LYON/20/1997		A	H3N2	1997		virus_only	6	0
A/LYON/20/1999		A	H3N2	1999		virus_only	6	0
A/LYON/201/1992		A	H3N2	1992		virus_only	6	0
A/LYON/201/2007		A	H3N2	2007		virus_only	8	0
A/LYON/2015/1993		A	H3N2	1993		virus_only	6	0
A/LYON/2017/2019		A	H3N2	2019		virus_only	9	0
A/LYON/2022/1996		A	H3N2	1996		virus_only	5	0
A/LYON/2024/1993		A	H3N2	1993		virus_only	6	0
A/LYON/2025/1993		A	H3N2	1993		virus_only	6	0
A/LYON/2027/1993		A	H3N2	1993		virus_only	6	0
A/LYON/2038/1993		A	H3N2	1993		virus_only	6	0
A/LYON/2041/1993		A	H3N2	1993		virus_only	6	0
A/LYON/2042/1993		A	H3N2	1993		virus_only	6	0
A/LYON/2051/1993		A	H3N2	1993		virus_only	7	0
A/LYON/2056/2003		A	H3N2	2003		virus_only	6	0
A/LYON/2063/1993		A	H3N2	1993		virus_only	7	0
A/LYON/2073/1993		A	H3N2	1993		virus_only	6	0
A/LYON/2074/1993		A	H3N2	1993		virus_only	6	0
A/LYON/2074/1996		A	H3N2	1996		virus_only	5	0
A/LYON/2075/1992		A	H3N2	1992		virus_only	6	0
A/LYON/2088/1993		A	H3N2	1993		virus_only	6	0
A/LYON/2096/1993		A	H3N2	1993		virus_only	6	0
A/LYON/21/2004		A	H3N2	2004		virus_only	6	0
A/LYON/21/2006		A	H3N2	2006		virus_only	8	0
A/LYON/2106/2018		A	H3N2	2018		virus_only	9	0
A/LYON/2114/1993		A	H3N2	1993		virus_only	6	0
A/LYON/212/2000		A	H3N2	2000		virus_only	6	0
A/LYON/2128/1995		A	H3N2	1995		virus_only	6	0
A/LYON/2135/2003		A	H3N2	2003		virus_only	6	0
A/LYON/214/2000		A	H3N2	2000		virus_only	6	0
A/LYON/2145/1997		A	H3N2	1997		virus_only	5	0
A/LYON/2158/1996		A	H3N2	1996		virus_only	5	0
A/LYON/2176/1993		A	H3N2	1993		virus_only	6	0
A/LYON/2177/1993		A	H3N2	1993		virus_only	6	0
A/LYON/2181/1997		A	H3N2	1997		virus_only	5	0
A/LYON/2182/1993		A	H3N2	1993		virus_only	6	0
A/LYON/2183/1993		A	H3N2	1993		virus_only	6	0
A/LYON/219/2020		A	H3N2	2020		virus_only	9	0
A/LYON/2193/1993		A	H3N2	1993		virus_only	6	0
A/LYON/2198/1993		A	H3N2	1993		virus_only	6	0
A/LYON/2199/1993		A	H3N2	1993		virus_only	7	0
A/LYON/22/2007		A	H3N2	2007		virus_only	9	0
A/LYON/2201/1993		A	H3N2	1993		virus_only	6	0
A/LYON/2207/2016		A	H3N2	2016		virus_only	12	0
A/LYON/2209/2003		A	H3N2	2003		virus_only	12	0
A/LYON/2210/2003		A	H3N2	2003		virus_only	12	0
A/LYON/2226/1993		A	H3N2	1993		virus_only	6	0
A/LYON/2232/1996		A	H3N2	1996		virus_only	6	0
A/LYON/2237/1996		A	H3N2	1996		virus_only	6	0
A/LYON/2240/1996		A	H3N2	1996		virus_only	6	0
A/LYON/2244/1996		A	H3N2	1996		virus_only	6	0
A/LYON/2253/1993		A	H3N2	1993		virus_only	7	0
A/LYON/2253/1996		A	H3N2	1996		virus_only	6	0
A/LYON/2254/1993		A	H3N2	1993		virus_only	7	0
A/LYON/2258/1993		A	H3N2	1993		virus_only	7	0
A/LYON/2259/1993		A	H3N2	1993		virus_only	6	0
A/LYON/226/1992		A	H3N2	1992		virus_only	6	0
A/LYON/2263/1993		A	H3N2	1993		virus_only	7	0
A/LYON/2264/2011		A	H3N2	2011		virus_only	9	0
A/LYON/2266/1996		A	H3N2	1996		virus_only	5	0
A/LYON/2279/1995		A	H3N2	1995		virus_only	6	0
A/LYON/2286/1996		A	H3N2	1996		virus_only	6	0
A/LYON/2287/1993		A	H3N2	1993		virus_only	7	0
A/LYON/2291/1993		A	H3N2	1993		virus_only	7	0
A/LYON/2292/1993		A	H3N2	1993		virus_only	7	0
A/LYON/2296/2018		A	H3N2	2018		virus_only	8	0
A/LYON/2297/1993		A	H3N2	1993		virus_only	7	0
A/LYON/23/1997		A	H3N2	1997		virus_only	6	0
A/LYON/2300/1995		A	H3N2	1995		virus_only	6	0
A/LYON/2317/1993		A	H3N2	1993		virus_only	7	0
A/LYON/2323/1996		A	H3N2	1996		virus_only	6	0
A/LYON/2326/1995		A	H3N2	1995		virus_only	12	0
A/LYON/2328/1993		A	H3N2	1993		virus_only	7	0
A/LYON/2334/1996		A	H3N2	1996		virus_only	6	0
A/LYON/2335/2018		A	H3N2	2018		virus_only	8	0
A/LYON/2336/1996		A	H3N2	1996		virus_only	6	0
A/LYON/23426/1993		A	H3N2	1993		virus_only	6	0
A/LYON/23448/1991		A	H3N2	1991		virus_only	7	0
A/LYON/2346/1996		A	H3N2	1996		virus_only	6	0
A/LYON/23506/1991		A	H3N2	1991		virus_only	7	0
A/LYON/23672/1991		A	H3N2	1991		virus_only	7	0
A/LYON/23708/1993		A	H3N2	1993		virus_only	6	0
A/LYON/23711/1993		A	H3N2	1993		virus_only	6	0
A/LYON/23712/1993		A	H3N2	1993		virus_only	6	0
A/LYON/2372/1996		A	H3N2	1996		virus_only	6	0
A/LYON/2376/1993		A	H3N2	1993		virus_only	7	0
A/LYON/23815/1993		A	H3N2	1993		virus_only	6	0
A/LYON/239/2007		A	H3N2	2007		virus_only	8	0
A/LYON/2394/1996		A	H3N2	1996		virus_only	6	0
A/LYON/2397/2014		A	H3N2	2014		virus_only	11	0
A/LYON/2398/1996		A	H3N2	1996		virus_only	6	0
A/LYON/2398/2014		A	H3N2	2014		virus_only	11	0
A/LYON/24/2000		A	H3N2	2000		virus_only	6	0
A/LYON/2400/1996		A	H3N2	1996		virus_only	6	0
A/LYON/2403/1993		A	H3N2	1993		virus_only	7	0
A/LYON/24103/1991		A	H3N2	1991		virus_only	7	0
A/LYON/24107/1991		A	H3N2	1991		virus_only	7	0
A/LYON/2418/1996		A	H3N2	1996		virus_only	6	0
A/LYON/24267/1993		A	H3N2	1993		virus_only	6	0
A/LYON/2429/2014		A	H3N2	2014		virus_only	11	0
A/LYON/24301/1993		A	H3N2	1993		virus_only	6	0
A/LYON/24318/1993		A	H3N2	1993		virus_only	6	0
A/LYON/24344/1993		A	H3N2	1993		virus_only	6	0
A/LYON/24476/1993		A	H3N2	1993		virus_only	6	0
A/LYON/245/1995		A	H3N2	1995		virus_only	5	0
A/LYON/246/1998		A	H3N2	1998		virus_only	5	0
A/LYON/2467/1993		A	H3N2	1993		virus_only	7	0
A/LYON/2471/1993		A	H3N2	1993		virus_only	7	0
A/LYON/249/1998		A	H3N2	1998		virus_only	5	0
A/LYON/2496/2012		A	H3N2	2012		virus_only	11	0
A/LYON/25/1994		A	H3N2	1994		virus_only	7	0
A/LYON/25/1999		A	H3N2	1999		virus_only	6	0
A/LYON/251/1993		A	H3N2	1993		virus_only	8	0
A/LYON/252/1993		A	H3N2	1993		virus_only	8	0
A/LYON/253/2007		A	H3N2	2007		virus_only	8	0
A/LYON/255/1998		A	H3N2	1998		virus_only	10	0
A/LYON/2558/1998		A	H3N2	1998		virus_only	10	0
A/LYON/257/1997		A	H3N2	1997		virus_only	5	0
A/LYON/2573/1998		A	H3N2	1998		virus_only	10	0
A/LYON/2593/1998		A	H3N2	1998		virus_only	5	0
A/LYON/261/1994		A	H3N2	1994		virus_only	7	0
A/LYON/261/1998#ORIGINAL		A	H3N2			virus_only	5	0
A/LYON/2614/1998		A	H3N2	1998		virus_only	5	0
A/LYON/2623/2012		A	H3N2	2012		virus_only	11	0
A/LYON/2633/2012		A	H3N2	2012		virus_only	11	0
A/LYON/264/2007		A	H3N2	2007		virus_only	8	0
A/LYON/265/1995		A	H3N2	1995		virus_only	5	0
A/LYON/2672/1998		A	H3N2	1998		virus_only	5	0
A/LYON/2681/1995		A	H3N2	1995		virus_only	12	0
A/LYON/2685/1998		A	H3N2	1998		virus_only	5	0
A/LYON/2691/1998		A	H3N2	1998		virus_only	5	0
A/LYON/27/2007		A	H3N2	2007		virus_only	9	0
A/LYON/2708/1998		A	H3N2	1998		virus_only	5	0
A/LYON/2712/1998		A	H3N2	1998		virus_only	5	0
A/LYON/2731/1998		A	H3N2	1998		virus_only	6	0
A/LYON/2739/1998		A	H3N2	1998		virus_only	6	0
A/LYON/2742/1998		A	H3N2	1998		virus_only	6	0
A/LYON/2743/2012		A	H3N2	2012		virus_only	11	0
A/LYON/2753/1998		A	H3N2	1998		virus_only	6	0
A/LYON/2757/1998		A	H3N2	1998		virus_only	6	0
A/LYON/2763/2012		A	H3N2	2012		virus_only	11	0
A/LYON/2765/1995		A	H3N2	1995		virus_only	6	0
A/LYON/2766/1995		A	H3N2	1995		virus_only	6	0
A/LYON/2767/1995		A	H3N2	1995		virus_only	6	0
A/LYON/2769/1995		A	H3N2	1995		virus_only	6	0
A/LYON/2773/1998		A	H3N2	1998		virus_only	6	0
A/LYON/2779/1998		A	H3N2	1998		virus_only	6	0
A/LYON/2780/1998		A	H3N2	1998		virus_only	6	0
A/LYON/2793/1998		A	H3N2	1998		virus_only	6	0
A/LYON/2800/1995		A	H3N2	1995		virus_only	6	0
A/LYON/285/1995		A	H3N2	1995		virus_only	5	0
A/LYON/286/1995		A	H3N2	1995		virus_only	5	0
A/LYON/288/1992		A	H3N2	1992		virus_only	6	0
A/LYON/29/1994		A	H3N2	1994		virus_only	7	0
A/LYON/29/2002		A	H3N2	2002		virus_only	6	0
A/LYON/290/2000		A	H3N2	2000		virus_only	7	0
A/LYON/2909/2013		A	H3N2	2013		virus_only	9	0
A/LYON/291/2003		A	H3N2	2003		virus_only	5	0
A/LYON/2923/2013		A	H3N2	2013		virus_only	9	0
A/LYON/2959/2013		A	H3N2	2013		virus_only	9	0
A/LYON/2961/1995		A	H3N2	1995		virus_only	6	0
A/LYON/2967/1995		A	H3N2	1995		virus_only	6	0
A/LYON/298/1996		A	H3N2	1996		virus_only	12	0
A/LYON/2980/1995		A	H3N2	1995		virus_only	6	0
A/LYON/299/2000		A	H3N2	2000		virus_only	7	0
A/LYON/2990/2013		A	H3N2	2013		virus_only	9	0
A/LYON/3/2005		A	H3N2	2005		virus_only	8	0
A/LYON/30/1992		A	H3N2	1992		virus_only	6	0
A/LYON/3014/2013		A	H3N2	2013		virus_only	9	0
A/LYON/3018/2013		A	H3N2	2013		virus_only	9	0
A/LYON/3022/1995		A	H3N2	1995		virus_only	6	0
A/LYON/3024/1995		A	H3N2	1995		virus_only	6	0
A/LYON/3026/1995		A	H3N2	1995		virus_only	6	0
A/LYON/303/1999		A	H3N2	1999		virus_only	5	0
A/LYON/3030/1995		A	H3N2	1995		virus_only	6	0
A/LYON/3034/1995		A	H3N2	1995		virus_only	6	0
A/LYON/307/1999		A	H3N2	1999		virus_only	5	0
A/LYON/31/1999		A	H3N2	1999		virus_only	6	0
A/LYON/312/1992		A	H3N2	1992		virus_only	6	0
A/LYON/313/1992		A	H3N2	1992		virus_only	6	0
A/LYON/313/1995		A	H3N2	1995		virus_only	5	0
A/LYON/316/1996		A	H3N2	1996		virus_only	6	0
A/LYON/3198/1995		A	H3N2	1995		virus_only	6	0
A/LYON/32/1994		A	H3N2	1994		virus_only	7	0
A/LYON/320/2006		A	H3N2	2006		virus_only	10	0
A/LYON/321/2003		A	H3N2	2003		virus_only	5	0
A/LYON/323/2007		A	H3N2	2007		virus_only	8	0
A/LYON/324/2000		A	H3N2	2000		virus_only	7	0
A/LYON/328/1992		A	H3N2	1992		virus_only	6	0
A/LYON/33/1992		A	H3N2	1992		virus_only	6	0
A/LYON/33/1999		A	H3N2	1999		virus_only	6	0
A/LYON/33/2000		A	H3N2	2000		virus_only	6	0
A/LYON/333/1997		A	H3N2	1997		virus_only	5	0
A/LYON/335/2000		A	H3N2	2000		virus_only	7	0
A/LYON/34/1999		A	H3N2	1999		virus_only	6	0
A/LYON/348/1998		A	H3N2	1998		virus_only	5	0
A/LYON/35/2005		A	H3N2	2005		virus_only	8	0
A/LYON/357/1995		A	H3N2	1995		virus_only	5	0
A/LYON/359/1992		A	H3N2	1992		virus_only	6	0
A/LYON/363/1999		A	H3N2	1999		virus_only	5	0
A/LYON/3670/2009		A	H3N2	2009		virus_only	11	0
A/LYON/37/1997		A	H3N2	1997		virus_only	11	0
A/LYON/37/2005		A	H3N2	2005		virus_only	8	0
A/LYON/37/2012		A	H3N2	2012		virus_only	9	0
A/LYON/37477/2013		A	H3N2	2013		virus_only	9	0
A/LYON/375/2008		A	H3N2	2008		virus_only	10	0
A/LYON/38/2005		A	H3N2	2005		virus_only	8	0
A/LYON/392/2000		A	H3N2	2000		virus_only	7	0
A/LYON/4/1995		A	H3N2	1995		virus_only	5	0
A/LYON/4/1999		A	H3N2	1999		virus_only	6	0
A/LYON/40/2012		A	H3N2	2012		virus_only	9	0
A/LYON/407/2000		A	H3N2	2000		virus_only	7	0
A/LYON/41/2000		A	H3N2	2000		virus_only	6	0
A/LYON/410/2003		A	H3N2	2003		virus_only	5	0
A/LYON/413/1992		A	H3N2	1992		virus_only	6	0
A/LYON/419/2000		A	H3N2	2000		virus_only	7	0
A/LYON/42/1999		A	H3N2	1999		virus_only	6	0
A/LYON/420/1996		A	H3N2	1996		virus_only	6	0
A/LYON/422/1996		A	H3N2	1996		virus_only	6	0
A/LYON/424/1992		A	H3N2	1992		virus_only	6	0
A/LYON/427/1998		A	H3N2	1998		virus_only	5	0
A/LYON/427/2000		A	H3N2	2000		virus_only	7	0
A/LYON/43/1999		A	H3N2	1999		virus_only	6	0
A/LYON/431/1998		A	H3N2	1998		virus_only	5	0
A/LYON/44/1999		A	H3N2	1999		virus_only	6	0
A/LYON/456/1995		A	H3N2	1995		virus_only	6	0
A/LYON/457/1995		A	H3N2	1995		virus_only	6	0
A/LYON/463/1998		A	H3N2	1998		virus_only	5	0
A/LYON/468/2000		A	H3N2	2000		virus_only	7	0
A/LYON/47/1999		A	H3N2	1999		virus_only	6	0
A/LYON/47/2000		A	H3N2	2000		virus_only	6	0
A/LYON/47/2005		A	H3N2	2005		virus_only	8	0
A/LYON/473/1995		A	H3N2	1995		virus_only	6	0
A/LYON/476/2003		A	H3N2	2003		virus_only	5	0
A/LYON/482/1995		A	H3N2	1995		virus_only	6	0
A/LYON/483/1995		A	H3N2	1995		virus_only	6	0
A/LYON/485/2000		A	H3N2	2000		virus_only	7	0
A/LYON/49/1994		A	H3N2	1994		virus_only	7	0
A/LYON/49/2000		A	H3N2	2000		virus_only	6	0
A/LYON/492/1995		A	H3N2	1995		virus_only	6	0
A/LYON/492/1996		A	H3N2	1996		virus_only	12	0
A/LYON/493/1995		A	H3N2	1995		virus_only	6	0
A/LYON/493/1996		A	H3N2	1996		virus_only	6	0
A/LYON/494/1996		A	H3N2	1996		virus_only	12	0
A/LYON/50/2000		A	H3N2	2000		virus_only	6	0
A/LYON/500/1995		A	H3N2	1995		virus_only	6	0
A/LYON/502/1998#ORIGINAL		A	H3N2			virus_only	5	0
A/LYON/505/2000		A	H3N2	2000		virus_only	7	0
A/LYON/51/2000		A	H3N2	2000		virus_only	6	0
A/LYON/512/1998#ORIGINAL		A	H3N2			virus_only	5	0
A/LYON/518/1998#ORIGINAL		A	H3N2			virus_only	5	0
A/LYON/52/1994		A	H3N2	1994		virus_only	7	0
A/LYON/52/1997		A	H3N2	1997		virus_only	5	0
A/LYON/52/2000		A	H3N2	2000		virus_only	6	0
A/LYON/521/1995		A	H3N2	1995		virus_only	6	0
A/LYON/523/1998		A	H3N2	1998		virus_only	5	0
A/LYON/524/2000		A	H3N2	2000		virus_only	7	0
A/LYON/526/2000		A	H3N2	2000		virus_only	7	0
A/LYON/528/1995		A	H3N2	1995		virus_only	6	0
A/LYON/532/1995		A	H3N2	1995		virus_only	6	0
A/LYON/533/1995		A	H3N2	1995		virus_only	6	0
A/LYON/537/1993		A	H3N2	1993		virus_only	7	0
A/LYON/54/2000		A	H3N2	2000		virus_only	6	0
A/LYON/54/2005		A	H3N2	2005		virus_only	8	0
A/LYON/543/1995		A	H3N2	1995		virus_only	6	0
A/LYON/550/1999		A	H3N2	1999		virus_only	5	0
A/LYON/554/1995		A	H3N2	1995		virus_only	6	0
A/LYON/555/1998		A	H3N2	1998		virus_only	5	0
A/LYON/557/1993		A	H3N2	1993		virus_only	7	0
A/LYON/56/1999		A	H3N2	1999		virus_only	5	0
A/LYON/567/1998		A	H3N2	1998		virus_only	5	0
A/LYON/57/1999		A	H3N2	1999		virus_only	6	0
A/LYON/58/1999		A	H3N2	1999		virus_only	6	0
A/LYON/587/1995		A	H3N2	1995		virus_only	6	0
A/LYON/588/2005		A	H3N2	2005		virus_only	6	0
A/LYON/60/1999		A	H3N2	1999		virus_only	6	0
A/LYON/600/1995		A	H3N2	1995		virus_only	6	0
A/LYON/604/2002		A	H3N2	2002		virus_only	6	0
A/LYON/606/1995		A	H3N2	1995		virus_only	6	0
A/LYON/614/1995		A	H3N2	1995		virus_only	6	0
A/LYON/615/1993		A	H3N2	1993		virus_only	7	0
A/LYON/617/1999		A	H3N2	1999		virus_only	5	0
A/LYON/618/1999		A	H3N2	1999		virus_only	5	0
A/LYON/619/1999		A	H3N2	1999		virus_only	5	0
A/LYON/63/1997		A	H3N2	1997		virus_only	5	0
A/LYON/636/1999		A	H3N2	1999		virus_only	5	0
A/LYON/637/1995		A	H3N2	1995		virus_only	6	0
A/LYON/646/1998		A	H3N2	1998		virus_only	5	0
A/LYON/647/1999		A	H3N2	1999		virus_only	5	0
A/LYON/65/1994		A	H3N2	1994		virus_only	7	0
A/LYON/66/1994		A	H3N2	1994		virus_only	7	0
A/LYON/666/1995		A	H3N2	1995		virus_only	6	0
A/LYON/666/2000		A	H3N2	2000		virus_only	7	0
A/LYON/669/2008		A	H3N2	2008		virus_only	10	0
A/LYON/67/2002		A	H3N2	2002		virus_only	6	0
A/LYON/672/1993		A	H3N2	1993		virus_only	7	0
A/LYON/679/1993		A	H3N2	1993		virus_only	7	0
A/LYON/679/1995		A	H3N2	1995		virus_only	6	0
A/LYON/680/1995		A	H3N2	1995		virus_only	6	0
A/LYON/681/1995		A	H3N2	1995		virus_only	6	0
A/LYON/683/1995		A	H3N2	1995		virus_only	6	0
A/LYON/687/1995		A	H3N2	1995		virus_only	6	0
A/LYON/693/1993		A	H3N2	1993		virus_only	7	0
A/LYON/697/1995		A	H3N2	1995		virus_only	6	0
A/LYON/699/1995		A	H3N2	1995		virus_only	6	0
A/LYON/7/1994		A	H3N2	1994		virus_only	7	0
A/LYON/702/1995		A	H3N2	1995		virus_only	6	0
A/LYON/703/1993		A	H3N2	1993		virus_only	7	0
A/LYON/709/2005		A	H3N2	2005		virus_only	6	0
A/LYON/710/1995		A	H3N2	1995		virus_only	6	0
A/LYON/711/1995		A	H3N2	1995		virus_only	6	0
A/LYON/713/1995		A	H3N2	1995		virus_only	6	0
A/LYON/716/2005		A	H3N2	2005		virus_only	6	0
A/LYON/717/2005		A	H3N2	2005		virus_only	6	0
A/LYON/718/1995		A	H3N2	1995		virus_only	6	0
A/LYON/719/1995		A	H3N2	1995		virus_only	6	0
A/LYON/724/1995		A	H3N2	1995		virus_only	6	0
A/LYON/725/1995		A	H3N2	1995		virus_only	6	0
A/LYON/726/1995		A	H3N2	1995		virus_only	6	0
A/LYON/73/2005		A	H3N2	2005		virus_only	8	0
A/LYON/730/2005		A	H3N2	2005		virus_only	6	0
A/LYON/731/1993		A	H3N2	1993		virus_only	7	0
A/LYON/734/1995		A	H3N2	1995		virus_only	6	0
A/LYON/734/1999		A	H3N2	1999		virus_only	5	0
A/LYON/752/1995		A	H3N2	1995		virus_only	6	0
A/LYON/756/1998		A	H3N2	1998		virus_only	5	0
A/LYON/757/1995		A	H3N2	1995		virus_only	6	0
A/LYON/757/1998		A	H3N2	1998		virus_only	5	0
A/LYON/762/2008		A	H3N2	2008		virus_only	10	0
A/LYON/764/1998		A	H3N2	1998		virus_only	5	0
A/LYON/768/2006		A	H3N2	2006		virus_only	10	0
A/LYON/774/1998		A	H3N2	1998		virus_only	5	0
A/LYON/778/1993		A	H3N2	1993		virus_only	7	0
A/LYON/778/1998		A	H3N2	1998		virus_only	5	0
A/LYON/78/1999		A	H3N2	1999		virus_only	5	0
A/LYON/786/1998		A	H3N2	1998		virus_only	5	0
A/LYON/788/1993		A	H3N2	1993		virus_only	7	0
A/LYON/788/1998		A	H3N2	1998		virus_only	5	0
A/LYON/794/1995		A	H3N2	1995		virus_only	6	0
A/LYON/795/1995		A	H3N2	1995		virus_only	6	0
A/LYON/80/1999		A	H3N2	1999		virus_only	6	0
A/LYON/802/1998		A	H3N2	1998		virus_only	5	0
A/LYON/805/1998		A	H3N2	1998		virus_only	5	0
A/LYON/807/1995		A	H3N2	1995		virus_only	6	0
A/LYON/807/2002		A	H3N2	2002		virus_only	5	0
A/LYON/813/1995		A	H3N2	1995		virus_only	6	0
A/LYON/813/1999		A	H3N2	1999		virus_only	5	0
A/LYON/818/1993		A	H3N2	1993		virus_only	7	0
A/LYON/823/1995		A	H3N2	1995		virus_only	6	0
A/LYON/834/1998		A	H3N2	1998		virus_only	4	0
A/LYON/838/1998		A	H3N2	1998		virus_only	5	0
A/LYON/845/1995		A	H3N2	1995		virus_only	6	0
A/LYON/849/1995		A	H3N2	1995		virus_only	6	0
A/LYON/854/2004		A	H3N2	2004		virus_only	8	0
A/LYON/855/1993		A	H3N2	1993		virus_only	7	0
A/LYON/856/1995		A	H3N2	1995		virus_only	6	0
A/LYON/858/1999		A	H3N2	1999		virus_only	6	0
A/LYON/86/1994		A	H3N2	1994		virus_only	7	0
A/LYON/86/2020		A	H3N2	2020		virus_only	9	0
A/LYON/860/1998		A	H3N2	1998		virus_only	5	0
A/LYON/879/1995		A	H3N2	1995		virus_only	6	0
A/LYON/88/1995		A	H3N2	1995		virus_only	11	0
A/LYON/881/1995		A	H3N2	1995		virus_only	6	0
A/LYON/89/2002		A	H3N2	2002		virus_only	6	0
A/LYON/895/1995		A	H3N2	1995		virus_only	6	0
A/LYON/899/1994		A	H3N2	1994		virus_only	6	0
A/LYON/900/1999		A	H3N2	1999		virus_only	6	0
A/LYON/905/1995		A	H3N2	1995		virus_only	6	0
A/LYON/91/1999		A	H3N2	1999		virus_only	6	0
A/LYON/910/1998#ORIGINAL		A	H3N2			virus_only	4	0
A/LYON/919/1998		A	H3N2	1998		virus_only	5	0
A/LYON/92/2005		A	H3N2	2005		virus_only	8	0
A/LYON/920/1998		A	H3N2	1998		virus_only	5	0
A/LYON/928/1998		A	H3N2	1998		virus_only	5	0
A/LYON/930/1998		A	H3N2	1998		virus_only	5	0
A/LYON/936/1993		A	H3N2	1993		virus_only	7	0
A/LYON/937/1993		A	H3N2	1993		virus_only	7	0
A/LYON/941/1998		A	H3N2	1998		virus_only	5	0
A/LYON/943/1998		A	H3N2	1998		virus_only	5	0
A/LYON/95/1992		A	H3N2	1992		virus_only	6	0
A/LYON/95/2019		A	H3N2	2019		virus_only	8	0
A/LYON/955/1998		A	H3N2	1998		virus_only	5	0
A/LYON/956/1998		A	H3N2	1998		virus_only	5	0
A/LYON/96/1994		A	H3N2	1994		virus_only	6	0
A/LYON/964/2004		A	H3N2	2004		virus_only	8	0
A/LYON/969/1998		A	H3N2	1998		virus_only	5	0
A/LYON/973/1996		A	H3N2	1996		virus_only	12	0
A/LYON/973/1998		A	H3N2	1998		virus_only	5	0
A/LYON/975/1998		A	H3N2	1998		virus_only	5	0
A/LYON/975/1999		A	H3N2	1999		virus_only	6	0
A/LYON/981/2004		A	H3N2	2004		virus_only	8	0
A/LYON/982/2004		A	H3N2	2004		virus_only	8	0
A/LYON/984/2004		A	H3N2	2004		virus_only	8	0
A/LYON/985/1998		A	H3N2	1998		virus_only	5	0
A/LYON/994/1999		A	H3N2	1999		virus_only	6	0
A/LYON/999/1991		A	H3N2	1991		virus_only	6	0
A/LYON/ARMEES/1257/2001		A	H3N2	2001		virus_only	8	0
A/LYON/CHU/01412/2007		A	H3N2	2007		virus_only	9	0
A/LYON/CHU/01593/2011		A	H3N2	2011		virus_only	9	0
A/LYON/CHU/040458/2005		A	H3N2	2005		virus_only	6	0
A/LYON/CHU/060243/2005		A	H3N2	2005		virus_only	6	0
A/LYON/CHU/1031/2000		A	H3N2	2000		virus_only	6	0
A/LYON/CHU/10322/1998		A	H3N2	1998		virus_only	5	0
A/LYON/CHU/10325/1998		A	H3N2	1998		virus_only	4	0
A/LYON/CHU/10394/1998		A	H3N2	1998		virus_only	4	0
A/LYON/CHU/10407/1998		A	H3N2	1998		virus_only	4	0
A/LYON/CHU/10458/1998		A	H3N2	1998		virus_only	4	0
A/LYON/CHU/1050/2002		A	H3N2	2002		virus_only	6	0
A/LYON/CHU/1088/1999		A	H3N2	1999		virus_only	5	0
A/LYON/CHU/110508/2005		A	H3N2	2005		virus_only	6	0
A/LYON/CHU/11168/1998		A	H3N2	1998		virus_only	5	0
A/LYON/CHU/11217/1998		A	H3N2	1998		virus_only	5	0
A/LYON/CHU/11249/1998		A	H3N2	1998		virus_only	5	0
A/LYON/CHU/1141/2000		A	H3N2	2000		virus_only	6	0
A/LYON/CHU/1143/2000		A	H3N2	2000		virus_only	6	0
A/LYON/CHU/1151/1994		A	H3N2	1994		virus_only	6	0
A/LYON/CHU/11576/1998		A	H3N2	1998		virus_only	5	0
A/LYON/CHU/1169/1999		A	H3N2	1999		virus_only	5	0
A/LYON/CHU/1181/2000		A	H3N2	2000		virus_only	6	0
A/LYON/CHU/12228/1998		A	H3N2	1998		virus_only	5	0
A/LYON/CHU/1227/2000		A	H3N2	2000		virus_only	6	0
A/LYON/CHU/1286/2000		A	H3N2	2000		virus_only	6	0
A/LYON/CHU/12981/1998		A	H3N2	1998		virus_only	5	0
A/LYON/CHU/1320/2000		A	H3N2	2000		virus_only	6	0
A/LYON/CHU/13207/2006		A	H3N2	2006		virus_only	10	0
A/LYON/CHU/1375/2005		A	H3N2	2005		virus_only	8	0
A/LYON/CHU/140/2000		A	H3N2	2000		virus_only	6	0
A/LYON/CHU/1482/2000		A	H3N2	2000		virus_only	6	0
A/LYON/CHU/1496/2000		A	H3N2	2000		virus_only	6	0
A/LYON/CHU/1506/1996		A	H3N2	1996		virus_only	6	0
A/LYON/CHU/1552/2000		A	H3N2	2000		virus_only	6	0
A/LYON/CHU/1566/1994		A	H3N2	1994		virus_only	6	0
A/LYON/CHU/15725/1998		A	H3N2	1998		virus_only	5	0
A/LYON/CHU/1629/1999		A	H3N2	1999		virus_only	5	0
A/LYON/CHU/1635/2000		A	H3N2	2000		virus_only	6	0
A/LYON/CHU/1645/2000		A	H3N2	2000		virus_only	6	0
A/LYON/CHU/1692/1999		A	H3N2	1999		virus_only	5	0
A/LYON/CHU/1704/2000		A	H3N2	2000		virus_only	6	0
A/LYON/CHU/1720/2000		A	H3N2	2000		virus_only	6	0
A/LYON/CHU/1758/2000		A	H3N2	2000		virus_only	6	0
A/LYON/CHU/1778/1999		A	H3N2	1999		virus_only	5	0
A/LYON/CHU/1824/1997		A	H3N2	1997		virus_only	6	0
A/LYON/CHU/1841/2000		A	H3N2	2000		virus_only	6	0
A/LYON/CHU/1884/2000		A	H3N2	2000		virus_only	6	0
A/LYON/CHU/1898/1999		A	H3N2	1999		virus_only	5	0
A/LYON/CHU/19113/2008		A	H3N2	2008		virus_only	10	0
A/LYON/CHU/20/2000		A	H3N2	2000		virus_only	6	0
A/LYON/CHU/201/2000		A	H3N2	2000		virus_only	6	0
A/LYON/CHU/20526/2009		A	H3N2	2009		virus_only	11	0
A/LYON/CHU/217/2002		A	H3N2	2002		virus_only	8	0
A/LYON/CHU/2182/1999		A	H3N2	1999		virus_only	5	0
A/LYON/CHU/2197/2000		A	H3N2	2000		virus_only	7	0
A/LYON/CHU/2199/2014		A	H3N2	2014		virus_only	11	0
A/LYON/CHU/22020/1993		A	H3N2	1993		virus_only	6	0
A/LYON/CHU/22070/1993		A	H3N2	1993		virus_only	6	0
A/LYON/CHU/22074/1993		A	H3N2	1993		virus_only	6	0
A/LYON/CHU/22253/1993		A	H3N2	1993		virus_only	6	0
A/LYON/CHU/22327/1993		A	H3N2	1993		virus_only	6	0
A/LYON/CHU/22417/1993		A	H3N2	1993		virus_only	6	0
A/LYON/CHU/22505/1993		A	H3N2	1993		virus_only	6	0
A/LYON/CHU/2251/1999		A	H3N2	1999		virus_only	5	0
A/LYON/CHU/22526/1993		A	H3N2	1993		virus_only	6	0
A/LYON/CHU/22613/1993		A	H3N2	1993		virus_only	6	0
A/LYON/CHU/22686/1993		A	H3N2	1993		virus_only	6	0
A/LYON/CHU/22733/1993		A	H3N2	1993		virus_only	6	0
A/LYON/CHU/22793/1993		A	H3N2	1993		virus_only	6	0
A/LYON/CHU/22798/1993		A	H3N2	1993		virus_only	6	0
A/LYON/CHU/22819/1993		A	H3N2	1993		virus_only	6	0
A/LYON/CHU/22877/1993		A	H3N2	1993		virus_only	6	0
A/LYON/CHU/2289/2000		A	H3N2	2000		virus_only	6	0
A/LYON/CHU/22924/1993		A	H3N2	1993		virus_only	6	0
A/LYON/CHU/2311R8/2016		A	H3N2	2016		virus_only	12	0
A/LYON/CHU/23337/1993		A	H3N2	1993		virus_only	6	0
A/LYON/CHU/23415/1993		A	H3N2	1993		virus_only	12	0
A/LYON/CHU/23426/1993		A	H3N2	1993		virus_only	6	0
A/LYON/CHU/2350/1999		A	H3N2	1999		virus_only	5	0
A/LYON/CHU/23546/2000		A	H3N2	2000		virus_only	6	0
A/LYON/CHU/23602/1993		A	H3N2	1993		virus_only	6	0
A/LYON/CHU/23625/1993		A	H3N2	1993		virus_only	6	0
A/LYON/CHU/23680/1993		A	H3N2	1993		virus_only	6	0
A/LYON/CHU/23708/1993		A	H3N2	1993		virus_only	6	0
A/LYON/CHU/23711/1993		A	H3N2	1993		virus_only	6	0
A/LYON/CHU/23712/1993		A	H3N2	1993		virus_only	6	0
A/LYON/CHU/2374/1999		A	H3N2	1999		virus_only	5	0
A/LYON/CHU/23815/1993		A	H3N2	1993		virus_only	6	0
A/LYON/CHU/23880/1993		A	H3N2	1993		virus_only	6	0
A/LYON/CHU/2399/2005		A	H3N2	2005		virus_only	8	0
A/LYON/CHU/24224/2001		A	H3N2	2001		virus_only	8	0
A/LYON/CHU/24232/1991		A	H3N2	1991		virus_only	6	0
A/LYON/CHU/24267/1993		A	H3N2	1993		virus_only	6	0
A/LYON/CHU/24301/1993		A	H3N2	1993		virus_only	6	0
A/LYON/CHU/24318/1993		A	H3N2	1993		virus_only	6	0
A/LYON/CHU/24344/1993		A	H3N2	1993		virus_only	6	0
A/LYON/CHU/24381/2003		A	H3N2	2003		virus_only	6	0
A/LYON/CHU/2445/1999		A	H3N2	1999		virus_only	5	0
A/LYON/CHU/24476/1993		A	H3N2	1993		virus_only	6	0
A/LYON/CHU/24516/1993		A	H3N2	1993		virus_only	6	0
A/LYON/CHU/24517/1993		A	H3N2	1993		virus_only	6	0
A/LYON/CHU/24536/1993		A	H3N2	1993		virus_only	7	0
A/LYON/CHU/24648/2003		A	H3N2	2003		virus_only	6	0
A/LYON/CHU/24722/2003		A	H3N2	2003		virus_only	6	0
A/LYON/CHU/2522/1999		A	H3N2	1999		virus_only	5	0
A/LYON/CHU/2524/2005		A	H3N2	2005		virus_only	8	0
A/LYON/CHU/2527/2000		A	H3N2	2000		virus_only	7	0
A/LYON/CHU/2542/1996		A	H3N2	1996		virus_only	6	0
A/LYON/CHU/2543/1999		A	H3N2	1999		virus_only	5	0
A/LYON/CHU/25602/1995		A	H3N2	1995		virus_only	6	0
A/LYON/CHU/2583/1996		A	H3N2	1996		virus_only	6	0
A/LYON/CHU/2584/1999		A	H3N2	1999		virus_only	5	0
A/LYON/CHU/2586/1999		A	H3N2	1999		virus_only	5	0
A/LYON/CHU/2617/1999		A	H3N2	1999		virus_only	5	0
A/LYON/CHU/26367/2003		A	H3N2	2003		virus_only	6	0
A/LYON/CHU/2648/1999		A	H3N2	1999		virus_only	5	0
A/LYON/CHU/2656/2000		A	H3N2	2000		virus_only	7	0
A/LYON/CHU/2755/2000		A	H3N2	2000		virus_only	7	0
A/LYON/CHU/2772/1999		A	H3N2	1999		virus_only	5	0
A/LYON/CHU/27976/1999		A	H3N2	1999		virus_only	5	0
A/LYON/CHU/2801/2000		A	H3N2	2000		virus_only	7	0
A/LYON/CHU/28011/1999		A	H3N2	1999		virus_only	5	0
A/LYON/CHU/28053/1999		A	H3N2	1999		virus_only	5	0
A/LYON/CHU/2806/2000		A	H3N2	2000		virus_only	7	0
A/LYON/CHU/28148/1999		A	H3N2	1999		virus_only	5	0
A/LYON/CHU/2816/1997		A	H3N2	1997		virus_only	6	0
A/LYON/CHU/28335/1999		A	H3N2	1999		virus_only	5	0
A/LYON/CHU/28388/1999		A	H3N2	1999		virus_only	5	0
A/LYON/CHU/2839/2000		A	H3N2	2000		virus_only	7	0
A/LYON/CHU/2843/1998#ORIGINAL		A	H3N2			virus_only	5	0
A/LYON/CHU/28851/1996		A	H3N2	1996		virus_only	5	0
A/LYON/CHU/29260/1996		A	H3N2	1996		virus_only	5	0
A/LYON/CHU/29265/1996		A	H3N2	1996		virus_only	5	0
A/LYON/CHU/29267/1996		A	H3N2	1996		virus_only	5	0
A/LYON/CHU/29406/1996		A	H3N2	1996		virus_only	5	0
A/LYON/CHU/29498/1996		A	H3N2	1996		virus_only	5	0
A/LYON/CHU/29513/1996		A	H3N2	1996		virus_only	5	0
A/LYON/CHU/29578/1996		A	H3N2	1996		virus_only	5	0
A/LYON/CHU/2971/2000		A	H3N2	2000		virus_only	7	0
A/LYON/CHU/298/2000		A	H3N2	2000		virus_only	6	0
A/LYON/CHU/2980/1999		A	H3N2	1999		virus_only	5	0
A/LYON/CHU/2987/2000		A	H3N2	2000		virus_only	7	0
A/LYON/CHU/30167/1997		A	H3N2	1997		virus_only	5	0
A/LYON/CHU/3067/1999		A	H3N2	1999		virus_only	5	0
A/LYON/CHU/31444/1997#ORIGINAL		A	H3N2			virus_only	5	0
A/LYON/CHU/31739/1996		A	H3N2	1996		virus_only	6	0
A/LYON/CHU/3183/1999		A	H3N2	1999		virus_only	5	0
A/LYON/CHU/31968/1996		A	H3N2	1996		virus_only	6	0
A/LYON/CHU/3198/2000		A	H3N2	2000		virus_only	7	0
A/LYON/CHU/32219/1996		A	H3N2	1996		virus_only	6	0
A/LYON/CHU/3241/1999		A	H3N2	1999		virus_only	5	0
A/LYON/CHU/32449/1998		A	H3N2	1998		virus_only	6	0
A/LYON/CHU/32450/1998		A	H3N2	1998		virus_only	6	0
A/LYON/CHU/32451/1998		A	H3N2	1998		virus_only	6	0
A/LYON/CHU/32461/1998		A	H3N2	1998		virus_only	6	0
A/LYON/CHU/32480/1998		A	H3N2	1998		virus_only	6	0
A/LYON/CHU/32712/1998		A	H3N2	1998		virus_only	6	0
A/LYON/CHU/3280/1999		A	H3N2	1999		virus_only	5	0
A/LYON/CHU/3293/1999		A	H3N2	1999		virus_only	5	0
A/LYON/CHU/3334/1999		A	H3N2	1999		virus_only	5	0
A/LYON/CHU/3360/1999		A	H3N2	1999		virus_only	5	0
A/LYON/CHU/3364/1999		A	H3N2	1999		virus_only	5	0
A/LYON/CHU/3392/2000		A	H3N2	2000		virus_only	7	0
A/LYON/CHU/3395/1999		A	H3N2	1999		virus_only	5	0
A/LYON/CHU/3431/1999		A	H3N2	1999		virus_only	5	0
A/LYON/CHU/3446/2000		A	H3N2	2000		virus_only	7	0
A/LYON/CHU/3464/1999		A	H3N2	1999		virus_only	5	0
A/LYON/CHU/3502/2000		A	H3N2	2000		virus_only	7	0
A/LYON/CHU/3513/2006		A	H3N2	2006		virus_only	10	0
A/LYON/CHU/3548/2009		A	H3N2	2009		virus_only	9	0
A/LYON/CHU/3582/1992		A	H3N2	1992		virus_only	8	0
A/LYON/CHU/3584/1999		A	H3N2	1999		virus_only	5	0
A/LYON/CHU/3591/1999		A	H3N2	1999		virus_only	5	0
A/LYON/CHU/3636/2000		A	H3N2	2000		virus_only	7	0
A/LYON/CHU/3649/1999		A	H3N2	1999		virus_only	5	0
A/LYON/CHU/3676/1999		A	H3N2	1999		virus_only	5	0
A/LYON/CHU/3702/1999		A	H3N2	1999		virus_only	5	0
A/LYON/CHU/3703/1999		A	H3N2	1999		virus_only	5	0
A/LYON/CHU/378/2000		A	H3N2	2000		virus_only	6	0
A/LYON/CHU/3780/1999		A	H3N2	1999		virus_only	5	0
A/LYON/CHU/3839/1999		A	H3N2	1999		virus_only	5	0
A/LYON/CHU/3843/1999		A	H3N2	1999		virus_only	5	0
A/LYON/CHU/3914/1999		A	H3N2	1999		virus_only	5	0
A/LYON/CHU/3976/1999		A	H3N2	1999		virus_only	5	0
A/LYON/CHU/3981/1999		A	H3N2	1999		virus_only	5	0
A/LYON/CHU/4011/2003		A	H3N2	2003		virus_only	5	0
A/LYON/CHU/4078/1993		A	H3N2	1993		virus_only	7	0
A/LYON/CHU/4080/1999		A	H3N2	1999		virus_only	5	0
A/LYON/CHU/4082/1999		A	H3N2	1999		virus_only	5	0
A/LYON/CHU/409/2000		A	H3N2	2000		virus_only	6	0
A/LYON/CHU/410/2000		A	H3N2	2000		virus_only	6	0
A/LYON/CHU/4143/1999		A	H3N2	1999		virus_only	5	0
A/LYON/CHU/41523/2004		A	H3N2	2004		virus_only	6	0
A/LYON/CHU/4169/2000		A	H3N2	2000		virus_only	7	0
A/LYON/CHU/4188/2000		A	H3N2	2000		virus_only	6	0
A/LYON/CHU/4206/1999		A	H3N2	1999		virus_only	5	0
A/LYON/CHU/423/2000		A	H3N2	2000		virus_only	6	0
A/LYON/CHU/425/2000		A	H3N2	2000		virus_only	6	0
A/LYON/CHU/4285/1998#ORIGINAL		A	H3N2			virus_only	5	0
A/LYON/CHU/4319/1993		A	H3N2	1993		virus_only	7	0
A/LYON/CHU/4320/1999		A	H3N2	1999		virus_only	5	0
A/LYON/CHU/4322/1999		A	H3N2	1999		virus_only	5	0
A/LYON/CHU/4362/1999		A	H3N2	1999		virus_only	5	0
A/LYON/CHU/4481/1999		A	H3N2	1999		virus_only	5	0
A/LYON/CHU/4518/1999		A	H3N2	1999		virus_only	5	0
A/LYON/CHU/4557/1999		A	H3N2	1999		virus_only	5	0
A/LYON/CHU/4570/1999		A	H3N2	1999		virus_only	5	0
A/LYON/CHU/4584/2002		A	H3N2	2002		virus_only	6	0
A/LYON/CHU/46160/2008		A	H3N2	2008		virus_only	8	0
A/LYON/CHU/4622/1999		A	H3N2	1999		virus_only	5	0
A/LYON/CHU/46334/2011		A	H3N2	2011		virus_only	9	0
A/LYON/CHU/4664/1999		A	H3N2	1999		virus_only	5	0
A/LYON/CHU/4704/1999		A	H3N2	1999		virus_only	5	0
A/LYON/CHU/4723/1999		A	H3N2	1999		virus_only	5	0
A/LYON/CHU/4739/1999		A	H3N2	1999		virus_only	5	0
A/LYON/CHU/4757/1999		A	H3N2	1999		virus_only	5	0
A/LYON/CHU/476/1994		A	H3N2	1994		virus_only	7	0
A/LYON/CHU/4780/1998#ORIGINAL		A	H3N2			virus_only	5	0
A/LYON/CHU/4780/1999		A	H3N2	1999		virus_only	5	0
A/LYON/CHU/48543/1999		A	H3N2	1999		virus_only	5	0
A/LYON/CHU/4859/1999		A	H3N2	1999		virus_only	5	0
A/LYON/CHU/4886/1998		A	H3N2	1998		virus_only	5	0
A/LYON/CHU/4912/1999		A	H3N2	1999		virus_only	5	0
A/LYON/CHU/4931/1998		A	H3N2	1998		virus_only	5	0
A/LYON/CHU/4941/1999		A	H3N2	1999		virus_only	5	0
A/LYON/CHU/4987/1999		A	H3N2	1999		virus_only	5	0
A/LYON/CHU/4998/1999		A	H3N2	1999		virus_only	5	0
A/LYON/CHU/4999/1999		A	H3N2	1999		virus_only	5	0
A/LYON/CHU/5019/1999		A	H3N2	1999		virus_only	5	0
A/LYON/CHU/5020/1999		A	H3N2	1999		virus_only	5	0
A/LYON/CHU/5040/1999		A	H3N2	1999		virus_only	5	0
A/LYON/CHU/51603/2012		A	H3N2	2012		virus_only	11	0
A/LYON/CHU/51726/2013		A	H3N2	2013		virus_only	9	0
A/LYON/CHU/5175/1999		A	H3N2	1999		virus_only	5	0
A/LYON/CHU/52123/2012		A	H3N2	2012		virus_only	11	0
A/LYON/CHU/52131/2012		A	H3N2	2012		virus_only	11	0
A/LYON/CHU/5215/1999		A	H3N2	1999		virus_only	5	0
A/LYON/CHU/5221/1999		A	H3N2	1999		virus_only	5	0
A/LYON/CHU/523/2000		A	H3N2	2000		virus_only	6	0
A/LYON/CHU/52339/2006		A	H3N2	2006		virus_only	9	0
A/LYON/CHU/52384/2009		A	H3N2	2009		virus_only	11	0
A/LYON/CHU/5258/2006		A	H3N2	2006		virus_only	9	0
A/LYON/CHU/526/1999		A	H3N2	1999		virus_only	6	0
A/LYON/CHU/530/2000		A	H3N2	2000		virus_only	6	0
A/LYON/CHU/5306/1999		A	H3N2	1999		virus_only	5	0
A/LYON/CHU/5308/1999		A	H3N2	1999		virus_only	5	0
A/LYON/CHU/5361/2000		A	H3N2	2000		virus_only	7	0
A/LYON/CHU/538/2000		A	H3N2	2000		virus_only	6	0
A/LYON/CHU/545/1997		A	H3N2	1997		virus_only	6	0
A/LYON/CHU/5492/1998		A	H3N2	1998		virus_only	5	0
A/LYON/CHU/5504/1999		A	H3N2	1999		virus_only	5	0
A/LYON/CHU/561/1997		A	H3N2	1997		virus_only	6	0
A/LYON/CHU/5612/1999		A	H3N2	1999		virus_only	5	0
A/LYON/CHU/562/1997		A	H3N2	1997		virus_only	6	0
A/LYON/CHU/563/2000		A	H3N2	2000		virus_only	6	0
A/LYON/CHU/571/2000		A	H3N2	2000		virus_only	6	0
A/LYON/CHU/5861/1999		A	H3N2	1999		virus_only	5	0
A/LYON/CHU/5882/1998		A	H3N2	1998		virus_only	5	0
A/LYON/CHU/5921/1999		A	H3N2	1999		virus_only	5	0
A/LYON/CHU/5946/1999		A	H3N2	1999		virus_only	5	0
A/LYON/CHU/5981/1998		A	H3N2	1998		virus_only	5	0
A/LYON/CHU/600/2000		A	H3N2	2000		virus_only	6	0
A/LYON/CHU/6036/1998		A	H3N2	1998		virus_only	5	0
A/LYON/CHU/6036/1999		A	H3N2	1999		virus_only	5	0
A/LYON/CHU/6052/1999		A	H3N2	1999		virus_only	5	0
A/LYON/CHU/6070/2000		A	H3N2	2000		virus_only	7	0
A/LYON/CHU/6083/1998		A	H3N2	1998		virus_only	5	0
A/LYON/CHU/6087/1999		A	H3N2	1999		virus_only	5	0
A/LYON/CHU/6090/1999		A	H3N2	1999		virus_only	5	0
A/LYON/CHU/617/2000		A	H3N2	2000		virus_only	6	0
A/LYON/CHU/6224/1999		A	H3N2	1999		virus_only	5	0
A/LYON/CHU/63/2000		A	H3N2	2000		virus_only	6	0
A/LYON/CHU/6303/1999		A	H3N2	1999		virus_only	5	0
A/LYON/CHU/6468/1998		A	H3N2	1998		virus_only	5	0
A/LYON/CHU/6497/1999		A	H3N2	1999		virus_only	5	0
A/LYON/CHU/6520/1999		A	H3N2	1999		virus_only	5	0
A/LYON/CHU/6584/1995		A	H3N2	1995		virus_only	6	0
A/LYON/CHU/6585/1995		A	H3N2	1995		virus_only	6	0
A/LYON/CHU/6614/2011		A	H3N2	2011		virus_only	16	0
A/LYON/CHU/6839/1993		A	H3N2	1993		virus_only	7	0
A/LYON/CHU/6981/1999		A	H3N2	1999		virus_only	5	0
A/LYON/CHU/7085/1995		A	H3N2	1995		virus_only	6	0
A/LYON/CHU/7095/1995		A	H3N2	1995		virus_only	6	0
A/LYON/CHU/7099/1998		A	H3N2	1998		virus_only	5	0
A/LYON/CHU/7101/1995		A	H3N2	1995		virus_only	6	0
A/LYON/CHU/7137/1998		A	H3N2	1998		virus_only	5	0
A/LYON/CHU/7195/1998		A	H3N2	1998		virus_only	5	0
A/LYON/CHU/7217/1998#ORIGINAL		A	H3N2			virus_only	4	0
A/LYON/CHU/7265/1998		A	H3N2	1998		virus_only	4	0
A/LYON/CHU/7272/1998		A	H3N2	1998		virus_only	4	0
A/LYON/CHU/7305/1995		A	H3N2	1995		virus_only	6	0
A/LYON/CHU/7317/1995		A	H3N2	1995		virus_only	6	0
A/LYON/CHU/7339/1995		A	H3N2	1995		virus_only	6	0
A/LYON/CHU/7346/1999		A	H3N2	1999		virus_only	5	0
A/LYON/CHU/7383/1998		A	H3N2	1998		virus_only	4	0
A/LYON/CHU/7446/1998		A	H3N2	1998		virus_only	4	0
A/LYON/CHU/7474/1999		A	H3N2	1999		virus_only	5	0
A/LYON/CHU/7496/2011		A	H3N2	2011		virus_only	8	0
A/LYON/CHU/7570/1995		A	H3N2	1995		virus_only	6	0
A/LYON/CHU/7579/1999		A	H3N2	1999		virus_only	5	0
A/LYON/CHU/7594/1995		A	H3N2	1995		virus_only	6	0
A/LYON/CHU/7603/1999		A	H3N2	1999		virus_only	5	0
A/LYON/CHU/7619/1995		A	H3N2	1995		virus_only	6	0
A/LYON/CHU/7667/1999		A	H3N2	1999		virus_only	5	0
A/LYON/CHU/7703/1998		A	H3N2	1998		virus_only	5	0
A/LYON/CHU/7726/1999		A	H3N2	1999		virus_only	5	0
A/LYON/CHU/7733/1998		A	H3N2	1998		virus_only	4	0
A/LYON/CHU/775/2000		A	H3N2	2000		virus_only	6	0
A/LYON/CHU/7753/1999		A	H3N2	1999		virus_only	5	0
A/LYON/CHU/7819/1999		A	H3N2	1999		virus_only	5	0
A/LYON/CHU/7820/1999		A	H3N2	1999		virus_only	5	0
A/LYON/CHU/7825/1995		A	H3N2	1995		virus_only	6	0
A/LYON/CHU/7826/1995		A	H3N2	1995		virus_only	6	0
A/LYON/CHU/7828/1995		A	H3N2	1995		virus_only	6	0
A/LYON/CHU/7833/1995		A	H3N2	1995		virus_only	6	0
A/LYON/CHU/7865/1998		A	H3N2	1998		virus_only	4	0
A/LYON/CHU/7953/1995		A	H3N2	1995		virus_only	6	0
A/LYON/CHU/7954/1995		A	H3N2	1995		virus_only	6	0
A/LYON/CHU/7955/1995		A	H3N2	1995		virus_only	6	0
A/LYON/CHU/7956/1998		A	H3N2	1998		virus_only	5	0
A/LYON/CHU/8001/1995		A	H3N2	1995		virus_only	6	0
A/LYON/CHU/8002/1995		A	H3N2	1995		virus_only	6	0
A/LYON/CHU/81/2000		A	H3N2	2000		virus_only	6	0
A/LYON/CHU/8184/1998		A	H3N2	1998		virus_only	5	0
A/LYON/CHU/835/2000		A	H3N2	2000		virus_only	6	0
A/LYON/CHU/835/2002		A	H3N2	2002		virus_only	6	0
A/LYON/CHU/8407/1995		A	H3N2	1995		virus_only	6	0
A/LYON/CHU/868/2000		A	H3N2	2000		virus_only	6	0
A/LYON/CHU/8722/1998		A	H3N2	1998		virus_only	5	0
A/LYON/CHU/8809/1995		A	H3N2	1995		virus_only	6	0
A/LYON/CHU/881/2002		A	H3N2	2002		virus_only	6	0
A/LYON/CHU/8891/1995		A	H3N2	1995		virus_only	6	0
A/LYON/CHU/890/2000		A	H3N2	2000		virus_only	6	0
A/LYON/CHU/899/1994		A	H3N2	1994		virus_only	6	0
A/LYON/CHU/905/2000		A	H3N2	2000		virus_only	6	0
A/LYON/CHU/906/2000		A	H3N2	2000		virus_only	6	0
A/LYON/CHU/9368/1998		A	H3N2	1998		virus_only	4	0
A/LYON/CHU/96/1994		A	H3N2	1994		virus_only	6	0
A/LYON/CHU/9763/1999		A	H3N2	1999		virus_only	5	0
A/LYON/CHU/R175096/2017		A	H3N2	2017		virus_only	8	0
A/LYON/CHU/R175295/2017		A	H3N2	2017		virus_only	8	0
A/LYON/CHU/R1811667/2018		A	H3N2	2018		virus_only	8	0
A/LYON/CHU/R181282/2018		A	H3N2	2018		virus_only	8	0
A/LYON/CHU/R1813393/2018		A	H3N2	2018		virus_only	8	0
A/LYON/CHU/R190259/2019		A	H3N2	2019		virus_only	8	0
A/LYON/CHU/R190377/2019		A	H3N2	2019		virus_only	8	0
A/LYON/CHU/R1914685/2019		A	H3N2	2019		virus_only	9	0
A/LYON/CHU/R1915450/2019		A	H3N2	2019		virus_only	9	0
A/LYON/CHUR185047/2018		A	H3N2	2018		virus_only	8	0
A/LYON/CHUR185448/2018		A	H3N2	2018		virus_only	8	0
A/LYON/CXR/3120/2009		A	H3N2	2009		virus_only	11	0
A/LYON/EHPAD/108/2019		A	H3N2	2019		virus_only	8	0
A/LYON/OMS/229/1992		A	H3N2	1992		virus_only	6	0
A/LYON/OMS/239/1992		A	H3N2	1992		virus_only	6	0
A/LYON/OMS/247/1992		A	H3N2	1992		virus_only	6	0
A/LYON/OMS/279/1992		A	H3N2	1992		virus_only	6	0
A/LYON/OMS/282/1992		A	H3N2	1992		virus_only	6	0
A/LYON/OMS/422/1992		A	H3N2	1992		virus_only	6	0
A/LYON/OMS/470/1992		A	H3N2	1992		virus_only	6	0
A/LYON/OMS/474/1992		A	H3N2	1992		virus_only	6	0
A/LYON/OMS/478/1992		A	H3N2	1992		virus_only	6	0
A/LYON/OMS/501/1992		A	H3N2	1992		virus_only	6	0
A/LYON/OMS/503/1992		A	H3N2	1992		virus_only	6	0
A/LYON/TRS/720/2004		A	H3N2	2004		virus_only	6	0
A/LYONCHU/01593/2011		A	H3N2	2011		virus_only	9	0
A/LYONCHU/113/1992		A	H3N2	1992		virus_only	7	0
A/LYONCHU/167/1992		A	H3N2	1992		virus_only	7	0
A/LYONCHU/185/1992		A	H3N2	1992		virus_only	7	0
A/LYONCHU/238/1992		A	H3N2	1992		virus_only	7	0
A/LYONCHU/239/1992		A	H3N2	1992		virus_only	7	0
A/LYONCHU/241/1992		A	H3N2	1992		virus_only	7	0
A/LYONCHU/24176/1991		A	H3N2	1991		virus_only	7	0
A/LYONCHU/24222/1991		A	H3N2	1991		virus_only	7	0
A/LYONCHU/243/1992		A	H3N2	1992		virus_only	7	0
A/LYONCHU/29514/1996		A	H3N2	1996		virus_only	5	0
A/LYONCHU/46334/2011		A	H3N2	2011		virus_only	9	0
A/LYONCHU/82/1992		A	H3N2	1992		virus_only	7	0
A/LYONOMS/10/1992		A	H3N2	1992		virus_only	7	0
A/LYONOMS/106/1992		A	H3N2	1992		virus_only	7	0
A/LYONOMS/117/1992		A	H3N2	1992		virus_only	7	0
A/LYONOMS/1395/1991		A	H3N2	1991		virus_only	7	0
A/LYONOMS/1401/1991		A	H3N2	1991		virus_only	7	0
A/LYONOMS/1407/1991		A	H3N2	1991		virus_only	7	0
A/LYONOMS/1419/1991		A	H3N2	1991		virus_only	7	0
A/LYONOMS/1451/1991		A	H3N2	1991		virus_only	7	0
A/LYONOMS/1470/1991		A	H3N2	1991		virus_only	7	0
A/LYONOMS/1475/1991		A	H3N2	1991		virus_only	7	0
A/LYONOMS/1488/1991		A	H3N2	1991		virus_only	7	0
A/LYONOMS/1574/1991		A	H3N2	1991		virus_only	7	0
A/LYONOMS/1628/1991		A	H3N2	1991		virus_only	7	0
A/LYONOMS/42/1992		A	H3N2	1992		virus_only	7	0
A/LYONOMS/43/1992		A	H3N2	1992		virus_only	7	0
A/LYONOMS/47/1992		A	H3N2	1992		virus_only	7	0
A/LYONOMS/50/1992		A	H3N2	1992		virus_only	7	0
A/LYONOMS/6/1992		A	H3N2	1992		virus_only	7	0
A/LYONOMS/60/1992		A	H3N2	1992		virus_only	7	0
A/LYONOMS/89/1992		A	H3N2	1992		virus_only	7	0
A/MACAU/214/2004		A	H3N2	2004		virus_only	5	0
A/MACAU/480/2004		A	H3N2	2004		virus_only	7	0
A/MACAU/557/2005		A	H3N2	2005		virus_only	36	0
A/MACAU/76/2004		A	H3N2	2004		virus_only	5	0
A/MACEDONIA/1283/2019		A	H3N2	2019		virus_only	8	0
A/MACEDONIA/1350/2019		A	H3N2	2019		virus_only	8	0
A/MACEDONIA/1402/2019		A	H3N2	2019		virus_only	8	0
A/MACEDONIA/1462/2019		A	H3N2	2019		virus_only	8	0
A/MACEDONIA/182/2016		A	H3N2	2016		virus_only	12	0
A/MACEDONIA/450/2020		A	H3N2	2020		virus_only	9	0
A/MACEDONIA/465/2020		A	H3N2	2020		virus_only	9	0
A/MACEDONIA/501/2020		A	H3N2	2020		virus_only	9	0
A/MACEDONIA/505/2020		A	H3N2	2020		virus_only	9	0
A/MACEDONIA/509/2020		A	H3N2	2020		virus_only	9	0
A/MACEDONIA/593/2020		A	H3N2	2020		virus_only	9	0
A/MACEDONIA/607/2020		A	H3N2	2020		virus_only	9	0
A/MACEDONIA/621/2009		A	H3N2	2009		virus_only	11	0
A/MACEDONIA/622/2009		A	H3N2	2009		virus_only	9	0
A/MACEDONIA/648/2020		A	H3N2	2020		virus_only	9	0
A/MACEDONIA/650/2020		A	H3N2	2020		virus_only	9	0
A/MACEDONIA/723/2019		A	H3N2	2019		virus_only	8	0
A/MACEDONIA/IK80/2014		A	H3N2	2014		virus_only	20	0
A/MADAGASCAR/00031/2014		A	H3N2	2014		virus_only	19	0
A/MADAGASCAR/00041/2014		A	H3N2	2014		virus_only	19	0
A/MADAGASCAR/00147/2014		A	H3N2	2014		virus_only	9	0
A/MADAGASCAR/00153/2014		A	H3N2	2014		virus_only	9	0
A/MADAGASCAR/0019/2011		A	H3N2	2011		virus_only	8	0
A/MADAGASCAR/0025/2011		A	H3N2	2011		virus_only	8	0
A/MADAGASCAR/0054/2011		A	H3N2	2011		virus_only	8	0
A/MADAGASCAR/0058/2011		A	H3N2	2011		virus_only	8	0
A/MADAGASCAR/0075/2011		A	H3N2	2011		virus_only	8	0
A/MADAGASCAR/0079/2011		A	H3N2	2011		virus_only	8	0
A/MADAGASCAR/0094/2011		A	H3N2	2011		virus_only	8	0
A/MADAGASCAR/0096/2011		A	H3N2	2011		virus_only	16	0
A/MADAGASCAR/0106/2011		A	H3N2	2011		virus_only	8	0
A/MADAGASCAR/0119/2011		A	H3N2	2011		virus_only	8	0
A/MADAGASCAR/0145/2011		A	H3N2	2011		virus_only	16	0
A/MADAGASCAR/0147/2011		A	H3N2	2011		virus_only	8	0
A/MADAGASCAR/0149/2011		A	H3N2	2011		virus_only	8	0
A/MADAGASCAR/0169/2011		A	H3N2	2011		virus_only	16	0
A/MADAGASCAR/0176/2011		A	H3N2	2011		virus_only	16	0
A/MADAGASCAR/0193/2011		A	H3N2	2011		virus_only	16	0
A/MADAGASCAR/0210/2011		A	H3N2	2011		virus_only	16	0
A/MADAGASCAR/0211/2011		A	H3N2	2011		virus_only	16	0
A/MADAGASCAR/0212/2011		A	H3N2	2011		virus_only	16	0
A/MADAGASCAR/0223/2011		A	H3N2	2011		virus_only	16	0
A/MADAGASCAR/0257/2011		A	H3N2	2011		virus_only	16	0
A/MADAGASCAR/0277/2011		A	H3N2	2011		virus_only	8	0
A/MADAGASCAR/03233/2012		A	H3N2	2012		virus_only	10	0
A/MADAGASCAR/03243/2012		A	H3N2	2012		virus_only	10	0
A/MADAGASCAR/03281/2012		A	H3N2	2012		virus_only	10	0
A/MADAGASCAR/03294/2012		A	H3N2	2012		virus_only	10	0
A/MADAGASCAR/03396/2012		A	H3N2	2012		virus_only	10	0
A/MADAGASCAR/03401/2012		A	H3N2	2012		virus_only	10	0
A/MADAGASCAR/03408/2012		A	H3N2	2012		virus_only	10	0
A/MADAGASCAR/03449/2012		A	H3N2	2012		virus_only	9	0
A/MADAGASCAR/03487/2012		A	H3N2	2012		virus_only	10	0
A/MADAGASCAR/03535/2012		A	H3N2	2012		virus_only	10	0
A/MADAGASCAR/03536/2012		A	H3N2	2012		virus_only	10	0
A/MADAGASCAR/04228/2013		A	H3N2	2013		virus_only	18	0
A/MADAGASCAR/04245/2013		A	H3N2	2013		virus_only	18	0
A/MADAGASCAR/0472/2011		A	H3N2	2011		virus_only	16	0
A/MADAGASCAR/0481/2011		A	H3N2	2011		virus_only	16	0
A/MADAGASCAR/0501/2011		A	H3N2	2011		virus_only	16	0
A/MADAGASCAR/0575/2011		A	H3N2	2011		virus_only	16	0
A/MADAGASCAR/0577/2011		A	H3N2	2011		virus_only	8	0
A/MADAGASCAR/0606/2011		A	H3N2	2011		virus_only	16	0
A/MADAGASCAR/0638/2011		A	H3N2	2011		virus_only	8	0
A/MADAGASCAR/0648/2011		A	H3N2	2011		virus_only	16	0
A/MADAGASCAR/0751/2011		A	H3N2	2011		virus_only	16	0
A/MADAGASCAR/0817/2011		A	H3N2	2011		virus_only	8	0
A/MADAGASCAR/1121/2011		A	H3N2	2011		virus_only	8	0
A/MADAGASCAR/1147/2011		A	H3N2	2011		virus_only	20	0
A/MADAGASCAR/1152/2011		A	H3N2	2011		virus_only	10	0
A/MADAGASCAR/1163/2011		A	H3N2	2011		virus_only	10	0
A/MADAGASCAR/1195/2005		A	H3N2	2005		virus_only	7	0
A/MADAGASCAR/1206/2011		A	H3N2	2011		virus_only	10	0
A/MADAGASCAR/1208/2007		A	H3N2	2007		virus_only	10	0
A/MADAGASCAR/1236/2007		A	H3N2	2007		virus_only	10	0
A/MADAGASCAR/1239/2011		A	H3N2	2011		virus_only	10	0
A/MADAGASCAR/1257/2011		A	H3N2	2011		virus_only	10	0
A/MADAGASCAR/1294/2011		A	H3N2	2011		virus_only	10	0
A/MADAGASCAR/1341/2005		A	H3N2	2005		virus_only	7	0
A/MADAGASCAR/145/2006		A	H3N2	2006		virus_only	10	0
A/MADAGASCAR/147/2006		A	H3N2	2006		virus_only	10	0
A/MADAGASCAR/1486/1995		A	H3N2	1995		virus_only	5	0
A/MADAGASCAR/1487/1995		A	H3N2	1995		virus_only	5	0
A/MADAGASCAR/1531/2006		A	H3N2	2006		virus_only	9	0
A/MADAGASCAR/1581/1995		A	H3N2	1995		virus_only	5	0
A/MADAGASCAR/16/2006		A	H3N2	2006		virus_only	10	0
A/MADAGASCAR/1602/1995		A	H3N2	1995		virus_only	5	0
A/MADAGASCAR/1603/1995		A	H3N2	1995		virus_only	5	0
A/MADAGASCAR/1610/2005		A	H3N2	2005		virus_only	7	0
A/MADAGASCAR/1611/2005		A	H3N2	2005		virus_only	7	0
A/MADAGASCAR/1612/2005		A	H3N2	2005		virus_only	7	0
A/MADAGASCAR/1613/2005		A	H3N2	2005		virus_only	7	0
A/MADAGASCAR/1621/1995		A	H3N2	1995		virus_only	5	0
A/MADAGASCAR/1622/1995		A	H3N2	1995		virus_only	5	0
A/MADAGASCAR/1623/1995		A	H3N2	1995		virus_only	5	0
A/MADAGASCAR/1656/2009		A	H3N2	2009		virus_only	9	0
A/MADAGASCAR/170/2006		A	H3N2	2006		virus_only	10	0
A/MADAGASCAR/19084/1996		A	H3N2	1996		virus_only	6	0
A/MADAGASCAR/19096/1996		A	H3N2	1996		virus_only	6	0
A/MADAGASCAR/19254/1996		A	H3N2	1996		virus_only	6	0
A/MADAGASCAR/193/2006		A	H3N2	2006		virus_only	10	0
A/MADAGASCAR/19302/1996		A	H3N2	1996		virus_only	6	0
A/MADAGASCAR/194/2009		A	H3N2	2009		virus_only	9	0
A/MADAGASCAR/195/2009		A	H3N2	2009		virus_only	9	0
A/MADAGASCAR/1957/2006		A	H3N2	2006		virus_only	9	0
A/MADAGASCAR/19745/1996		A	H3N2	1996		virus_only	6	0
A/MADAGASCAR/19792/1996		A	H3N2	1996		virus_only	6	0
A/MADAGASCAR/19801/1996		A	H3N2	1996		virus_only	6	0
A/MADAGASCAR/19810/1996		A	H3N2	1996		virus_only	6	0
A/MADAGASCAR/202/2009		A	H3N2	2009		virus_only	9	0
A/MADAGASCAR/203/2009		A	H3N2	2009		virus_only	9	0
A/MADAGASCAR/205/2009		A	H3N2	2009		virus_only	9	0
A/MADAGASCAR/207/2009		A	H3N2	2009		virus_only	9	0
A/MADAGASCAR/2102/2005		A	H3N2	2005		virus_only	7	0
A/MADAGASCAR/2269/2011		A	H3N2	2011		virus_only	10	0
A/MADAGASCAR/2282/2006		A	H3N2	2006		virus_only	9	0
A/MADAGASCAR/2283/2006		A	H3N2	2006		virus_only	9	0
A/MADAGASCAR/2285/2006		A	H3N2	2006		virus_only	9	0
A/MADAGASCAR/2286/2014		A	H3N2	2014		virus_only	11	0
A/MADAGASCAR/23/2005		A	H3N2	2005		virus_only	7	0
A/MADAGASCAR/2324/2006		A	H3N2	2006		virus_only	9	0
A/MADAGASCAR/2327/2006		A	H3N2	2006		virus_only	9	0
A/MADAGASCAR/2367/2006		A	H3N2	2006		virus_only	9	0
A/MADAGASCAR/2393/1995		A	H3N2	1995		virus_only	6	0
A/MADAGASCAR/2395/2014		A	H3N2	2014		virus_only	11	0
A/MADAGASCAR/2408/1995		A	H3N2	1995		virus_only	6	0
A/MADAGASCAR/241/2006		A	H3N2	2006		virus_only	10	0
A/MADAGASCAR/24286/1996		A	H3N2	1996		virus_only	5	0
A/MADAGASCAR/2456/2014		A	H3N2	2014		virus_only	11	0
A/MADAGASCAR/2457/2014		A	H3N2	2014		virus_only	11	0
A/MADAGASCAR/2487/2006		A	H3N2	2006		virus_only	9	0
A/MADAGASCAR/2488/2006		A	H3N2	2006		virus_only	9	0
A/MADAGASCAR/25509/1996		A	H3N2	1996		virus_only	5	0
A/MADAGASCAR/25510/1996		A	H3N2	1996		virus_only	5	0
A/MADAGASCAR/25514/1996		A	H3N2	1996		virus_only	5	0
A/MADAGASCAR/2552/2006		A	H3N2	2006		virus_only	9	0
A/MADAGASCAR/2554/2006		A	H3N2	2006		virus_only	9	0
A/MADAGASCAR/2572/2014		A	H3N2	2014		virus_only	11	0
A/MADAGASCAR/2576/2014		A	H3N2	2014		virus_only	11	0
A/MADAGASCAR/2580/2014		A	H3N2	2014		virus_only	11	0
A/MADAGASCAR/2583/2014		A	H3N2	2014		virus_only	11	0
A/MADAGASCAR/2584/2014		A	H3N2	2014		virus_only	11	0
A/MADAGASCAR/2586/2014		A	H3N2	2014		virus_only	11	0
A/MADAGASCAR/2611/2014		A	H3N2	2014		virus_only	11	0
A/MADAGASCAR/2614/2014		A	H3N2	2014		virus_only	11	0
A/MADAGASCAR/2616/2014		A	H3N2	2014		virus_only	11	0
A/MADAGASCAR/2618/2014		A	H3N2	2014		virus_only	11	0
A/MADAGASCAR/2632/2014		A	H3N2	2014		virus_only	11	0
A/MADAGASCAR/2634/2006		A	H3N2	2006		virus_only	9	0
A/MADAGASCAR/2634/2014		A	H3N2	2014		virus_only	11	0
A/MADAGASCAR/2635/2006		A	H3N2	2006		virus_only	9	0
A/MADAGASCAR/2636/2006		A	H3N2	2006		virus_only	9	0
A/MADAGASCAR/2636/2014		A	H3N2	2014		virus_only	11	0
A/MADAGASCAR/2639/2014		A	H3N2	2014		virus_only	11	0
A/MADAGASCAR/2654/2006		A	H3N2	2006		virus_only	9	0
A/MADAGASCAR/2670/2006		A	H3N2	2006		virus_only	9	0
A/MADAGASCAR/26729/1996		A	H3N2	1996		virus_only	6	0
A/MADAGASCAR/2673/1995		A	H3N2	1995		virus_only	6	0
A/MADAGASCAR/2676/2014		A	H3N2	2014		virus_only	10	0
A/MADAGASCAR/2679/2014		A	H3N2	2014		virus_only	11	0
A/MADAGASCAR/26810/1996		A	H3N2	1996		virus_only	6	0
A/MADAGASCAR/269/2014		A	H3N2	2014		virus_only	11	0
A/MADAGASCAR/2690/2006		A	H3N2	2006		virus_only	9	0
A/MADAGASCAR/2694/2006		A	H3N2	2006		virus_only	9	0
A/MADAGASCAR/2698/2006		A	H3N2	2006		virus_only	9	0
A/MADAGASCAR/2699/2006		A	H3N2	2006		virus_only	9	0
A/MADAGASCAR/2700/2006		A	H3N2	2006		virus_only	9	0
A/MADAGASCAR/27029/1996		A	H3N2	1996		virus_only	11	0
A/MADAGASCAR/2714/2014		A	H3N2	2014		virus_only	10	0
A/MADAGASCAR/27190/1996		A	H3N2	1996		virus_only	6	0
A/MADAGASCAR/2730/2014		A	H3N2	2014		virus_only	11	0
A/MADAGASCAR/2735/2014		A	H3N2	2014		virus_only	10	0
A/MADAGASCAR/2739/2014		A	H3N2	2014		virus_only	10	0
A/MADAGASCAR/2742/2014		A	H3N2	2014		virus_only	10	0
A/MADAGASCAR/2761/2006		A	H3N2	2006		virus_only	9	0
A/MADAGASCAR/27680/1997		A	H3N2	1997		virus_only	6	0
A/MADAGASCAR/27681/1997		A	H3N2	1997		virus_only	6	0
A/MADAGASCAR/3069/2014		A	H3N2	2014		virus_only	10	0
A/MADAGASCAR/3226/2008		A	H3N2	2008		virus_only	19	0
A/MADAGASCAR/3228/2008		A	H3N2	2008		virus_only	19	0
A/MADAGASCAR/3299/2011		A	H3N2	2011		virus_only	10	0
A/MADAGASCAR/3439/2008		A	H3N2	2008		virus_only	8	0
A/MADAGASCAR/3440/2008		A	H3N2	2008		virus_only	8	0
A/MADAGASCAR/3532/2009		A	H3N2	2009		virus_only	11	0
A/MADAGASCAR/3534/2009		A	H3N2	2009		virus_only	8	0
A/MADAGASCAR/3563/2009		A	H3N2	2009		virus_only	9	0
A/MADAGASCAR/357/2006		A	H3N2	2006		virus_only	10	0
A/MADAGASCAR/3612/2009		A	H3N2	2009		virus_only	9	0
A/MADAGASCAR/3615/2009		A	H3N2	2009		virus_only	9	0
A/MADAGASCAR/382/2006		A	H3N2	2006		virus_only	10	0
A/MADAGASCAR/3903/2008		A	H3N2	2008		virus_only	8	0
A/MADAGASCAR/4007/2009		A	H3N2	2009		virus_only	19	0
A/MADAGASCAR/4010/2009		A	H3N2	2009		virus_only	11	0
A/MADAGASCAR/412/2006		A	H3N2	2006		virus_only	10	0
A/MADAGASCAR/424/2009		A	H3N2	2009		virus_only	9	0
A/MADAGASCAR/4286/2009		A	H3N2	2009		virus_only	19	0
A/MADAGASCAR/4287/2009		A	H3N2	2009		virus_only	11	0
A/MADAGASCAR/431/2006		A	H3N2	2006		virus_only	10	0
A/MADAGASCAR/431/2014		A	H3N2	2014		virus_only	11	0
A/MADAGASCAR/432/2006		A	H3N2	2006		virus_only	10	0
A/MADAGASCAR/435/2006		A	H3N2	2006		virus_only	10	0
A/MADAGASCAR/438/2006		A	H3N2	2006		virus_only	10	0
A/MADAGASCAR/453/2009		A	H3N2	2009		virus_only	9	0
A/MADAGASCAR/460/2014		A	H3N2	2014		virus_only	11	0
A/MADAGASCAR/4667/2008		A	H3N2	2008		virus_only	8	0
A/MADAGASCAR/469/2006		A	H3N2	2006		virus_only	10	0
A/MADAGASCAR/4695/2009		A	H3N2	2009		virus_only	9	0
A/MADAGASCAR/471/2006		A	H3N2	2006		virus_only	10	0
A/MADAGASCAR/473/1993		A	H3N2	1993		virus_only	6	0
A/MADAGASCAR/493/2014		A	H3N2	2014		virus_only	11	0
A/MADAGASCAR/5007/2009		A	H3N2	2009		virus_only	9	0
A/MADAGASCAR/5642/2009		A	H3N2	2009		virus_only	9	0
A/MADAGASCAR/582/2014		A	H3N2	2014		virus_only	11	0
A/MADAGASCAR/5847/2009		A	H3N2	2009		virus_only	9	0
A/MADAGASCAR/59/2006		A	H3N2	2006		virus_only	10	0
A/MADAGASCAR/5927/2008		A	H3N2	2008		virus_only	8	0
A/MADAGASCAR/6071/2009		A	H3N2	2009		virus_only	9	0
A/MADAGASCAR/61788/2001		A	H3N2	2001		virus_only	6	0
A/MADAGASCAR/61789/2001		A	H3N2	2001		virus_only	6	0
A/MADAGASCAR/62270/2001		A	H3N2	2001		virus_only	12	0
A/MADAGASCAR/62411/2001		A	H3N2	2001		virus_only	6	0
A/MADAGASCAR/62645/2001		A	H3N2	2001		virus_only	6	0
A/MADAGASCAR/62648/2001		A	H3N2	2001		virus_only	6	0
A/MADAGASCAR/62651/2001		A	H3N2	2001		virus_only	6	0
A/MADAGASCAR/62827/2001		A	H3N2	2001		virus_only	6	0
A/MADAGASCAR/62886/2001		A	H3N2	2001		virus_only	6	0
A/MADAGASCAR/62897/2001		A	H3N2	2001		virus_only	6	0
A/MADAGASCAR/62899/2001		A	H3N2	2001		virus_only	12	0
A/MADAGASCAR/6339/2008		A	H3N2	2008		virus_only	8	0
A/MADAGASCAR/648/1993		A	H3N2	1993		virus_only	6	0
A/MADAGASCAR/649/1993		A	H3N2	1993		virus_only	6	0
A/MADAGASCAR/65357/2002		A	H3N2	2002		virus_only	7	0
A/MADAGASCAR/65376/2002		A	H3N2	2002		virus_only	7	0
A/MADAGASCAR/66213/2002		A	H3N2	2002		virus_only	10	0
A/MADAGASCAR/66220/2002		A	H3N2	2002		virus_only	5	0
A/MADAGASCAR/66222/2002		A	H3N2	2002		virus_only	5	0
A/MADAGASCAR/668/1993		A	H3N2	1993		virus_only	6	0
A/MADAGASCAR/672/1993		A	H3N2	1993		virus_only	6	0
A/MADAGASCAR/676/1993		A	H3N2	1993		virus_only	6	0
A/MADAGASCAR/6949/2009		A	H3N2	2009		virus_only	9	0
A/MADAGASCAR/696/1993		A	H3N2	1993		virus_only	6	0
A/MADAGASCAR/69863/2003		A	H3N2	2003		virus_only	8	0
A/MADAGASCAR/699/1993		A	H3N2	1993		virus_only	6	0
A/MADAGASCAR/7/2005		A	H3N2	2005		virus_only	7	0
A/MADAGASCAR/70071/2003		A	H3N2	2003		virus_only	7	0
A/MADAGASCAR/70074/2003		A	H3N2	2003		virus_only	8	0
A/MADAGASCAR/70078/2003		A	H3N2	2003		virus_only	7	0
A/MADAGASCAR/70081/2003		A	H3N2	2003		virus_only	8	0
A/MADAGASCAR/706/1993		A	H3N2	1993		virus_only	6	0
A/MADAGASCAR/71710/2004		A	H3N2	2004		virus_only	6	0
A/MADAGASCAR/71725/2004		A	H3N2	2004		virus_only	6	0
A/MADAGASCAR/71776/2004		A	H3N2	2004		virus_only	6	0
A/MADAGASCAR/71824/2004		A	H3N2	2004		virus_only	6	0
A/MADAGASCAR/71891/2004		A	H3N2	2004		virus_only	6	0
A/MADAGASCAR/71901/2004		A	H3N2	2004		virus_only	6	0
A/MADAGASCAR/71976/2004		A	H3N2	2004		virus_only	6	0
A/MADAGASCAR/74/2005		A	H3N2	2005		virus_only	7	0
A/MADAGASCAR/741/1993		A	H3N2	1993		virus_only	6	0
A/MADAGASCAR/746/1993		A	H3N2	1993		virus_only	6	0
A/MADAGASCAR/751/1993		A	H3N2	1993		virus_only	6	0
A/MADAGASCAR/752/1993		A	H3N2	1993		virus_only	6	0
A/MADAGASCAR/767/1993		A	H3N2	1993		virus_only	6	0
A/MADAGASCAR/77/2005		A	H3N2	2005		virus_only	7	0
A/MADAGASCAR/801/2014		A	H3N2	2014		virus_only	11	0
A/MADAGASCAR/810/1993		A	H3N2	1993		virus_only	6	0
A/MADAGASCAR/818/1993		A	H3N2	1993		virus_only	6	0
A/MADAGASCAR/819/1993		A	H3N2	1993		virus_only	6	0
A/MADAGASCAR/821/1993		A	H3N2	1993		virus_only	6	0
A/MADAGASCAR/822/1993		A	H3N2	1993		virus_only	6	0
A/MADAGASCAR/824/1993		A	H3N2	1993		virus_only	6	0
A/MADAGASCAR/828/1993		A	H3N2	1993		virus_only	6	0
A/MADAGASCAR/829/1993		A	H3N2	1993		virus_only	6	0
A/MADAGASCAR/832/1993		A	H3N2	1993		virus_only	6	0
A/MADAGASCAR/833/1993		A	H3N2	1993		virus_only	6	0
A/MADAGASCAR/872/1995		A	H3N2	1995		virus_only	5	0
A/MADAGASCAR/874/1995		A	H3N2	1995		virus_only	5	0
A/MADAGASCAR/878/2009		A	H3N2	2009		virus_only	9	0
A/MADAGASCAR/882/1995		A	H3N2	1995		virus_only	5	0
A/MADAGASCAR/888/1995		A	H3N2	1995		virus_only	5	0
A/MADAGASCAR/890/1995		A	H3N2	1995		virus_only	5	0
A/MADAGASCAR/897/1993		A	H3N2	1993		virus_only	6	0
A/MADAGASCAR/897/2014		A	H3N2	2014		virus_only	11	0
A/MADEIRA/MS3/2012		A	H3N2	2012		virus_only	11	0
A/MADEIRAPT/12/2013		A	H3N2	2013		virus_only	11	0
A/MADRID/0V29/1992		A	H3N2	1992		virus_only	7	0
A/MADRID/1015/1996		A	H3N2	1996		virus_only	6	0
A/MADRID/1023/1996		A	H3N2	1996		virus_only	5	0
A/MADRID/1025/1996		A	H3N2	1996		virus_only	4	0
A/MADRID/1110/90160		A	H3N2			virus_only	7	0
A/MADRID/1122/1990		A	H3N2	1990		virus_only	7	0
A/MADRID/1144/1990		A	H3N2	1990		virus_only	7	0
A/MADRID/15042/2014		A	H3N2	2014		virus_only	11	0
A/MADRID/15053/2014		A	H3N2	2014		virus_only	10	0
A/MADRID/162/1996		A	H3N2	1996		virus_only	6	0
A/MADRID/164/1996		A	H3N2	1996		virus_only	6	0
A/MADRID/165/1996		A	H3N2	1996		virus_only	6	0
A/MADRID/166/1996		A	H3N2	1996		virus_only	6	0
A/MADRID/167/1996		A	H3N2	1996		virus_only	6	0
A/MADRID/168/1996		A	H3N2	1996		virus_only	6	0
A/MADRID/171/1996		A	H3N2	1996		virus_only	6	0
A/MADRID/172/1996		A	H3N2	1996		virus_only	6	0
A/MADRID/173/1996		A	H3N2	1996		virus_only	6	0
A/MADRID/174/1996		A	H3N2	1996		virus_only	6	0
A/MADRID/175/1996		A	H3N2	1996		virus_only	6	0
A/MADRID/177/1996		A	H3N2	1996		virus_only	6	0
A/MADRID/178/1996		A	H3N2	1996		virus_only	6	0
A/MADRID/186/1996		A	H3N2	1996		virus_only	5	0
A/MADRID/187/1996		A	H3N2	1996		virus_only	5	0
A/MADRID/188/1996		A	H3N2	1996		virus_only	5	0
A/MADRID/189/1996		A	H3N2	1996		virus_only	5	0
A/MADRID/190/1996		A	H3N2	1996		virus_only	5	0
A/MADRID/214/1997		A	H3N2	1997		virus_only	6	0
A/MADRID/2169/2018		A	H3N2	2018		virus_only	8	0
A/MADRID/2170/2018		A	H3N2	2018		virus_only	8	0
A/MADRID/2173/2018		A	H3N2	2018		virus_only	8	0
A/MADRID/2175/2018		A	H3N2	2018		virus_only	8	0
A/MADRID/2178/2018		A	H3N2	2018		virus_only	8	0
A/MADRID/323/2012		A	H3N2	2012		virus_only	11	0
A/MADRID/504453/2004		A	H3N2	2004		virus_only	7	0
A/MADRID/626/1996		A	H3N2	1996		virus_only	5	0
A/MADRID/633/1996		A	H3N2	1996		virus_only	5	0
A/MADRID/638/1996		A	H3N2	1996		virus_only	5	0
A/MADRID/640/1996		A	H3N2	1996		virus_only	5	0
A/MADRID/642/1996		A	H3N2	1996		virus_only	5	0
A/MADRID/643/1996		A	H3N2	1996		virus_only	5	0
A/MADRID/644/1996		A	H3N2	1996		virus_only	5	0
A/MADRID/645/1996		A	H3N2	1996		virus_only	5	0
A/MADRID/648/1996		A	H3N2	1996		virus_only	5	0
A/MADRID/6569/1995		A	H3N2	1995		virus_only	6	0
A/MADRID/6571/1995		A	H3N2	1995		virus_only	6	0
A/MADRID/G100/1993		A	H3N2	1993		virus_only	8	0
A/MADRID/G101/1993		A	H3N2	1993		virus_only	7	0
A/MADRID/G1013/2000		A	H3N2	2000		virus_only	6	0
A/MADRID/G102/1993		A	H3N2	1993		virus_only	7	0
A/MADRID/G103/1993		A	H3N2	1993		virus_only	7	0
A/MADRID/G1082/2001		A	H3N2	2001		virus_only	6	0
A/MADRID/G109/1993		A	H3N2	1993		virus_only	7	0
A/MADRID/G111/1993		A	H3N2	1993		virus_only	8	0
A/MADRID/G1116/2001		A	H3N2	2001		virus_only	6	0
A/MADRID/G1121/2001		A	H3N2	2001		virus_only	6	0
A/MADRID/G1122/2001		A	H3N2	2001		virus_only	6	0
A/MADRID/G1125/2001		A	H3N2	2001		virus_only	6	0
A/MADRID/G1126/2001		A	H3N2	2001		virus_only	6	0
A/MADRID/G116/1993		A	H3N2	1993		virus_only	7	0
A/MADRID/G118/1993		A	H3N2	1993		virus_only	8	0
A/MADRID/G1194/2001		A	H3N2	2001		virus_only	8	0
A/MADRID/G1195/2001		A	H3N2	2001		virus_only	8	0
A/MADRID/G1196/2001		A	H3N2	2001		virus_only	8	0
A/MADRID/G12/1991		A	H3N2	1991		virus_only	7	0
A/MADRID/G1211/2002		A	H3N2	2002		virus_only	8	0
A/MADRID/G1216/2002		A	H3N2	2002		virus_only	8	0
A/MADRID/G122/1993		A	H3N2	1993		virus_only	8	0
A/MADRID/G1221/2002		A	H3N2	2002		virus_only	8	0
A/MADRID/G1222/2002		A	H3N2	2002		virus_only	8	0
A/MADRID/G125/1993		A	H3N2	1993		virus_only	8	0
A/MADRID/G126/1993		A	H3N2	1993		virus_only	8	0
A/MADRID/G130/1993		A	H3N2	1993		virus_only	8	0
A/MADRID/G132/1993		A	H3N2	1993		virus_only	8	0
A/MADRID/G1411/2003		A	H3N2	2003		virus_only	6	0
A/MADRID/G1418/2003		A	H3N2	2003		virus_only	12	0
A/MADRID/G145/1993		A	H3N2	1993		virus_only	8	0
A/MADRID/G1452/2003		A	H3N2	2003		virus_only	12	0
A/MADRID/G147/1993		A	H3N2	1993		virus_only	8	0
A/MADRID/G152/1993		A	H3N2	1993		virus_only	8	0
A/MADRID/G1541/2003		A	H3N2	2003		virus_only	6	0
A/MADRID/G1547/2003		A	H3N2	2003		virus_only	12	0
A/MADRID/G159/1993		A	H3N2	1993		virus_only	8	0
A/MADRID/G163/1993		A	H3N2	1993		virus_only	15	0
A/MADRID/G1681/2004		A	H3N2	2004		virus_only	11	0
A/MADRID/G1687/2004		A	H3N2	2004		virus_only	11	0
A/MADRID/G1697/2004		A	H3N2	2004		virus_only	11	0
A/MADRID/G184/1993		A	H3N2	1993		virus_only	7	0
A/MADRID/G186/1993		A	H3N2	1993		virus_only	7	0
A/MADRID/G187/1993		A	H3N2	1993		virus_only	7	0
A/MADRID/G188/1993		A	H3N2	1993		virus_only	7	0
A/MADRID/G190/1993		A	H3N2	1993		virus_only	7	0
A/MADRID/G198/1993		A	H3N2	1993		virus_only	7	0
A/MADRID/G199/1993		A	H3N2	1993		virus_only	7	0
A/MADRID/G245/1993		A	H3N2	1993		virus_only	6	0
A/MADRID/G2519/2005		A	H3N2	2005		virus_only	17	0
A/MADRID/G252/1993		A	H3N2	1993		virus_only	7	0
A/MADRID/G2521/2005		A	H3N2	2005		virus_only	17	0
A/MADRID/G253/1994		A	H3N2	1994		virus_only	6	0
A/MADRID/G254/1994		A	H3N2	1994		virus_only	6	0
A/MADRID/G255/1994		A	H3N2	1994		virus_only	6	0
A/MADRID/G260/1994		A	H3N2	1994		virus_only	6	0
A/MADRID/G261/1994		A	H3N2	1994		virus_only	6	0
A/MADRID/G262/1994		A	H3N2	1994		virus_only	6	0
A/MADRID/G2620/2005		A	H3N2	2005		virus_only	17	0
A/MADRID/G285/1994		A	H3N2	1994		virus_only	6	0
A/MADRID/G2883/2007		A	H3N2	2007		virus_only	8	0
A/MADRID/G2889/2007		A	H3N2	2007		virus_only	8	0
A/MADRID/G303/1994		A	H3N2	1994		virus_only	7	0
A/MADRID/G338/1994		A	H3N2	1994		virus_only	7	0
A/MADRID/G339/1994		A	H3N2	1994		virus_only	5	0
A/MADRID/G350/1995		A	H3N2	1995		virus_only	5	0
A/MADRID/G351/1995		A	H3N2	1995		virus_only	5	0
A/MADRID/G354/1995		A	H3N2	1995		virus_only	5	0
A/MADRID/G356/1995		A	H3N2	1995		virus_only	5	0
A/MADRID/G358/1995		A	H3N2	1995		virus_only	6	0
A/MADRID/G362/1995		A	H3N2	1995		virus_only	5	0
A/MADRID/G363/1995		A	H3N2	1995		virus_only	6	0
A/MADRID/G367/1995		A	H3N2	1995		virus_only	5	0
A/MADRID/G369/1995		A	H3N2	1995		virus_only	5	0
A/MADRID/G370/1995		A	H3N2	1995		virus_only	6	0
A/MADRID/G371/1995		A	H3N2	1995		virus_only	6	0
A/MADRID/G372/1995		A	H3N2	1995		virus_only	6	0
A/MADRID/G373/1995		A	H3N2	1995		virus_only	6	0
A/MADRID/G374/1995		A	H3N2	1995		virus_only	5	0
A/MADRID/G375/1995		A	H3N2	1995		virus_only	5	0
A/MADRID/G379/1995		A	H3N2	1995		virus_only	5	0
A/MADRID/G387/1995		A	H3N2	1995		virus_only	5	0
A/MADRID/G392/1995		A	H3N2	1995		virus_only	5	0
A/MADRID/G394/1995		A	H3N2	1995		virus_only	6	0
A/MADRID/G395/1995		A	H3N2	1995		virus_only	6	0
A/MADRID/G397/1995		A	H3N2	1995		virus_only	5	0
A/MADRID/G453/1995		A	H3N2	1995		virus_only	6	0
A/MADRID/G455/1995		A	H3N2	1995		virus_only	6	0
A/MADRID/G465/1995		A	H3N2	1995		virus_only	6	0
A/MADRID/G525/1995		A	H3N2	1995		virus_only	6	0
A/MADRID/G553/1995		A	H3N2	1995		virus_only	6	0
A/MADRID/G622/1996		A	H3N2	1996		virus_only	6	0
A/MADRID/G623/1996		A	H3N2	1996		virus_only	6	0
A/MADRID/G624/1996		A	H3N2	1996		virus_only	6	0
A/MADRID/G625/1996		A	H3N2	1996		virus_only	6	0
A/MADRID/G718/1998		A	H3N2	1998		virus_only	5	0
A/MADRID/G721/1998		A	H3N2	1998		virus_only	5	0
A/MADRID/G725/1998		A	H3N2	1998		virus_only	5	0
A/MADRID/G728/1998		A	H3N2	1998		virus_only	5	0
A/MADRID/G749/1998		A	H3N2	1998		virus_only	5	0
A/MADRID/G753/1998		A	H3N2	1998		virus_only	5	0
A/MADRID/G838/1999		A	H3N2	1999		virus_only	5	0
A/MADRID/G847/1999		A	H3N2	1999		virus_only	5	0
A/MADRID/G860/1999		A	H3N2	1999		virus_only	5	0
A/MADRID/G866/1999		A	H3N2	1999		virus_only	5	0
A/MADRID/G89/1993		A	H3N2	1993		virus_only	7	0
A/MADRID/G892/1999		A	H3N2	1999		virus_only	5	0
A/MADRID/G947/1999		A	H3N2	1999		virus_only	5	0
A/MADRID/G956/1999		A	H3N2	1999		virus_only	5	0
A/MADRID/G960/1999		A	H3N2	1999		virus_only	5	0
A/MADRID/G967/2000		A	H3N2	2000		virus_only	6	0
A/MADRID/G979/2000		A	H3N2	2000		virus_only	6	0
A/MADRID/G984/2000		A	H3N2	2000		virus_only	5	0
A/MADRID/G991/2000		A	H3N2	2000		virus_only	6	0
A/MADRID/G995/2000		A	H3N2	2000		virus_only	6	0
A/MADRID/O162/1993		A	H3N2	1993		virus_only	7	0
A/MADRID/O180/1993		A	H3N2	1993		virus_only	7	0
A/MADRID/O183/1993		A	H3N2	1993		virus_only	7	0
A/MADRID/OV30/1991		A	H3N2	1991		virus_only	7	0
A/MADRID/OV31/1991		A	H3N2	1991		virus_only	7	0
A/MADRID/RR1059/2002		A	H3N2	2002		virus_only	6	0
A/MADRID/RR1731/2004		A	H3N2	2004		virus_only	11	0
A/MADRID/RR1734/2004		A	H3N2	2004		virus_only	11	0
A/MADRID/RR1735/2004		A	H3N2	2004		virus_only	11	0
A/MADRID/RR1755/2004		A	H3N2	2004		virus_only	16	0
A/MADRID/RR317/1998		A	H3N2	1998		virus_only	5	0
A/MADRID/RR320/1998		A	H3N2	1998		virus_only	5	0
A/MADRID/RR323/1998		A	H3N2	1998		virus_only	5	0
A/MADRID/RR325/1998		A	H3N2	1998		virus_only	5	0
A/MADRID/RR326/1998		A	H3N2	1998		virus_only	5	0
A/MADRID/RR342/1998		A	H3N2	1998		virus_only	5	0
A/MADRID/RR403/1998		A	H3N2	1998		virus_only	5	0
A/MADRID/RR444/1999		A	H3N2	1999		virus_only	5	0
A/MADRID/RR445/1999		A	H3N2	1999		virus_only	5	0
A/MADRID/RR447/1999		A	H3N2	1999		virus_only	5	0
A/MADRID/RR448/1999		A	H3N2	1999		virus_only	5	0
A/MADRID/RR449/1999		A	H3N2	1999		virus_only	5	0
A/MADRID/RR453/1999		A	H3N2	1999		virus_only	5	0
A/MADRID/RR456/1999		A	H3N2	1999		virus_only	5	0
A/MADRID/RR490/1999		A	H3N2	1999		virus_only	5	0
A/MADRID/RR498/1999		A	H3N2	1999		virus_only	5	0
A/MADRID/RR558/1999		A	H3N2	1999		virus_only	5	0
A/MADRID/RR566/1999		A	H3N2	1999		virus_only	5	0
A/MADRID/RR591/2000		A	H3N2	2000		virus_only	5	0
A/MADRID/RR598/2000		A	H3N2	2000		virus_only	5	0
A/MADRID/RR599/2000		A	H3N2	2000		virus_only	5	0
A/MADRID/RR607/2000		A	H3N2	2000		virus_only	5	0
A/MADRID/RR610/2000		A	H3N2	2000		virus_only	6	0
A/MADRID/RR612/2000		A	H3N2	2000		virus_only	6	0
A/MADRID/RR625/2000		A	H3N2	2000		virus_only	6	0
A/MADRID/RR8753/2011		A	H3N2	2011		virus_only	9	0
A/MADRID/RR8856/2011		A	H3N2	2011		virus_only	9	0
A/MADRID/RR9076/2012		A	H3N2	2012		virus_only	9	0
A/MADRID/SO1208/1997		A	H3N2	1997		virus_only	6	0
A/MADRID/SO12318/2014		A	H3N2	2014		virus_only	9	0
A/MADRID/SO13031/2014		A	H3N2	2014		virus_only	10	0
A/MADRID/SO143/1993		A	H3N2	1993		virus_only	7	0
A/MADRID/SO159/1993		A	H3N2	1993		virus_only	7	0
A/MADRID/SO161/1993		A	H3N2	1993		virus_only	7	0
A/MADRID/SO1672/1998		A	H3N2	1998		virus_only	5	0
A/MADRID/SO1676/1998		A	H3N2	1998		virus_only	5	0
A/MADRID/SO1690/1998		A	H3N2	1998		virus_only	5	0
A/MADRID/SO170/1993		A	H3N2	1993		virus_only	7	0
A/MADRID/SO1745/1998#ORIGINAL		A	H3N2			virus_only	5	0
A/MADRID/SO1747/1998		A	H3N2	1998		virus_only	5	0
A/MADRID/SO1772/1998		A	H3N2	1998		virus_only	5	0
A/MADRID/SO1798/1998#ORIGINAL		A	H3N2			virus_only	5	0
A/MADRID/SO1830/1998#ORIGINAL		A	H3N2			virus_only	5	0
A/MADRID/SO2017/1998		A	H3N2	1998		virus_only	5	0
A/MADRID/SO2060/1998		A	H3N2	1998		virus_only	5	0
A/MADRID/SO23/1991		A	H3N2	1991		virus_only	7	0
A/MADRID/SO2447/1999		A	H3N2	1999		virus_only	5	0
A/MADRID/SO2523/1999		A	H3N2	1999		virus_only	5	0
A/MADRID/SO2531/1999		A	H3N2	1999		virus_only	5	0
A/MADRID/SO261/1993		A	H3N2	1993		virus_only	6	0
A/MADRID/SO2852/1999		A	H3N2	1999		virus_only	6	0
A/MADRID/SO2913/2000		A	H3N2	2000		virus_only	6	0
A/MADRID/SO2969/2000		A	H3N2	2000		virus_only	6	0
A/MADRID/SO323/1994		A	H3N2	1994		virus_only	5	0
A/MADRID/SO3368/2001		A	H3N2	2001		virus_only	6	0
A/MADRID/SO3396/2001		A	H3N2	2001		virus_only	6	0
A/MADRID/SO3397/2001		A	H3N2	2001		virus_only	6	0
A/MADRID/SO349/1994		A	H3N2	1994		virus_only	7	0
A/MADRID/SO353/1994		A	H3N2	1994		virus_only	7	0
A/MADRID/SO483/1945		A	H3N2	1945		virus_only	6	0
A/MADRID/SO486/1994		A	H3N2	1994		virus_only	6	0
A/MADRID/SO491/1995		A	H3N2	1995		virus_only	6	0
A/MADRID/SO520/1995		A	H3N2	1995		virus_only	5	0
A/MADRID/SO525/1995		A	H3N2	1995		virus_only	5	0
A/MADRID/SO535/1995		A	H3N2	1995		virus_only	5	0
A/MADRID/SO652/1995		A	H3N2	1995		virus_only	6	0
A/MADRID/SO6799/2008		A	H3N2	2008		virus_only	18	0
A/MADRID/SO734/1995		A	H3N2	1995		virus_only	6	0
A/MADRID/SO759/1995		A	H3N2	1995		virus_only	6	0
A/MADRID/SO761/1995		A	H3N2	1995		virus_only	6	0
A/MADRID/SO767/1995		A	H3N2	1995		virus_only	6	0
A/MADRID/SO775/1995		A	H3N2	1995		virus_only	6	0
A/MADRID/SO784/1995		A	H3N2	1995		virus_only	6	0
A/MADRID/SO8944/2012		A	H3N2	2012		virus_only	9	0
A/MAEVATANANA/172/2015		A	H3N2	2015		virus_only	11	0
A/MAEVATANANA/563/2013		A	H3N2	2013		virus_only	11	0
A/MAEVATANANA/974/2013		A	H3N2	2013		virus_only	11	0
A/MAGADAN/187/2017		A	H3N2	2017		virus_only	6	0
A/MAGDEBURG/1/1995		A	H3N2	1995		virus_only	6	0
A/MAGDEBURG/1/1997		A	H3N2	1997		virus_only	5	0
A/MAGDEBURG/3/1995		A	H3N2	1995		virus_only	6	0
A/MAGDEBURG/3/1998		A	H3N2	1998		virus_only	4	0
A/MAGDEBURG/4/1995		A	H3N2	1995		virus_only	6	0
A/MAGDEBURG/4/1998		A	H3N2	1998		virus_only	4	0
A/MAGDEBURG/7/1996		A	H3N2	1996		virus_only	6	0
A/MAHAJANGA/122/2015		A	H3N2	2015		virus_only	12	0
A/MAHAJANGA/3628/2012		A	H3N2	2012		virus_only	11	0
A/MAKHACHKALA/RII1/2019		A	H3N2	2019		virus_only	9	0
A/MAKHACHKALA/RII5/2019		A	H3N2	2019		virus_only	9	0
A/MALATYA/24/2014		A	H3N2	2014		virus_only	9	0
A/MALATYA/3608/2013		A	H3N2	2013		virus_only	18	0
A/MALATYA/3854/2013		A	H3N2	2013		virus_only	9	0
A/MALATYA/3872/2013		A	H3N2	2013		virus_only	9	0
A/MALATYA/3946/2013		A	H3N2	2013		virus_only	9	0
A/MALATYA/4118/2013		A	H3N2	2013		virus_only	9	0
A/MALATYA/4163/2013		A	H3N2	2013		virus_only	9	0
A/MALATYA/4202/2013		A	H3N2	2013		virus_only	9	0
A/MALATYA/92/2014		A	H3N2	2014		virus_only	9	0
A/MALATYA/TR57/2011		A	H3N2	2011		virus_only	8	0
A/MALAYSIA/2256/2004		A	H3N2	2004		virus_only	7	0
A/MALAYSIA/31/1998		A	H3N2	1998		virus_only	6	0
A/MALAYSIA/32/1998		A	H3N2	1998		virus_only	6	0
A/MALAYSIA/39/1999		A	H3N2	1999		virus_only	7	0
A/MALAYSIA/5/1999		A	H3N2	1999		virus_only	20	0
A/MALAYSIA/73/1998		A	H3N2	1998		virus_only	6	0
A/MALMO/1/1992		A	H3N2	1992		virus_only	7	0
A/MALMO/1/1994		A	H3N2	1994		virus_only	4	0
A/MALMO/1/1995		A	H3N2	1995		virus_only	6	0
A/MALMO/1/1997		A	H3N2	1997		virus_only	5	0
A/MALMO/1/1998		A	H3N2	1998		virus_only	11	0
A/MALMO/1/1999		A	H3N2	1999		virus_only	5	0
A/MALMO/1/2000		A	H3N2	2000		virus_only	7	0
A/MALMO/1/2002		A	H3N2	2002		virus_only	6	0
A/MALMO/1/2003		A	H3N2	2003		virus_only	8	0
A/MALMO/1/2004		A	H3N2	2004		virus_only	6	0
A/MALMO/10/1998		A	H3N2	1998		virus_only	5	0
A/MALMO/11/1998		A	H3N2	1998		virus_only	4	0
A/MALMO/12/1998		A	H3N2	1998		virus_only	5	0
A/MALMO/13/1998		A	H3N2	1998		virus_only	5	0
A/MALMO/14/1998		A	H3N2	1998		virus_only	5	0
A/MALMO/15/1998		A	H3N2	1998		virus_only	5	0
A/MALMO/2/1993		A	H3N2	1993		virus_only	5	0
A/MALMO/2/1994		A	H3N2	1994		virus_only	5	0
A/MALMO/2/1995		A	H3N2	1995		virus_only	5	0
A/MALMO/2/1998		A	H3N2	1998		virus_only	11	0
A/MALMO/2/1999		A	H3N2	1999		virus_only	5	0
A/MALMO/2/2000		A	H3N2	2000		virus_only	7	0
A/MALMO/2/2001		A	H3N2	2001		virus_only	6	0
A/MALMO/2/2002		A	H3N2	2002		virus_only	6	0
A/MALMO/2/2003		A	H3N2	2003		virus_only	8	0
A/MALMO/2/2004		A	H3N2	2004		virus_only	10	0
A/MALMO/3/1994		A	H3N2	1994		virus_only	5	0
A/MALMO/3/1995		A	H3N2	1995		virus_only	6	0
A/MALMO/3/1998		A	H3N2	1998		virus_only	6	0
A/MALMO/3/1999		A	H3N2	1999		virus_only	7	0
A/MALMO/3/2002		A	H3N2	2002		virus_only	6	0
A/MALMO/3/2003		A	H3N2	2003		virus_only	8	0
A/MALMO/4/1991		A	H3N2	1991		virus_only	7	0
A/MALMO/4/1995		A	H3N2	1995		virus_only	6	0
A/MALMO/4/1998#ORIGINAL		A	H3N2			virus_only	5	0
A/MALMO/4/1999		A	H3N2	1999		virus_only	6	0
A/MALMO/4/2002		A	H3N2	2002		virus_only	6	0
A/MALMO/4/2003		A	H3N2	2003		virus_only	8	0
A/MALMO/5/1992		A	H3N2	1992		virus_only	7	0
A/MALMO/5/1995		A	H3N2	1995		virus_only	6	0
A/MALMO/5/2002		A	H3N2	2002		virus_only	6	0
A/MALMO/5/2003		A	H3N2	2003		virus_only	6	0
A/MALMO/6/1991		A	H3N2	1991		virus_only	7	0
A/MALMO/6/2002		A	H3N2	2002		virus_only	6	0
A/MALMO/6/2003		A	H3N2	2003		virus_only	6	0
A/MALMO/7/1991		A	H3N2	1991		virus_only	7	0
A/MALMO/8/1998#ORIGINAL		A	H3N2			virus_only	5	0
A/MALTA/32736/2018		A	H3N2	2018		virus_only	8	0
A/MALTA/53539/2019		A	H3N2	2019		virus_only	8	0
A/MALTA/MV720824/2013		A	H3N2	2013		virus_only	11	0
A/MALTA/MX000757/2014		A	H3N2	2014		virus_only	12	0
A/MALTA/MX001178/2014		A	H3N2	2014		virus_only	12	0
A/MALTA/MX001204/2014		A	H3N2	2014		virus_only	12	0
A/MALTA/MX001759/2014		A	H3N2	2014		virus_only	10	0
A/MALTA/MX502071/2015		A	H3N2	2015		virus_only	10	0
A/MANJAKARAY/13/2015		A	H3N2	2015		virus_only	11	0
A/MANJAKARAY/215/2015		A	H3N2	2015		virus_only	11	0
A/MANJAKARAY/612/2015		A	H3N2	2015		virus_only	11	0
A/MARAMURES/157552/2014		A	H3N2	2014		virus_only	9	0
A/MARBURG/1/1990		A	H3N2	1990		virus_only	7	0
A/MARBURG/1/1997		A	H3N2	1997		virus_only	6	0
A/MARBURG/10/1990		A	H3N2	1990		virus_only	7	0
A/MARBURG/11/1990		A	H3N2	1990		virus_only	7	0
A/MARBURG/12/1990		A	H3N2	1990		virus_only	6	0
A/MARBURG/12/1996		A	H3N2	1996		virus_only	6	0
A/MARBURG/14/1990		A	H3N2	1990		virus_only	6	0
A/MARBURG/15/1990		A	H3N2	1990		virus_only	7	0
A/MARBURG/16/1990		A	H3N2	1990		virus_only	7	0
A/MARBURG/2/1990		A	H3N2	1990		virus_only	7	0
A/MARBURG/2/1997		A	H3N2	1997		virus_only	6	0
A/MARBURG/3/1990		A	H3N2	1990		virus_only	7	0
A/MARBURG/4/1990		A	H3N2	1990		virus_only	6	0
A/MARBURG/5/1997		A	H3N2	1997		virus_only	5	0
A/MARBURG/7/1990		A	H3N2	1990		virus_only	7	0
A/MARCOUSSIS/291/2000		A	H3N2	2000		virus_only	6	0
A/MARDELPLATA/VL267/1999		A	H3N2	1999		virus_only	7	0
A/MARDIN/2834/2016		A	H3N2	2016		virus_only	12	0
A/MARRAKECH/338/2004		A	H3N2	2004		virus_only	9	0
A/MARRAKECH/349/2004		A	H3N2	2004		virus_only	9	0
A/MARRAKECH/354/2005		A	H3N2	2005		virus_only	9	0
A/MARRAKECH/38/2011		A	H3N2	2011		virus_only	8	0
A/MARRAKECH/79/2015		A	H3N2	2015		virus_only	10	0
A/MARSAILLE/246/2000		A	H3N2	2000		virus_only	6	0
A/MARSAILLE/424/2000		A	H3N2	2000		virus_only	6	0
A/MARSAILLE/466/1998		A	H3N2	1998		virus_only	5	0
A/MARSAILLE/467/1998#ORIGINAL		A	H3N2			virus_only	5	0
A/MARSAILLE/468/1998		A	H3N2	1998		virus_only	5	0
A/MARSAILLE/469/1998#ORIGINAL		A	H3N2			virus_only	5	0
A/MARSEILLE/1165/1999		A	H3N2	1999		virus_only	6	0
A/MARSEILLE/1166/1999		A	H3N2	1999		virus_only	6	0
A/MARSEILLE/1185/1999		A	H3N2	1999		virus_only	6	0
A/MARSEILLE/1186/1999		A	H3N2	1999		virus_only	6	0
A/MARSEILLE/1187/1999		A	H3N2	1999		virus_only	6	0
A/MARSEILLE/1188/1999		A	H3N2	1999		virus_only	6	0
A/MARSEILLE/1215/2006		A	H3N2	2006		virus_only	9	0
A/MARSEILLE/2180/2014		A	H3N2	2014		virus_only	11	0
A/MARSEILLE/2195/2017		A	H3N2	2017		virus_only	8	0
A/MARSEILLE/2240/2011		A	H3N2	2011		virus_only	8	0
A/MARSEILLE/2588/2015		A	H3N2	2015		virus_only	12	0
A/MARYLAND/02/2012		A	H3N2	2012		virus_only	10	0
A/MARYLAND/02/2012@GROUP3B		A	H3N2			virus_only	10	0
A/MARYLAND/02/2012@IVR166		A	H3N2			virus_only	11	0
A/MASSACHUSETTS/11/2013		A	H3N2	2013		virus_only	18	0
A/MAURITANIA/082019/2019		A	H3N2	2019		virus_only	9	0
A/MAURITANIA/092019/2019		A	H3N2	2019		virus_only	9	0
A/MAURITANIA/102019/2019		A	H3N2	2019		virus_only	9	0
A/MAURITANIA/152019/2019		A	H3N2	2019		virus_only	9	0
A/MAURITANIA/2002018/2018		A	H3N2	2018		virus_only	9	0
A/MAURITANIA/2552018/2018		A	H3N2	2018		virus_only	8	0
A/MAURITIUS/1103/2017		A	H3N2	2017		virus_only	8	0
A/MAURITIUS/1115/2017		A	H3N2	2017		virus_only	8	0
A/MAURITIUS/1199/2017		A	H3N2	2017		virus_only	8	0
A/MAURITIUS/1369/2017		A	H3N2	2017		virus_only	8	0
A/MAURITIUS/167/2013		A	H3N2	2013		virus_only	23	0
A/MAURITIUS/175/2002		A	H3N2	2002		virus_only	6	0
A/MAURITIUS/2287/2018		A	H3N2	2018		virus_only	12	0
A/MAURITIUS/231/1999		A	H3N2	1999		virus_only	5	0
A/MAURITIUS/237/1999		A	H3N2	1999		virus_only	5	0
A/MAURITIUS/239/1999		A	H3N2	1999		virus_only	5	0
A/MAURITIUS/240/1999		A	H3N2	1999		virus_only	5	0
A/MAURITIUS/249/1999		A	H3N2	1999		virus_only	5	0
A/MAURITIUS/252/1999		A	H3N2	1999		virus_only	5	0
A/MAURITIUS/254/1999		A	H3N2	1999		virus_only	13	0
A/MAURITIUS/260/1999		A	H3N2	1999		virus_only	5	0
A/MAURITIUS/262/1999		A	H3N2	1999		virus_only	5	0
A/MAURITIUS/270/1999		A	H3N2	1999		virus_only	5	0
A/MAURITIUS/271/1999		A	H3N2	1999		virus_only	5	0
A/MAURITIUS/275/1999		A	H3N2	1999		virus_only	5	0
A/MAURITIUS/280/1999		A	H3N2	1999		virus_only	5	0
A/MAURITIUS/284/1999		A	H3N2	1999		virus_only	5	0
A/MAURITIUS/285/1999		A	H3N2	1999		virus_only	5	0
A/MAURITIUS/288/1999		A	H3N2	1999		virus_only	5	0
A/MAURITIUS/294/1998		A	H3N2	1998		virus_only	4	0
A/MAURITIUS/297/1999		A	H3N2	1999		virus_only	5	0
A/MAURITIUS/298/1999		A	H3N2	1999		virus_only	5	0
A/MAURITIUS/302/1998		A	H3N2	1998		virus_only	4	0
A/MAURITIUS/303/1999		A	H3N2	1999		virus_only	5	0
A/MAURITIUS/305/1999		A	H3N2	1999		virus_only	5	0
A/MAURITIUS/307/2007		A	H3N2	2007		virus_only	30	0
A/MAURITIUS/308/1999		A	H3N2	1999		virus_only	5	0
A/MAURITIUS/311/1999		A	H3N2	1999		virus_only	5	0
A/MAURITIUS/313/1999		A	H3N2	1999		virus_only	5	0
A/MAURITIUS/320/1998		A	H3N2	1998		virus_only	4	0
A/MAURITIUS/323/1998		A	H3N2	1998		virus_only	4	0
A/MAURITIUS/325/1998		A	H3N2	1998		virus_only	4	0
A/MAURITIUS/327/1998		A	H3N2	1998		virus_only	4	0
A/MAURITIUS/354/2007		A	H3N2	2007		virus_only	16	0
A/MAURITIUS/358/1998		A	H3N2	1998		virus_only	4	0
A/MAURITIUS/359/1998		A	H3N2	1998		virus_only	4	0
A/MAURITIUS/365/2000		A	H3N2	2000		virus_only	7	0
A/MAURITIUS/366/1998		A	H3N2	1998		virus_only	4	0
A/MAURITIUS/375/1998		A	H3N2	1998		virus_only	4	0
A/MAURITIUS/376/1998		A	H3N2	1998		virus_only	4	0
A/MAURITIUS/380/2009		A	H3N2	2009		virus_only	10	0
A/MAURITIUS/385/1998		A	H3N2	1998		virus_only	8	0
A/MAURITIUS/393/1998		A	H3N2	1998		virus_only	4	0
A/MAURITIUS/394/1998		A	H3N2	1998		virus_only	8	0
A/MAURITIUS/402/1998		A	H3N2	1998		virus_only	8	0
A/MAURITIUS/402/2008		A	H3N2	2008		virus_only	10	0
A/MAURITIUS/404/2000		A	H3N2	2000		virus_only	7	0
A/MAURITIUS/432/2009		A	H3N2	2009		virus_only	7	0
A/MAURITIUS/434/1998		A	H3N2	1998		virus_only	8	0
A/MAURITIUS/461/2009		A	H3N2	2009		virus_only	7	0
A/MAURITIUS/472/2009		A	H3N2	2009		virus_only	7	0
A/MAURITIUS/478/2009		A	H3N2	2009		virus_only	7	0
A/MAURITIUS/483/2014		A	H3N2	2014		virus_only	12	0
A/MAURITIUS/487/2009		A	H3N2	2009		virus_only	7	0
A/MAURITIUS/498/2009		A	H3N2	2009		virus_only	10	0
A/MAURITIUS/503/2009		A	H3N2	2009		virus_only	10	0
A/MAURITIUS/511/2009		A	H3N2	2009		virus_only	10	0
A/MAURITIUS/549/2012		A	H3N2	2012		virus_only	15	0
A/MAURITIUS/571/2013		A	H3N2	2013		virus_only	23	0
A/MAURITIUS/607/2000		A	H3N2	2000		virus_only	7	0
A/MAURITIUS/610/2013		A	H3N2	2013		virus_only	23	0
A/MAURITIUS/621/2017		A	H3N2	2017		virus_only	8	0
A/MAURITIUS/626/2000		A	H3N2	2000		virus_only	6	0
A/MAURITIUS/65/2002		A	H3N2	2002		virus_only	6	0
A/MAURITIUS/672/2000		A	H3N2	2000		virus_only	6	0
A/MAURITIUS/703/2013		A	H3N2	2013		virus_only	23	0
A/MAURITIUS/705/2000		A	H3N2	2000		virus_only	7	0
A/MAURITIUS/80/2002		A	H3N2	2002		virus_only	6	0
A/MAURITIUS/91/2002		A	H3N2	2002		virus_only	6	0
A/MAURITIUS/I1020/2018		A	H3N2	2018		virus_only	8	0
A/MAURITIUS/I1058/2018		A	H3N2	2018		virus_only	8	0
A/MAURITIUS/I1072/2018		A	H3N2	2018		virus_only	8	0
A/MAURITIUS/I1122/2018		A	H3N2	2018		virus_only	8	0
A/MAURITIUS/I19/2020		A	H3N2	2020		virus_only	9	0
A/MAURITIUS/I1921/2019		A	H3N2	2019		virus_only	9	0
A/MAURITIUS/I2000/2019		A	H3N2	2019		virus_only	9	0
A/MAURITIUS/I203/2015		A	H3N2	2015		virus_only	11	0
A/MAURITIUS/I238/2015		A	H3N2	2015		virus_only	11	0
A/MAURITIUS/I240/2015		A	H3N2	2015		virus_only	11	0
A/MAURITIUS/I288/2015		A	H3N2	2015		virus_only	11	0
A/MAURITIUS/I3006/2019		A	H3N2	2019		virus_only	9	0
A/MAURITIUS/I330/2019		A	H3N2	2019		virus_only	9	0
A/MAURITIUS/I34/2020		A	H3N2	2020		virus_only	9	0
A/MAURITIUS/I906/2018		A	H3N2	2018		virus_only	9	0
A/MAURITIUS/I925/2018		A	H3N2	2018		virus_only	9	0
A/MAURITIUS/I967/2018		A	H3N2	2018		virus_only	9	0
A/MAURITIUS/I974/2018		A	H3N2	2018		virus_only	8	0
A/MAURITIUS/L1/2008		A	H3N2	2008		virus_only	11	0
A/MAURITIUS/L3/2008		A	H3N2	2008		virus_only	11	0
A/MAURITIUS/SF225/2019		A	H3N2	2019		virus_only	9	0
A/MAYOTTE/2097/2016		A	H3N2	2016		virus_only	12	0
A/MAYOTTE/2100/2016		A	H3N2	2016		virus_only	12	0
A/MAYOTTE/2107/2016		A	H3N2	2016		virus_only	12	0
A/MECKLENBURGVORP/18/1999		A	H3N2	1999		virus_only	5	0
A/MECKLENBURGVORP/20/1999		A	H3N2	1999		virus_only	5	0
A/MECKLENBURGVORP/21/1999		A	H3N2	1999		virus_only	5	0
A/MECKLENBURGVORP/3/2007		A	H3N2	2007		virus_only	8	0
A/MECKLENBURGVORPO/3/2006		A	H3N2	2006		virus_only	8	0
A/MECKLENBURGVORPO/4/2006		A	H3N2	2006		virus_only	8	0
A/MECKLENBURGVORPOMMERN/1/1997		A	H3N2	1997		virus_only	5	0
A/MECKLENBURGVORPOMMERN/1/2014		A	H3N2	2014		virus_only	9	0
A/MECKLENBURGVORPOMMERN/1/2015		A	H3N2	2015		virus_only	10	0
A/MECKLENBURGVORPOMMERN/10/2012		A	H3N2	2012		virus_only	11	0
A/MECKLENBURGVORPOMMERN/11/2019		A	H3N2	2019		virus_only	9	0
A/MECKLENBURGVORPOMMERN/12/2012		A	H3N2	2012		virus_only	11	0
A/MECKLENBURGVORPOMMERN/13/2012		A	H3N2	2012		virus_only	11	0
A/MECKLENBURGVORPOMMERN/17/2017		A	H3N2	2017		virus_only	9	0
A/MECKLENBURGVORPOMMERN/4/2012		A	H3N2	2012		virus_only	11	0
A/MEKNES/1218/2018		A	H3N2	2018		virus_only	8	0
A/MEKNES/1299/2018		A	H3N2	2018		virus_only	8	0
A/MEKNES/136H/2011		A	H3N2	2011		virus_only	9	0
A/MEKNES/144/2004		A	H3N2	2004		virus_only	9	0
A/MEKNES/49H/2011		A	H3N2	2011		virus_only	9	0
A/MEKNES/518/2009		A	H3N2	2009		virus_only	9	0
A/MEKNES/56H/2011		A	H3N2	2011		virus_only	9	0
A/MEKNES/68/2011		A	H3N2	2011		virus_only	8	0
A/MELILLA/1088/2020		A	H3N2	2020		virus_only	9	0
A/MELILLA/RR8885/2012		A	H3N2	2012		virus_only	9	0
A/MELILLA/RR9064/2012		A	H3N2	2012		virus_only	9	0
A/MENDOZA/VA135/1999		A	H3N2	1999		virus_only	19	0
A/METZ/226/1996		A	H3N2	1996		virus_only	6	0
A/METZ/2339/1996		A	H3N2	1996		virus_only	6	0
A/METZ/2340/1996		A	H3N2	1996		virus_only	6	0
A/METZ/2343/1996		A	H3N2	1996		virus_only	5	0
A/METZ/2344/1996		A	H3N2	1996		virus_only	6	0
A/METZ/2345/1996		A	H3N2	1996		virus_only	6	0
A/METZ/467/1996		A	H3N2	1996		virus_only	6	0
A/METZ/815/1996		A	H3N2	1996		virus_only	12	0
A/MIANO/44/2012		A	H3N2	2012		virus_only	10	0
A/MICHIGAN/15/2014		A	H3N2	2014		virus_only	14	0
A/MIE/122/1997		A	H3N2	1997		virus_only	6	0
A/MILAN/78/2004		A	H3N2	2004		virus_only	8	0
A/MILAN/79/2004		A	H3N2	2004		virus_only	8	0
A/MILANO/101/2014		A	H3N2	2014		virus_only	10	0
A/MILANO/113/2014		A	H3N2	2014		virus_only	10	0
A/MILANO/119/2015		A	H3N2	2015		virus_only	11	0
A/MILANO/13/2014		A	H3N2	2014		virus_only	10	0
A/MILANO/136/2012		A	H3N2	2012		virus_only	10	0
A/MILANO/144/2015		A	H3N2	2015		virus_only	11	0
A/MILANO/162/2014		A	H3N2	2014		virus_only	10	0
A/MILANO/169/2014		A	H3N2	2014		virus_only	10	0
A/MILANO/191/2015		A	H3N2	2015		virus_only	11	0
A/MILANO/20/2009		A	H3N2	2009		virus_only	9	0
A/MILANO/20/2012		A	H3N2	2012		virus_only	8	0
A/MILANO/210/2015		A	H3N2	2015		virus_only	11	0
A/MILANO/23/2016		A	H3N2	2016		virus_only	12	0
A/MILANO/256/2011		A	H3N2	2011		virus_only	18	0
A/MILANO/258/2011		A	H3N2	2011		virus_only	8	0
A/MILANO/260/2011		A	H3N2	2011		virus_only	8	0
A/MILANO/265/2011		A	H3N2	2011		virus_only	8	0
A/MILANO/268/2011		A	H3N2	2011		virus_only	17	0
A/MILANO/28/2013		A	H3N2	2013		virus_only	11	0
A/MILANO/31/2014		A	H3N2	2014		virus_only	10	0
A/MILANO/49/2020		A	H3N2	2020		virus_only	9	0
A/MILANO/55/2020		A	H3N2	2020		virus_only	9	0
A/MILANO/57/2012		A	H3N2	2012		virus_only	12	0
A/MILANO/58/2013		A	H3N2	2013		virus_only	9	0
A/MILANO/58/2014		A	H3N2	2014		virus_only	10	0
A/MILANO/59/2013		A	H3N2	2013		virus_only	9	0
A/MILANO/60/2013		A	H3N2	2013		virus_only	9	0
A/MILANO/72/2014		A	H3N2	2014		virus_only	10	0
A/MILANO/8/2008		A	H3N2	2008		virus_only	9	0
A/MILANO/84/2014		A	H3N2	2014		virus_only	10	0
A/MINSK/109/1993		A	H3N2	1993		virus_only	7	0
A/MINSK/1262/2013		A	H3N2	2013		virus_only	11	0
A/MINSK/1431/2013		A	H3N2	2013		virus_only	11	0
A/MINSK/1574/2012		A	H3N2	2012		virus_only	10	0
A/MINSK/1737/2012		A	H3N2	2012		virus_only	10	0
A/MINSK/452/1996		A	H3N2	1996		virus_only	13	0
A/MINSK/465/1995		A	H3N2	1995		virus_only	13	0
A/MINSK/466/1995		A	H3N2	1995		virus_only	13	0
A/MINSK/467/1995		A	H3N2	1995		virus_only	6	0
A/MINSK/467/1996		A	H3N2	1996		virus_only	7	0
A/MINSK/80/2007		A	H3N2	2007		virus_only	20	0
A/MISIONES/5944/2014		A	H3N2	2014		virus_only	11	0
A/MISIONES/6372/2014		A	H3N2	2014		virus_only	11	0
A/MISIONES/7091/2014		A	H3N2	2014		virus_only	11	0
A/MISIONES/R195/1999		A	H3N2	1999		virus_only	8	0
A/MODENA/1/1998		A	H3N2	1998		virus_only	6	0
A/MODENA/1/1999		A	H3N2	1999		virus_only	5	0
A/MODENA/1/2000		A	H3N2	2000		virus_only	5	0
A/MODENA/10/1998		A	H3N2	1998		virus_only	5	0
A/MODENA/11/1998		A	H3N2	1998		virus_only	5	0
A/MODENA/12/1998		A	H3N2	1998		virus_only	5	0
A/MODENA/18/1998		A	H3N2	1998		virus_only	5	0
A/MODENA/2/1998		A	H3N2	1998		virus_only	5	0
A/MODENA/2/2000		A	H3N2	2000		virus_only	5	0
A/MODENA/25/1998		A	H3N2	1998		virus_only	5	0
A/MODENA/26/1998		A	H3N2	1998		virus_only	5	0
A/MODENA/28/1998		A	H3N2	1998		virus_only	5	0
A/MODENA/3/1998		A	H3N2	1998		virus_only	5	0
A/MODENA/3/1999		A	H3N2	1999		virus_only	5	0
A/MODENA/3/2000		A	H3N2	2000		virus_only	5	0
A/MODENA/32/1998		A	H3N2	1998		virus_only	5	0
A/MODENA/36/1998		A	H3N2	1998		virus_only	5	0
A/MODENA/41/1998		A	H3N2	1998		virus_only	5	0
A/MODENA/5/1998		A	H3N2	1998		virus_only	5	0
A/MODENA/6/1998		A	H3N2	1998		virus_only	5	0
A/MODENA/7/1998		A	H3N2	1998		virus_only	5	0
A/MODENA/8/1998		A	H3N2	1998		virus_only	5	0
A/MODENA/9/1998		A	H3N2	1998		virus_only	5	0
A/MOGILEV/1273/2014		A	H3N2	2014		virus_only	11	0
A/MOGILEV/1315/2019		A	H3N2	2019		virus_only	8	0
A/MOGILEV/1428/2014		A	H3N2	2014		virus_only	11	0
A/MOGILEV/1484/2014		A	H3N2	2014		virus_only	11	0
A/MOGILEV/1547/2019		A	H3N2	2019		virus_only	8	0
A/MOLDOVA/108/2014		A	H3N2	2014		virus_only	10	0
A/MOLDOVA/109/2012		A	H3N2	2012		virus_only	7	0
A/MOLDOVA/110/2012		A	H3N2	2012		virus_only	7	0
A/MOLDOVA/11107/2015		A	H3N2	2015		virus_only	11	0
A/MOLDOVA/113/2011		A	H3N2	2011		virus_only	8	0
A/MOLDOVA/124/2014		A	H3N2	2014		virus_only	10	0
A/MOLDOVA/130/2014		A	H3N2	2014		virus_only	10	0
A/MOLDOVA/131/2014		A	H3N2	2014		virus_only	10	0
A/MOLDOVA/133/2014		A	H3N2	2014		virus_only	10	0
A/MOLDOVA/136/2014		A	H3N2	2014		virus_only	10	0
A/MOLDOVA/138/2014		A	H3N2	2014		virus_only	13	0
A/MOLDOVA/145/2011		A	H3N2	2011		virus_only	8	0
A/MOLDOVA/146/2014		A	H3N2	2014		virus_only	10	0
A/MOLDOVA/161/2011		A	H3N2	2011		virus_only	8	0
A/MOLDOVA/166/2009		A	H3N2	2009		virus_only	9	0
A/MOLDOVA/167/2009		A	H3N2	2009		virus_only	9	0
A/MOLDOVA/168/2014		A	H3N2	2014		virus_only	13	0
A/MOLDOVA/169/2009		A	H3N2	2009		virus_only	9	0
A/MOLDOVA/176/2011		A	H3N2	2011		virus_only	8	0
A/MOLDOVA/214/2011		A	H3N2	2011		virus_only	6	0
A/MOLDOVA/224/2011		A	H3N2	2011		virus_only	8	0
A/MOLDOVA/225/2011		A	H3N2	2011		virus_only	6	0
A/MOLDOVA/235/2013		A	H3N2	2013		virus_only	6	0
A/MOLDOVA/242/2013		A	H3N2	2013		virus_only	11	0
A/MOLDOVA/248/2014		A	H3N2	2014		virus_only	10	0
A/MOLDOVA/250/2014		A	H3N2	2014		virus_only	10	0
A/MOLDOVA/252/2011		A	H3N2	2011		virus_only	8	0
A/MOLDOVA/253/2014		A	H3N2	2014		virus_only	10	0
A/MOLDOVA/254/2014		A	H3N2	2014		virus_only	10	0
A/MOLDOVA/256/2014		A	H3N2	2014		virus_only	10	0
A/MOLDOVA/262/2013		A	H3N2	2013		virus_only	10	0
A/MOLDOVA/264/2014		A	H3N2	2014		virus_only	10	0
A/MOLDOVA/267/2014		A	H3N2	2014		virus_only	10	0
A/MOLDOVA/272/2014		A	H3N2	2014		virus_only	10	0
A/MOLDOVA/278/2011		A	H3N2	2011		virus_only	8	0
A/MOLDOVA/28/2014		A	H3N2	2014		virus_only	10	0
A/MOLDOVA/281/2014		A	H3N2	2014		virus_only	10	0
A/MOLDOVA/285/2014		A	H3N2	2014		virus_only	10	0
A/MOLDOVA/288/2014		A	H3N2	2014		virus_only	10	0
A/MOLDOVA/305/2014		A	H3N2	2014		virus_only	10	0
A/MOLDOVA/312/2014		A	H3N2	2014		virus_only	10	0
A/MOLDOVA/317/2011		A	H3N2	2011		virus_only	8	0
A/MOLDOVA/326/2013		A	H3N2	2013		virus_only	11	0
A/MOLDOVA/343/2014		A	H3N2	2014		virus_only	10	0
A/MOLDOVA/368/2013		A	H3N2	2013		virus_only	10	0
A/MOLDOVA/375/2011		A	H3N2	2011		virus_only	8	0
A/MOLDOVA/378/2011		A	H3N2	2011		virus_only	8	0
A/MOLDOVA/41/2014		A	H3N2	2014		virus_only	10	0
A/MOLDOVA/4161/2020		A	H3N2	2020		virus_only	9	0
A/MOLDOVA/440/2013		A	H3N2	2013		virus_only	10	0
A/MOLDOVA/49/2014		A	H3N2	2014		virus_only	10	0
A/MOLDOVA/59/2014		A	H3N2	2014		virus_only	10	0
A/MOLDOVA/594/2011		A	H3N2	2011		virus_only	8	0
A/MOLDOVA/601/2011		A	H3N2	2011		virus_only	8	0
A/MOLDOVA/696/2013		A	H3N2	2013		virus_only	9	0
A/MOLDOVA/7/2014		A	H3N2	2014		virus_only	9	0
A/MOLDOVA/73/2014		A	H3N2	2014		virus_only	10	0
A/MOLDOVA/82/2014		A	H3N2	2014		virus_only	13	0
A/MOLDOVA/85116/2019		A	H3N2	2019		virus_only	8	0
A/MOLDOVA/94/2012		A	H3N2	2012		virus_only	7	0
A/MOLDOVA/96/2011		A	H3N2	2011		virus_only	8	0
A/MOLDOVA/99/2012		A	H3N2	2012		virus_only	7	0
A/MOLISE/1/1999		A	H3N2	1999		virus_only	5	0
A/MOLISE/1/2000		A	H3N2	2000		virus_only	5	0
A/MOLISE/2/1999		A	H3N2	1999		virus_only	5	0
A/MOLISE/2/2000		A	H3N2	2000		virus_only	5	0
A/MOLISE/3/1999		A	H3N2	1999		virus_only	5	0
A/MOLISE/3/2000		A	H3N2	2000		virus_only	5	0
A/MOLODECHNO/1598/2012		A	H3N2	2012		virus_only	9	0
A/MONTENEGRO/110/2016		A	H3N2	2016		virus_only	12	0
A/MONTENEGRO/158/2012		A	H3N2	2012		virus_only	10	0
A/MONTENEGRO/190/2012		A	H3N2	2012		virus_only	10	0
A/MONTENEGRO/269/2012		A	H3N2	2012		virus_only	10	0
A/MONTENEGRO/272/2012		A	H3N2	2012		virus_only	10	0
A/MONTENEGRO/282/2012		A	H3N2	2012		virus_only	12	0
A/MONTENEGRO/283/2012		A	H3N2	2012		virus_only	12	0
A/MONTENEGRO/312/2012		A	H3N2	2012		virus_only	10	0
A/MONTENEGRO/41/2016		A	H3N2	2016		virus_only	12	0
A/MONTENEGRO/78/2016		A	H3N2	2016		virus_only	12	0
A/MONTEVIDEO/201/1997		A	H3N2	1997		virus_only	6	0
A/MONTEVIDEO/210/1997		A	H3N2	1997		virus_only	7	0
A/MONTEVIDEO/233/1997		A	H3N2	1997		virus_only	5	0
A/MONTEVIDEO/2373/1998		A	H3N2	1998		virus_only	4	0
A/MONTEVIDEO/2375/1998		A	H3N2	1998		virus_only	4	0
A/MONTEVIDEO/2376/1998		A	H3N2	1998		virus_only	4	0
A/MONTEVIDEO/2396/1998		A	H3N2	1998		virus_only	4	0
A/MONTEVIDEO/2399/1998		A	H3N2	1998		virus_only	4	0
A/MONTEVIDEO/2402/1998		A	H3N2	1998		virus_only	4	0
A/MONTEVIDEO/2403/1998		A	H3N2	1998		virus_only	4	0
A/MONTEVIDEO/2407/1998		A	H3N2	1998		virus_only	4	0
A/MONTEVIDEO/2410/1998		A	H3N2	1998		virus_only	4	0
A/MONTEVIDEO/2413/1998		A	H3N2	1998		virus_only	4	0
A/MONTEVIDEO/245/1997		A	H3N2	1997		virus_only	5	0
A/MONTEVIDEO/2722/1998		A	H3N2	1998		virus_only	6	0
A/MONTEVIDEO/2728/1998		A	H3N2	1998		virus_only	6	0
A/MONTEVIDEO/2775/1998		A	H3N2	1998		virus_only	6	0
A/MONTEVIDEO/318/1997		A	H3N2	1997		virus_only	5	0
A/MONTEVIDEO/337/1997		A	H3N2	1997		virus_only	5	0
A/MONTEVIDEO/421/2000		A	H3N2	2000		virus_only	6	0
A/MONTEVIDEO/45/1999		A	H3N2	1999		virus_only	6	0
A/MONTEVIDEO/491/2000		A	H3N2	2000		virus_only	6	0
A/MONTEVIDEO/80/1997		A	H3N2	1997		virus_only	6	0
A/MONTPELIER/1892/1993		A	H3N2	1993		virus_only	6	0
A/MONTPELIER/915/1995		A	H3N2	1995		virus_only	6	0
A/MONTPELIER/916/1995		A	H3N2	1995		virus_only	6	0
A/MONTPELLIER/1021/1998		A	H3N2	1998		virus_only	5	0
A/MONTPELLIER/1022/1998		A	H3N2	1998		virus_only	5	0
A/MONTPELLIER/1023/1998		A	H3N2	1998		virus_only	5	0
A/MONTPELLIER/1026/1998		A	H3N2	1998		virus_only	5	0
A/MONTPELLIER/1135/1999		A	H3N2	1999		virus_only	6	0
A/MONTPELLIER/1136/1999		A	H3N2	1999		virus_only	6	0
A/MONTPELLIER/1137/1999		A	H3N2	1999		virus_only	6	0
A/MONTPELLIER/1138/1999		A	H3N2	1999		virus_only	5	0
A/MONTPELLIER/1139/1999		A	H3N2	1999		virus_only	5	0
A/MONTPELLIER/12/1997		A	H3N2	1997		virus_only	6	0
A/MONTPELLIER/1279/2003		A	H3N2	2003		virus_only	14	0
A/MONTPELLIER/13/1997		A	H3N2	1997		virus_only	6	0
A/MONTPELLIER/1362/1998#ORIGINAL		A	H3N2			virus_only	4	0
A/MONTPELLIER/1363/1998#ORIGINAL		A	H3N2			virus_only	4	0
A/MONTPELLIER/1364/1998#ORIGINAL		A	H3N2			virus_only	4	0
A/MONTPELLIER/1365/1998#ORIGINAL		A	H3N2			virus_only	4	0
A/MONTPELLIER/137/2000		A	H3N2	2000		virus_only	6	0
A/MONTPELLIER/138/2000		A	H3N2	2000		virus_only	6	0
A/MONTPELLIER/139/2000		A	H3N2	2000		virus_only	6	0
A/MONTPELLIER/140/2000		A	H3N2	2000		virus_only	6	0
A/MONTPELLIER/143/1997		A	H3N2	1997		virus_only	6	0
A/MONTPELLIER/144/1997		A	H3N2	1997		virus_only	6	0
A/MONTPELLIER/145/1997		A	H3N2	1997		virus_only	6	0
A/MONTPELLIER/146/1996		A	H3N2	1996		virus_only	6	0
A/MONTPELLIER/148/1997		A	H3N2	1997		virus_only	6	0
A/MONTPELLIER/149/1996		A	H3N2	1996		virus_only	6	0
A/MONTPELLIER/15/1997		A	H3N2	1997		virus_only	6	0
A/MONTPELLIER/1622/1998		A	H3N2	1998		virus_only	5	0
A/MONTPELLIER/1623/1998		A	H3N2	1998		virus_only	5	0
A/MONTPELLIER/1627/1998		A	H3N2	1998		virus_only	5	0
A/MONTPELLIER/17/1997		A	H3N2	1997		virus_only	6	0
A/MONTPELLIER/18/1997		A	H3N2	1997		virus_only	6	0
A/MONTPELLIER/1852/2003		A	H3N2	2003		virus_only	6	0
A/MONTPELLIER/2038/2003		A	H3N2	2003		virus_only	6	0
A/MONTPELLIER/2040/2003		A	H3N2	2003		virus_only	6	0
A/MONTPELLIER/2242/2003		A	H3N2	2003		virus_only	12	0
A/MONTPELLIER/2245/2003		A	H3N2	2003		virus_only	12	0
A/MONTPELLIER/2363/1996		A	H3N2	1996		virus_only	6	0
A/MONTPELLIER/2365/1996		A	H3N2	1996		virus_only	6	0
A/MONTPELLIER/2366/1996		A	H3N2	1996		virus_only	6	0
A/MONTPELLIER/248/2000		A	H3N2	2000		virus_only	6	0
A/MONTPELLIER/284/1998#ORIGINAL		A	H3N2			virus_only	5	0
A/MONTPELLIER/327/2002		A	H3N2	2002		virus_only	6	0
A/MONTPELLIER/525/1999		A	H3N2	1999		virus_only	5	0
A/MONTPELLIER/527/1999		A	H3N2	1999		virus_only	5	0
A/MONTPELLIER/528/1999		A	H3N2	1999		virus_only	5	0
A/MONTPELLIER/529/1999		A	H3N2	1999		virus_only	5	0
A/MONTPELLIER/530/1999		A	H3N2	1999		virus_only	5	0
A/MONTPELLIER/561/2000		A	H3N2	2000		virus_only	6	0
A/MONTPELLIER/562/2000		A	H3N2	2000		virus_only	6	0
A/MONTPELLIER/563/2000		A	H3N2	2000		virus_only	6	0
A/MONTPELLIER/564/2000		A	H3N2	2000		virus_only	6	0
A/MONTPELLIER/565/2000		A	H3N2	2000		virus_only	6	0
A/MONTPELLIER/566/2000		A	H3N2	2000		virus_only	6	0
A/MONTPELLIER/567/2000		A	H3N2	2000		virus_only	6	0
A/MONTPELLIER/568/2000		A	H3N2	2000		virus_only	6	0
A/MONTPELLIER/569/2000		A	H3N2	2000		virus_only	6	0
A/MONTPELLIER/570/2000		A	H3N2	2000		virus_only	6	0
A/MONTPELLIER/571/2000		A	H3N2	2000		virus_only	6	0
A/MONTPELLIER/572/2000		A	H3N2	2000		virus_only	6	0
A/MONTPELLIER/573/2000		A	H3N2	2000		virus_only	6	0
A/MONTPELLIER/574/2000		A	H3N2	2000		virus_only	6	0
A/MONTPELLIER/575/2000		A	H3N2	2000		virus_only	6	0
A/MONTPELLIER/576/2000		A	H3N2	2000		virus_only	6	0
A/MONTPELLIER/577/2000		A	H3N2	2000		virus_only	6	0
A/MONTPELLIER/578/2000		A	H3N2	2000		virus_only	6	0
A/MONTPELLIER/579/2000		A	H3N2	2000		virus_only	6	0
A/MONTPELLIER/580/2000		A	H3N2	2000		virus_only	6	0
A/MONTPELLIER/609/1996		A	H3N2	1996		virus_only	5	0
A/MONTPELLIER/705/2000		A	H3N2	2000		virus_only	7	0
A/MONTPELLIER/706/2000		A	H3N2	2000		virus_only	7	0
A/MONTPELLIER/707/2000		A	H3N2	2000		virus_only	6	0
A/MONTPELLIER/715/1998		A	H3N2	1998		virus_only	5	0
A/MONTPELLIER/716/1998		A	H3N2	1998		virus_only	4	0
A/MONTPELLIER/717/1998		A	H3N2	1998		virus_only	5	0
A/MONTPELLIER/718/1998		A	H3N2	1998		virus_only	5	0
A/MONTPELLIER/719/1998		A	H3N2	1998		virus_only	4	0
A/MONTPELLIER/721/1998		A	H3N2	1998		virus_only	5	0
A/MONTPELLIER/722/1998		A	H3N2	1998		virus_only	4	0
A/MONTPELLIER/939/2005		A	H3N2	2005		virus_only	6	0
A/MONTPELLIER/947/2005		A	H3N2	2005		virus_only	6	0
A/MORAMANGA/3423/2012		A	H3N2	2012		virus_only	11	0
A/MORAMANGA/3694/2012		A	H3N2	2012		virus_only	11	0
A/MORAMANGA/50/2015		A	H3N2	2015		virus_only	11	0
A/MOROCCO/102/2000		A	H3N2	2000		virus_only	6	0
A/MOROCCO/107/1998		A	H3N2	1998		virus_only	5	0
A/MOROCCO/107/2006		A	H3N2	2006		virus_only	10	0
A/MOROCCO/109/1998		A	H3N2	1998		virus_only	5	0
A/MOROCCO/111/1998		A	H3N2	1998		virus_only	5	0
A/MOROCCO/111/2006		A	H3N2	2006		virus_only	10	0
A/MOROCCO/114/1998		A	H3N2	1998		virus_only	5	0
A/MOROCCO/116/1998		A	H3N2	1998		virus_only	5	0
A/MOROCCO/127/1998		A	H3N2	1998		virus_only	5	0
A/MOROCCO/128/2006		A	H3N2	2006		virus_only	10	0
A/MOROCCO/132/1998		A	H3N2	1998		virus_only	5	0
A/MOROCCO/133/1998		A	H3N2	1998		virus_only	5	0
A/MOROCCO/134/1998		A	H3N2	1998		virus_only	5	0
A/MOROCCO/140/1998		A	H3N2	1998		virus_only	5	0
A/MOROCCO/174/2006		A	H3N2	2006		virus_only	10	0
A/MOROCCO/179/2006		A	H3N2	2006		virus_only	10	0
A/MOROCCO/180/2006		A	H3N2	2006		virus_only	10	0
A/MOROCCO/183/2006		A	H3N2	2006		virus_only	10	0
A/MOROCCO/196/1998		A	H3N2	1998		virus_only	5	0
A/MOROCCO/199/1998		A	H3N2	1998		virus_only	5	0
A/MOROCCO/200/2006		A	H3N2	2006		virus_only	10	0
A/MOROCCO/212/2006		A	H3N2	2006		virus_only	10	0
A/MOROCCO/216/1998		A	H3N2	1998		virus_only	5	0
A/MOROCCO/217/2006		A	H3N2	2006		virus_only	10	0
A/MOROCCO/219/2006		A	H3N2	2006		virus_only	10	0
A/MOROCCO/229/1998		A	H3N2	1998		virus_only	5	0
A/MOROCCO/240/2006		A	H3N2	2006		virus_only	10	0
A/MOROCCO/252/2006		A	H3N2	2006		virus_only	10	0
A/MOROCCO/256/2006		A	H3N2	2006		virus_only	10	0
A/MOROCCO/262/1998		A	H3N2	1998		virus_only	5	0
A/MOROCCO/271/2004		A	H3N2	2004		virus_only	6	0
A/MOROCCO/287/2006		A	H3N2	2006		virus_only	10	0
A/MOROCCO/288/1998		A	H3N2	1998		virus_only	5	0
A/MOROCCO/292/1998		A	H3N2	1998		virus_only	5	0
A/MOROCCO/293/2006		A	H3N2	2006		virus_only	10	0
A/MOROCCO/308/1998		A	H3N2	1998		virus_only	5	0
A/MOROCCO/314/1998		A	H3N2	1998		virus_only	5	0
A/MOROCCO/319/2004		A	H3N2	2004		virus_only	6	0
A/MOROCCO/329/2004		A	H3N2	2004		virus_only	6	0
A/MOROCCO/33/2004		A	H3N2	2004		virus_only	6	0
A/MOROCCO/383/2004		A	H3N2	2004		virus_only	6	0
A/MOROCCO/385/2004		A	H3N2	2004		virus_only	6	0
A/MOROCCO/387/2004		A	H3N2	2004		virus_only	6	0
A/MOROCCO/437/2004		A	H3N2	2004		virus_only	6	0
A/MOROCCO/467/2004		A	H3N2	2004		virus_only	6	0
A/MOROCCO/473/2004		A	H3N2	2004		virus_only	6	0
A/MOROCCO/50/2004		A	H3N2	2004		virus_only	6	0
A/MOROCCO/78/1998		A	H3N2	1998		virus_only	5	0
A/MOROCCO/83/1998		A	H3N2	1998		virus_only	5	0
A/MOROCCO/90/1998		A	H3N2	1998		virus_only	5	0
A/MOROCCO/92/1998		A	H3N2	1998		virus_only	5	0
A/MOROCCO/93/1998		A	H3N2	1998		virus_only	5	0
A/MOROCCO/95/1998		A	H3N2	1998		virus_only	5	0
A/MOROCCO/96/1998		A	H3N2	1998		virus_only	5	0
A/MOROCCO/98/1998		A	H3N2	1998		virus_only	5	0
A/MOSCOW/1/1997		A	H3N2	1997		virus_only	6	0
A/MOSCOW/1/1999		A	H3N2	1999		virus_only	10	0
A/MOSCOW/1/2000		A	H3N2	2000		virus_only	6	0
A/MOSCOW/1/2002		A	H3N2	2002		virus_only	6	0
A/MOSCOW/10/2000		A	H3N2	2000		virus_only	6	0
A/MOSCOW/100/2015		A	H3N2	2015		virus_only	11	0
A/MOSCOW/101/2015		A	H3N2	2015		virus_only	11	0
A/MOSCOW/103/2015		A	H3N2	2015		virus_only	18	0
A/MOSCOW/105/2013		A	H3N2	2013		virus_only	20	0
A/MOSCOW/11/2006		A	H3N2	2006		virus_only	9	0
A/MOSCOW/119/2020		A	H3N2	2020		virus_only	9	0
A/MOSCOW/12/2006		A	H3N2	2006		virus_only	9	0
A/MOSCOW/13/2000		A	H3N2	2000		virus_only	12	0
A/MOSCOW/133/2015		A	H3N2	2015		virus_only	11	0
A/MOSCOW/137/2013		A	H3N2	2013		virus_only	9	0
A/MOSCOW/138/2013		A	H3N2	2013		virus_only	9	0
A/MOSCOW/140/2013		A	H3N2	2013		virus_only	9	0
A/MOSCOW/15/2005		A	H3N2	2005		virus_only	9	0
A/MOSCOW/15/2007		A	H3N2	2007		virus_only	8	0
A/MOSCOW/15/2019		A	H3N2	2019		virus_only	8	0
A/MOSCOW/16/1998		A	H3N2	1998		virus_only	5	0
A/MOSCOW/16/2006		A	H3N2	2006		virus_only	9	0
A/MOSCOW/17/2000		A	H3N2	2000		virus_only	12	0
A/MOSCOW/17/2009		A	H3N2	2009		virus_only	9	0
A/MOSCOW/178/1999		A	H3N2	1999		virus_only	5	0
A/MOSCOW/178/2003		A	H3N2	2003		virus_only	6	0
A/MOSCOW/179/2003		A	H3N2	2003		virus_only	6	0
A/MOSCOW/2/1997		A	H3N2	1997		virus_only	5	0
A/MOSCOW/2/1999		A	H3N2	1999		virus_only	5	0
A/MOSCOW/2/2000		A	H3N2	2000		virus_only	12	0
A/MOSCOW/20/1998#ORIGINAL		A	H3N2			virus_only	5	0
A/MOSCOW/206/2014		A	H3N2	2014		virus_only	11	0
A/MOSCOW/21/2003		A	H3N2	2003		virus_only	6	0
A/MOSCOW/22/1998#ORIGINAL		A	H3N2			virus_only	5	0
A/MOSCOW/24/1998#ORIGINAL		A	H3N2			virus_only	5	0
A/MOSCOW/25/1998#ORIGINAL		A	H3N2			virus_only	5	0
A/MOSCOW/26/2003		A	H3N2	2003		virus_only	6	0
A/MOSCOW/27/2000		A	H3N2	2000		virus_only	6	0
A/MOSCOW/28/2003		A	H3N2	2003		virus_only	6	0
A/MOSCOW/3/1999		A	H3N2	1999		virus_only	5	0
A/MOSCOW/3/2000		A	H3N2	2000		virus_only	6	0
A/MOSCOW/34/2003		A	H3N2	2003		virus_only	6	0
A/MOSCOW/35/1999		A	H3N2	1999		virus_only	5	0
A/MOSCOW/35/2000		A	H3N2	2000		virus_only	6	0
A/MOSCOW/37/2000		A	H3N2	2000		virus_only	6	0
A/MOSCOW/39/1999		A	H3N2	1999		virus_only	5	0
A/MOSCOW/4/2003		A	H3N2	2003		virus_only	6	0
A/MOSCOW/4/2006		A	H3N2	2006		virus_only	9	0
A/MOSCOW/4/2009		A	H3N2	2009		virus_only	9	0
A/MOSCOW/40/2006		A	H3N2	2006		virus_only	8	0
A/MOSCOW/41/1997		A	H3N2	1997		virus_only	11	0
A/MOSCOW/41/2006		A	H3N2	2006		virus_only	8	0
A/MOSCOW/48/2003		A	H3N2	2003		virus_only	6	0
A/MOSCOW/5/1999		A	H3N2	1999		virus_only	5	0
A/MOSCOW/5/2003		A	H3N2	2003		virus_only	6	0
A/MOSCOW/6/1999		A	H3N2	1999		virus_only	5	0
A/MOSCOW/6/2000		A	H3N2	2000		virus_only	6	0
A/MOSCOW/6/2003		A	H3N2	2003		virus_only	6	0
A/MOSCOW/6/2005		A	H3N2	2005		virus_only	6	0
A/MOSCOW/7/1998#ORIGINAL		A	H3N2			virus_only	5	0
A/MOSCOW/7/1999		A	H3N2	1999		virus_only	5	0
A/MOSCOW/7/2005		A	H3N2	2005		virus_only	6	0
A/MOSCOW/8/2003		A	H3N2	2003		virus_only	6	0
A/MOSCOW/8/2006		A	H3N2	2006		virus_only	9	0
A/MOSCOW/84/2012		A	H3N2	2012		virus_only	10	0
A/MOSCOW/9/1999		A	H3N2	1999		virus_only	5	0
A/MOSCOW/9/2005		A	H3N2	2005		virus_only	7	0
A/MOZAMBIQUE/IR424/2015		A	H3N2	2015		virus_only	10	0
A/MOZAMBIQUE/IR436/2015		A	H3N2	2015		virus_only	10	0
A/MOZAMBIQUE/IR451/2015		A	H3N2	2015		virus_only	10	0
A/MOZAMBIQUE/IR493/2015		A	H3N2	2015		virus_only	10	0
A/MOZAMBIQUE/IR803/2015		A	H3N2	2015		virus_only	12	0
A/MUHLHAUSEN/1/1992		A	H3N2	1992		virus_only	7	0
A/MURCIA/RR9012/2012		A	H3N2	2012		virus_only	9	0
A/MURES/157328/2014		A	H3N2	2014		virus_only	9	0
A/MURES/163025/2014		A	H3N2	2014		virus_only	10	0
A/MURES/47467/2011		A	H3N2	2011		virus_only	8	0
A/MURMANSK/2/2009		A	H3N2	2009		virus_only	9	0
A/MURMANSK/3/2006		A	H3N2	2006		virus_only	8	0
A/NAGANO/400/1991		A	H3N2	1991		virus_only	7	0
A/NAGANOC/21/2016		A	H3N2	2016		virus_only	12	0
A/NAGOYA/1/2000		A	H3N2	2000		virus_only	7	0
A/NAGOYA/41/2000		A	H3N2	2000		virus_only	7	0
A/NAGOYA/43/1992		A	H3N2	1992		virus_only	7	0
A/NANCHANG/7118/1995		A	H3N2	1995		virus_only	6	0
A/NANTES/32179/1996		A	H3N2	1996		virus_only	6	0
A/NAVARRA/1503/2013		A	H3N2	2013		virus_only	9	0
A/NAVARRA/1528/2013		A	H3N2	2013		virus_only	9	0
A/NAVARRA/1552/2013		A	H3N2	2013		virus_only	9	0
A/NAVARRA/1565/2013		A	H3N2	2013		virus_only	9	0
A/NAVARRA/2147/2018		A	H3N2	2018		virus_only	8	0
A/NAVARRA/2148/2018		A	H3N2	2018		virus_only	8	0
A/NAVARRA/218/2014		A	H3N2	2014		virus_only	9	0
A/NAVARRA/508/2015		A	H3N2	2015		virus_only	22	0
A/NAVARRA/616/2015		A	H3N2	2015		virus_only	11	0
A/NAVARRA/618/2015		A	H3N2	2015		virus_only	11	0
A/NAVARRA/642/2015		A	H3N2	2015		virus_only	22	0
A/NAVARRA/745/2015		A	H3N2	2015		virus_only	11	0
A/NAVARRA/797/2015		A	H3N2	2015		virus_only	11	0
A/NEAMT/175/2000		A	H3N2	2000		virus_only	6	0
A/NEBRASKA/4/2014		A	H3N2	2014		virus_only	12	0
A/NEPAL/NPWR05637/2021		A	H3N2	2021		virus_only	10	0
A/NETHERLANDS/001/2002		A	H3N2	2002		virus_only	6	0
A/NETHERLANDS/001/2006		A	H3N2	2006		virus_only	9	0
A/NETHERLANDS/001/2012		A	H3N2	2012		virus_only	9	0
A/NETHERLANDS/002/2012		A	H3N2	2012		virus_only	9	0
A/NETHERLANDS/006/1999		A	H3N2	1999		virus_only	6	0
A/NETHERLANDS/009/2003		A	H3N2	2003		virus_only	10	0
A/NETHERLANDS/01624/2019		A	H3N2	2019		virus_only	9	0
A/NETHERLANDS/01672/2019		A	H3N2	2019		virus_only	9	0
A/NETHERLANDS/020/2003		A	H3N2	2003		virus_only	10	0
A/NETHERLANDS/061/2009		A	H3N2	2009		virus_only	11	0
A/NETHERLANDS/1/1995		A	H3N2	1995		virus_only	17	0
A/NETHERLANDS/10002/2019		A	H3N2	2019		virus_only	8	0
A/NETHERLANDS/10006/2019		A	H3N2	2019		virus_only	8	0
A/NETHERLANDS/10028/2018		A	H3N2	2018		virus_only	8	0
A/NETHERLANDS/10037/2018		A	H3N2	2018		virus_only	8	0
A/NETHERLANDS/1018/2015		A	H3N2	2015		virus_only	11	0
A/NETHERLANDS/10267/2019		A	H3N2	2019		virus_only	9	0
A/NETHERLANDS/10268/2019		A	H3N2	2019		virus_only	9	0
A/NETHERLANDS/10273/2019		A	H3N2	2019		virus_only	9	0
A/NETHERLANDS/10279/2019		A	H3N2	2019		virus_only	9	0
A/NETHERLANDS/1034/2015		A	H3N2	2015		virus_only	11	0
A/NETHERLANDS/108/2009		A	H3N2	2009		virus_only	11	0
A/NETHERLANDS/110/1993		A	H3N2	1993		virus_only	7	0
A/NETHERLANDS/111/1993		A	H3N2	1993		virus_only	7	0
A/NETHERLANDS/115/1993		A	H3N2	1993		virus_only	7	0
A/NETHERLANDS/118/2001		A	H3N2	2001		virus_only	6	0
A/NETHERLANDS/119/2001		A	H3N2	2001		virus_only	6	0
A/NETHERLANDS/123/2005		A	H3N2	2005		virus_only	9	0
A/NETHERLANDS/124/2001		A	H3N2	2001		virus_only	6	0
A/NETHERLANDS/126/2001		A	H3N2	2001		virus_only	6	0
A/NETHERLANDS/132/2004		A	H3N2	2004		virus_only	7	0
A/NETHERLANDS/138/2004		A	H3N2	2004		virus_only	7	0
A/NETHERLANDS/140/2004		A	H3N2	2004		virus_only	17	0
A/NETHERLANDS/143/2004		A	H3N2	2004		virus_only	9	0
A/NETHERLANDS/1497/2015		A	H3N2	2015		virus_only	11	0
A/NETHERLANDS/152/1993		A	H3N2	1993		virus_only	7	0
A/NETHERLANDS/169/1993		A	H3N2	1993		virus_only	7	0
A/NETHERLANDS/17/2003		A	H3N2	2003		virus_only	7	0
A/NETHERLANDS/172/1996		A	H3N2	1996		virus_only	5	0
A/NETHERLANDS/1726/2015		A	H3N2	2015		virus_only	11	0
A/NETHERLANDS/173/1996		A	H3N2	1996		virus_only	5	0
A/NETHERLANDS/179/1993		A	H3N2	1993		virus_only	7	0
A/NETHERLANDS/18/1994		A	H3N2	1994		virus_only	6	0
A/NETHERLANDS/189/1993		A	H3N2	1993		virus_only	7	0
A/NETHERLANDS/1903/2015		A	H3N2	2015		virus_only	11	0
A/NETHERLANDS/1916/2015		A	H3N2	2015		virus_only	11	0
A/NETHERLANDS/20/2005		A	H3N2	2005		virus_only	9	0
A/NETHERLANDS/200/1993		A	H3N2	1993		virus_only	7	0
A/NETHERLANDS/201/1993		A	H3N2	1993		virus_only	7	0
A/NETHERLANDS/202/1993		A	H3N2	1993		virus_only	7	0
A/NETHERLANDS/204/1993		A	H3N2	1993		virus_only	7	0
A/NETHERLANDS/208/1993		A	H3N2	1993		virus_only	7	0
A/NETHERLANDS/209/1993		A	H3N2	1993		virus_only	7	0
A/NETHERLANDS/209/2003		A	H3N2	2003		virus_only	7	0
A/NETHERLANDS/210/1993		A	H3N2	1993		virus_only	7	0
A/NETHERLANDS/211/1993		A	H3N2	1993		virus_only	7	0
A/NETHERLANDS/217/1993		A	H3N2	1993		virus_only	7	0
A/NETHERLANDS/217/2003		A	H3N2	2003		virus_only	7	0
A/NETHERLANDS/218/1995		A	H3N2	1995		virus_only	5	0
A/NETHERLANDS/219/1993		A	H3N2	1993		virus_only	7	0
A/NETHERLANDS/219/1995		A	H3N2	1995		virus_only	6	0
A/NETHERLANDS/22/2003		A	H3N2	2003		virus_only	7	0
A/NETHERLANDS/222/2003		A	H3N2	2003		virus_only	7	0
A/NETHERLANDS/223/1993		A	H3N2	1993		virus_only	7	0
A/NETHERLANDS/223/1995		A	H3N2	1995		virus_only	6	0
A/NETHERLANDS/2244/2013		A	H3N2	2013		virus_only	9	0
A/NETHERLANDS/2247/2013		A	H3N2	2013		virus_only	9	0
A/NETHERLANDS/2249/2013		A	H3N2	2013		virus_only	9	0
A/NETHERLANDS/227/1995		A	H3N2	1995		virus_only	6	0
A/NETHERLANDS/235/1995		A	H3N2	1995		virus_only	6	0
A/NETHERLANDS/241/1993		A	H3N2	1993		virus_only	6	0
A/NETHERLANDS/245/1993		A	H3N2	1993		virus_only	6	0
A/NETHERLANDS/245/1995		A	H3N2	1995		virus_only	6	0
A/NETHERLANDS/246/2003		A	H3N2	2003		virus_only	13	0
A/NETHERLANDS/249/1993		A	H3N2	1993		virus_only	5	0
A/NETHERLANDS/25/1995		A	H3N2	1995		virus_only	5	0
A/NETHERLANDS/250/1993		A	H3N2	1993		virus_only	4	0
A/NETHERLANDS/260/1993		A	H3N2	1993		virus_only	6	0
A/NETHERLANDS/261/1993		A	H3N2	1993		virus_only	6	0
A/NETHERLANDS/261/1995		A	H3N2	1995		virus_only	6	0
A/NETHERLANDS/262/1993		A	H3N2	1993		virus_only	6	0
A/NETHERLANDS/268/1993		A	H3N2	1993		virus_only	6	0
A/NETHERLANDS/272/1993		A	H3N2	1993		virus_only	6	0
A/NETHERLANDS/278/1993		A	H3N2	1993		virus_only	6	0
A/NETHERLANDS/289/1993		A	H3N2	1993		virus_only	6	0
A/NETHERLANDS/3/1992		A	H3N2	1992		virus_only	7	0
A/NETHERLANDS/3/2000		A	H3N2	2000		virus_only	6	0
A/NETHERLANDS/301/1999		A	H3N2	1999		virus_only	6	0
A/NETHERLANDS/309/1995		A	H3N2	1995		virus_only	6	0
A/NETHERLANDS/310/1995		A	H3N2	1995		virus_only	6	0
A/NETHERLANDS/312/2003		A	H3N2	2003		virus_only	7	0
A/NETHERLANDS/32/1993		A	H3N2	1993		virus_only	7	0
A/NETHERLANDS/324/1999		A	H3N2	1999		virus_only	6	0
A/NETHERLANDS/327/2003		A	H3N2	2003		virus_only	7	0
A/NETHERLANDS/328/2003		A	H3N2	2003		virus_only	7	0
A/NETHERLANDS/3356/2016		A	H3N2	2016		virus_only	12	0
A/NETHERLANDS/339/1999		A	H3N2	1999		virus_only	6	0
A/NETHERLANDS/34/1995		A	H3N2	1995		virus_only	5	0
A/NETHERLANDS/34/2010		A	H3N2	2010		virus_only	8	0
A/NETHERLANDS/344/2007		A	H3N2	2007		virus_only	10	0
A/NETHERLANDS/3455/2016		A	H3N2	2016		virus_only	12	0
A/NETHERLANDS/357/1995		A	H3N2	1995		virus_only	6	0
A/NETHERLANDS/36/1998		A	H3N2	1998		virus_only	5	0
A/NETHERLANDS/363/2006		A	H3N2	2006		virus_only	8	0
A/NETHERLANDS/368/2002		A	H3N2	2002		virus_only	5	0
A/NETHERLANDS/369/2002		A	H3N2	2002		virus_only	10	0
A/NETHERLANDS/370/1995		A	H3N2	1995		virus_only	6	0
A/NETHERLANDS/372/1993		A	H3N2	1993		virus_only	6	0
A/NETHERLANDS/3768/2016		A	H3N2	2016		virus_only	12	0
A/NETHERLANDS/379/2008		A	H3N2	2008		virus_only	22	0
A/NETHERLANDS/384/1993		A	H3N2	1993		virus_only	6	0
A/NETHERLANDS/389/1995		A	H3N2	1995		virus_only	6	0
A/NETHERLANDS/39/2003		A	H3N2	2003		virus_only	7	0
A/NETHERLANDS/391/1995		A	H3N2	1995		virus_only	6	0
A/NETHERLANDS/395/2014		A	H3N2	2014		virus_only	10	0
A/NETHERLANDS/398/2014		A	H3N2	2014		virus_only	11	0
A/NETHERLANDS/4/1998		A	H3N2	1998		virus_only	6	0
A/NETHERLANDS/4/2005		A	H3N2	2005		virus_only	9	0
A/NETHERLANDS/40/1998		A	H3N2	1998		virus_only	5	0
A/NETHERLANDS/427/1998		A	H3N2	1998		virus_only	5	0
A/NETHERLANDS/429/2009		A	H3N2	2009		virus_only	11	0
A/NETHERLANDS/442/1993		A	H3N2	1993		virus_only	6	0
A/NETHERLANDS/457/1993		A	H3N2	1993		virus_only	6	0
A/NETHERLANDS/462/1998		A	H3N2	1998		virus_only	6	0
A/NETHERLANDS/47/1995		A	H3N2	1995		virus_only	5	0
A/NETHERLANDS/5/1992		A	H3N2	1992		virus_only	7	0
A/NETHERLANDS/5/1993		A	H3N2	1993		virus_only	13	0
A/NETHERLANDS/5/1995		A	H3N2	1995		virus_only	6	0
A/NETHERLANDS/5/1998		A	H3N2	1998		virus_only	6	0
A/NETHERLANDS/507/2014		A	H3N2	2014		virus_only	11	0
A/NETHERLANDS/533/2012		A	H3N2	2012		virus_only	11	0
A/NETHERLANDS/548/2005		A	H3N2	2005		virus_only	9	0
A/NETHERLANDS/56/2003		A	H3N2	2003		virus_only	7	0
A/NETHERLANDS/595/2009		A	H3N2	2009		virus_only	10	0
A/NETHERLANDS/63/2011		A	H3N2	2011		virus_only	8	0
A/NETHERLANDS/7/2009		A	H3N2	2009		virus_only	6	0
A/NETHERLANDS/702/2011		A	H3N2	2011		virus_only	9	0
A/NETHERLANDS/710/2011		A	H3N2	2011		virus_only	9	0
A/NETHERLANDS/713/2011		A	H3N2	2011		virus_only	9	0
A/NETHERLANDS/752/2009		A	H3N2	2009		virus_only	10	0
A/NETHERLANDS/761/2009		A	H3N2	2009		virus_only	10	0
A/NETHERLANDS/773/2014		A	H3N2	2014		virus_only	11	0
A/NETHERLANDS/778/2014		A	H3N2	2014		virus_only	11	0
A/NETHERLANDS/779/2014		A	H3N2	2014		virus_only	11	0
A/NETHERLANDS/88/2003		A	H3N2	2003		virus_only	13	0
A/NETHERLANDS/91/2005		A	H3N2	2005		virus_only	9	0
A/NETHERLANDS/94/2005		A	H3N2	2005		virus_only	9	0
A/NEUQUEN/13104/2014		A	H3N2	2014		virus_only	11	0
A/NEUQUEN/13234/2014		A	H3N2	2014		virus_only	11	0
A/NEUQUEN/VA102/1999		A	H3N2	1999		virus_only	7	0
A/NEWCALEDONIA/1/1999		A	H3N2	1999		virus_only	5	0
A/NEWCALEDONIA/12/1998		A	H3N2	1998		virus_only	12	0
A/NEWCALEDONIA/3/1999		A	H3N2	1999		virus_only	5	0
A/NEWCALEDONIA/59/2019		A	H3N2	2019		virus_only	8	0
A/NEWCALEDONIA/6/2002		A	H3N2	2002		virus_only	5	0
A/NEWCALEDONIA/7/1999		A	H3N2	1999		virus_only	5	0
A/NEWCALEDONIA/7/2000		A	H3N2	2000		virus_only	8	0
A/NEWCALEDONIA/7/2004		A	H3N2	2004		virus_only	7	0
A/NEWCALEDONIA/71/2014@NIB91		A	H3N2			virus_only	5	0
A/NEWCALEDONIA/71/2014@NIB91D		A	H3N2			virus_only	10	0
A/NEWCALEDONIA/71/2014@X257		A	H3N2			virus_only	18	0
A/NEWCASTLE/22/2014		A	H3N2	2014		virus_only	22	0
A/NEWCASTLE/25/2014		A	H3N2	2014		virus_only	5	0
A/NEWCASTLE/28/2014		A	H3N2	2014		virus_only	5	0
A/NEWCASTLE/30/2016		A	H3N2	2016		virus_only	12	0
A/NEWCASTLE/82/2018		A	H3N2	2018		virus_only	17	0
A/NEWYORK/37/1996		A	H3N2	1996		virus_only	7	0
A/NEWYORK/39/2012		A	H3N2	2012		virus_only	36	0
A/NI/2/2012		A	H3N2	2012		virus_only	14	0
A/NICE/100/1997		A	H3N2	1997		virus_only	6	0
A/NICE/1334/1999		A	H3N2	1999		virus_only	6	0
A/NICE/1335/1999		A	H3N2	1999		virus_only	6	0
A/NICE/1544/1998		A	H3N2	1998		virus_only	5	0
A/NICE/1545/1998		A	H3N2	1998		virus_only	5	0
A/NICE/1546/1998		A	H3N2	1998		virus_only	5	0
A/NICE/1547/1998		A	H3N2	1998		virus_only	5	0
A/NICE/1548/1998		A	H3N2	1998		virus_only	5	0
A/NICE/1549/1998		A	H3N2	1998		virus_only	5	0
A/NICE/2423/1998		A	H3N2	1998		virus_only	4	0
A/NICE/382/2000		A	H3N2	2000		virus_only	6	0
A/NICE/383/2000		A	H3N2	2000		virus_only	6	0
A/NICE/384/2000		A	H3N2	2000		virus_only	6	0
A/NICE/385/2000		A	H3N2	2000		virus_only	6	0
A/NICE/386/2000		A	H3N2	2000		virus_only	6	0
A/NICE/387/2000		A	H3N2	2000		virus_only	6	0
A/NICE/388/2000		A	H3N2	2000		virus_only	6	0
A/NICE/389/2000		A	H3N2	2000		virus_only	6	0
A/NICE/390/2000		A	H3N2	2000		virus_only	6	0
A/NICE/491/1997		A	H3N2	1997		virus_only	5	0
A/NICE/492/1997		A	H3N2	1997		virus_only	5	0
A/NICE/669/2000		A	H3N2	2000		virus_only	6	0
A/NICE/670/2000		A	H3N2	2000		virus_only	6	0
A/NICE/671/2000		A	H3N2	2000		virus_only	6	0
A/NICE/672/2000		A	H3N2	2000		virus_only	6	0
A/NICE/673/2000		A	H3N2	2000		virus_only	6	0
A/NICE/674/2000		A	H3N2	2000		virus_only	6	0
A/NICE/675/2000		A	H3N2	2000		virus_only	6	0
A/NICE/676/2000		A	H3N2	2000		virus_only	6	0
A/NICE/677/2000		A	H3N2	2000		virus_only	6	0
A/NICE/678/2000		A	H3N2	2000		virus_only	6	0
A/NICE/679/2000		A	H3N2	2000		virus_only	6	0
A/NICE/680/2000		A	H3N2	2000		virus_only	6	0
A/NICE/681/2000		A	H3N2	2000		virus_only	6	0
A/NICE/682/2000		A	H3N2	2000		virus_only	6	0
A/NICE/683/2000		A	H3N2	2000		virus_only	6	0
A/NICE/684/2000		A	H3N2	2000		virus_only	6	0
A/NICE/685/2000		A	H3N2	2000		virus_only	6	0
A/NICE/86/1997		A	H3N2	1997		virus_only	6	0
A/NICE/87/1996		A	H3N2	1996		virus_only	6	0
A/NICE/88/1997		A	H3N2	1997		virus_only	6	0
A/NICE/89/1997		A	H3N2	1997		virus_only	6	0
A/NICE/90/1997		A	H3N2	1997		virus_only	6	0
A/NICE/938/2004		A	H3N2	2004		virus_only	8	0
A/NICE/95/1997		A	H3N2	1997		virus_only	6	0
A/NICE/97/1997		A	H3N2	1997		virus_only	6	0
A/NICE/98/1997		A	H3N2	1997		virus_only	6	0
A/NICE/99/1997		A	H3N2	1997		virus_only	6	0
A/NIEDERSACHSEN/1/2014		A	H3N2	2014		virus_only	9	0
A/NIEDERSACHSEN/1/2015		A	H3N2	2015		virus_only	10	0
A/NIEDERSACHSEN/105/2008		A	H3N2	2008		virus_only	9	0
A/NIEDERSACHSEN/107/2008		A	H3N2	2008		virus_only	9	0
A/NIEDERSACHSEN/109/2008		A	H3N2	2008		virus_only	9	0
A/NIEDERSACHSEN/110/2008		A	H3N2	2008		virus_only	9	0
A/NIEDERSACHSEN/113/2013		A	H3N2	2013		virus_only	9	0
A/NIEDERSACHSEN/12/2014		A	H3N2	2014		virus_only	10	0
A/NIEDERSACHSEN/151/2019		A	H3N2	2019		virus_only	7	0
A/NIEDERSACHSEN/185/2017		A	H3N2	2017		virus_only	11	0
A/NIEDERSACHSEN/186/2017		A	H3N2	2017		virus_only	8	0
A/NIEDERSACHSEN/201/2005		A	H3N2	2005		virus_only	7	0
A/NIEDERSACHSEN/223/2005		A	H3N2	2005		virus_only	7	0
A/NIEDERSACHSEN/24/2005		A	H3N2	2005		virus_only	10	0
A/NIEDERSACHSEN/29/2012		A	H3N2	2012		virus_only	11	0
A/NIEDERSACHSEN/31/2012		A	H3N2	2012		virus_only	10	0
A/NIEDERSACHSEN/33/2012		A	H3N2	2012		virus_only	11	0
A/NIEDERSACHSEN/4/2007		A	H3N2	2007		virus_only	10	0
A/NIEDERSACHSEN/4/2015		A	H3N2	2015		virus_only	10	0
A/NIEDERSACHSEN/5/2015		A	H3N2	2015		virus_only	10	0
A/NIEDERSACHSEN/5/2017		A	H3N2	2017		virus_only	12	0
A/NIEDERSACHSEN/50/1998		A	H3N2	1998		virus_only	4	0
A/NIEDERSACHSEN/51/2020		A	H3N2	2020		virus_only	9	0
A/NIEDERSACHSEN/6/2005		A	H3N2	2005		virus_only	9	0
A/NIEDERSACHSEN/7/2005		A	H3N2	2005		virus_only	9	0
A/NIEDERSACHSEN/8/2014		A	H3N2	2014		virus_only	21	0
A/NIEDERSACHSEN/81/2019		A	H3N2	2019		virus_only	8	0
A/NIEDERSACHSEN/9/2014		A	H3N2	2014		virus_only	10	0
A/NIIGATA/1204/2004		A	H3N2	2004		virus_only	11	0
A/NIMES/2454/2014		A	H3N2	2014		virus_only	11	0
A/NIMES/2658/2013		A	H3N2	2013		virus_only	8	0
A/NIRELAND/24/1996		A	H3N2	1996		virus_only	6	0
A/NIRELAND/35508/1995		A	H3N2	1995		virus_only	6	0
A/NIRELAND/36213/1995		A	H3N2	1995		virus_only	6	0
A/NIRELAND/36217/1995		A	H3N2	1995		virus_only	6	0
A/NIRELAND/36221/1995		A	H3N2	1995		virus_only	6	0
A/NIRELAND/36226/1995		A	H3N2	1995		virus_only	6	0
A/NIRELAND/37259/1995		A	H3N2	1995		virus_only	6	0
A/NIRELAND/37572/1995		A	H3N2	1995		virus_only	6	0
A/NIRELAND/37575/1995		A	H3N2	1995		virus_only	6	0
A/NIRELAND/37578/1995		A	H3N2	1995		virus_only	6	0
A/NIRELAND/37730/1995		A	H3N2	1995		virus_only	6	0
A/NIRELAND/38254/1995		A	H3N2	1995		virus_only	6	0
A/NIRELAND/39073/1995		A	H3N2	1995		virus_only	6	0
A/NIRELAND/39547/1995		A	H3N2	1995		virus_only	6	0
A/NIRELAND/425/1996		A	H3N2	1996		virus_only	6	0
A/NIS/1053/2014		A	H3N2	2014		virus_only	9	0
A/NIS/1055/2014		A	H3N2	2014		virus_only	9	0
A/NIS/1056/2014		A	H3N2	2014		virus_only	9	0
A/NIS/1057/2014		A	H3N2	2014		virus_only	9	0
A/NIS/1059/2014		A	H3N2	2014		virus_only	9	0
A/NIS/1471/2012		A	H3N2	2012		virus_only	10	0
A/NIS/1472/2012		A	H3N2	2012		virus_only	10	0
A/NIS/431/2007		A	H3N2	2007		virus_only	11	0
A/NIS/432/2007		A	H3N2	2007		virus_only	11	0
A/NITRA/106/2019		A	H3N2	2019		virus_only	8	0
A/NITRA/157/2017		A	H3N2	2017		virus_only	12	0
A/NITRA/205/2015		A	H3N2	2015		virus_only	11	0
A/NITRA/360/2013		A	H3N2	2013		virus_only	11	0
A/NIZHNYNOVGOROD/14645V/2018		A	H3N2	2018		virus_only	8	0
A/NIZNIYNOVGOROD/142/1993		A	H3N2	1993		virus_only	7	0
A/NIZNIYNOVGOROD/3/1993		A	H3N2	1993		virus_only	7	0
A/NNOVGOROD/11/2008		A	H3N2	2008		virus_only	10	0
A/NNOVGOROD/155/2006		A	H3N2	2006		virus_only	8	0
A/NNOVGOROD/303/2014		A	H3N2	2014		virus_only	11	0
A/NNOVGOROD/44/2007		A	H3N2	2007		virus_only	8	0
A/NNOVGOROD/8/2007		A	H3N2	2007		virus_only	8	0
A/NNOVGOROD/9/2007		A	H3N2	2007		virus_only	7	0
A/NORDPASDECALAIS/054/2019		A	H3N2	2019		virus_only	8	0
A/NORDPASDECALAIS/1108/2020		A	H3N2	2020		virus_only	10	0
A/NORDPASDECALAIS/1803/2019		A	H3N2	2019		virus_only	3	0
A/NORDPASDECALAIS/2000/2012		A	H3N2	2012		virus_only	55	0
A/NORDPASDECALAIS/2301/2014		A	H3N2	2014		virus_only	10	0
A/NORDPASDECALAIS/2317/2014		A	H3N2	2014		virus_only	10	0
A/NORDPASDECALAIS/2318/2014		A	H3N2	2014		virus_only	10	0
A/NORDPASDECALAIS/2726/2018		A	H3N2	2018		virus_only	8	0
A/NORDRHEIN/32/2004		A	H3N2	2004		virus_only	9	0
A/NORDRHEIN/33/2004		A	H3N2	2004		virus_only	9	0
A/NORDRHEINWEST/28/1998		A	H3N2	1998		virus_only	5	0
A/NORDRHEINWEST/29/1998		A	H3N2	1998		virus_only	5	0
A/NORDRHEINWEST/30/1998		A	H3N2	1998		virus_only	5	0
A/NORDRHEINWEST/6/1996		A	H3N2	1996		virus_only	6	0
A/NORDRHEINWESTF/122/1999		A	H3N2	1999		virus_only	5	0
A/NORDRHEINWESTF/128/1999		A	H3N2	1999		virus_only	5	0
A/NORDRHEINWESTF/4/1996		A	H3N2	1996		virus_only	6	0
A/NORDRHEINWESTF/8/1996		A	H3N2	1996		virus_only	6	0
A/NORDRHEINWESTFALEN/1/1997		A	H3N2	1997		virus_only	6	0
A/NORDRHEINWESTFALEN/1/1998		A	H3N2	1998		virus_only	5	0
A/NORDRHEINWESTFALEN/1/2000		A	H3N2	2000		virus_only	5	0
A/NORDRHEINWESTFALEN/1/2002		A	H3N2	2002		virus_only	7	0
A/NORDRHEINWESTFALEN/1/2004		A	H3N2	2004		virus_only	6	0
A/NORDRHEINWESTFALEN/1/2010		A	H3N2	2010		virus_only	11	0
A/NORDRHEINWESTFALEN/1/2013		A	H3N2	2013		virus_only	11	0
A/NORDRHEINWESTFALEN/10/1997		A	H3N2	1997		virus_only	5	0
A/NORDRHEINWESTFALEN/10/2000		A	H3N2	2000		virus_only	5	0
A/NORDRHEINWESTFALEN/10/2007		A	H3N2	2007		virus_only	10	0
A/NORDRHEINWESTFALEN/101/2019		A	H3N2	2019		virus_only	7	0
A/NORDRHEINWESTFALEN/104/1999		A	H3N2	1999		virus_only	5	0
A/NORDRHEINWESTFALEN/106/2017		A	H3N2	2017		virus_only	8	0
A/NORDRHEINWESTFALEN/11/1997		A	H3N2	1997		virus_only	5	0
A/NORDRHEINWESTFALEN/11/2007		A	H3N2	2007		virus_only	10	0
A/NORDRHEINWESTFALEN/11/2019		A	H3N2	2019		virus_only	8	0
A/NORDRHEINWESTFALEN/130/2005		A	H3N2	2005		virus_only	7	0
A/NORDRHEINWESTFALEN/137/1999		A	H3N2	1999		virus_only	5	0
A/NORDRHEINWESTFALEN/138/2003		A	H3N2	2003		virus_only	6	0
A/NORDRHEINWESTFALEN/14/1997		A	H3N2	1997		virus_only	5	0
A/NORDRHEINWESTFALEN/15/1998#ORIGINAL		A	H3N2			virus_only	4	0
A/NORDRHEINWESTFALEN/16/2002		A	H3N2	2002		virus_only	6	0
A/NORDRHEINWESTFALEN/17/2002		A	H3N2	2002		virus_only	6	0
A/NORDRHEINWESTFALEN/18/2014		A	H3N2	2014		virus_only	10	0
A/NORDRHEINWESTFALEN/2/2002		A	H3N2	2002		virus_only	7	0
A/NORDRHEINWESTFALEN/2/2003		A	H3N2	2003		virus_only	5	0
A/NORDRHEINWESTFALEN/20/1998#ORIGINAL		A	H3N2			virus_only	4	0
A/NORDRHEINWESTFALEN/22/2019		A	H3N2	2019		virus_only	8	0
A/NORDRHEINWESTFALEN/29/1999		A	H3N2	1999		virus_only	5	0
A/NORDRHEINWESTFALEN/3/1999		A	H3N2	1999		virus_only	6	0
A/NORDRHEINWESTFALEN/3/2003		A	H3N2	2003		virus_only	5	0
A/NORDRHEINWESTFALEN/3/2005		A	H3N2	2005		virus_only	9	0
A/NORDRHEINWESTFALEN/30/1999		A	H3N2	1999		virus_only	5	0
A/NORDRHEINWESTFALEN/4/2000		A	H3N2	2000		virus_only	5	0
A/NORDRHEINWESTFALEN/41/2019		A	H3N2	2019		virus_only	8	0
A/NORDRHEINWESTFALEN/46/2005		A	H3N2	2005		virus_only	10	0
A/NORDRHEINWESTFALEN/5/1998		A	H3N2	1998		virus_only	5	0
A/NORDRHEINWESTFALEN/5/2000		A	H3N2	2000		virus_only	5	0
A/NORDRHEINWESTFALEN/50/2003		A	H3N2	2003		virus_only	7	0
A/NORDRHEINWESTFALEN/53/2019		A	H3N2	2019		virus_only	8	0
A/NORDRHEINWESTFALEN/6/1997		A	H3N2	1997		virus_only	5	0
A/NORDRHEINWESTFALEN/60/2003		A	H3N2	2003		virus_only	7	0
A/NORDRHEINWESTFALEN/60/2019		A	H3N2	2019		virus_only	8	0
A/NORDRHEINWESTFALEN/67/2008		A	H3N2	2008		virus_only	9	0
A/NORDRHEINWESTFALEN/68/2008		A	H3N2	2008		virus_only	9	0
A/NORDRHEINWESTFALEN/7/1997		A	H3N2	1997		virus_only	5	0
A/NORDRHEINWESTFALEN/7/2007		A	H3N2	2007		virus_only	10	0
A/NORDRHEINWESTFALEN/70/2008		A	H3N2	2008		virus_only	9	0
A/NORDRHEINWESTFALEN/8/1997		A	H3N2	1997		virus_only	5	0
A/NORDRHEINWESTFALEN/8/1999		A	H3N2	1999		virus_only	6	0
A/NORDRHEINWESTFALEN/82/2019		A	H3N2	2019		virus_only	7	0
A/NORDRHEINWESTFALEN/89/2019		A	H3N2	2019		virus_only	7	0
A/NORDRHEINWESTFALEN/9/2007		A	H3N2	2007		virus_only	20	0
A/NORDRHEINWESTFALEN/94/1999		A	H3N2	1999		virus_only	5	0
A/NORDRHEINWESTFALEN/95/1999		A	H3N2	1999		virus_only	5	0
A/NORDRHEINWESTFALEN/97/2019		A	H3N2	2019		virus_only	7	0
A/NORTHERNIRELAND/2/2012		A	H3N2	2012		virus_only	13	0
A/NORTHERNIRELAND/32425/1995		A	H3N2	1995		virus_only	6	0
A/NORTHERNIRELAND/33466/1995		A	H3N2	1995		virus_only	6	0
A/NORTHERNIRELAND/33892/1995		A	H3N2	1995		virus_only	6	0
A/NORTHKAZAKHSTAN/363/2019		A	H3N2	2019		virus_only	9	0
A/NORWAY/0144/2015		A	H3N2	2015		virus_only	10	0
A/NORWAY/1/2009		A	H3N2	2009		virus_only	8	0
A/NORWAY/1003/2012		A	H3N2	2012		virus_only	10	0
A/NORWAY/1003/2014		A	H3N2	2014		virus_only	18	0
A/NORWAY/1020/2014		A	H3N2	2014		virus_only	17	0
A/NORWAY/10230/2021		A	H3N2	2021		virus_only	10	0
A/NORWAY/1034/2008		A	H3N2	2008		virus_only	10	0
A/NORWAY/104/2014		A	H3N2	2014		virus_only	10	0
A/NORWAY/1059/2012		A	H3N2	2012		virus_only	10	0
A/NORWAY/1078/2014		A	H3N2	2014		virus_only	17	0
A/NORWAY/110/2005		A	H3N2	2005		virus_only	16	0
A/NORWAY/1102/2008		A	H3N2	2008		virus_only	10	0
A/NORWAY/1103/2004		A	H3N2	2004		virus_only	17	0
A/NORWAY/1120/2017		A	H3N2	2017		virus_only	12	0
A/NORWAY/1130/2014		A	H3N2	2014		virus_only	17	0
A/NORWAY/1138/2011		A	H3N2	2011		virus_only	11	0
A/NORWAY/114/2012		A	H3N2	2012		virus_only	9	0
A/NORWAY/1141/2009		A	H3N2	2009		virus_only	8	0
A/NORWAY/115/2014		A	H3N2	2014		virus_only	10	0
A/NORWAY/1151/2015		A	H3N2	2015		virus_only	11	0
A/NORWAY/1186/2011		A	H3N2	2011		virus_only	11	0
A/NORWAY/1191/2004		A	H3N2	2004		virus_only	9	0
A/NORWAY/1196/2012		A	H3N2	2012		virus_only	10	0
A/NORWAY/12/2009		A	H3N2	2009		virus_only	8	0
A/NORWAY/120/2014		A	H3N2	2014		virus_only	8	0
A/NORWAY/1225/2012		A	H3N2	2012		virus_only	10	0
A/NORWAY/1248/2012		A	H3N2	2012		virus_only	10	0
A/NORWAY/1250/2012		A	H3N2	2012		virus_only	10	0
A/NORWAY/1252/2012		A	H3N2	2012		virus_only	10	0
A/NORWAY/1292/2012		A	H3N2	2012		virus_only	10	0
A/NORWAY/1293/2012		A	H3N2	2012		virus_only	10	0
A/NORWAY/1295/2012		A	H3N2	2012		virus_only	10	0
A/NORWAY/1296/2012		A	H3N2	2012		virus_only	10	0
A/NORWAY/13/2004		A	H3N2	2004		virus_only	15	0
A/NORWAY/133/2014		A	H3N2	2014		virus_only	10	0
A/NORWAY/1330/2010		A	H3N2	2010		virus_only	7	0
A/NORWAY/1349/2009		A	H3N2	2009		virus_only	8	0
A/NORWAY/1359/2012		A	H3N2	2012		virus_only	10	0
A/NORWAY/14/2009		A	H3N2	2009		virus_only	8	0
A/NORWAY/142/2007		A	H3N2	2007		virus_only	20	0
A/NORWAY/1422/2012		A	H3N2	2012		virus_only	33	0
A/NORWAY/143/2006		A	H3N2	2006		virus_only	9	0
A/NORWAY/1443/2012		A	H3N2	2012		virus_only	9	0
A/NORWAY/14749/1993		A	H3N2	1993		virus_only	5	0
A/NORWAY/14760/1993		A	H3N2	1993		virus_only	5	0
A/NORWAY/1477/2017		A	H3N2	2017		virus_only	12	0
A/NORWAY/1481/2017		A	H3N2	2017		virus_only	12	0
A/NORWAY/15355/1993		A	H3N2	1993		virus_only	5	0
A/NORWAY/15386/1993		A	H3N2	1993		virus_only	6	0
A/NORWAY/15521/1993		A	H3N2	1993		virus_only	6	0
A/NORWAY/15522/1993		A	H3N2	1993		virus_only	6	0
A/NORWAY/160/2014		A	H3N2	2014		virus_only	8	0
A/NORWAY/161/2014		A	H3N2	2014		virus_only	9	0
A/NORWAY/162/2014		A	H3N2	2014		virus_only	8	0
A/NORWAY/163/2014		A	H3N2	2014		virus_only	9	0
A/NORWAY/1648/2014		A	H3N2	2014		virus_only	22	0
A/NORWAY/1656/2015		A	H3N2	2015		virus_only	11	0
A/NORWAY/1665/2013		A	H3N2	2013		virus_only	11	0
A/NORWAY/1683/2013		A	H3N2	2013		virus_only	11	0
A/NORWAY/1693/2013		A	H3N2	2013		virus_only	11	0
A/NORWAY/1736/2013		A	H3N2	2013		virus_only	11	0
A/NORWAY/17392009		A	H3N2			virus_only	6	0
A/NORWAY/1759/2009		A	H3N2	2009		virus_only	7	0
A/NORWAY/1762/2011		A	H3N2	2011		virus_only	12	0
A/NORWAY/1775/2011		A	H3N2	2011		virus_only	2	0
A/NORWAY/1780/2013		A	H3N2	2013		virus_only	11	0
A/NORWAY/18/2014		A	H3N2	2014		virus_only	10	0
A/NORWAY/180/2006		A	H3N2	2006		virus_only	9	0
A/NORWAY/1800/2015		A	H3N2	2015		virus_only	11	0
A/NORWAY/1819/2018		A	H3N2	2018		virus_only	8	0
A/NORWAY/184/2014		A	H3N2	2014		virus_only	8	0
A/NORWAY/1861/2013		A	H3N2	2013		virus_only	11	0
A/NORWAY/1894/2013		A	H3N2	2013		virus_only	11	0
A/NORWAY/1900/2020		A	H3N2	2020		virus_only	9	0
A/NORWAY/1903/2014		A	H3N2	2014		virus_only	18	0
A/NORWAY/1905/2013		A	H3N2	2013		virus_only	11	0
A/NORWAY/1906/2020		A	H3N2	2020		virus_only	9	0
A/NORWAY/1934/2017		A	H3N2	2017		virus_only	11	0
A/NORWAY/1940/2013		A	H3N2	2013		virus_only	11	0
A/NORWAY/1940/2017		A	H3N2	2017		virus_only	12	0
A/NORWAY/1952/2018		A	H3N2	2018		virus_only	8	0
A/NORWAY/2006/2014		A	H3N2	2014		virus_only	11	0
A/NORWAY/2010/2013		A	H3N2	2013		virus_only	11	0
A/NORWAY/2032/2019		A	H3N2	2019		virus_only	10	0
A/NORWAY/2034/2014		A	H3N2	2014		virus_only	11	0
A/NORWAY/2044/2008		A	H3N2	2008		virus_only	10	0
A/NORWAY/2047/2011		A	H3N2	2011		virus_only	10	0
A/NORWAY/2069/2020		A	H3N2	2020		virus_only	9	0
A/NORWAY/208/2014		A	H3N2	2014		virus_only	8	0
A/NORWAY/2099/2019		A	H3N2	2019		virus_only	10	0
A/NORWAY/2102/2012		A	H3N2	2012		virus_only	11	0
A/NORWAY/2103/2012		A	H3N2	2012		virus_only	11	0
A/NORWAY/211/2014		A	H3N2	2014		virus_only	9	0
A/NORWAY/2113/2017		A	H3N2	2017		virus_only	9	0
A/NORWAY/2115/2020		A	H3N2	2020		virus_only	9	0
A/NORWAY/2118/2008		A	H3N2	2008		virus_only	10	0
A/NORWAY/2125/2011		A	H3N2	2011		virus_only	10	0
A/NORWAY/2126/2008		A	H3N2	2008		virus_only	10	0
A/NORWAY/2146/2011		A	H3N2	2011		virus_only	9	0
A/NORWAY/2155/2019		A	H3N2	2019		virus_only	10	0
A/NORWAY/216/2005		A	H3N2	2005		virus_only	6	0
A/NORWAY/2160/2008		A	H3N2	2008		virus_only	10	0
A/NORWAY/2160/2013		A	H3N2	2013		virus_only	11	0
A/NORWAY/217/2015		A	H3N2	2015		virus_only	11	0
A/NORWAY/2174/2020		A	H3N2	2020		virus_only	9	0
A/NORWAY/2175/2008		A	H3N2	2008		virus_only	8	0
A/NORWAY/2176/2020		A	H3N2	2020		virus_only	9	0
A/NORWAY/2197/2008		A	H3N2	2008		virus_only	8	0
A/NORWAY/2200/2013		A	H3N2	2013		virus_only	11	0
A/NORWAY/2205/2020		A	H3N2	2020		virus_only	9	0
A/NORWAY/2208/2020		A	H3N2	2020		virus_only	9	0
A/NORWAY/2220/2019		A	H3N2	2019		virus_only	10	0
A/NORWAY/2224/2008		A	H3N2	2008		virus_only	8	0
A/NORWAY/2224/2019		A	H3N2	2019		virus_only	10	0
A/NORWAY/2228/2020		A	H3N2	2020		virus_only	9	0
A/NORWAY/2231/2020		A	H3N2	2020		virus_only	9	0
A/NORWAY/2233/2011		A	H3N2	2011		virus_only	9	0
A/NORWAY/2235/2008		A	H3N2	2008		virus_only	8	0
A/NORWAY/2236/2008		A	H3N2	2008		virus_only	8	0
A/NORWAY/2238/2018		A	H3N2	2018		virus_only	8	0
A/NORWAY/2249/2006		A	H3N2	2006		virus_only	10	0
A/NORWAY/2250/2006		A	H3N2	2006		virus_only	10	0
A/NORWAY/2252/2006		A	H3N2	2006		virus_only	10	0
A/NORWAY/2253/2006		A	H3N2	2006		virus_only	10	0
A/NORWAY/2255/2013		A	H3N2	2013		virus_only	11	0
A/NORWAY/2259/2008		A	H3N2	2008		virus_only	8	0
A/NORWAY/226/2014		A	H3N2	2014		virus_only	8	0
A/NORWAY/2263/2008		A	H3N2	2008		virus_only	8	0
A/NORWAY/2278/2006		A	H3N2	2006		virus_only	10	0
A/NORWAY/228/2014		A	H3N2	2014		virus_only	9	0
A/NORWAY/2282/2019		A	H3N2	2019		virus_only	7	0
A/NORWAY/2290/2020		A	H3N2	2020		virus_only	9	0
A/NORWAY/2292/2020		A	H3N2	2020		virus_only	9	0
A/NORWAY/2298/2019		A	H3N2	2019		virus_only	7	0
A/NORWAY/2308/2008		A	H3N2	2008		virus_only	8	0
A/NORWAY/2309/2008		A	H3N2	2008		virus_only	8	0
A/NORWAY/2310/2020		A	H3N2	2020		virus_only	9	0
A/NORWAY/2311/2008		A	H3N2	2008		virus_only	8	0
A/NORWAY/2314/2008		A	H3N2	2008		virus_only	8	0
A/NORWAY/2319/2015		A	H3N2	2015		virus_only	10	0
A/NORWAY/2320/2020		A	H3N2	2020		virus_only	9	0
A/NORWAY/2323/2019		A	H3N2	2019		virus_only	11	0
A/NORWAY/2326/2015		A	H3N2	2015		virus_only	13	0
A/NORWAY/2329/2011		A	H3N2	2011		virus_only	9	0
A/NORWAY/2334/2011		A	H3N2	2011		virus_only	9	0
A/NORWAY/2335/2011		A	H3N2	2011		virus_only	9	0
A/NORWAY/234/2018		A	H3N2	2018		virus_only	8	0
A/NORWAY/2350/2011		A	H3N2	2011		virus_only	9	0
A/NORWAY/2352/2011		A	H3N2	2011		virus_only	9	0
A/NORWAY/2356/2019		A	H3N2	2019		virus_only	4	0
A/NORWAY/2357/2020		A	H3N2	2020		virus_only	9	0
A/NORWAY/2366/2011		A	H3N2	2011		virus_only	18	0
A/NORWAY/2367/2011		A	H3N2	2011		virus_only	9	0
A/NORWAY/2379/2019		A	H3N2	2019		virus_only	11	0
A/NORWAY/2382/2011		A	H3N2	2011		virus_only	9	0
A/NORWAY/2400/2011		A	H3N2	2011		virus_only	9	0
A/NORWAY/2400/2017		A	H3N2	2017		virus_only	24	0
A/NORWAY/2406/2011		A	H3N2	2011		virus_only	9	0
A/NORWAY/2418/2011		A	H3N2	2011		virus_only	9	0
A/NORWAY/2418/2013		A	H3N2	2013		virus_only	20	0
A/NORWAY/2423/2012		A	H3N2	2012		virus_only	11	0
A/NORWAY/2425/2019		A	H3N2	2019		virus_only	4	0
A/NORWAY/2426/2011		A	H3N2	2011		virus_only	9	0
A/NORWAY/2430/2011		A	H3N2	2011		virus_only	9	0
A/NORWAY/2431/2011		A	H3N2	2011		virus_only	9	0
A/NORWAY/2432/2011		A	H3N2	2011		virus_only	9	0
A/NORWAY/2433/2011		A	H3N2	2011		virus_only	19	0
A/NORWAY/2438/2019		A	H3N2	2019		virus_only	5	0
A/NORWAY/2442/2011		A	H3N2	2011		virus_only	9	0
A/NORWAY/2448/2011		A	H3N2	2011		virus_only	8	0
A/NORWAY/2475/2015		A	H3N2	2015		virus_only	11	0
A/NORWAY/2477/2018		A	H3N2	2018		virus_only	8	0
A/NORWAY/2486/2018		A	H3N2	2018		virus_only	8	0
A/NORWAY/2496/2012		A	H3N2	2012		virus_only	11	0
A/NORWAY/2501/2015		A	H3N2	2015		virus_only	10	0
A/NORWAY/2504/2015		A	H3N2	2015		virus_only	14	0
A/NORWAY/2506/2015		A	H3N2	2015		virus_only	11	0
A/NORWAY/2514/2013		A	H3N2	2013		virus_only	20	0
A/NORWAY/2515/2018		A	H3N2	2018		virus_only	8	0
A/NORWAY/2587/2015		A	H3N2	2015		virus_only	10	0
A/NORWAY/2605/2015		A	H3N2	2015		virus_only	10	0
A/NORWAY/2629/2017		A	H3N2	2017		virus_only	24	0
A/NORWAY/27/2007		A	H3N2	2007		virus_only	20	0
A/NORWAY/272/2014		A	H3N2	2014		virus_only	9	0
A/NORWAY/277/2014		A	H3N2	2014		virus_only	9	0
A/NORWAY/279/2018		A	H3N2	2018		virus_only	8	0
A/NORWAY/28/2006		A	H3N2	2006		virus_only	8	0
A/NORWAY/2916/2013		A	H3N2	2013		virus_only	9	0
A/NORWAY/2920/2013		A	H3N2	2013		virus_only	9	0
A/NORWAY/293/2014		A	H3N2	2014		virus_only	9	0
A/NORWAY/2938/2013		A	H3N2	2013		virus_only	9	0
A/NORWAY/2940/2013		A	H3N2	2013		virus_only	9	0
A/NORWAY/2965/2013		A	H3N2	2013		virus_only	9	0
A/NORWAY/2967/2013		A	H3N2	2013		virus_only	9	0
A/NORWAY/3/2012		A	H3N2	2012		virus_only	9	0
A/NORWAY/3004/2014		A	H3N2	2014		virus_only	10	0
A/NORWAY/3004/2014#CLONE42		A	H3N2			virus_only	11	0
A/NORWAY/3004/2014#CLONE46		A	H3N2			virus_only	11	0
A/NORWAY/305/2007		A	H3N2	2007		virus_only	20	0
A/NORWAY/3060/2013		A	H3N2	2013		virus_only	9	0
A/NORWAY/3079/2014		A	H3N2	2014		virus_only	10	0
A/NORWAY/3082/2014		A	H3N2	2014		virus_only	10	0
A/NORWAY/309/2014		A	H3N2	2014		virus_only	9	0
A/NORWAY/3105/2013		A	H3N2	2013		virus_only	9	0
A/NORWAY/3107/2014		A	H3N2	2014		virus_only	10	0
A/NORWAY/313/2014		A	H3N2	2014		virus_only	9	0
A/NORWAY/3170/2009		A	H3N2	2009		virus_only	19	0
A/NORWAY/3172/2014		A	H3N2	2014		virus_only	11	0
A/NORWAY/3224/2014		A	H3N2	2014		virus_only	10	0
A/NORWAY/3226/2014		A	H3N2	2014		virus_only	10	0
A/NORWAY/3229/2014		A	H3N2	2014		virus_only	10	0
A/NORWAY/326/2012		A	H3N2	2012		virus_only	10	0
A/NORWAY/3265/2013		A	H3N2	2013		virus_only	9	0
A/NORWAY/3266/2013		A	H3N2	2013		virus_only	9	0
A/NORWAY/328/2014		A	H3N2	2014		virus_only	9	0
A/NORWAY/3290/2013		A	H3N2	2013		virus_only	9	0
A/NORWAY/3293/2014		A	H3N2	2014		virus_only	10	0
A/NORWAY/3298/2014		A	H3N2	2014		virus_only	10	0
A/NORWAY/3303/2013		A	H3N2	2013		virus_only	9	0
A/NORWAY/3314/2013		A	H3N2	2013		virus_only	9	0
A/NORWAY/3325/2013		A	H3N2	2013		virus_only	9	0
A/NORWAY/3331/2013		A	H3N2	2013		virus_only	10	0
A/NORWAY/337/2012		A	H3N2	2012		virus_only	10	0
A/NORWAY/3396/2017		A	H3N2	2017		virus_only	8	0
A/NORWAY/342/2012		A	H3N2	2012		virus_only	10	0
A/NORWAY/347/2014		A	H3N2	2014		virus_only	9	0
A/NORWAY/353/2015		A	H3N2	2015		virus_only	11	0
A/NORWAY/3545/2016		A	H3N2	2016		virus_only	23	0
A/NORWAY/356/2007		A	H3N2	2007		virus_only	20	0
A/NORWAY/358/2014		A	H3N2	2014		virus_only	9	0
A/NORWAY/3668/2018		A	H3N2	2018		virus_only	9	0
A/NORWAY/369/2014		A	H3N2	2014		virus_only	9	0
A/NORWAY/371/2014		A	H3N2	2014		virus_only	9	0
A/NORWAY/3735/2018		A	H3N2	2018		virus_only	9	0
A/NORWAY/3789/2009		A	H3N2	2009		virus_only	11	0
A/NORWAY/3790/2009		A	H3N2	2009		virus_only	11	0
A/NORWAY/3798/2016		A	H3N2	2016		virus_only	12	0
A/NORWAY/38/2012		A	H3N2	2012		virus_only	9	0
A/NORWAY/3806/2016@NIB103		A	H3N2			virus_only	9	0
A/NORWAY/389/2014		A	H3N2	2014		virus_only	9	0
A/NORWAY/39/2012		A	H3N2	2012		virus_only	9	0
A/NORWAY/392/2007		A	H3N2	2007		virus_only	20	0
A/NORWAY/399/2012		A	H3N2	2012		virus_only	10	0
A/NORWAY/402/2007		A	H3N2	2007		virus_only	20	0
A/NORWAY/409/2014		A	H3N2	2014		virus_only	9	0
A/NORWAY/410/2012		A	H3N2	2012		virus_only	10	0
A/NORWAY/414/2007		A	H3N2	2007		virus_only	20	0
A/NORWAY/4238/2016		A	H3N2	2016		virus_only	12	0
A/NORWAY/4256/2016		A	H3N2	2016		virus_only	12	0
A/NORWAY/428/2012		A	H3N2	2012		virus_only	10	0
A/NORWAY/4297/2016		A	H3N2	2016		virus_only	12	0
A/NORWAY/433/2012		A	H3N2	2012		virus_only	10	0
A/NORWAY/4395/2016		A	H3N2	2016		virus_only	12	0
A/NORWAY/44/2005		A	H3N2	2005		virus_only	10	0
A/NORWAY/446/2006		A	H3N2	2006		virus_only	10	0
A/NORWAY/4497/2016		A	H3N2	2016		virus_only	12	0
A/NORWAY/46/2007		A	H3N2	2007		virus_only	20	0
A/NORWAY/4642/2006		A	H3N2	2006		virus_only	10	0
A/NORWAY/466/2014##CLONE32		A	H3N2			virus_only	10	0
A/NORWAY/466/2014##CLONE38		A	H3N2			virus_only	10	0
A/NORWAY/466/2014##CLONE39		A	H3N2			virus_only	10	0
A/NORWAY/466/2014#CLONE32		A	H3N2			virus_only	10	0
A/NORWAY/466/2014#CLONE58		A	H3N2			virus_only	60	0
A/NORWAY/466/2014@NIB89A		A	H3N2			virus_only	5	0
A/NORWAY/466/2014@NIB89B		A	H3N2			virus_only	5	0
A/NORWAY/466/2014@NIB89C		A	H3N2			virus_only	5	0
A/NORWAY/466/2014@NIB89D		A	H3N2			virus_only	5	0
A/NORWAY/467/2014		A	H3N2	2014		virus_only	10	0
A/NORWAY/4676/2016		A	H3N2	2016		virus_only	12	0
A/NORWAY/479/2012		A	H3N2	2012		virus_only	10	0
A/NORWAY/48/2006		A	H3N2	2006		virus_only	9	0
A/NORWAY/484/2017		A	H3N2	2017		virus_only	12	0
A/NORWAY/4858/2016		A	H3N2	2016		virus_only	12	0
A/NORWAY/504/2014		A	H3N2	2014		virus_only	10	0
A/NORWAY/507/2014		A	H3N2	2014		virus_only	10	0
A/NORWAY/513/2014		A	H3N2	2014		virus_only	10	0
A/NORWAY/528/2012		A	H3N2	2012		virus_only	10	0
A/NORWAY/53/2014		A	H3N2	2014		virus_only	10	0
A/NORWAY/531/2012		A	H3N2	2012		virus_only	10	0
A/NORWAY/547/2012		A	H3N2	2012		virus_only	10	0
A/NORWAY/564/2012		A	H3N2	2012		virus_only	10	0
A/NORWAY/5661/2006		A	H3N2	2006		virus_only	10	0
A/NORWAY/58/2004		A	H3N2	2004		virus_only	15	0
A/NORWAY/58/2014		A	H3N2	2014		virus_only	10	0
A/NORWAY/580/2014		A	H3N2	2014		virus_only	20	0
A/NORWAY/596/2012		A	H3N2	2012		virus_only	10	0
A/NORWAY/598/2009		A	H3N2	2009		virus_only	8	0
A/NORWAY/600/2011		A	H3N2	2011		virus_only	8	0
A/NORWAY/602/2009		A	H3N2	2009		virus_only	8	0
A/NORWAY/606/2012		A	H3N2	2012		virus_only	9	0
A/NORWAY/621/2006		A	H3N2	2006		virus_only	10	0
A/NORWAY/622/2006		A	H3N2	2006		virus_only	10	0
A/NORWAY/623/2006		A	H3N2	2006		virus_only	10	0
A/NORWAY/624/2012		A	H3N2	2012		virus_only	10	0
A/NORWAY/625/2012		A	H3N2	2012		virus_only	10	0
A/NORWAY/627/2014		A	H3N2	2014		virus_only	10	0
A/NORWAY/64/2007		A	H3N2	2007		virus_only	20	0
A/NORWAY/640/2006		A	H3N2	2006		virus_only	10	0
A/NORWAY/648/2012		A	H3N2	2012		virus_only	10	0
A/NORWAY/652/2006		A	H3N2	2006		virus_only	10	0
A/NORWAY/657/2012		A	H3N2	2012		virus_only	10	0
A/NORWAY/67/2014		A	H3N2	2014		virus_only	10	0
A/NORWAY/674/2007		A	H3N2	2007		virus_only	9	0
A/NORWAY/683/2009		A	H3N2	2009		virus_only	8	0
A/NORWAY/685/2011		A	H3N2	2011		virus_only	11	0
A/NORWAY/689/2009		A	H3N2	2009		virus_only	8	0
A/NORWAY/70/2005		A	H3N2	2005		virus_only	10	0
A/NORWAY/70/2014		A	H3N2	2014		virus_only	10	0
A/NORWAY/708/2012		A	H3N2	2012		virus_only	10	0
A/NORWAY/71/2005		A	H3N2	2005		virus_only	15	0
A/NORWAY/72/2005		A	H3N2	2005		virus_only	8	0
A/NORWAY/722/2012		A	H3N2	2012		virus_only	10	0
A/NORWAY/723/2007		A	H3N2	2007		virus_only	30	0
A/NORWAY/729/2005		A	H3N2	2005		virus_only	6	0
A/NORWAY/73/2007		A	H3N2	2007		virus_only	20	0
A/NORWAY/73/2012		A	H3N2	2012		virus_only	9	0
A/NORWAY/730/2006		A	H3N2	2006		virus_only	10	0
A/NORWAY/735/2005		A	H3N2	2005		virus_only	6	0
A/NORWAY/749/2020		A	H3N2	2020		virus_only	9	0
A/NORWAY/75/2012		A	H3N2	2012		virus_only	9	0
A/NORWAY/751/2005		A	H3N2	2005		virus_only	6	0
A/NORWAY/754/2007		A	H3N2	2007		virus_only	30	0
A/NORWAY/770/2007		A	H3N2	2007		virus_only	30	0
A/NORWAY/779/2005		A	H3N2	2005		virus_only	6	0
A/NORWAY/784/2005		A	H3N2	2005		virus_only	6	0
A/NORWAY/787/2007		A	H3N2	2007		virus_only	27	0
A/NORWAY/828/2020		A	H3N2	2020		virus_only	9	0
A/NORWAY/842/2011		A	H3N2	2011		virus_only	11	0
A/NORWAY/845/2011		A	H3N2	2011		virus_only	11	0
A/NORWAY/846/2011		A	H3N2	2011		virus_only	11	0
A/NORWAY/848/2008		A	H3N2	2008		virus_only	10	0
A/NORWAY/850/2014		A	H3N2	2014		virus_only	24	0
A/NORWAY/855/2005		A	H3N2	2005		virus_only	6	0
A/NORWAY/86/2014		A	H3N2	2014		virus_only	8	0
A/NORWAY/865/2011		A	H3N2	2011		virus_only	11	0
A/NORWAY/876/2012		A	H3N2	2012		virus_only	10	0
A/NORWAY/878/2012		A	H3N2	2012		virus_only	10	0
A/NORWAY/883/2005		A	H3N2	2005		virus_only	6	0
A/NORWAY/884/2011		A	H3N2	2011		virus_only	11	0
A/NORWAY/89/2005		A	H3N2	2005		virus_only	8	0
A/NORWAY/904/2006		A	H3N2	2006		virus_only	10	0
A/NORWAY/923/2015		A	H3N2	2015		virus_only	11	0
A/NORWAY/943/2012		A	H3N2	2012		virus_only	10	0
A/NORWAY/96/2012		A	H3N2	2012		virus_only	9	0
A/NORWAY/962/2012		A	H3N2	2012		virus_only	10	0
A/NORWAY/966/2008		A	H3N2	2008		virus_only	10	0
A/NORWAY/97/2012		A	H3N2	2012		virus_only	9	0
A/NORWAY/99/2012		A	H3N2	2012		virus_only	9	0
A/NORWAY/996/2012		A	H3N2	2012		virus_only	10	0
A/NOSYBE/284/2015		A	H3N2	2015		virus_only	11	0
A/NOSYBE/429/2013		A	H3N2	2013		virus_only	11	0
A/NOUACKCHOTT/1/2002		A	H3N2	2002		virus_only	6	0
A/NOUACKCHOTT/10/2002		A	H3N2	2002		virus_only	6	0
A/NOUACKCHOTT/11/2002		A	H3N2	2002		virus_only	6	0
A/NOUACKCHOTT/12/2002		A	H3N2	2002		virus_only	6	0
A/NOUACKCHOTT/13/2002		A	H3N2	2002		virus_only	6	0
A/NOUACKCHOTT/14/2002		A	H3N2	2002		virus_only	6	0
A/NOUACKCHOTT/2/2002		A	H3N2	2002		virus_only	6	0
A/NOUACKCHOTT/3/2002		A	H3N2	2002		virus_only	6	0
A/NOUACKCHOTT/5/2002		A	H3N2	2002		virus_only	6	0
A/NOUACKCHOTT/6/2002		A	H3N2	2002		virus_only	6	0
A/NOUACKCHOTT/7/2002		A	H3N2	2002		virus_only	6	0
A/NOUACKCHOTT/8/2002		A	H3N2	2002		virus_only	6	0
A/NOUACKCHOTT/9/2002		A	H3N2	2002		virus_only	6	0
A/NOUMEA/4/1996		A	H3N2	1996		virus_only	13	0
A/NOVEZAMKY/184/2017		A	H3N2	2017		virus_only	12	0
A/NOVEZAMKY/201/2015		A	H3N2	2015		virus_only	11	0
A/NOVEZAMKY/81/2019		A	H3N2	2019		virus_only	8	0
A/NOVEZAMKY/897/2013		A	H3N2	2013		virus_only	11	0
A/NOVGOROD/10/1994		A	H3N2	1994		virus_only	6	0
A/NOVGOROD/11/1994		A	H3N2	1994		virus_only	6	0
A/NOVGOROD/51/2000		A	H3N2	2000		virus_only	6	0
A/NOVGOROD/7/1994		A	H3N2	1994		virus_only	5	0
A/NOVGOROD/9/1994		A	H3N2	1994		virus_only	5	0
A/NOVOSIBIRSK/1/2008		A	H3N2	2008		virus_only	20	0
A/NOVOSIBIRSK/11/2007		A	H3N2	2007		virus_only	8	0
A/NOVOSIBIRSK/13/2015		A	H3N2	2015		virus_only	10	0
A/NOVOSIBIRSK/14/2011		A	H3N2	2011		virus_only	10	0
A/NOVOSIBIRSK/154/2004		A	H3N2	2004		virus_only	6	0
A/NOVOSIBIRSK/26/2012		A	H3N2	2012		virus_only	10	0
A/NOVOSIBIRSK/265/2017		A	H3N2	2017		virus_only	8	0
A/NOVOSIBIRSK/32/2013		A	H3N2	2013		virus_only	11	0
A/NOVOSIBIRSK/34/2017		A	H3N2	2017		virus_only	12	0
A/NOVOSIBIRSK/39/2017		A	H3N2	2017		virus_only	12	0
A/NOVOSIBIRSK/4/2009		A	H3N2	2009		virus_only	9	0
A/NOVOSIBIRSK/40/2015		A	H3N2	2015		virus_only	10	0
A/NOVOSIBIRSK/47/2017		A	H3N2	2017		virus_only	12	0
A/NOVOSIBIRSK/5288/2016		A	H3N2	2016		virus_only	12	0
A/NOVOSIBIRSK/6/2012		A	H3N2	2012		virus_only	12	0
A/NOVOSIBIRSK/7/2007		A	H3N2	2007		virus_only	8	0
A/NOVOSIBIRSK/78/2012		A	H3N2	2012		virus_only	11	0
A/NOVOSIBIRSK/8/2012		A	H3N2	2012		virus_only	12	0
A/NOVYBYDZOV/29/2005		A	H3N2	2005		virus_only	6	0
A/NRDRHEINWESTFALEN/12/2015		A	H3N2	2015		virus_only	11	0
A/NRDRHEINWESTFALEN/2/2015		A	H3N2	2015		virus_only	10	0
A/OBRENOVAC/311/2009		A	H3N2	2009		virus_only	8	0
A/OBRENOVAC/312/2009		A	H3N2	2009		virus_only	8	0
A/ODESA/62/2017		A	H3N2	2017		virus_only	12	0
A/ODESA/66/2017		A	H3N2	2017		virus_only	10	0
A/ODESA/69/2017		A	H3N2	2017		virus_only	12	0
A/ODESA/70/2017		A	H3N2	2017		virus_only	9	0
A/ODESA/72/2017		A	H3N2	2017		virus_only	12	0
A/ODESA/73/2017		A	H3N2	2017		virus_only	12	0
A/ODESA/75/2017		A	H3N2	2017		virus_only	12	0
A/ODESSA/11/2006		A	H3N2	2006		virus_only	8	0
A/ODESSA/12/2006		A	H3N2	2006		virus_only	8	0
A/ODESSA/13/2006		A	H3N2	2006		virus_only	8	0
A/ODESSA/175/2013		A	H3N2	2013		virus_only	11	0
A/ODESSA/259/2014		A	H3N2	2014		virus_only	11	0
A/ODESSA/288/2012		A	H3N2	2012		virus_only	10	0
A/ODESSA/289/2012		A	H3N2	2012		virus_only	10	0
A/ODESSA/292/2012		A	H3N2	2012		virus_only	10	0
A/ODESSA/300/2012		A	H3N2	2012		virus_only	10	0
A/ODESSA/303/2012		A	H3N2	2012		virus_only	10	0
A/ODESSA/309/2012		A	H3N2	2012		virus_only	10	0
A/ODESSA/311/2012		A	H3N2	2012		virus_only	10	0
A/ODESSA/312/2012		A	H3N2	2012		virus_only	10	0
A/ODESSA/366/2009		A	H3N2	2009		virus_only	11	0
A/ODESSA/52/2006		A	H3N2	2006		virus_only	8	0
A/ODESSA/62/2006		A	H3N2	2006		virus_only	8	0
A/ODESSA/695/2016		A	H3N2	2016		virus_only	13	0
A/ODESSA/700/2016		A	H3N2	2016		virus_only	13	0
A/OHIO/02/2012		A	H3N2	2012		virus_only	10	0
A/OHIO/2/2012@GROUP3B		A	H3N2			virus_only	10	0
A/OKINAWA/289/1998		A	H3N2	1998		virus_only	5	0
A/OKINAWA/44/1998		A	H3N2	1998		virus_only	5	0
A/OLT/162753/2014		A	H3N2	2014		virus_only	4	0
A/OMAN/1791/2016		A	H3N2	2016		virus_only	12	0
A/OMAN/1807/2016		A	H3N2	2016		virus_only	12	0
A/OMAN/1819/2016		A	H3N2	2016		virus_only	12	0
A/OMAN/182/2017		A	H3N2	2017		virus_only	8	0
A/OMAN/20/2016		A	H3N2	2016		virus_only	8	0
A/OMAN/223/2017		A	H3N2	2017		virus_only	8	0
A/OMAN/24/2016		A	H3N2	2016		virus_only	8	0
A/OMAN/3329/2018		A	H3N2	2018		virus_only	9	0
A/OMAN/3340/2018		A	H3N2	2018		virus_only	9	0
A/OMAN/3356/2018		A	H3N2	2018		virus_only	9	0
A/OMAN/3372/2018		A	H3N2	2018		virus_only	9	0
A/OMAN/3407/2018		A	H3N2	2018		virus_only	9	0
A/OMAN/3542/2018		A	H3N2	2018		virus_only	9	0
A/OMAN/3577/2018		A	H3N2	2018		virus_only	9	0
A/OMAN/3610/2018		A	H3N2	2018		virus_only	9	0
A/OMAN/3676/2014		A	H3N2	2014		virus_only	10	0
A/OMAN/4/2016		A	H3N2	2016		virus_only	8	0
A/OMAN/4262/2019		A	H3N2	2019		virus_only	10	0
A/OMAN/4289/2014		A	H3N2	2014		virus_only	10	0
A/OMAN/4471/2019		A	H3N2	2019		virus_only	10	0
A/OMAN/4518/2019		A	H3N2	2019		virus_only	10	0
A/OMAN/47/2016		A	H3N2	2016		virus_only	8	0
A/OMAN/473/2017		A	H3N2	2017		virus_only	8	0
A/OMAN/5362/2018		A	H3N2	2018		virus_only	8	0
A/OMAN/57/2017		A	H3N2	2017		virus_only	8	0
A/OMAN/5804/2018		A	H3N2	2018		virus_only	8	0
A/OMAN/5838/2018		A	H3N2	2018		virus_only	8	0
A/OMAN/6018/2018		A	H3N2	2018		virus_only	8	0
A/OMAN/6106/2018		A	H3N2	2018		virus_only	8	0
A/OMAN/6132/2014		A	H3N2	2014		virus_only	10	0
A/OMAN/74/2016		A	H3N2	2016		virus_only	8	0
A/OMAN/7517/2015		A	H3N2	2015		virus_only	12	0
A/OMAN/7703/2015		A	H3N2	2015		virus_only	12	0
A/OMAN/7815/2015		A	H3N2	2015		virus_only	12	0
A/OMS/1016/1991		A	H3N2	1991		virus_only	6	0
A/OMS/1077/1991		A	H3N2	1991		virus_only	6	0
A/OMS/1080/1991		A	H3N2	1991		virus_only	6	0
A/OMS/118/1990		A	H3N2	1990		virus_only	7	0
A/OMS/119/1990		A	H3N2	1990		virus_only	7	0
A/OMS/120/1990		A	H3N2	1990		virus_only	7	0
A/OMS/121/1990		A	H3N2	1990		virus_only	7	0
A/OMS/123/1990		A	H3N2	1990		virus_only	7	0
A/OMS/126/1990		A	H3N2	1990		virus_only	7	0
A/OMS/128/1990		A	H3N2	1990		virus_only	7	0
A/OMS/129/1990		A	H3N2	1990		virus_only	7	0
A/OMS/130/1990		A	H3N2	1990		virus_only	7	0
A/OMS/131/1990		A	H3N2	1990		virus_only	7	0
A/OMS/132/1990		A	H3N2	1990		virus_only	7	0
A/OMS/244/1990		A	H3N2	1990		virus_only	7	0
A/OMS/263/1990		A	H3N2	1990		virus_only	7	0
A/OMS/29/1990		A	H3N2	1990		virus_only	7	0
A/OMS/306/1990		A	H3N2	1990		virus_only	7	0
A/OMS/39/1990		A	H3N2	1990		virus_only	7	0
A/OMS/459/1991		A	H3N2	1991		virus_only	6	0
A/OMS/488/1990		A	H3N2	1990		virus_only	7	0
A/OMS/490/1990		A	H3N2	1990		virus_only	7	0
A/OMS/491/1990		A	H3N2	1990		virus_only	7	0
A/OMS/492/1990		A	H3N2	1990		virus_only	7	0
A/OMS/493/1990		A	H3N2	1990		virus_only	7	0
A/OMS/494/1990		A	H3N2	1990		virus_only	7	0
A/OMS/495/1990		A	H3N2	1990		virus_only	7	0
A/OMS/496/1990		A	H3N2	1990		virus_only	7	0
A/OMS/497/1990		A	H3N2	1990		virus_only	7	0
A/OMS/498/1990		A	H3N2	1990		virus_only	7	0
A/OMS/499/1990		A	H3N2	1990		virus_only	7	0
A/OMS/537/1990		A	H3N2	1990		virus_only	7	0
A/OMS/544/1991		A	H3N2	1991		virus_only	6	0
A/OMS/7135/1989		A	H3N2	1989		virus_only	7	0
A/OMS/869/1992		A	H3N2	1992		virus_only	7	0
A/OMS/870/1992		A	H3N2	1992		virus_only	7	0
A/OMS/872/1992		A	H3N2	1992		virus_only	7	0
A/OMS/873/1992		A	H3N2	1992		virus_only	7	0
A/OMS/923/1991		A	H3N2	1991		virus_only	6	0
A/OMS/966/1991		A	H3N2	1991		virus_only	6	0
A/OMSK/06/2017		A	H3N2	2017		virus_only	12	0
A/OMSK/1/2012		A	H3N2	2012		virus_only	12	0
A/OMSK/1008V/2019		A	H3N2	2019		virus_only	8	0
A/OMSK/26/2015		A	H3N2	2015		virus_only	10	0
A/OMSK/32/2004		A	H3N2	2004		virus_only	6	0
A/OMSK/37/2004		A	H3N2	2004		virus_only	6	0
A/OMSK/4174/2016		A	H3N2	2016		virus_only	12	0
A/ORADEA/922/2004		A	H3N2	2004		virus_only	6	0
A/OREBRO/4/2009		A	H3N2	2009		virus_only	11	0
A/ORENSE/RR1559/2003		A	H3N2	2003		virus_only	6	0
A/ORENSE/RR1560/2003		A	H3N2	2003		virus_only	6	0
A/ORENSE/RR1779/2005		A	H3N2	2005		virus_only	17	0
A/ORENSE/RR1805/2005		A	H3N2	2005		virus_only	17	0
A/ORSHA/1450/2019		A	H3N2	2019		virus_only	8	0
A/OSAKA/1087/1993		A	H3N2	1993		virus_only	6	0
A/OSAKA/1088/1993		A	H3N2	1993		virus_only	6	0
A/OSAKA/1089/1993		A	H3N2	1993		virus_only	6	0
A/OSAKA/2396/1999		A	H3N2	1999		virus_only	6	0
A/OSAKA/29/2007		A	H3N2	2007		virus_only	10	0
A/OSAKA/32/2013		A	H3N2	2013		virus_only	9	0
A/OSAKA/C2/1992		A	H3N2	1992		virus_only	7	0
A/OSAKA/C70/2002		A	H3N2	2002		virus_only	6	0
A/OSAKAC/2003/2014		A	H3N2	2014		virus_only	20	0
A/OSLO/104/2003		A	H3N2	2003		virus_only	13	0
A/OSLO/105/1990		A	H3N2	1990		virus_only	7	0
A/OSLO/11071/2000		A	H3N2	2000		virus_only	6	0
A/OSLO/1126/2002		A	H3N2	2002		virus_only	6	0
A/OSLO/113/1992		A	H3N2	1992		virus_only	7	0
A/OSLO/11611/2000		A	H3N2	2000		virus_only	6	0
A/OSLO/11631/2000		A	H3N2	2000		virus_only	6	0
A/OSLO/11641/2000		A	H3N2	2000		virus_only	6	0
A/OSLO/12071/2000		A	H3N2	2000		virus_only	6	0
A/OSLO/1242/2002		A	H3N2	2002		virus_only	6	0
A/OSLO/12451/2000		A	H3N2	2000		virus_only	6	0
A/OSLO/12461/2000		A	H3N2	2000		virus_only	6	0
A/OSLO/125/1993		A	H3N2	1993		virus_only	15	0
A/OSLO/126/1998		A	H3N2	1998		virus_only	5	0
A/OSLO/12731/2000		A	H3N2	2000		virus_only	6	0
A/OSLO/12751/2000		A	H3N2	2000		virus_only	6	0
A/OSLO/130/1992		A	H3N2	1992		virus_only	6	0
A/OSLO/132/1992		A	H3N2	1992		virus_only	6	0
A/OSLO/133/1992		A	H3N2	1992		virus_only	6	0
A/OSLO/1354/1994		A	H3N2	1994		virus_only	6	0
A/OSLO/13691/2000		A	H3N2	2000		virus_only	6	0
A/OSLO/138/1990		A	H3N2	1990		virus_only	7	0
A/OSLO/142/1990		A	H3N2	1990		virus_only	7	0
A/OSLO/15041/2000		A	H3N2	2000		virus_only	6	0
A/OSLO/15081/2000		A	H3N2	2000		virus_only	6	0
A/OSLO/151/1992		A	H3N2	1992		virus_only	7	0
A/OSLO/1577/2003		A	H3N2	2003		virus_only	6	0
A/OSLO/158/2003		A	H3N2	2003		virus_only	7	0
A/OSLO/159/2003		A	H3N2	2003		virus_only	13	0
A/OSLO/161/1992		A	H3N2	1992		virus_only	7	0
A/OSLO/161/2003		A	H3N2	2003		virus_only	7	0
A/OSLO/164/1997		A	H3N2	1997		virus_only	5	0
A/OSLO/165/1997		A	H3N2	1997		virus_only	5	0
A/OSLO/168/1997		A	H3N2	1997		virus_only	5	0
A/OSLO/168/2003		A	H3N2	2003		virus_only	7	0
A/OSLO/171/2003		A	H3N2	2003		virus_only	7	0
A/OSLO/180/1992		A	H3N2	1992		virus_only	6	0
A/OSLO/1809/2002		A	H3N2	2002		virus_only	6	0
A/OSLO/183/1996		A	H3N2	1996		virus_only	13	0
A/OSLO/185/1992		A	H3N2	1992		virus_only	6	0
A/OSLO/185/1997		A	H3N2	1997		virus_only	5	0
A/OSLO/186/1992		A	H3N2	1992		virus_only	6	0
A/OSLO/1877/2003		A	H3N2	2003		virus_only	6	0
A/OSLO/194/1997		A	H3N2	1997		virus_only	5	0
A/OSLO/197/1998		A	H3N2	1998		virus_only	5	0
A/OSLO/2081/1999		A	H3N2	1999		virus_only	5	0
A/OSLO/20881/2000		A	H3N2	2000		virus_only	6	0
A/OSLO/2101/1998		A	H3N2	1998		virus_only	5	0
A/OSLO/2130/1999		A	H3N2	1999		virus_only	6	0
A/OSLO/2137/1999		A	H3N2	1999		virus_only	6	0
A/OSLO/2139/1996		A	H3N2	1996		virus_only	6	0
A/OSLO/2162/1993		A	H3N2	1993		virus_only	6	0
A/OSLO/217/1992		A	H3N2	1992		virus_only	6	0
A/OSLO/217/1998		A	H3N2	1998		virus_only	5	0
A/OSLO/2179/1993		A	H3N2	1993		virus_only	4	0
A/OSLO/219/1998		A	H3N2	1998		virus_only	5	0
A/OSLO/2212/1993		A	H3N2	1993		virus_only	5	0
A/OSLO/2213/1993		A	H3N2	1993		virus_only	4	0
A/OSLO/2214/1993		A	H3N2	1993		virus_only	6	0
A/OSLO/2215/1993		A	H3N2	1993		virus_only	6	0
A/OSLO/2216/1993		A	H3N2	1993		virus_only	4	0
A/OSLO/2217/1993		A	H3N2	1993		virus_only	6	0
A/OSLO/2218/1993		A	H3N2	1993		virus_only	6	0
A/OSLO/2219/1993		A	H3N2	1993		virus_only	5	0
A/OSLO/222/1992		A	H3N2	1992		virus_only	6	0
A/OSLO/2220/1993		A	H3N2	1993		virus_only	5	0
A/OSLO/2220/2003		A	H3N2	2003		virus_only	6	0
A/OSLO/2221/1993		A	H3N2	1993		virus_only	6	0
A/OSLO/2221/2003		A	H3N2	2003		virus_only	6	0
A/OSLO/2270/1993		A	H3N2	1993		virus_only	5	0
A/OSLO/2272/1993		A	H3N2	1993		virus_only	6	0
A/OSLO/229/1992		A	H3N2	1992		virus_only	6	0
A/OSLO/2316/1993		A	H3N2	1993		virus_only	6	0
A/OSLO/2327/1993		A	H3N2	1993		virus_only	6	0
A/OSLO/2350/1993		A	H3N2	1993		virus_only	6	0
A/OSLO/2351/1993		A	H3N2	1993		virus_only	5	0
A/OSLO/2352/1993		A	H3N2	1993		virus_only	5	0
A/OSLO/2353/1993		A	H3N2	1993		virus_only	6	0
A/OSLO/2355/1993		A	H3N2	1993		virus_only	6	0
A/OSLO/2356/1993		A	H3N2	1993		virus_only	6	0
A/OSLO/2365/1993		A	H3N2	1993		virus_only	6	0
A/OSLO/2407/1993		A	H3N2	1993		virus_only	6	0
A/OSLO/2409/1993		A	H3N2	1993		virus_only	6	0
A/OSLO/242/2003		A	H3N2	2003		virus_only	6	0
A/OSLO/2424/1993		A	H3N2	1993		virus_only	6	0
A/OSLO/2425/1993		A	H3N2	1993		virus_only	6	0
A/OSLO/2426/1993		A	H3N2	1993		virus_only	4	0
A/OSLO/244/1997		A	H3N2	1997		virus_only	5	0
A/OSLO/2463/1993		A	H3N2	1993		virus_only	6	0
A/OSLO/2501/1999		A	H3N2	1999		virus_only	6	0
A/OSLO/2512/1999		A	H3N2	1999		virus_only	6	0
A/OSLO/252/1998		A	H3N2	1998		virus_only	5	0
A/OSLO/2527/1993		A	H3N2	1993		virus_only	6	0
A/OSLO/2589/1993		A	H3N2	1993		virus_only	6	0
A/OSLO/260/1992		A	H3N2	1992		virus_only	6	0
A/OSLO/263/1992		A	H3N2	1992		virus_only	6	0
A/OSLO/263/1997		A	H3N2	1997		virus_only	5	0
A/OSLO/265/1998		A	H3N2	1998		virus_only	5	0
A/OSLO/2650/2002		A	H3N2	2002		virus_only	6	0
A/OSLO/266/1990		A	H3N2	1990		virus_only	7	0
A/OSLO/267/1998		A	H3N2	1998		virus_only	5	0
A/OSLO/268/1998		A	H3N2	1998		virus_only	5	0
A/OSLO/269/1995		A	H3N2	1995		virus_only	6	0
A/OSLO/269/1996		A	H3N2	1996		virus_only	7	0
A/OSLO/274/1998		A	H3N2	1998		virus_only	5	0
A/OSLO/275/1998		A	H3N2	1998		virus_only	5	0
A/OSLO/2761/1995		A	H3N2	1995		virus_only	6	0
A/OSLO/277/1998		A	H3N2	1998		virus_only	10	0
A/OSLO/2792/1995		A	H3N2	1995		virus_only	6	0
A/OSLO/2798/1995		A	H3N2	1995		virus_only	6	0
A/OSLO/280/1997		A	H3N2	1997		virus_only	5	0
A/OSLO/2801/1995		A	H3N2	1995		virus_only	6	0
A/OSLO/281/1998		A	H3N2	1998		virus_only	5	0
A/OSLO/283/1998		A	H3N2	1998		virus_only	5	0
A/OSLO/2832/1995		A	H3N2	1995		virus_only	6	0
A/OSLO/2834/1995		A	H3N2	1995		virus_only	6	0
A/OSLO/2845/1995		A	H3N2	1995		virus_only	6	0
A/OSLO/2847/1995		A	H3N2	1995		virus_only	6	0
A/OSLO/2856/1995		A	H3N2	1995		virus_only	6	0
A/OSLO/2857/1995		A	H3N2	1995		virus_only	6	0
A/OSLO/2858/1995		A	H3N2	1995		virus_only	6	0
A/OSLO/2863/1995		A	H3N2	1995		virus_only	6	0
A/OSLO/2867/1995		A	H3N2	1995		virus_only	6	0
A/OSLO/2877/1995		A	H3N2	1995		virus_only	6	0
A/OSLO/289/1993		A	H3N2	1993		virus_only	7	0
A/OSLO/290/2003		A	H3N2	2003		virus_only	6	0
A/OSLO/2902/1995		A	H3N2	1995		virus_only	5	0
A/OSLO/2904/1995		A	H3N2	1995		virus_only	5	0
A/OSLO/2906/1995		A	H3N2	1995		virus_only	5	0
A/OSLO/2908/1995		A	H3N2	1995		virus_only	5	0
A/OSLO/2910/1995		A	H3N2	1995		virus_only	6	0
A/OSLO/2914/1995		A	H3N2	1995		virus_only	6	0
A/OSLO/2928/1995		A	H3N2	1995		virus_only	5	0
A/OSLO/2932/1995		A	H3N2	1995		virus_only	5	0
A/OSLO/2937/1995		A	H3N2	1995		virus_only	6	0
A/OSLO/294/2003		A	H3N2	2003		virus_only	6	0
A/OSLO/2940/1991		A	H3N2	1991		virus_only	7	0
A/OSLO/2953/1995		A	H3N2	1995		virus_only	6	0
A/OSLO/2955/1995		A	H3N2	1995		virus_only	6	0
A/OSLO/2956/1995		A	H3N2	1995		virus_only	6	0
A/OSLO/2965/1995		A	H3N2	1995		virus_only	5	0
A/OSLO/2970/1991		A	H3N2	1991		virus_only	7	0
A/OSLO/2976/1991		A	H3N2	1991		virus_only	7	0
A/OSLO/2978/1991		A	H3N2	1991		virus_only	7	0
A/OSLO/2979/1995		A	H3N2	1995		virus_only	6	0
A/OSLO/2983/1991		A	H3N2	1991		virus_only	7	0
A/OSLO/2986/1991		A	H3N2	1991		virus_only	7	0
A/OSLO/2989/1995		A	H3N2	1995		virus_only	6	0
A/OSLO/2990/1995		A	H3N2	1995		virus_only	6	0
A/OSLO/2994/1991		A	H3N2	1991		virus_only	7	0
A/OSLO/2995/1991		A	H3N2	1991		virus_only	7	0
A/OSLO/2997/1991		A	H3N2	1991		virus_only	7	0
A/OSLO/3024/1995		A	H3N2	1995		virus_only	6	0
A/OSLO/3026/1995		A	H3N2	1995		virus_only	6	0
A/OSLO/303/1995		A	H3N2	1995		virus_only	6	0
A/OSLO/303/1996		A	H3N2	1996		virus_only	7	0
A/OSLO/3033/1995		A	H3N2	1995		virus_only	6	0
A/OSLO/3051/1991		A	H3N2	1991		virus_only	7	0
A/OSLO/3066/1995		A	H3N2	1995		virus_only	6	0
A/OSLO/3067/1995		A	H3N2	1995		virus_only	6	0
A/OSLO/3068/1995		A	H3N2	1995		virus_only	6	0
A/OSLO/307/1990		A	H3N2	1990		virus_only	7	0
A/OSLO/307/1992		A	H3N2	1992		virus_only	6	0
A/OSLO/3074/1991		A	H3N2	1991		virus_only	7	0
A/OSLO/3076/1995		A	H3N2	1995		virus_only	6	0
A/OSLO/3077/1995		A	H3N2	1995		virus_only	6	0
A/OSLO/3092/1995		A	H3N2	1995		virus_only	6	0
A/OSLO/3096/1991		A	H3N2	1991		virus_only	7	0
A/OSLO/3161/1999		A	H3N2	1999		virus_only	6	0
A/OSLO/3188/1995		A	H3N2	1995		virus_only	6	0
A/OSLO/321/1999		A	H3N2	1999		virus_only	6	0
A/OSLO/324/1999		A	H3N2	1999		virus_only	6	0
A/OSLO/326/1992		A	H3N2	1992		virus_only	6	0
A/OSLO/3275/1995		A	H3N2	1995		virus_only	6	0
A/OSLO/328/2003		A	H3N2	2003		virus_only	6	0
A/OSLO/331/1997		A	H3N2	1997		virus_only	6	0
A/OSLO/3381/1999		A	H3N2	1999		virus_only	6	0
A/OSLO/3385/2003		A	H3N2	2003		virus_only	8	0
A/OSLO/3391/2003		A	H3N2	2003		virus_only	8	0
A/OSLO/340/1997		A	H3N2	1997		virus_only	6	0
A/OSLO/341/2003		A	H3N2	2003		virus_only	6	0
A/OSLO/352/1997		A	H3N2	1997		virus_only	6	0
A/OSLO/356/2002		A	H3N2	2002		virus_only	8	0
A/OSLO/357/1998		A	H3N2	1998		virus_only	5	0
A/OSLO/360/1998		A	H3N2	1998		virus_only	5	0
A/OSLO/361/2003		A	H3N2	2003		virus_only	6	0
A/OSLO/366/2003		A	H3N2	2003		virus_only	6	0
A/OSLO/3671/2000		A	H3N2	2000		virus_only	5	0
A/OSLO/372/1990		A	H3N2	1990		virus_only	6	0
A/OSLO/379/1990		A	H3N2	1990		virus_only	6	0
A/OSLO/3791/2000		A	H3N2	2000		virus_only	5	0
A/OSLO/390/2003		A	H3N2	2003		virus_only	6	0
A/OSLO/393/1997		A	H3N2	1997		virus_only	6	0
A/OSLO/398/2002		A	H3N2	2002		virus_only	6	0
A/OSLO/404/1992		A	H3N2	1992		virus_only	6	0
A/OSLO/405/1992		A	H3N2	1992		virus_only	6	0
A/OSLO/405/2003		A	H3N2	2003		virus_only	6	0
A/OSLO/408/1992		A	H3N2	1992		virus_only	6	0
A/OSLO/437/2003		A	H3N2	2003		virus_only	6	0
A/OSLO/438/2003		A	H3N2	2003		virus_only	6	0
A/OSLO/4411/1999		A	H3N2	1999		virus_only	6	0
A/OSLO/445/2003		A	H3N2	2003		virus_only	6	0
A/OSLO/475/1995#CLONE2		A	H3N2			virus_only	6	0
A/OSLO/487/2003		A	H3N2	2003		virus_only	6	0
A/OSLO/5001/2000		A	H3N2	2000		virus_only	5	0
A/OSLO/5057/2003		A	H3N2	2003		virus_only	8	0
A/OSLO/5058/2003		A	H3N2	2003		virus_only	15	0
A/OSLO/517/1993		A	H3N2	1993		virus_only	7	0
A/OSLO/520/2002		A	H3N2	2002		virus_only	6	0
A/OSLO/5381/2000		A	H3N2	2000		virus_only	5	0
A/OSLO/541/1999		A	H3N2	1999		virus_only	5	0
A/OSLO/56/1992		A	H3N2	1992		virus_only	6	0
A/OSLO/5631/1999		A	H3N2	1999		virus_only	6	0
A/OSLO/564/1993		A	H3N2	1993		virus_only	7	0
A/OSLO/576/2003		A	H3N2	2003		virus_only	6	0
A/OSLO/5811/2002		A	H3N2	2002		virus_only	5	0
A/OSLO/60/1997		A	H3N2	1997		virus_only	5	0
A/OSLO/6021/2000		A	H3N2	2000		virus_only	5	0
A/OSLO/613/2003		A	H3N2	2003		virus_only	6	0
A/OSLO/614/2003		A	H3N2	2003		virus_only	6	0
A/OSLO/633/1995		A	H3N2	1995		virus_only	6	0
A/OSLO/6391/2000		A	H3N2	2000		virus_only	5	0
A/OSLO/649/2003		A	H3N2	2003		virus_only	6	0
A/OSLO/664/2002		A	H3N2	2002		virus_only	6	0
A/OSLO/666/2002		A	H3N2	2002		virus_only	6	0
A/OSLO/667/2002		A	H3N2	2002		virus_only	6	0
A/OSLO/669/2002		A	H3N2	2002		virus_only	6	0
A/OSLO/67/1990		A	H3N2	1990		virus_only	7	0
A/OSLO/6706/2001		A	H3N2	2001		virus_only	8	0
A/OSLO/678/2003		A	H3N2	2003		virus_only	6	0
A/OSLO/679/2003		A	H3N2	2003		virus_only	6	0
A/OSLO/683/1998		A	H3N2	1998		virus_only	5	0
A/OSLO/696/1995		A	H3N2	1995		virus_only	6	0
A/OSLO/699/2002		A	H3N2	2002		virus_only	6	0
A/OSLO/711/1992		A	H3N2	1992		virus_only	7	0
A/OSLO/712/1992		A	H3N2	1992		virus_only	7	0
A/OSLO/713/1992		A	H3N2	1992		virus_only	7	0
A/OSLO/715/1992		A	H3N2	1992		virus_only	7	0
A/OSLO/716/1999		A	H3N2	1999		virus_only	5	0
A/OSLO/717/1992		A	H3N2	1992		virus_only	7	0
A/OSLO/717/1999		A	H3N2	1999		virus_only	5	0
A/OSLO/718/1999		A	H3N2	1999		virus_only	5	0
A/OSLO/719/1999		A	H3N2	1999		virus_only	5	0
A/OSLO/720/1999		A	H3N2	1999		virus_only	5	0
A/OSLO/724/2002		A	H3N2	2002		virus_only	6	0
A/OSLO/728/1998		A	H3N2	1998		virus_only	5	0
A/OSLO/732/1998		A	H3N2	1998		virus_only	5	0
A/OSLO/7411/1999		A	H3N2	1999		virus_only	6	0
A/OSLO/744/1993		A	H3N2	1993		virus_only	7	0
A/OSLO/748/1993		A	H3N2	1993		virus_only	7	0
A/OSLO/757/2002		A	H3N2	2002		virus_only	6	0
A/OSLO/76/1992		A	H3N2	1992		virus_only	7	0
A/OSLO/776/1992		A	H3N2	1992		virus_only	7	0
A/OSLO/778/1992		A	H3N2	1992		virus_only	7	0
A/OSLO/783/1993		A	H3N2	1993		virus_only	7	0
A/OSLO/790/1999		A	H3N2	1999		virus_only	5	0
A/OSLO/80/1990		A	H3N2	1990		virus_only	7	0
A/OSLO/8001/1999		A	H3N2	1999		virus_only	6	0
A/OSLO/807/2002		A	H3N2	2002		virus_only	6	0
A/OSLO/8151/1999		A	H3N2	1999		virus_only	6	0
A/OSLO/8181/1999		A	H3N2	1999		virus_only	6	0
A/OSLO/8211/1999		A	H3N2	1999		virus_only	6	0
A/OSLO/83/1992		A	H3N2	1992		virus_only	7	0
A/OSLO/84/1992		A	H3N2	1992		virus_only	7	0
A/OSLO/857/1998		A	H3N2	1998		virus_only	4	0
A/OSLO/859/1998		A	H3N2	1998		virus_only	4	0
A/OSLO/861/1998		A	H3N2	1998		virus_only	4	0
A/OSLO/863/1997		A	H3N2	1997		virus_only	5	0
A/OSLO/864/1997		A	H3N2	1997		virus_only	5	0
A/OSLO/877/1997		A	H3N2	1997		virus_only	5	0
A/OSLO/882/1997		A	H3N2	1997		virus_only	5	0
A/OSLO/887/2002		A	H3N2	2002		virus_only	6	0
A/OSLO/888/2002		A	H3N2	2002		virus_only	6	0
A/OSLO/936/1999		A	H3N2	1999		virus_only	5	0
A/OSLO/950/1995		A	H3N2	1995		virus_only	5	0
A/OSLO/96/1998		A	H3N2	1998		virus_only	6	0
A/OSLO/999/1997		A	H3N2	1997		virus_only	10	0
A/OSLO/Z1801/1999		A	H3N2	1999		virus_only	6	0
A/OSTRAVA/314/1993		A	H3N2	1993		virus_only	7	0
A/OSTRAVA/37/2009		A	H3N2	2009		virus_only	8	0
A/OSTRAVA/44/2000		A	H3N2	2000		virus_only	6	0
A/OSTRAVA/45/2000		A	H3N2	2000		virus_only	6	0
A/OSTRAVA/46/2000		A	H3N2	2000		virus_only	6	0
A/OSTRAVA/48/2000		A	H3N2	2000		virus_only	6	0
A/OSTRAVA/5/2007		A	H3N2	2007		virus_only	10	0
A/OUJDA/144H/2011		A	H3N2	2011		virus_only	9	0
A/OUJDA/238/2004		A	H3N2	2004		virus_only	9	0
A/OUJDA/424/2005		A	H3N2	2005		virus_only	9	0
A/OVIEDO/5152/1993		A	H3N2	1993		virus_only	7	0
A/OVIEDO/5255/1993		A	H3N2	1993		virus_only	5	0
A/OVIEDO/5505/1993		A	H3N2	1993		virus_only	6	0
A/OVIEDO/5545/1993		A	H3N2	1993		virus_only	6	0
A/OVIEDO/5741/1995		A	H3N2	1995		virus_only	6	0
A/OVIEDO/5893/1995		A	H3N2	1995		virus_only	6	0
A/OVIEDO/D478/1995		A	H3N2	1995		virus_only	5	0
A/OVIEDO/RR605/2000		A	H3N2	2000		virus_only	6	0
A/PADOVA/1/2008		A	H3N2	2008		virus_only	9	0
A/PADOVA/1/2009		A	H3N2	2009		virus_only	9	0
A/PADOVA/17/2016		A	H3N2	2016		virus_only	12	0
A/PADOVA/2/2009		A	H3N2	2009		virus_only	9	0
A/PADOVA/3/2009		A	H3N2	2009		virus_only	9	0
A/PADOVA/4/2009		A	H3N2	2009		virus_only	9	0
A/PAISVASCO/131532/2013		A	H3N2	2013		virus_only	9	0
A/PAISVASCO/1403/2013		A	H3N2	2013		virus_only	9	0
A/PAISVASCO/1979/2014		A	H3N2	2014		virus_only	10	0
A/PAISVASCO/722/2015		A	H3N2	2015		virus_only	22	0
A/PAISVASCO/RR8716/2011		A	H3N2	2011		virus_only	9	0
A/PAISVASCO/RR8864/2011		A	H3N2	2011		virus_only	8	0
A/PAISVASCO/RR8867/2011		A	H3N2	2011		virus_only	9	0
A/PALAU/6759/2014@NIBHGR		A	H3N2			virus_only	20	0
A/PALENCIA/10/1995		A	H3N2	1995		virus_only	6	0
A/PALENCIA/11/1996		A	H3N2	1996		virus_only	5	0
A/PALENCIA/11/2002		A	H3N2	2002		virus_only	8	0
A/PALENCIA/12/1996		A	H3N2	1996		virus_only	5	0
A/PALENCIA/15/1996		A	H3N2	1996		virus_only	5	0
A/PALENCIA/19/1996		A	H3N2	1996		virus_only	5	0
A/PALENCIA/2/1998		A	H3N2	1998		virus_only	6	0
A/PALENCIA/2/2000		A	H3N2	2000		virus_only	6	0
A/PALENCIA/2/2009		A	H3N2	2009		virus_only	17	0
A/PALENCIA/20/1998		A	H3N2	1998		virus_only	5	0
A/PALENCIA/20/2019		A	H3N2	2019		virus_only	8	0
A/PALENCIA/3/1995		A	H3N2	1995		virus_only	10	0
A/PALENCIA/3/2000		A	H3N2	2000		virus_only	6	0
A/PALENCIA/32/1999		A	H3N2	1999		virus_only	6	0
A/PALENCIA/35/1999		A	H3N2	1999		virus_only	5	0
A/PALENCIA/39/1995		A	H3N2	1995		virus_only	6	0
A/PALENCIA/5/1995		A	H3N2	1995		virus_only	5	0
A/PALENCIA/55/1999		A	H3N2	1999		virus_only	6	0
A/PALENCIA/56/1999		A	H3N2	1999		virus_only	6	0
A/PALENCIA/60/1999		A	H3N2	1999		virus_only	6	0
A/PALENCIA/61/1999		A	H3N2	1999		virus_only	6	0
A/PALERMO/1/2016		A	H3N2	2016		virus_only	12	0
A/PALERMO/10/2008		A	H3N2	2008		virus_only	9	0
A/PALERMO/11/2008		A	H3N2	2008		virus_only	9	0
A/PALERMO/12/2019		A	H3N2	2019		virus_only	1	0
A/PALERMO/13/2019		A	H3N2	2019		virus_only	7	0
A/PALERMO/20/2019		A	H3N2	2019		virus_only	2	0
A/PALERMO/327/2018		A	H3N2	2018		virus_only	8	0
A/PALERMO/6/2016		A	H3N2	2016		virus_only	12	0
A/PALMADEMALLORCA/RR576/1999		A	H3N2	1999		virus_only	6	0
A/PALMADEMALLORCA/RR596/1999		A	H3N2	1999		virus_only	6	0
A/PANAMA/307149/2010		A	H3N2	2010		virus_only	11	0
A/PANCEVO/1148/2012		A	H3N2	2012		virus_only	10	0
A/PARDUBICE/46/2009		A	H3N2	2009		virus_only	8	0
A/PARDUBICE/7/2012		A	H3N2	2012		virus_only	10	0
A/PARIS/0010/1998		A	H3N2	1998		virus_only	10	0
A/PARIS/0011/1998		A	H3N2	1998		virus_only	10	0
A/PARIS/0028/1998		A	H3N2	1998		virus_only	5	0
A/PARIS/003/2008		A	H3N2	2008		virus_only	8	0
A/PARIS/0137/1998		A	H3N2	1998		virus_only	5	0
A/PARIS/0179/1998		A	H3N2	1998		virus_only	5	0
A/PARIS/0207/2002		A	H3N2	2002		virus_only	5	0
A/PARIS/0259/2007		A	H3N2	2007		virus_only	10	0
A/PARIS/0262/1998		A	H3N2	1998		virus_only	5	0
A/PARIS/0267/2007		A	H3N2	2007		virus_only	10	0
A/PARIS/029/2019		A	H3N2	2019		virus_only	9	0
A/PARIS/0321/1999		A	H3N2	1999		virus_only	7	0
A/PARIS/0358/2007		A	H3N2	2007		virus_only	10	0
A/PARIS/0421/2007		A	H3N2	2007		virus_only	10	0
A/PARIS/0614/1999		A	H3N2	1999		virus_only	7	0
A/PARIS/0616/2003		A	H3N2	2003		virus_only	6	0
A/PARIS/0653/2007		A	H3N2	2007		virus_only	10	0
A/PARIS/0718/1999		A	H3N2	1999		virus_only	7	0
A/PARIS/0764/1999		A	H3N2	1999		virus_only	7	0
A/PARIS/0767/1999		A	H3N2	1999		virus_only	7	0
A/PARIS/0829/1999		A	H3N2	1999		virus_only	5	0
A/PARIS/0850/1999		A	H3N2	1999		virus_only	7	0
A/PARIS/0865/1999		A	H3N2	1999		virus_only	5	0
A/PARIS/0919/1999		A	H3N2	1999		virus_only	5	0
A/PARIS/0945/1999		A	H3N2	1999		virus_only	5	0
A/PARIS/0964/1999		A	H3N2	1999		virus_only	5	0
A/PARIS/1000/1994		A	H3N2	1994		virus_only	6	0
A/PARIS/1001/1994		A	H3N2	1994		virus_only	6	0
A/PARIS/1004/1994		A	H3N2	1994		virus_only	6	0
A/PARIS/1005/1994		A	H3N2	1994		virus_only	6	0
A/PARIS/1006/2004		A	H3N2	2004		virus_only	6	0
A/PARIS/1007/1994		A	H3N2	1994		virus_only	6	0
A/PARIS/1008/1994		A	H3N2	1994		virus_only	6	0
A/PARIS/1008/2007		A	H3N2	2007		virus_only	10	0
A/PARIS/1013/1994		A	H3N2	1994		virus_only	6	0
A/PARIS/1014/1994		A	H3N2	1994		virus_only	6	0
A/PARIS/1023/2017		A	H3N2	2017		virus_only	8	0
A/PARIS/1025/1998		A	H3N2	1998		virus_only	5	0
A/PARIS/105/2019		A	H3N2	2019		virus_only	8	0
A/PARIS/1059/2005		A	H3N2	2005		virus_only	7	0
A/PARIS/107/2004		A	H3N2	2004		virus_only	9	0
A/PARIS/108/1995		A	H3N2	1995		virus_only	6	0
A/PARIS/1080/1999		A	H3N2	1999		virus_only	5	0
A/PARIS/1080/2004		A	H3N2	2004		virus_only	6	0
A/PARIS/110/1995		A	H3N2	1995		virus_only	6	0
A/PARIS/1103/1994		A	H3N2	1994		virus_only	6	0
A/PARIS/1105/1994		A	H3N2	1994		virus_only	6	0
A/PARIS/1109/1994		A	H3N2	1994		virus_only	6	0
A/PARIS/1112/1994		A	H3N2	1994		virus_only	6	0
A/PARIS/1112/2008		A	H3N2	2008		virus_only	20	0
A/PARIS/1115/1994		A	H3N2	1994		virus_only	6	0
A/PARIS/1119/2005		A	H3N2	2005		virus_only	7	0
A/PARIS/1122/1994		A	H3N2	1994		virus_only	6	0
A/PARIS/1124/2014		A	H3N2	2014		virus_only	9	0
A/PARIS/1145/2017		A	H3N2	2017		virus_only	7	0
A/PARIS/115/2007		A	H3N2	2007		virus_only	10	0
A/PARIS/116/1999		A	H3N2	1999		virus_only	10	0
A/PARIS/1162/1994		A	H3N2	1994		virus_only	6	0
A/PARIS/1166/1994		A	H3N2	1994		virus_only	6	0
A/PARIS/1170/2004		A	H3N2	2004		virus_only	6	0
A/PARIS/1175/1999		A	H3N2	1999		virus_only	5	0
A/PARIS/1177/2004		A	H3N2	2004		virus_only	6	0
A/PARIS/1189/2005		A	H3N2	2005		virus_only	7	0
A/PARIS/1197/2005		A	H3N2	2005		virus_only	7	0
A/PARIS/1203/1994		A	H3N2	1994		virus_only	6	0
A/PARIS/1213/1998#ORIGINAL		A	H3N2			virus_only	5	0
A/PARIS/123/1996		A	H3N2	1996		virus_only	5	0
A/PARIS/1252/2000		A	H3N2	2000		virus_only	7	0
A/PARIS/1254/1993		A	H3N2	1993		virus_only	8	0
A/PARIS/1256/2005		A	H3N2	2005		virus_only	7	0
A/PARIS/1258/2007		A	H3N2	2007		virus_only	10	0
A/PARIS/1268/2014		A	H3N2	2014		virus_only	9	0
A/PARIS/130/2008		A	H3N2	2008		virus_only	8	0
A/PARIS/1310/1999		A	H3N2	1999		virus_only	5	0
A/PARIS/1315/2001		A	H3N2	2001		virus_only	6	0
A/PARIS/1317/1993		A	H3N2	1993		virus_only	8	0
A/PARIS/133/1996		A	H3N2	1996		virus_only	5	0
A/PARIS/1336/1999		A	H3N2	1999		virus_only	5	0
A/PARIS/1348/1993		A	H3N2	1993		virus_only	8	0
A/PARIS/1350/1993		A	H3N2	1993		virus_only	8	0
A/PARIS/1352/1993		A	H3N2	1993		virus_only	8	0
A/PARIS/1381/2004		A	H3N2	2004		virus_only	6	0
A/PARIS/1394/2004		A	H3N2	2004		virus_only	6	0
A/PARIS/1395/2004		A	H3N2	2004		virus_only	6	0
A/PARIS/1396/2004		A	H3N2	2004		virus_only	6	0
A/PARIS/1417/2004		A	H3N2	2004		virus_only	6	0
A/PARIS/1421/2008		A	H3N2	2008		virus_only	20	0
A/PARIS/1451/2004		A	H3N2	2004		virus_only	6	0
A/PARIS/1462/2004		A	H3N2	2004		virus_only	6	0
A/PARIS/1498/2004		A	H3N2	2004		virus_only	6	0
A/PARIS/1509/2007		A	H3N2	2007		virus_only	10	0
A/PARIS/1511/2004		A	H3N2	2004		virus_only	6	0
A/PARIS/1514/2005		A	H3N2	2005		virus_only	7	0
A/PARIS/1516/2013		A	H3N2	2013		virus_only	9	0
A/PARIS/153/1996		A	H3N2	1996		virus_only	5	0
A/PARIS/156/2003		A	H3N2	2003		virus_only	6	0
A/PARIS/1565/1997		A	H3N2	1997		virus_only	6	0
A/PARIS/1610/2005		A	H3N2	2005		virus_only	7	0
A/PARIS/1616/2004		A	H3N2	2004		virus_only	6	0
A/PARIS/1651/2012		A	H3N2	2012		virus_only	11	0
A/PARIS/1654/2012		A	H3N2	2012		virus_only	55	0
A/PARIS/166/1999		A	H3N2	1999		virus_only	5	0
A/PARIS/1682/2007		A	H3N2	2007		virus_only	8	0
A/PARIS/1697/2005		A	H3N2	2005		virus_only	7	0
A/PARIS/17/1995		A	H3N2	1995		virus_only	14	0
A/PARIS/170/2003		A	H3N2	2003		virus_only	6	0
A/PARIS/171/1999		A	H3N2	1999		virus_only	5	0
A/PARIS/1716/2007		A	H3N2	2007		virus_only	10	0
A/PARIS/1729/2009		A	H3N2	2009		virus_only	9	0
A/PARIS/1730/2009		A	H3N2	2009		virus_only	9	0
A/PARIS/1731/2009		A	H3N2	2009		virus_only	9	0
A/PARIS/1734/2005		A	H3N2	2005		virus_only	19	0
A/PARIS/1734/2009		A	H3N2	2009		virus_only	9	0
A/PARIS/1735/2009		A	H3N2	2009		virus_only	9	0
A/PARIS/1736/2009		A	H3N2	2009		virus_only	9	0
A/PARIS/1739/2004		A	H3N2	2004		virus_only	6	0
A/PARIS/174/1996		A	H3N2	1996		virus_only	5	0
A/PARIS/1744/2011		A	H3N2	2011		virus_only	9	0
A/PARIS/1748/2009		A	H3N2	2009		virus_only	9	0
A/PARIS/1751/2009		A	H3N2	2009		virus_only	9	0
A/PARIS/1753/2009		A	H3N2	2009		virus_only	9	0
A/PARIS/1760/2009		A	H3N2	2009		virus_only	9	0
A/PARIS/177/1997		A	H3N2	1997		virus_only	5	0
A/PARIS/1818/2005		A	H3N2	2005		virus_only	7	0
A/PARIS/183/1996		A	H3N2	1996		virus_only	5	0
A/PARIS/1838/2010		A	H3N2	2010		virus_only	8	0
A/PARIS/1843/2010		A	H3N2	2010		virus_only	8	0
A/PARIS/1844/2010		A	H3N2	2010		virus_only	7	0
A/PARIS/1846/2014		A	H3N2	2014		virus_only	14	0
A/PARIS/188/1996		A	H3N2	1996		virus_only	5	0
A/PARIS/188/2008		A	H3N2	2008		virus_only	8	0
A/PARIS/1889/2006		A	H3N2	2006		virus_only	9	0
A/PARIS/1896/2010		A	H3N2	2010		virus_only	8	0
A/PARIS/19/1995		A	H3N2	1995		virus_only	14	0
A/PARIS/1907/2000		A	H3N2	2000		virus_only	7	0
A/PARIS/1909/2008		A	H3N2	2008		virus_only	20	0
A/PARIS/191/1999		A	H3N2	1999		virus_only	5	0
A/PARIS/1912/2012		A	H3N2	2012		virus_only	55	0
A/PARIS/1913/2000		A	H3N2	2000		virus_only	7	0
A/PARIS/1966/2012		A	H3N2	2012		virus_only	55	0
A/PARIS/1971/2014		A	H3N2	2014		virus_only	10	0
A/PARIS/198/2008		A	H3N2	2008		virus_only	8	0
A/PARIS/1988/2012		A	H3N2	2012		virus_only	55	0
A/PARIS/200/2008		A	H3N2	2008		virus_only	8	0
A/PARIS/2013/2011		A	H3N2	2011		virus_only	9	0
A/PARIS/2024/2000		A	H3N2	2000		virus_only	7	0
A/PARIS/203/2003		A	H3N2	2003		virus_only	6	0
A/PARIS/2030/2006		A	H3N2	2006		virus_only	9	0
A/PARIS/2030/2008		A	H3N2	2008		virus_only	20	0
A/PARIS/2031/2010		A	H3N2	2010		virus_only	8	0
A/PARIS/2031/2013		A	H3N2	2013		virus_only	9	0
A/PARIS/2097/2011		A	H3N2	2011		virus_only	8	0
A/PARIS/210/1999		A	H3N2	1999		virus_only	5	0
A/PARIS/2100/2011		A	H3N2	2011		virus_only	8	0
A/PARIS/2106/2010		A	H3N2	2010		virus_only	8	0
A/PARIS/2109/2006		A	H3N2	2006		virus_only	9	0
A/PARIS/2114/2011		A	H3N2	2011		virus_only	8	0
A/PARIS/2116/2011		A	H3N2	2011		virus_only	8	0
A/PARIS/2119/2010		A	H3N2	2010		virus_only	8	0
A/PARIS/2120/2010		A	H3N2	2010		virus_only	8	0
A/PARIS/2133/2011		A	H3N2	2011		virus_only	8	0
A/PARIS/2154/2011		A	H3N2	2011		virus_only	7	0
A/PARIS/2168/2008		A	H3N2	2008		virus_only	20	0
A/PARIS/2174/2010		A	H3N2	2010		virus_only	8	0
A/PARIS/220/2002		A	H3N2	2002		virus_only	8	0
A/PARIS/2206/2008		A	H3N2	2008		virus_only	20	0
A/PARIS/2208/2006		A	H3N2	2006		virus_only	9	0
A/PARIS/221/1996		A	H3N2	1996		virus_only	5	0
A/PARIS/222/2008		A	H3N2	2008		virus_only	8	0
A/PARIS/2260/2010		A	H3N2	2010		virus_only	8	0
A/PARIS/2291/2010		A	H3N2	2010		virus_only	8	0
A/PARIS/2304/2014		A	H3N2	2014		virus_only	10	0
A/PARIS/2306/2014		A	H3N2	2014		virus_only	10	0
A/PARIS/2332/2014		A	H3N2	2014		virus_only	10	0
A/PARIS/2337/2014		A	H3N2	2014		virus_only	10	0
A/PARIS/249/1999		A	H3N2	1999		virus_only	5	0
A/PARIS/2511/2018		A	H3N2	2018		virus_only	9	0
A/PARIS/2513/2018		A	H3N2	2018		virus_only	9	0
A/PARIS/2538/2018		A	H3N2	2018		virus_only	9	0
A/PARIS/2544/2018		A	H3N2	2018		virus_only	9	0
A/PARIS/256/1995		A	H3N2	1995		virus_only	6	0
A/PARIS/257/2008		A	H3N2	2008		virus_only	8	0
A/PARIS/2572/2018		A	H3N2	2018		virus_only	9	0
A/PARIS/263/2008		A	H3N2	2008		virus_only	8	0
A/PARIS/2671/2018		A	H3N2	2018		virus_only	9	0
A/PARIS/268/1996		A	H3N2	1996		virus_only	5	0
A/PARIS/27/2012		A	H3N2	2012		virus_only	8	0
A/PARIS/271/1995		A	H3N2	1995		virus_only	7	0
A/PARIS/287/1993		A	H3N2	1993		virus_only	7	0
A/PARIS/287/1994		A	H3N2	1994		virus_only	6	0
A/PARIS/288/2008		A	H3N2	2008		virus_only	8	0
A/PARIS/294/2003		A	H3N2	2003		virus_only	6	0
A/PARIS/297/2007		A	H3N2	2007		virus_only	10	0
A/PARIS/298/1999		A	H3N2	1999		virus_only	5	0
A/PARIS/303/2008		A	H3N2	2008		virus_only	8	0
A/PARIS/322/2002		A	H3N2	2002		virus_only	8	0
A/PARIS/323/2007		A	H3N2	2007		virus_only	10	0
A/PARIS/334/2003		A	H3N2	2003		virus_only	6	0
A/PARIS/340/2012		A	H3N2	2012		virus_only	10	0
A/PARIS/341/2003		A	H3N2	2003		virus_only	6	0
A/PARIS/348/2003		A	H3N2	2003		virus_only	6	0
A/PARIS/360/1999		A	H3N2	1999		virus_only	5	0
A/PARIS/375/2003		A	H3N2	2003		virus_only	6	0
A/PARIS/383/2003		A	H3N2	2003		virus_only	6	0
A/PARIS/3873/2009		A	H3N2	2009		virus_only	9	0
A/PARIS/39/1999		A	H3N2	1999		virus_only	5	0
A/PARIS/395/2007		A	H3N2	2007		virus_only	10	0
A/PARIS/414/2002		A	H3N2	2002		virus_only	8	0
A/PARIS/415/1995		A	H3N2	1995		virus_only	7	0
A/PARIS/415/2002		A	H3N2	2002		virus_only	8	0
A/PARIS/416/2003		A	H3N2	2003		virus_only	6	0
A/PARIS/422/2004		A	H3N2	2004		virus_only	9	0
A/PARIS/423/2002		A	H3N2	2002		virus_only	8	0
A/PARIS/423/2004		A	H3N2	2004		virus_only	9	0
A/PARIS/427/2004		A	H3N2	2004		virus_only	9	0
A/PARIS/429/2003		A	H3N2	2003		virus_only	6	0
A/PARIS/43/1996		A	H3N2	1996		virus_only	5	0
A/PARIS/430/1995		A	H3N2	1995		virus_only	7	0
A/PARIS/442/1995		A	H3N2	1995		virus_only	7	0
A/PARIS/443/1995		A	H3N2	1995		virus_only	6	0
A/PARIS/444/2002		A	H3N2	2002		virus_only	8	0
A/PARIS/446/1995		A	H3N2	1995		virus_only	7	0
A/PARIS/447/2004		A	H3N2	2004		virus_only	9	0
A/PARIS/449/2008		A	H3N2	2008		virus_only	8	0
A/PARIS/450/1996		A	H3N2	1996		virus_only	5	0
A/PARIS/453/1998#ORIGINAL		A	H3N2			virus_only	5	0
A/PARIS/455/2002		A	H3N2	2002		virus_only	8	0
A/PARIS/457/2002		A	H3N2	2002		virus_only	8	0
A/PARIS/458/2007		A	H3N2	2007		virus_only	10	0
A/PARIS/458/2008		A	H3N2	2008		virus_only	8	0
A/PARIS/4596/2009		A	H3N2	2009		virus_only	9	0
A/PARIS/460/2002		A	H3N2	2002		virus_only	8	0
A/PARIS/462/2002		A	H3N2	2002		virus_only	8	0
A/PARIS/476/2008		A	H3N2	2008		virus_only	8	0
A/PARIS/478/2007		A	H3N2	2007		virus_only	10	0
A/PARIS/481/2005		A	H3N2	2005		virus_only	10	0
A/PARIS/513/2008		A	H3N2	2008		virus_only	8	0
A/PARIS/518/2007		A	H3N2	2007		virus_only	10	0
A/PARIS/522/1998#ORIGINAL		A	H3N2			virus_only	5	0
A/PARIS/523/1999		A	H3N2	1999		virus_only	5	0
A/PARIS/523/2007		A	H3N2	2007		virus_only	10	0
A/PARIS/524/1998#ORIGINAL		A	H3N2			virus_only	5	0
A/PARIS/526/1998#ORIGINAL		A	H3N2			virus_only	5	0
A/PARIS/532/1998#ORIGINAL		A	H3N2			virus_only	5	0
A/PARIS/547/1998#ORIGINAL		A	H3N2			virus_only	5	0
A/PARIS/548/1994		A	H3N2	1994		virus_only	6	0
A/PARIS/549/2007		A	H3N2	2007		virus_only	10	0
A/PARIS/550/1994		A	H3N2	1994		virus_only	6	0
A/PARIS/557/1994		A	H3N2	1994		virus_only	6	0
A/PARIS/557/2007		A	H3N2	2007		virus_only	10	0
A/PARIS/561/2003		A	H3N2	2003		virus_only	6	0
A/PARIS/568/2003		A	H3N2	2003		virus_only	6	0
A/PARIS/572/1996		A	H3N2	1996		virus_only	5	0
A/PARIS/572/2004		A	H3N2	2004		virus_only	9	0
A/PARIS/5870/2009		A	H3N2	2009		virus_only	9	0
A/PARIS/596/1995		A	H3N2	1995		virus_only	6	0
A/PARIS/597/1995		A	H3N2	1995		virus_only	6	0
A/PARIS/598/1998#ORIGINAL		A	H3N2			virus_only	5	0
A/PARIS/6047/2009		A	H3N2	2009		virus_only	9	0
A/PARIS/607/2007		A	H3N2	2007		virus_only	20	0
A/PARIS/612/2003		A	H3N2	2003		virus_only	6	0
A/PARIS/616/1999		A	H3N2	1999		virus_only	5	0
A/PARIS/631/1995		A	H3N2	1995		virus_only	6	0
A/PARIS/632/1995		A	H3N2	1995		virus_only	6	0
A/PARIS/635/2004		A	H3N2	2004		virus_only	9	0
A/PARIS/637/2003		A	H3N2	2003		virus_only	6	0
A/PARIS/651/2005		A	H3N2	2005		virus_only	7	0
A/PARIS/652/2007		A	H3N2	2007		virus_only	20	0
A/PARIS/654/1995		A	H3N2	1995		virus_only	6	0
A/PARIS/659/1994		A	H3N2	1994		virus_only	6	0
A/PARIS/659/2004		A	H3N2	2004		virus_only	9	0
A/PARIS/661/1994		A	H3N2	1994		virus_only	6	0
A/PARIS/662/1995		A	H3N2	1995		virus_only	6	0
A/PARIS/67/1995		A	H3N2	1995		virus_only	6	0
A/PARIS/676/1999		A	H3N2	1999		virus_only	5	0
A/PARIS/676/2001		A	H3N2	2001		virus_only	6	0
A/PARIS/679/2008		A	H3N2	2008		virus_only	8	0
A/PARIS/68/1996		A	H3N2	1996		virus_only	5	0
A/PARIS/699/2007		A	H3N2	2007		virus_only	10	0
A/PARIS/7/2012		A	H3N2	2012		virus_only	8	0
A/PARIS/700/1996		A	H3N2	1996		virus_only	5	0
A/PARIS/707/1994		A	H3N2	1994		virus_only	6	0
A/PARIS/71/1996		A	H3N2	1996		virus_only	5	0
A/PARIS/716/2007		A	H3N2	2007		virus_only	10	0
A/PARIS/72/1996		A	H3N2	1996		virus_only	5	0
A/PARIS/724/1994		A	H3N2	1994		virus_only	6	0
A/PARIS/73/1996		A	H3N2	1996		virus_only	5	0
A/PARIS/731/1994		A	H3N2	1994		virus_only	6	0
A/PARIS/734/1994		A	H3N2	1994		virus_only	6	0
A/PARIS/734/2008		A	H3N2	2008		virus_only	8	0
A/PARIS/737/1995		A	H3N2	1995		virus_only	6	0
A/PARIS/739/1995		A	H3N2	1995		virus_only	6	0
A/PARIS/739/1999		A	H3N2	1999		virus_only	5	0
A/PARIS/741/1994		A	H3N2	1994		virus_only	6	0
A/PARIS/741/2008		A	H3N2	2008		virus_only	8	0
A/PARIS/745/1994		A	H3N2	1994		virus_only	6	0
A/PARIS/746/1994		A	H3N2	1994		virus_only	6	0
A/PARIS/746/1995		A	H3N2	1995		virus_only	6	0
A/PARIS/747/1994		A	H3N2	1994		virus_only	6	0
A/PARIS/747/1995		A	H3N2	1995		virus_only	6	0
A/PARIS/75/1996		A	H3N2	1996		virus_only	5	0
A/PARIS/751/1995		A	H3N2	1995		virus_only	6	0
A/PARIS/753/1995		A	H3N2	1995		virus_only	6	0
A/PARIS/754/1994		A	H3N2	1994		virus_only	6	0
A/PARIS/756/1994		A	H3N2	1994		virus_only	6	0
A/PARIS/756/2005		A	H3N2	2005		virus_only	7	0
A/PARIS/770/1995		A	H3N2	1995		virus_only	6	0
A/PARIS/770/1999		A	H3N2	1999		virus_only	5	0
A/PARIS/777/2008		A	H3N2	2008		virus_only	8	0
A/PARIS/779/1994		A	H3N2	1994		virus_only	6	0
A/PARIS/784/1995		A	H3N2	1995		virus_only	6	0
A/PARIS/788/1995		A	H3N2	1995		virus_only	6	0
A/PARIS/788/2002		A	H3N2	2002		virus_only	6	0
A/PARIS/80/1991		A	H3N2	1991		virus_only	12	0
A/PARIS/80/2007		A	H3N2	2007		virus_only	10	0
A/PARIS/803/2005		A	H3N2	2005		virus_only	7	0
A/PARIS/817/2008		A	H3N2	2008		virus_only	8	0
A/PARIS/82/1991		A	H3N2	1991		virus_only	12	0
A/PARIS/823/2007		A	H3N2	2007		virus_only	10	0
A/PARIS/827/1998#ORIGINAL		A	H3N2			virus_only	5	0
A/PARIS/853/2002		A	H3N2	2002		virus_only	6	0
A/PARIS/853/2005		A	H3N2	2005		virus_only	7	0
A/PARIS/861/2004		A	H3N2	2004		virus_only	6	0
A/PARIS/87/1991		A	H3N2	1991		virus_only	12	0
A/PARIS/87/1995		A	H3N2	1995		virus_only	6	0
A/PARIS/879/1998#ORIGINAL		A	H3N2			virus_only	5	0
A/PARIS/89/1996		A	H3N2	1996		virus_only	5	0
A/PARIS/893/1998#ORIGINAL		A	H3N2			virus_only	5	0
A/PARIS/895/2002		A	H3N2	2002		virus_only	6	0
A/PARIS/919/2012		A	H3N2	2012		virus_only	10	0
A/PARIS/92362170/2000		A	H3N2	2000		virus_only	7	0
A/PARIS/92364160/2000		A	H3N2	2000		virus_only	7	0
A/PARIS/924/2008		A	H3N2	2008		virus_only	20	0
A/PARIS/938/2004		A	H3N2	2004		virus_only	6	0
A/PARIS/944/2002		A	H3N2	2002		virus_only	6	0
A/PARIS/96/1996		A	H3N2	1996		virus_only	5	0
A/PARIS/972/2012		A	H3N2	2012		virus_only	10	0
A/PARIS/978/1994		A	H3N2	1994		virus_only	6	0
A/PARIS/98/1991		A	H3N2	1991		virus_only	12	0
A/PARIS/990/2007		A	H3N2	2007		virus_only	9	0
A/PARMA/01/2012		A	H3N2	2012		virus_only	5	0
A/PARMA/09/2012		A	H3N2	2012		virus_only	10	0
A/PARMA/1/1991		A	H3N2	1991		virus_only	6	0
A/PARMA/1/1992		A	H3N2	1992		virus_only	6	0
A/PARMA/1/1995		A	H3N2	1995		virus_only	6	0
A/PARMA/1/1996		A	H3N2	1996		virus_only	6	0
A/PARMA/1/1997		A	H3N2	1997		virus_only	9	0
A/PARMA/1/1998		A	H3N2	1998		virus_only	6	0
A/PARMA/1/1999		A	H3N2	1999		virus_only	6	0
A/PARMA/1/2000		A	H3N2	2000		virus_only	5	0
A/PARMA/1/2004		A	H3N2	2004		virus_only	6	0
A/PARMA/1/2005		A	H3N2	2005		virus_only	8	0
A/PARMA/1/2006		A	H3N2	2006		virus_only	10	0
A/PARMA/1/2014		A	H3N2	2014		virus_only	9	0
A/PARMA/10/1991		A	H3N2	1991		virus_only	6	0
A/PARMA/10/1995		A	H3N2	1995		virus_only	6	0
A/PARMA/10/1996		A	H3N2	1996		virus_only	9	0
A/PARMA/10/2005		A	H3N2	2005		virus_only	8	0
A/PARMA/104/2009		A	H3N2	2009		virus_only	9	0
A/PARMA/11/1991		A	H3N2	1991		virus_only	6	0
A/PARMA/11/1995		A	H3N2	1995		virus_only	6	0
A/PARMA/11/1997		A	H3N2	1997		virus_only	5	0
A/PARMA/11/2003		A	H3N2	2003		virus_only	5	0
A/PARMA/11/2005		A	H3N2	2005		virus_only	7	0
A/PARMA/113/2005		A	H3N2	2005		virus_only	7	0
A/PARMA/12/1991		A	H3N2	1991		virus_only	6	0
A/PARMA/12/1995		A	H3N2	1995		virus_only	6	0
A/PARMA/12/1996		A	H3N2	1996		virus_only	4	0
A/PARMA/12/1997		A	H3N2	1997		virus_only	4	0
A/PARMA/12/1998		A	H3N2	1998		virus_only	5	0
A/PARMA/12/2005		A	H3N2	2005		virus_only	8	0
A/PARMA/122/2005		A	H3N2	2005		virus_only	7	0
A/PARMA/13/1991		A	H3N2	1991		virus_only	6	0
A/PARMA/13/1993		A	H3N2	1993		virus_only	6	0
A/PARMA/13/1995		A	H3N2	1995		virus_only	6	0
A/PARMA/13/1996		A	H3N2	1996		virus_only	4	0
A/PARMA/13/1997		A	H3N2	1997		virus_only	5	0
A/PARMA/13/2003		A	H3N2	2003		virus_only	7	0
A/PARMA/13/2004		A	H3N2	2004		virus_only	6	0
A/PARMA/13/2005		A	H3N2	2005		virus_only	8	0
A/PARMA/133/2005		A	H3N2	2005		virus_only	7	0
A/PARMA/139/2005		A	H3N2	2005		virus_only	7	0
A/PARMA/139/2012		A	H3N2	2012		virus_only	10	0
A/PARMA/14/1991		A	H3N2	1991		virus_only	6	0
A/PARMA/14/1993		A	H3N2	1993		virus_only	6	0
A/PARMA/14/1995		A	H3N2	1995		virus_only	6	0
A/PARMA/14/1998		A	H3N2	1998		virus_only	5	0
A/PARMA/14/2003		A	H3N2	2003		virus_only	7	0
A/PARMA/14/2004		A	H3N2	2004		virus_only	6	0
A/PARMA/14/2005		A	H3N2	2005		virus_only	8	0
A/PARMA/140/2005		A	H3N2	2005		virus_only	7	0
A/PARMA/141/2005		A	H3N2	2005		virus_only	7	0
A/PARMA/15/1995		A	H3N2	1995		virus_only	6	0
A/PARMA/15/1996		A	H3N2	1996		virus_only	4	0
A/PARMA/15/2004		A	H3N2	2004		virus_only	6	0
A/PARMA/16/1991		A	H3N2	1991		virus_only	6	0
A/PARMA/16/1993		A	H3N2	1993		virus_only	6	0
A/PARMA/16/1995		A	H3N2	1995		virus_only	6	0
A/PARMA/16/1996		A	H3N2	1996		virus_only	4	0
A/PARMA/16/1997		A	H3N2	1997		virus_only	5	0
A/PARMA/16/2003		A	H3N2	2003		virus_only	7	0
A/PARMA/16/2004		A	H3N2	2004		virus_only	6	0
A/PARMA/16/2005		A	H3N2	2005		virus_only	8	0
A/PARMA/168/2011		A	H3N2	2011		virus_only	9	0
A/PARMA/169/2011		A	H3N2	2011		virus_only	8	0
A/PARMA/17/1991		A	H3N2	1991		virus_only	6	0
A/PARMA/17/1993		A	H3N2	1993		virus_only	6	0
A/PARMA/17/1995		A	H3N2	1995		virus_only	6	0
A/PARMA/17/1996		A	H3N2	1996		virus_only	4	0
A/PARMA/17/1997		A	H3N2	1997		virus_only	5	0
A/PARMA/17/1999		A	H3N2	1999		virus_only	5	0
A/PARMA/17/2003		A	H3N2	2003		virus_only	7	0
A/PARMA/17/2004		A	H3N2	2004		virus_only	6	0
A/PARMA/17/2005		A	H3N2	2005		virus_only	8	0
A/PARMA/17/2009		A	H3N2	2009		virus_only	9	0
A/PARMA/170/2011		A	H3N2	2011		virus_only	9	0
A/PARMA/171/2011		A	H3N2	2011		virus_only	7	0
A/PARMA/172/2011		A	H3N2	2011		virus_only	9	0
A/PARMA/173/2011		A	H3N2	2011		virus_only	9	0
A/PARMA/174/2011		A	H3N2	2011		virus_only	8	0
A/PARMA/174/2018		A	H3N2	2018		virus_only	8	0
A/PARMA/175/2011		A	H3N2	2011		virus_only	9	0
A/PARMA/176/2011		A	H3N2	2011		virus_only	9	0
A/PARMA/177/2011		A	H3N2	2011		virus_only	9	0
A/PARMA/177/2018		A	H3N2	2018		virus_only	8	0
A/PARMA/179/2018		A	H3N2	2018		virus_only	8	0
A/PARMA/18/1991		A	H3N2	1991		virus_only	6	0
A/PARMA/18/1995		A	H3N2	1995		virus_only	6	0
A/PARMA/18/1996		A	H3N2	1996		virus_only	4	0
A/PARMA/18/2003		A	H3N2	2003		virus_only	7	0
A/PARMA/18/2004		A	H3N2	2004		virus_only	6	0
A/PARMA/18/2005		A	H3N2	2005		virus_only	8	0
A/PARMA/180/2018		A	H3N2	2018		virus_only	8	0
A/PARMA/19/1991		A	H3N2	1991		virus_only	6	0
A/PARMA/19/1995		A	H3N2	1995		virus_only	6	0
A/PARMA/19/1996		A	H3N2	1996		virus_only	5	0
A/PARMA/19/2003		A	H3N2	2003		virus_only	7	0
A/PARMA/2/1995		A	H3N2	1995		virus_only	6	0
A/PARMA/2/1996		A	H3N2	1996		virus_only	6	0
A/PARMA/2/1997		A	H3N2	1997		virus_only	5	0
A/PARMA/2/1999		A	H3N2	1999		virus_only	6	0
A/PARMA/2/2000		A	H3N2	2000		virus_only	5	0
A/PARMA/2/2002		A	H3N2	2002		virus_only	6	0
A/PARMA/2/2004		A	H3N2	2004		virus_only	6	0
A/PARMA/2/2005		A	H3N2	2005		virus_only	8	0
A/PARMA/2/2006		A	H3N2	2006		virus_only	10	0
A/PARMA/2/2014		A	H3N2	2014		virus_only	9	0
A/PARMA/20/1995		A	H3N2	1995		virus_only	6	0
A/PARMA/20/1998		A	H3N2	1998		virus_only	5	0
A/PARMA/20/2003		A	H3N2	2003		virus_only	7	0
A/PARMA/20/2004		A	H3N2	2004		virus_only	6	0
A/PARMA/20/2009		A	H3N2	2009		virus_only	9	0
A/PARMA/21/1995		A	H3N2	1995		virus_only	6	0
A/PARMA/21/1999		A	H3N2	1999		virus_only	5	0
A/PARMA/21/2003		A	H3N2	2003		virus_only	7	0
A/PARMA/21/2004		A	H3N2	2004		virus_only	6	0
A/PARMA/21/2020		A	H3N2	2020		virus_only	9	0
A/PARMA/22/1995		A	H3N2	1995		virus_only	6	0
A/PARMA/22/2003		A	H3N2	2003		virus_only	7	0
A/PARMA/22/2009		A	H3N2	2009		virus_only	9	0
A/PARMA/23/1995		A	H3N2	1995		virus_only	6	0
A/PARMA/23/1998		A	H3N2	1998		virus_only	5	0
A/PARMA/23/1999		A	H3N2	1999		virus_only	5	0
A/PARMA/23/2003		A	H3N2	2003		virus_only	7	0
A/PARMA/23/2004		A	H3N2	2004		virus_only	6	0
A/PARMA/23/2020		A	H3N2	2020		virus_only	9	0
A/PARMA/24/1995		A	H3N2	1995		virus_only	6	0
A/PARMA/24/1999		A	H3N2	1999		virus_only	5	0
A/PARMA/24/2004		A	H3N2	2004		virus_only	6	0
A/PARMA/25/1999		A	H3N2	1999		virus_only	5	0
A/PARMA/25/2003		A	H3N2	2003		virus_only	7	0
A/PARMA/26/1999		A	H3N2	1999		virus_only	5	0
A/PARMA/26/2020		A	H3N2	2020		virus_only	9	0
A/PARMA/27/1999		A	H3N2	1999		virus_only	5	0
A/PARMA/27/2004		A	H3N2	2004		virus_only	6	0
A/PARMA/27/2013		A	H3N2	2013		virus_only	6	0
A/PARMA/28/1999		A	H3N2	1999		virus_only	5	0
A/PARMA/28/2004		A	H3N2	2004		virus_only	6	0
A/PARMA/28/2014		A	H3N2	2014		virus_only	10	0
A/PARMA/29/1999		A	H3N2	1999		virus_only	5	0
A/PARMA/29/2004		A	H3N2	2004		virus_only	6	0
A/PARMA/29/2005		A	H3N2	2005		virus_only	18	0
A/PARMA/3/1991		A	H3N2	1991		virus_only	6	0
A/PARMA/3/1992		A	H3N2	1992		virus_only	6	0
A/PARMA/3/1994		A	H3N2	1994		virus_only	6	0
A/PARMA/3/1995		A	H3N2	1995		virus_only	6	0
A/PARMA/3/1997		A	H3N2	1997		virus_only	4	0
A/PARMA/3/1998		A	H3N2	1998		virus_only	5	0
A/PARMA/3/1999		A	H3N2	1999		virus_only	6	0
A/PARMA/3/2000		A	H3N2	2000		virus_only	5	0
A/PARMA/3/2002		A	H3N2	2002		virus_only	6	0
A/PARMA/3/2003		A	H3N2	2003		virus_only	10	0
A/PARMA/3/2005		A	H3N2	2005		virus_only	8	0
A/PARMA/3/2014		A	H3N2	2014		virus_only	9	0
A/PARMA/30/1998		A	H3N2	1998		virus_only	5	0
A/PARMA/30/1999		A	H3N2	1999		virus_only	5	0
A/PARMA/30/2004		A	H3N2	2004		virus_only	6	0
A/PARMA/30/2020		A	H3N2	2020		virus_only	9	0
A/PARMA/31/1998		A	H3N2	1998		virus_only	5	0
A/PARMA/31/1999		A	H3N2	1999		virus_only	5	0
A/PARMA/31/2004		A	H3N2	2004		virus_only	6	0
A/PARMA/31/2005		A	H3N2	2005		virus_only	8	0
A/PARMA/31/2020		A	H3N2	2020		virus_only	9	0
A/PARMA/32/1999		A	H3N2	1999		virus_only	5	0
A/PARMA/32/2004		A	H3N2	2004		virus_only	6	0
A/PARMA/32/2005		A	H3N2	2005		virus_only	18	0
A/PARMA/32/2008		A	H3N2	2008		virus_only	18	0
A/PARMA/33/1999		A	H3N2	1999		virus_only	5	0
A/PARMA/33/2004		A	H3N2	2004		virus_only	6	0
A/PARMA/33/2005		A	H3N2	2005		virus_only	8	0
A/PARMA/33/2014		A	H3N2	2014		virus_only	10	0
A/PARMA/34/1999		A	H3N2	1999		virus_only	5	0
A/PARMA/34/2004		A	H3N2	2004		virus_only	6	0
A/PARMA/35/1999		A	H3N2	1999		virus_only	5	0
A/PARMA/35/2004		A	H3N2	2004		virus_only	6	0
A/PARMA/36/1999		A	H3N2	1999		virus_only	5	0
A/PARMA/36/2008		A	H3N2	2008		virus_only	20	0
A/PARMA/36/2009		A	H3N2	2009		virus_only	9	0
A/PARMA/361/2019		A	H3N2	2019		virus_only	6	0
A/PARMA/37/1999		A	H3N2	1999		virus_only	5	0
A/PARMA/37/2004		A	H3N2	2004		virus_only	6	0
A/PARMA/37/2005		A	H3N2	2005		virus_only	8	0
A/PARMA/37/2008		A	H3N2	2008		virus_only	21	0
A/PARMA/373/2019		A	H3N2	2019		virus_only	2	0
A/PARMA/377/2019		A	H3N2	2019		virus_only	1	0
A/PARMA/379/2019		A	H3N2	2019		virus_only	7	0
A/PARMA/38/2004		A	H3N2	2004		virus_only	6	0
A/PARMA/38/2008		A	H3N2	2008		virus_only	21	0
A/PARMA/38/2016		A	H3N2	2016		virus_only	13	0
A/PARMA/39/2004		A	H3N2	2004		virus_only	6	0
A/PARMA/39/2005		A	H3N2	2005		virus_only	8	0
A/PARMA/39/2008		A	H3N2	2008		virus_only	21	0
A/PARMA/4/1994		A	H3N2	1994		virus_only	6	0
A/PARMA/4/1995		A	H3N2	1995		virus_only	6	0
A/PARMA/4/1997		A	H3N2	1997		virus_only	4	0
A/PARMA/4/1998		A	H3N2	1998		virus_only	5	0
A/PARMA/4/2000		A	H3N2	2000		virus_only	5	0
A/PARMA/4/2002		A	H3N2	2002		virus_only	6	0
A/PARMA/4/2004		A	H3N2	2004		virus_only	6	0
A/PARMA/4/2005		A	H3N2	2005		virus_only	7	0
A/PARMA/4/2007		A	H3N2	2007		virus_only	8	0
A/PARMA/40/2004		A	H3N2	2004		virus_only	6	0
A/PARMA/40/2014		A	H3N2	2014		virus_only	10	0
A/PARMA/41/2004		A	H3N2	2004		virus_only	6	0
A/PARMA/42/2005		A	H3N2	2005		virus_only	8	0
A/PARMA/43/2004		A	H3N2	2004		virus_only	6	0
A/PARMA/43/2005		A	H3N2	2005		virus_only	8	0
A/PARMA/44/2004		A	H3N2	2004		virus_only	6	0
A/PARMA/44/2005		A	H3N2	2005		virus_only	8	0
A/PARMA/44/2008		A	H3N2	2008		virus_only	9	0
A/PARMA/44/2009		A	H3N2	2009		virus_only	9	0
A/PARMA/45/2004		A	H3N2	2004		virus_only	6	0
A/PARMA/45/2009		A	H3N2	2009		virus_only	9	0
A/PARMA/46/2004		A	H3N2	2004		virus_only	6	0
A/PARMA/46/2008		A	H3N2	2008		virus_only	8	0
A/PARMA/48/2003		A	H3N2	2003		virus_only	7	0
A/PARMA/48/2004		A	H3N2	2004		virus_only	6	0
A/PARMA/48/2008		A	H3N2	2008		virus_only	9	0
A/PARMA/49/2003		A	H3N2	2003		virus_only	6	0
A/PARMA/49/2004		A	H3N2	2004		virus_only	6	0
A/PARMA/49/2005		A	H3N2	2005		virus_only	8	0
A/PARMA/5/1991		A	H3N2	1991		virus_only	6	0
A/PARMA/5/1993		A	H3N2	1993		virus_only	6	0
A/PARMA/5/1995		A	H3N2	1995		virus_only	6	0
A/PARMA/5/1997		A	H3N2	1997		virus_only	4	0
A/PARMA/5/1998		A	H3N2	1998		virus_only	5	0
A/PARMA/5/2000		A	H3N2	2000		virus_only	5	0
A/PARMA/5/2003		A	H3N2	2003		virus_only	10	0
A/PARMA/5/2005		A	H3N2	2005		virus_only	8	0
A/PARMA/5/2006		A	H3N2	2006		virus_only	10	0
A/PARMA/50/1989		A	H3N2	1989		virus_only	7	0
A/PARMA/50/2003		A	H3N2	2003		virus_only	6	0
A/PARMA/50/2004		A	H3N2	2004		virus_only	6	0
A/PARMA/50/2008		A	H3N2	2008		virus_only	9	0
A/PARMA/51/2004		A	H3N2	2004		virus_only	6	0
A/PARMA/51/2009		A	H3N2	2009		virus_only	9	0
A/PARMA/52/2004		A	H3N2	2004		virus_only	6	0
A/PARMA/52/2008		A	H3N2	2008		virus_only	8	0
A/PARMA/53/2004		A	H3N2	2004		virus_only	6	0
A/PARMA/53/2008		A	H3N2	2008		virus_only	9	0
A/PARMA/54/2004		A	H3N2	2004		virus_only	6	0
A/PARMA/55/2004		A	H3N2	2004		virus_only	6	0
A/PARMA/56/2004		A	H3N2	2004		virus_only	6	0
A/PARMA/57/2004		A	H3N2	2004		virus_only	6	0
A/PARMA/58/2004		A	H3N2	2004		virus_only	6	0
A/PARMA/59/2004		A	H3N2	2004		virus_only	6	0
A/PARMA/59/2005		A	H3N2	2005		virus_only	8	0
A/PARMA/6/1995		A	H3N2	1995		virus_only	6	0
A/PARMA/6/1996		A	H3N2	1996		virus_only	6	0
A/PARMA/6/2000		A	H3N2	2000		virus_only	5	0
A/PARMA/61/2004		A	H3N2	2004		virus_only	6	0
A/PARMA/62/2004		A	H3N2	2004		virus_only	6	0
A/PARMA/63/2004		A	H3N2	2004		virus_only	6	0
A/PARMA/64/2004		A	H3N2	2004		virus_only	6	0
A/PARMA/65/2004		A	H3N2	2004		virus_only	6	0
A/PARMA/66/2004		A	H3N2	2004		virus_only	6	0
A/PARMA/67/2004		A	H3N2	2004		virus_only	6	0
A/PARMA/67/2009		A	H3N2	2009		virus_only	9	0
A/PARMA/68/2004		A	H3N2	2004		virus_only	6	0
A/PARMA/69/2004		A	H3N2	2004		virus_only	6	0
A/PARMA/7/1991		A	H3N2	1991		virus_only	6	0
A/PARMA/7/1993		A	H3N2	1993		virus_only	6	0
A/PARMA/7/1995		A	H3N2	1995		virus_only	6	0
A/PARMA/7/1996		A	H3N2	1996		virus_only	9	0
A/PARMA/7/1997		A	H3N2	1997		virus_only	4	0
A/PARMA/7/2003		A	H3N2	2003		virus_only	10	0
A/PARMA/7/2005		A	H3N2	2005		virus_only	8	0
A/PARMA/7/2007		A	H3N2	2007		virus_only	8	0
A/PARMA/70/2004		A	H3N2	2004		virus_only	6	0
A/PARMA/70/2009		A	H3N2	2009		virus_only	9	0
A/PARMA/71/2004		A	H3N2	2004		virus_only	6	0
A/PARMA/73/2004		A	H3N2	2004		virus_only	6	0
A/PARMA/74/2004		A	H3N2	2004		virus_only	6	0
A/PARMA/74/2009		A	H3N2	2009		virus_only	9	0
A/PARMA/75/2004		A	H3N2	2004		virus_only	6	0
A/PARMA/76/2004		A	H3N2	2004		virus_only	6	0
A/PARMA/77/2004		A	H3N2	2004		virus_only	7	0
A/PARMA/79/2005		A	H3N2	2005		virus_only	8	0
A/PARMA/8/1991		A	H3N2	1991		virus_only	6	0
A/PARMA/8/1995		A	H3N2	1995		virus_only	6	0
A/PARMA/8/1996		A	H3N2	1996		virus_only	5	0
A/PARMA/8/1998		A	H3N2	1998		virus_only	5	0
A/PARMA/8/2003		A	H3N2	2003		virus_only	10	0
A/PARMA/8/2004		A	H3N2	2004		virus_only	6	0
A/PARMA/8/2006		A	H3N2	2006		virus_only	10	0
A/PARMA/8/2014		A	H3N2	2014		virus_only	10	0
A/PARMA/80/2005		A	H3N2	2005		virus_only	8	0
A/PARMA/81/2005		A	H3N2	2005		virus_only	8	0
A/PARMA/83/2005		A	H3N2	2005		virus_only	8	0
A/PARMA/84/2005		A	H3N2	2005		virus_only	8	0
A/PARMA/87/2012		A	H3N2	2012		virus_only	10	0
A/PARMA/88/2005		A	H3N2	2005		virus_only	8	0
A/PARMA/9/1991		A	H3N2	1991		virus_only	6	0
A/PARMA/9/1993		A	H3N2	1993		virus_only	6	0
A/PARMA/9/1995		A	H3N2	1995		virus_only	6	0
A/PARMA/9/1996		A	H3N2	1996		virus_only	5	0
A/PARMA/9/1997		A	H3N2	1997		virus_only	4	0
A/PARMA/9/2003		A	H3N2	2003		virus_only	7	0
A/PARMA/9/2004		A	H3N2	2004		virus_only	6	0
A/PARMA/9/2006		A	H3N2	2006		virus_only	10	0
A/PARMA/9/2007		A	H3N2	2007		virus_only	8	0
A/PARMA/90/2009		A	H3N2	2009		virus_only	9	0
A/PARMA/92/2005		A	H3N2	2005		virus_only	7	0
A/PARMA/93/2005		A	H3N2	2005		virus_only	7	0
A/PARMA/95/2005		A	H3N2	2005		virus_only	7	0
A/PARMA/96/2005		A	H3N2	2005		virus_only	7	0
A/PARMA/96/2009		A	H3N2	2009		virus_only	9	0
A/PARTIZANSKE/131/2015		A	H3N2	2015		virus_only	18	0
A/PAU/978/2005		A	H3N2	2005		virus_only	6	0
A/PAVIA/128/2012		A	H3N2	2012		virus_only	12	0
A/PAVIA/14/2012		A	H3N2	2012		virus_only	12	0
A/PAVIA/145/2013		A	H3N2	2013		virus_only	9	0
A/PAVIA/146/2013		A	H3N2	2013		virus_only	9	0
A/PAVIA/147/2013		A	H3N2	2013		virus_only	9	0
A/PAVIA/148/2013		A	H3N2	2013		virus_only	9	0
A/PAVIA/149/2013		A	H3N2	2013		virus_only	9	0
A/PAVIA/154/2013		A	H3N2	2013		virus_only	9	0
A/PAVIA/158/2012		A	H3N2	2012		virus_only	12	0
A/PAVIA/2/2007		A	H3N2	2007		virus_only	8	0
A/PAVIA/3/2007		A	H3N2	2007		virus_only	8	0
A/PAVIA/42/2012		A	H3N2	2012		virus_only	12	0
A/PAYSDELOIRE/040/2019		A	H3N2	2019		virus_only	8	0
A/PAYSDELOIRE/1260/2014		A	H3N2	2014		virus_only	9	0
A/PAYSDELOIRE/1262/2014		A	H3N2	2014		virus_only	9	0
A/PAYSDELOIRE/1693/2018		A	H3N2	2018		virus_only	8	0
A/PAYSDELOIRE/1883/2010		A	H3N2	2010		virus_only	8	0
A/PAYSDELOIRE/2149/2011		A	H3N2	2011		virus_only	7	0
A/PAYSDELOIRE/882/2012		A	H3N2	2012		virus_only	10	0
A/PERTH/1/1990		A	H3N2	1990		virus_only	13	0
A/PERTH/1/1999		A	H3N2	1999		virus_only	5	0
A/PERTH/1/2000		A	H3N2	2000		virus_only	8	0
A/PERTH/1/2002		A	H3N2	2002		virus_only	5	0
A/PERTH/14/1990		A	H3N2	1990		virus_only	13	0
A/PERTH/2/1993		A	H3N2	1993		virus_only	10	0
A/PERTH/2/1999		A	H3N2	1999		virus_only	5	0
A/PERTH/200/2002		A	H3N2	2002		virus_only	5	0
A/PERTH/201/2000		A	H3N2	2000		virus_only	6	0
A/PERTH/208/1999		A	H3N2	1999		virus_only	7	0
A/PERTH/4/1994		A	H3N2	1994		virus_only	5	0
A/PERTH/44/1998		A	H3N2	1998		virus_only	6	0
A/PERTH/46/1998		A	H3N2	1998		virus_only	6	0
A/PERTH/50/1998		A	H3N2	1998		virus_only	6	0
A/PERTH/74/1996		A	H3N2	1996		virus_only	5	0
A/PERTH/8/1994		A	H3N2	1994		virus_only	6	0
A/PERTH/91/1996		A	H3N2	1996		virus_only	13	0
A/PERU/443/1996		A	H3N2	1996		virus_only	6	0
A/PERUGIA/1/1991		A	H3N2	1991		virus_only	6	0
A/PERUGIA/1/1994		A	H3N2	1994		virus_only	6	0
A/PERUGIA/1/2005		A	H3N2	2005		virus_only	7	0
A/PERUGIA/1/2009		A	H3N2	2009		virus_only	9	0
A/PERUGIA/10/1990		A	H3N2	1990		virus_only	7	0
A/PERUGIA/10/1991		A	H3N2	1991		virus_only	6	0
A/PERUGIA/10/2005		A	H3N2	2005		virus_only	7	0
A/PERUGIA/10/2009		A	H3N2	2009		virus_only	9	0
A/PERUGIA/11/1990		A	H3N2	1990		virus_only	7	0
A/PERUGIA/11/1992		A	H3N2	1992		virus_only	7	0
A/PERUGIA/111/2005		A	H3N2	2005		virus_only	7	0
A/PERUGIA/12/1990		A	H3N2	1990		virus_only	7	0
A/PERUGIA/12/1999		A	H3N2	1999		virus_only	5	0
A/PERUGIA/12/2003		A	H3N2	2003		virus_only	7	0
A/PERUGIA/13/2003		A	H3N2	2003		virus_only	7	0
A/PERUGIA/13/2013		A	H3N2	2013		virus_only	11	0
A/PERUGIA/14/2003		A	H3N2	2003		virus_only	7	0
A/PERUGIA/14/2009		A	H3N2	2009		virus_only	9	0
A/PERUGIA/14/2013		A	H3N2	2013		virus_only	6	0
A/PERUGIA/17/1992		A	H3N2	1992		virus_only	7	0
A/PERUGIA/17/2009		A	H3N2	2009		virus_only	8	0
A/PERUGIA/18/2009		A	H3N2	2009		virus_only	9	0
A/PERUGIA/19/1993		A	H3N2	1993		virus_only	7	0
A/PERUGIA/19/2003		A	H3N2	2003		virus_only	7	0
A/PERUGIA/2/1989		A	H3N2	1989		virus_only	7	0
A/PERUGIA/2/1991		A	H3N2	1991		virus_only	7	0
A/PERUGIA/2/1994		A	H3N2	1994		virus_only	5	0
A/PERUGIA/2/2005		A	H3N2	2005		virus_only	7	0
A/PERUGIA/21/2012		A	H3N2	2012		virus_only	9	0
A/PERUGIA/22/1992		A	H3N2	1992		virus_only	7	0
A/PERUGIA/23/1999		A	H3N2	1999		virus_only	5	0
A/PERUGIA/23/2016		A	H3N2	2016		virus_only	12	0
A/PERUGIA/24/1990		A	H3N2	1990		virus_only	7	0
A/PERUGIA/25/1990		A	H3N2	1990		virus_only	7	0
A/PERUGIA/26/2017		A	H3N2	2017		virus_only	12	0
A/PERUGIA/27/1992		A	H3N2	1992		virus_only	7	0
A/PERUGIA/29/1992		A	H3N2	1992		virus_only	7	0
A/PERUGIA/3/1991		A	H3N2	1991		virus_only	7	0
A/PERUGIA/3/2000		A	H3N2	2000		virus_only	6	0
A/PERUGIA/32/1990		A	H3N2	1990		virus_only	7	0
A/PERUGIA/33/1990		A	H3N2	1990		virus_only	7	0
A/PERUGIA/36/1990		A	H3N2	1990		virus_only	7	0
A/PERUGIA/36/1999		A	H3N2	1999		virus_only	5	0
A/PERUGIA/38/1992		A	H3N2	1992		virus_only	7	0
A/PERUGIA/39/1992		A	H3N2	1992		virus_only	7	0
A/PERUGIA/39/2017		A	H3N2	2017		virus_only	12	0
A/PERUGIA/4/2000		A	H3N2	2000		virus_only	6	0
A/PERUGIA/40/1992		A	H3N2	1992		virus_only	7	0
A/PERUGIA/41/1992		A	H3N2	1992		virus_only	7	0
A/PERUGIA/42/1992		A	H3N2	1992		virus_only	7	0
A/PERUGIA/43/1992		A	H3N2	1992		virus_only	7	0
A/PERUGIA/44/2012		A	H3N2	2012		virus_only	12	0
A/PERUGIA/45/2015		A	H3N2	2015		virus_only	11	0
A/PERUGIA/46/2015		A	H3N2	2015		virus_only	11	0
A/PERUGIA/5/2000		A	H3N2	2000		virus_only	6	0
A/PERUGIA/5/2005		A	H3N2	2005		virus_only	7	0
A/PERUGIA/5/2009		A	H3N2	2009		virus_only	9	0
A/PERUGIA/52/1999		A	H3N2	1999		virus_only	5	0
A/PERUGIA/52/2015		A	H3N2	2015		virus_only	11	0
A/PERUGIA/55/1999		A	H3N2	1999		virus_only	5	0
A/PERUGIA/57/1999		A	H3N2	1999		virus_only	5	0
A/PERUGIA/6/1992		A	H3N2	1992		virus_only	7	0
A/PERUGIA/6/2004		A	H3N2	2004		virus_only	6	0
A/PERUGIA/61/1999		A	H3N2	1999		virus_only	5	0
A/PERUGIA/67/1996		A	H3N2	1996		virus_only	6	0
A/PERUGIA/7/2000		A	H3N2	2000		virus_only	6	0
A/PERUGIA/7/2003		A	H3N2	2003		virus_only	7	0
A/PERUGIA/75/1996		A	H3N2	1996		virus_only	6	0
A/PERUGIA/76/1996		A	H3N2	1996		virus_only	6	0
A/PERUGIA/77/1996		A	H3N2	1996		virus_only	6	0
A/PERUGIA/8/1992		A	H3N2	1992		virus_only	7	0
A/PERUGIA/8/2000		A	H3N2	2000		virus_only	6	0
A/PERUGIA/8/2009		A	H3N2	2009		virus_only	9	0
A/PERUGIA/9/1991		A	H3N2	1991		virus_only	6	0
A/PERUGIA/9/2000		A	H3N2	2000		virus_only	6	0
A/PERUGIA/9/2004		A	H3N2	2004		virus_only	6	0
A/PETROZAVODSK/1/2012		A	H3N2	2012		virus_only	12	0
A/PHILIPPINES/101/1999		A	H3N2	1999		virus_only	7	0
A/PHILIPPINES/122/1999		A	H3N2	1999		virus_only	20	0
A/PHILIPPINES/138/1999		A	H3N2	1999		virus_only	7	0
A/PHILIPPINES/385/2000		A	H3N2	2000		virus_only	10	0
A/PICARDIE/1274/2013		A	H3N2	2013		virus_only	9	0
A/PICARDIE/1572/2013		A	H3N2	2013		virus_only	9	0
A/PICARDIE/1840/2020		A	H3N2	2020		virus_only	9	0
A/PICARDIE/1898/2019		A	H3N2	2019		virus_only	2	0
A/PICARDIE/2297/2014		A	H3N2	2014		virus_only	10	0
A/PIEMONTE/1/1999		A	H3N2	1999		virus_only	5	0
A/PIEMONTE/1/2000		A	H3N2	2000		virus_only	5	0
A/PIEMONTE/2/2000		A	H3N2	2000		virus_only	5	0
A/PIEMONTE/6/2000		A	H3N2	2000		virus_only	6	0
A/PIERIA/51/2007		A	H3N2	2007		virus_only	8	0
A/PIESTANY/205/2017		A	H3N2	2017		virus_only	12	0
A/PIESTANY/80/2016		A	H3N2	2016		virus_only	23	0
A/PILSEN/10/2000		A	H3N2	2000		virus_only	6	0
A/PILSEN/11/2000		A	H3N2	2000		virus_only	6	0
A/PILSEN/12/2000		A	H3N2	2000		virus_only	6	0
A/PILSEN/12/2003		A	H3N2	2003		virus_only	10	0
A/PILSEN/14/2000		A	H3N2	2000		virus_only	6	0
A/PILSEN/17/2000		A	H3N2	2000		virus_only	6	0
A/PILSEN/18/2000		A	H3N2	2000		virus_only	6	0
A/PILSEN/20/2000		A	H3N2	2000		virus_only	6	0
A/PILSEN/21/2000		A	H3N2	2000		virus_only	6	0
A/PILSEN/22/2000		A	H3N2	2000		virus_only	6	0
A/PILSEN/23/2000		A	H3N2	2000		virus_only	6	0
A/PILSEN/24/2000		A	H3N2	2000		virus_only	6	0
A/PILSEN/26/2000		A	H3N2	2000		virus_only	6	0
A/PILSEN/27/2000		A	H3N2	2000		virus_only	6	0
A/PILSEN/29/2000		A	H3N2	2000		virus_only	6	0
A/PILSEN/39/2009		A	H3N2	2009		virus_only	8	0
A/PILSEN/49/2000		A	H3N2	2000		virus_only	6	0
A/PILSEN/50/2000		A	H3N2	2000		virus_only	6	0
A/PILSEN/51/2000		A	H3N2	2000		virus_only	6	0
A/PILSEN/54/2000		A	H3N2	2000		virus_only	6	0
A/PILSEN/57/2005		A	H3N2	2005		virus_only	6	0
A/PILSEN/9/2000		A	H3N2	2000		virus_only	6	0
A/PJOVAZSKABYSTRICA/177/2019		A	H3N2	2019		virus_only	8	0
A/PLATEAU/GR582/2012		A	H3N2	2012		virus_only	11	0
A/PLZEN/22/2013		A	H3N2	2013		virus_only	11	0
A/PLZEN/39/2007		A	H3N2	2007		virus_only	20	0
A/PLZEN/511/1995		A	H3N2	1995		virus_only	6	0
A/PLZEN/512/1995		A	H3N2	1995		virus_only	6	0
A/PLZEN/513/1995		A	H3N2	1995		virus_only	6	0
A/PLZEN/514/1995		A	H3N2	1995		virus_only	6	0
A/PLZEN/611/1995		A	H3N2	1995		virus_only	6	0
A/PLZEN/617/1995		A	H3N2	1995		virus_only	6	0
A/PLZEN/629/1995		A	H3N2	1995		virus_only	6	0
A/PLZEN/720/1997		A	H3N2	1997		virus_only	5	0
A/PLZEN/806/1998		A	H3N2	1998		virus_only	5	0
A/PLZEN/807/1998#ORIGINAL		A	H3N2			virus_only	5	0
A/PLZEN/809/1998#ORIGINAL		A	H3N2			virus_only	5	0
A/PLZEN/812/1998#ORIGINAL		A	H3N2			virus_only	5	0
A/PLZEN/815/1998#ORIGINAL		A	H3N2			virus_only	5	0
A/PLZEN/83/2007		A	H3N2	2007		virus_only	10	0
A/PLZEN/925/1999		A	H3N2	1999		virus_only	5	0
A/PLZN/719/1997		A	H3N2	1997		virus_only	5	0
A/PLZN/720/1997		A	H3N2	1997		virus_only	5	0
A/PLZN/723/1997		A	H3N2	1997		virus_only	5	0
A/PLZN/726/1997		A	H3N2	1997		virus_only	5	0
A/PLZN/727/1997		A	H3N2	1997		virus_only	5	0
A/POITIERS/100/1992		A	H3N2	1992		virus_only	7	0
A/POITIERS/101/1992		A	H3N2	1992		virus_only	7	0
A/POITIERS/101/1997		A	H3N2	1997		virus_only	6	0
A/POITIERS/102/1992		A	H3N2	1992		virus_only	7	0
A/POITIERS/103/1992		A	H3N2	1992		virus_only	7	0
A/POITIERS/103/1997		A	H3N2	1997		virus_only	6	0
A/POITIERS/104/1992		A	H3N2	1992		virus_only	7	0
A/POITIERS/105/1992		A	H3N2	1992		virus_only	7	0
A/POITIERS/1071/2010		A	H3N2	2010		virus_only	8	0
A/POITIERS/1081/1996		A	H3N2	1996		virus_only	6	0
A/POITIERS/110/2002		A	H3N2	2002		virus_only	5	0
A/POITIERS/1296/1993		A	H3N2	1993		virus_only	7	0
A/POITIERS/1341/2008		A	H3N2	2008		virus_only	8	0
A/POITIERS/135/1997		A	H3N2	1997		virus_only	6	0
A/POITIERS/1350/2003		A	H3N2	2003		virus_only	8	0
A/POITIERS/136/1997		A	H3N2	1997		virus_only	5	0
A/POITIERS/1375/2003		A	H3N2	2003		virus_only	15	0
A/POITIERS/149/1994		A	H3N2	1994		virus_only	12	0
A/POITIERS/1565/1997		A	H3N2	1997		virus_only	5	0
A/POITIERS/1709/1998		A	H3N2	1998		virus_only	5	0
A/POITIERS/178/1997		A	H3N2	1997		virus_only	11	0
A/POITIERS/179/1997		A	H3N2	1997		virus_only	5	0
A/POITIERS/1823/2003		A	H3N2	2003		virus_only	6	0
A/POITIERS/189/1996		A	H3N2	1996		virus_only	5	0
A/POITIERS/190/1995		A	H3N2	1995		virus_only	5	0
A/POITIERS/1976/2018		A	H3N2	2018		virus_only	9	0
A/POITIERS/1978/2018		A	H3N2	2018		virus_only	9	0
A/POITIERS/200/1996		A	H3N2	1996		virus_only	12	0
A/POITIERS/2003/2018		A	H3N2	2018		virus_only	9	0
A/POITIERS/2028/2017		A	H3N2	2017		virus_only	8	0
A/POITIERS/203/1995		A	H3N2	1995		virus_only	5	0
A/POITIERS/206/1995		A	H3N2	1995		virus_only	5	0
A/POITIERS/207/1996		A	H3N2	1996		virus_only	12	0
A/POITIERS/208/1995		A	H3N2	1995		virus_only	5	0
A/POITIERS/209/1995		A	H3N2	1995		virus_only	5	0
A/POITIERS/211/1996		A	H3N2	1996		virus_only	12	0
A/POITIERS/212/1995		A	H3N2	1995		virus_only	5	0
A/POITIERS/2145/1996		A	H3N2	1996		virus_only	6	0
A/POITIERS/215/2007		A	H3N2	2007		virus_only	8	0
A/POITIERS/2173/2003		A	H3N2	2003		virus_only	6	0
A/POITIERS/2238/2016		A	H3N2	2016		virus_only	12	0
A/POITIERS/2239/2016		A	H3N2	2016		virus_only	12	0
A/POITIERS/2407/2012		A	H3N2	2012		virus_only	11	0
A/POITIERS/250/1992		A	H3N2	1992		virus_only	6	0
A/POITIERS/253/1992		A	H3N2	1992		virus_only	6	0
A/POITIERS/254/1992		A	H3N2	1992		virus_only	6	0
A/POITIERS/255/1992		A	H3N2	1992		virus_only	6	0
A/POITIERS/273/1994		A	H3N2	1994		virus_only	12	0
A/POITIERS/274/1994		A	H3N2	1994		virus_only	12	0
A/POITIERS/2745/2012		A	H3N2	2012		virus_only	11	0
A/POITIERS/357/2000		A	H3N2	2000		virus_only	6	0
A/POITIERS/358/2000		A	H3N2	2000		virus_only	6	0
A/POITIERS/360/2000		A	H3N2	2000		virus_only	6	0
A/POITIERS/361/2000		A	H3N2	2000		virus_only	6	0
A/POITIERS/363/2000		A	H3N2	2000		virus_only	6	0
A/POITIERS/364/2000		A	H3N2	2000		virus_only	6	0
A/POITIERS/365/2000		A	H3N2	2000		virus_only	6	0
A/POITIERS/366/2000		A	H3N2	2000		virus_only	6	0
A/POITIERS/384/1995		A	H3N2	1995		virus_only	5	0
A/POITIERS/399/1994		A	H3N2	1994		virus_only	7	0
A/POITIERS/401/2002		A	H3N2	2002		virus_only	6	0
A/POITIERS/407/2002		A	H3N2	2002		virus_only	6	0
A/POITIERS/423/1979		A	H3N2	1979		virus_only	5	0
A/POITIERS/425/1979		A	H3N2	1979		virus_only	5	0
A/POITIERS/429/1979		A	H3N2	1979		virus_only	5	0
A/POITIERS/43/1997		A	H3N2	1997		virus_only	6	0
A/POITIERS/44/1997		A	H3N2	1997		virus_only	6	0
A/POITIERS/45/1997		A	H3N2	1997		virus_only	6	0
A/POITIERS/46/1997		A	H3N2	1997		virus_only	6	0
A/POITIERS/471/1992		A	H3N2	1992		virus_only	6	0
A/POITIERS/472/1992		A	H3N2	1992		virus_only	6	0
A/POITIERS/478/2005		A	H3N2	2005		virus_only	6	0
A/POITIERS/481/2005		A	H3N2	2005		virus_only	6	0
A/POITIERS/485/2005		A	H3N2	2005		virus_only	6	0
A/POITIERS/539/2000		A	H3N2	2000		virus_only	6	0
A/POITIERS/540/2000		A	H3N2	2000		virus_only	6	0
A/POITIERS/542/2000		A	H3N2	2000		virus_only	6	0
A/POITIERS/543/2000		A	H3N2	2000		virus_only	6	0
A/POITIERS/544/2000		A	H3N2	2000		virus_only	6	0
A/POITIERS/545/2000		A	H3N2	2000		virus_only	6	0
A/POITIERS/546/2000		A	H3N2	2000		virus_only	6	0
A/POITIERS/547/2000		A	H3N2	2000		virus_only	6	0
A/POITIERS/548/2000		A	H3N2	2000		virus_only	6	0
A/POITIERS/551/2000		A	H3N2	2000		virus_only	6	0
A/POITIERS/552/2000		A	H3N2	2000		virus_only	6	0
A/POITIERS/553/2000		A	H3N2	2000		virus_only	6	0
A/POITIERS/560/1995		A	H3N2	1995		virus_only	5	0
A/POITIERS/561/1996		A	H3N2	1996		virus_only	5	0
A/POITIERS/607/2005		A	H3N2	2005		virus_only	6	0
A/POITIERS/61/2002		A	H3N2	2002		virus_only	6	0
A/POITIERS/62/2002		A	H3N2	2002		virus_only	6	0
A/POITIERS/644/1992		A	H3N2	1992		virus_only	8	0
A/POITIERS/645/1992		A	H3N2	1992		virus_only	8	0
A/POITIERS/708/2000		A	H3N2	2000		virus_only	7	0
A/POITIERS/711/2000		A	H3N2	2000		virus_only	7	0
A/POITIERS/712/2000		A	H3N2	2000		virus_only	7	0
A/POITIERS/713/2000		A	H3N2	2000		virus_only	7	0
A/POITIERS/714/2000		A	H3N2	2000		virus_only	7	0
A/POITIERS/719/2004		A	H3N2	2004		virus_only	6	0
A/POITIERS/728/1992		A	H3N2	1992		virus_only	7	0
A/POITIERS/729/1996		A	H3N2	1996		virus_only	6	0
A/POITIERS/740/2002		A	H3N2	2002		virus_only	6	0
A/POITIERS/750/2002		A	H3N2	2002		virus_only	6	0
A/POITIERS/767/2017		A	H3N2	2017		virus_only	12	0
A/POITIERS/828/1992		A	H3N2	1992		virus_only	7	0
A/POITIERS/890/1996		A	H3N2	1996		virus_only	6	0
A/POITIERS/892/1996		A	H3N2	1996		virus_only	6	0
A/POITIERS/893/1996		A	H3N2	1996		virus_only	6	0
A/POITIERS/894/1996		A	H3N2	1996		virus_only	6	0
A/POITIERS/896/1996		A	H3N2	1996		virus_only	6	0
A/POITIERS/910/1999		A	H3N2	1999		virus_only	5	0
A/POITIERS/911/1999		A	H3N2	1999		virus_only	5	0
A/POITIERS/912/1999		A	H3N2	1999		virus_only	5	0
A/POITIERS/967/1995		A	H3N2	1995		virus_only	6	0
A/POITIERS/99/1992		A	H3N2	1992		virus_only	7	0
A/POITIERS/997/1999		A	H3N2	1999		virus_only	5	0
A/POITIERS/998/1999		A	H3N2	1999		virus_only	5	0
A/POITIERS/999/1999		A	H3N2	1999		virus_only	5	0
A/POITIERS/OMS/249/1992		A	H3N2	1992		virus_only	6	0
A/POITIERS/OMS/571/1992		A	H3N2	1992		virus_only	6	0
A/POITIERS/OMS/572/1992		A	H3N2	1992		virus_only	6	0
A/POL/BYDGOSZCZ/1/2006		A	H3N2	2006		virus_only	8	0
A/POL/WAW/2/2006		A	H3N2	2006		virus_only	8	0
A/POL/WAW1/1998		A	H3N2	1998		virus_only	5	0
A/POLAND/1/1992		A	H3N2	1992		virus_only	7	0
A/POLAND/1/2003		A	H3N2	2003		virus_only	6	0
A/POLAND/106/2017		A	H3N2	2017		virus_only	12	0
A/POLAND/1111/2014		A	H3N2	2014		virus_only	9	0
A/POLAND/120/2014		A	H3N2	2014		virus_only	9	0
A/POLAND/1256/2014		A	H3N2	2014		virus_only	9	0
A/POLAND/13/1990		A	H3N2	1990		virus_only	7	0
A/POLAND/148/2014		A	H3N2	2014		virus_only	9	0
A/POLAND/154/2014		A	H3N2	2014		virus_only	9	0
A/POLAND/160/2014		A	H3N2	2014		virus_only	9	0
A/POLAND/179/2014		A	H3N2	2014		virus_only	9	0
A/POLAND/1861/2014		A	H3N2	2014		virus_only	9	0
A/POLAND/1877/2014		A	H3N2	2014		virus_only	9	0
A/POLAND/1899/2014		A	H3N2	2014		virus_only	9	0
A/POLAND/1900/2014		A	H3N2	2014		virus_only	9	0
A/POLAND/1905/2014		A	H3N2	2014		virus_only	9	0
A/POLAND/1955/2014		A	H3N2	2014		virus_only	9	0
A/POLAND/1W/1991		A	H3N2	1991		virus_only	6	0
A/POLAND/2/1992		A	H3N2	1992		virus_only	7	0
A/POLAND/2175/2014		A	H3N2	2014		virus_only	9	0
A/POLAND/220/2020		A	H3N2	2020		virus_only	9	0
A/POLAND/222/2020		A	H3N2	2020		virus_only	9	0
A/POLAND/2724/2020		A	H3N2	2020		virus_only	9	0
A/POLAND/3/1990		A	H3N2	1990		virus_only	7	0
A/POLAND/3/1992		A	H3N2	1992		virus_only	7	0
A/POLAND/30484/2016		A	H3N2	2016		virus_only	12	0
A/POLAND/3278/2020		A	H3N2	2020		virus_only	9	0
A/POLAND/332/1990		A	H3N2	1990		virus_only	7	0
A/POLAND/342/1990		A	H3N2	1990		virus_only	7	0
A/POLAND/3464/2014		A	H3N2	2014		virus_only	8	0
A/POLAND/3487/2014		A	H3N2	2014		virus_only	9	0
A/POLAND/39/2014		A	H3N2	2014		virus_only	9	0
A/POLAND/4/1992		A	H3N2	1992		virus_only	7	0
A/POLAND/4/1995		A	H3N2	1995		virus_only	5	0
A/POLAND/40/2014		A	H3N2	2014		virus_only	9	0
A/POLAND/412/2017		A	H3N2	2017		virus_only	12	0
A/POLAND/5/1992		A	H3N2	1992		virus_only	7	0
A/POLAND/502/1990		A	H3N2	1990		virus_only	7	0
A/POLAND/555/2017		A	H3N2	2017		virus_only	12	0
A/POLAND/6/1992		A	H3N2	1992		virus_only	7	0
A/POLAND/7/1992		A	H3N2	1992		virus_only	7	0
A/POLAND/7404/2020		A	H3N2	2020		virus_only	9	0
A/POLAND/758/2014		A	H3N2	2014		virus_only	9	0
A/POLAND/7W/1991		A	H3N2	1991		virus_only	6	0
A/POLAND/8/1992		A	H3N2	1992		virus_only	7	0
A/POLAND/896/2014		A	H3N2	2014		virus_only	9	0
A/POLAND/K1/1997		A	H3N2	1997		virus_only	4	0
A/POLAND/L1/1997		A	H3N2	1997		virus_only	4	0
A/POLAND/L2/1997		A	H3N2	1997		virus_only	4	0
A/POLAND/L3/1997		A	H3N2	1997		virus_only	4	0
A/POLAND/L4/1997		A	H3N2	1997		virus_only	4	0
A/POLAND/OLSZTYN/1/2005		A	H3N2	2005		virus_only	5	0
A/POLAND/OLSZTYN/2/2005		A	H3N2	2005		virus_only	5	0
A/POLAND/W1/1997		A	H3N2	1997		virus_only	4	0
A/POLAND/W1/1998		A	H3N2	1998		virus_only	8	0
A/POLAND/W1/2000		A	H3N2	2000		virus_only	5	0
A/POLAND/W10/1995		A	H3N2	1995		virus_only	6	0
A/POLAND/W2/1996		A	H3N2	1996		virus_only	4	0
A/POLAND/W2/1998		A	H3N2	1998		virus_only	8	0
A/POLAND/W2/2000		A	H3N2	2000		virus_only	5	0
A/POLAND/W3/1996		A	H3N2	1996		virus_only	4	0
A/POLAND/W3/1998		A	H3N2	1998		virus_only	8	0
A/POLAND/W4/1996		A	H3N2	1996		virus_only	10	0
A/POLAND/W5/1995		A	H3N2	1995		virus_only	6	0
A/POLAND/W5/1997		A	H3N2	1997		virus_only	4	0
A/POLAND/W6/1995		A	H3N2	1995		virus_only	6	0
A/POLAND/W6/1997		A	H3N2	1997		virus_only	4	0
A/POLAND/W7/1995		A	H3N2	1995		virus_only	6	0
A/POLAND/W7/1997		A	H3N2	1997		virus_only	9	0
A/POLAND/W8/1995		A	H3N2	1995		virus_only	6	0
A/POLAND/W9/1995		A	H3N2	1995		virus_only	6	0
A/POLAND/WAW/1/2005		A	H3N2	2005		virus_only	5	0
A/POLAND/WAW/10/2005		A	H3N2	2005		virus_only	5	0
A/POLAND/WAW/11/2005		A	H3N2	2005		virus_only	5	0
A/POLAND/WAW/13/2005		A	H3N2	2005		virus_only	5	0
A/POLAND/WAW/15/2005		A	H3N2	2005		virus_only	5	0
A/POLAND/WAW/16/2005		A	H3N2	2005		virus_only	5	0
A/POLAND/WAW/17/2005		A	H3N2	2005		virus_only	5	0
A/POLAND/WAW/2/2005		A	H3N2	2005		virus_only	5	0
A/POLAND/WAW/3/2005		A	H3N2	2005		virus_only	5	0
A/POLAND/WAW/4/2005		A	H3N2	2005		virus_only	5	0
A/POLAND/WAW/5/2005		A	H3N2	2005		virus_only	5	0
A/POLAND/WAW/6/2005		A	H3N2	2005		virus_only	5	0
A/POLAND/WAW/8/2005		A	H3N2	2005		virus_only	5	0
A/POLAND/WAW/9/2005		A	H3N2	2005		virus_only	5	0
A/POLAND/WR2/1991		A	H3N2	1991		virus_only	6	0
A/POLAND/WR3/1991		A	H3N2	1991		virus_only	6	0
A/POLAND/WR4/1991		A	H3N2	1991		virus_only	6	0
A/PONTEVEORA/RR1798/2005		A	H3N2	2005		virus_only	17	0
A/POPRAD/237/2015		A	H3N2	2015		virus_only	18	0
A/PORTO/EUROEVA58/2011		A	H3N2	2011		virus_only	9	0
A/PORTO/EUROEVA69/2012		A	H3N2	2012		virus_only	9	0
A/PORTUGAL/139/2019		A	H3N2	2019		virus_only	7	0
A/PORTUGAL/146/2019		A	H3N2	2019		virus_only	7	0
A/PORTUGAL/151/2019		A	H3N2	2019		virus_only	7	0
A/PORTUGAL/GG66/2020		A	H3N2	2020		virus_only	9	0
A/PORTUGAL/MS74/2020		A	H3N2	2020		virus_only	9	0
A/POTSDAM/2/1990		A	H3N2	1990		virus_only	7	0
A/POVAZSKABYSTRICA/151/2017		A	H3N2	2017		virus_only	12	0
A/POZAREVAC/1336/2014		A	H3N2	2014		virus_only	9	0
A/POZAREVAC/6330/2013		A	H3N2	2013		virus_only	24	0
A/PRAGUE/1/1999		A	H3N2	1999		virus_only	5	0
A/PRAGUE/1/2002		A	H3N2	2002		virus_only	6	0
A/PRAGUE/1/2003		A	H3N2	2003		virus_only	10	0
A/PRAGUE/1/2005		A	H3N2	2005		virus_only	6	0
A/PRAGUE/12/2009		A	H3N2	2009		virus_only	8	0
A/PRAGUE/15/2000		A	H3N2	2000		virus_only	6	0
A/PRAGUE/17/2009		A	H3N2	2009		virus_only	8	0
A/PRAGUE/2/1999		A	H3N2	1999		virus_only	5	0
A/PRAGUE/2/2002		A	H3N2	2002		virus_only	6	0
A/PRAGUE/29/2007		A	H3N2	2007		virus_only	20	0
A/PRAGUE/3/1999		A	H3N2	1999		virus_only	5	0
A/PRAGUE/3/2002		A	H3N2	2002		virus_only	6	0
A/PRAGUE/304/1993		A	H3N2	1993		virus_only	7	0
A/PRAGUE/306/1993		A	H3N2	1993		virus_only	7	0
A/PRAGUE/34/2003		A	H3N2	2003		virus_only	10	0
A/PRAGUE/34/2005		A	H3N2	2005		virus_only	6	0
A/PRAGUE/352/1993		A	H3N2	1993		virus_only	7	0
A/PRAGUE/356/1993		A	H3N2	1993		virus_only	7	0
A/PRAGUE/36/2005		A	H3N2	2005		virus_only	6	0
A/PRAGUE/4/1999		A	H3N2	1999		virus_only	5	0
A/PRAGUE/4/2003		A	H3N2	2003		virus_only	10	0
A/PRAGUE/413L/1994		A	H3N2	1994		virus_only	4	0
A/PRAGUE/414/1994		A	H3N2	1994		virus_only	4	0
A/PRAGUE/415/1994		A	H3N2	1994		virus_only	4	0
A/PRAGUE/416/1994		A	H3N2	1994		virus_only	7	0
A/PRAGUE/44/2009		A	H3N2	2009		virus_only	8	0
A/PRAGUE/46/2007		A	H3N2	2007		virus_only	10	0
A/PRAGUE/5/2000		A	H3N2	2000		virus_only	5	0
A/PRAGUE/59/2007		A	H3N2	2007		virus_only	30	0
A/PRAGUE/6/2002		A	H3N2	2002		virus_only	6	0
A/PRAGUE/601/1995		A	H3N2	1995		virus_only	6	0
A/PRAGUE/602/1995		A	H3N2	1995		virus_only	6	0
A/PRAGUE/603/1995		A	H3N2	1995		virus_only	6	0
A/PRAGUE/604/1995		A	H3N2	1995		virus_only	6	0
A/PRAGUE/605/1995		A	H3N2	1995		virus_only	6	0
A/PRAGUE/606/1995		A	H3N2	1995		virus_only	6	0
A/PRAGUE/607/1995		A	H3N2	1995		virus_only	6	0
A/PRAGUE/608/1995		A	H3N2	1995		virus_only	6	0
A/PRAGUE/609/1995		A	H3N2	1995		virus_only	6	0
A/PRAGUE/613/1995		A	H3N2	1995		virus_only	6	0
A/PRAGUE/614/1995		A	H3N2	1995		virus_only	6	0
A/PRAGUE/615/1995		A	H3N2	1995		virus_only	6	0
A/PRAGUE/616/1995		A	H3N2	1995		virus_only	6	0
A/PRAGUE/622/1995		A	H3N2	1995		virus_only	6	0
A/PRAGUE/623/1995		A	H3N2	1995		virus_only	6	0
A/PRAGUE/624/1995		A	H3N2	1995		virus_only	6	0
A/PRAGUE/625/1995		A	H3N2	1995		virus_only	6	0
A/PRAGUE/626/1995		A	H3N2	1995		virus_only	6	0
A/PRAGUE/63/2009		A	H3N2	2009		virus_only	8	0
A/PRAGUE/634/1995		A	H3N2	1995		virus_only	6	0
A/PRAGUE/635/1995		A	H3N2	1995		virus_only	6	0
A/PRAGUE/68/2005		A	H3N2	2005		virus_only	6	0
A/PRAGUE/7/2002		A	H3N2	2002		virus_only	6	0
A/PRAGUE/805/1998		A	H3N2	1998		virus_only	5	0
A/PRAGUE/810/1998		A	H3N2	1998		virus_only	5	0
A/PRAGUE/813/1998#ORIGINAL		A	H3N2			virus_only	5	0
A/PRAGUE/814/1998#ORIGINAL		A	H3N2			virus_only	5	0
A/PRAGUE/819/1998		A	H3N2	1998		virus_only	4	0
A/PRAGUE/820/1998		A	H3N2	1998		virus_only	4	0
A/PRAGUE/829/1998		A	H3N2	1998		virus_only	4	0
A/PRAGUE/830/1998		A	H3N2	1998		virus_only	4	0
A/PRAGUE/901/1998		A	H3N2	1998		virus_only	5	0
A/PRAGUE/902/1999		A	H3N2	1999		virus_only	5	0
A/PRAGUE/903/1999		A	H3N2	1999		virus_only	5	0
A/PRAGUE/905/1999		A	H3N2	1999		virus_only	5	0
A/PRAGUE/907/1999		A	H3N2	1999		virus_only	5	0
A/PRAGUE/908/1999		A	H3N2	1999		virus_only	5	0
A/PRAGUE/909/1999		A	H3N2	1999		virus_only	5	0
A/PRAGUE/911/1999		A	H3N2	1999		virus_only	5	0
A/PRAGUE/920/1999		A	H3N2	1999		virus_only	5	0
A/PRAHA/130/2012		A	H3N2	2012		virus_only	10	0
A/PRAHA/98/2012		A	H3N2	2012		virus_only	10	0
A/PREROV/87/2012		A	H3N2	2012		virus_only	10	0
A/PRIEVIDZA/126/2019		A	H3N2	2019		virus_only	8	0
A/PRIEVIDZA/182/2014		A	H3N2	2014		virus_only	11	0
A/PRIEVIDZA/77/2016		A	H3N2	2016		virus_only	12	0
A/PROVENCEALPESCTEDAZUR/2501/2013		A	H3N2	2013		virus_only	9	0
A/PUERTORICO/15/2005		A	H3N2	2005		virus_only	10	0
A/PUERTORICO/19/2005		A	H3N2	2005		virus_only	10	0
A/PUERTORICO/21/2005		A	H3N2	2005		virus_only	10	0
A/PUERTORICO/22/2005		A	H3N2	2005		virus_only	10	0
A/PUERTORICO/27/2005		A	H3N2	2005		virus_only	10	0
A/PUERTORICO/28/2005		A	H3N2	2005		virus_only	10	0
A/PUERTORICO/6/2005		A	H3N2	2005		virus_only	10	0
A/PUERTORICO/9/2005		A	H3N2	2005		virus_only	10	0
A/QATAR/10VI190048252/2019		A	H3N2	2019		virus_only	15	0
A/QATAR/10VI190048255/2019		A	H3N2	2019		virus_only	18	0
A/QATAR/10VI190048317/2019		A	H3N2	2019		virus_only	17	0
A/QATAR/10VI190048332/2019		A	H3N2	2019		virus_only	17	0
A/QATAR/10VI190048393/2019		A	H3N2	2019		virus_only	17	0
A/QATAR/10VI190049653/2019		A	H3N2	2019		virus_only	18	0
A/QATAR/10VI190069058/2019		A	H3N2	2019		virus_only	9	0
A/QATAR/13VI190046447/2019		A	H3N2	2019		virus_only	18	0
A/QATAR/16VI190048499/2019		A	H3N2	2019		virus_only	17	0
A/QATAR/16VI190048823/2019		A	H3N2	2019		virus_only	18	0
A/QATAR/16VI190049409/2019		A	H3N2	2019		virus_only	17	0
A/RABAT/1229/2018		A	H3N2	2018		virus_only	8	0
A/RABAT/158/2004		A	H3N2	2004		virus_only	9	0
A/RABAT/197/2011		A	H3N2	2011		virus_only	9	0
A/RABAT/352/2019		A	H3N2	2019		virus_only	8	0
A/RAMALLAH/84/2013		A	H3N2	2013		virus_only	11	0
A/REUNION/1069/2007		A	H3N2	2007		virus_only	10	0
A/REUNION/1071/2007		A	H3N2	2007		virus_only	10	0
A/REUNION/1131/2005		A	H3N2	2005		virus_only	9	0
A/REUNION/1142/1999		A	H3N2	1999		virus_only	5	0
A/REUNION/1383/2003		A	H3N2	2003		virus_only	8	0
A/REUNION/1384/2003		A	H3N2	2003		virus_only	8	0
A/REUNION/1406/2003		A	H3N2	2003		virus_only	7	0
A/REUNION/1412/2003		A	H3N2	2003		virus_only	7	0
A/REUNION/1413/2003		A	H3N2	2003		virus_only	7	0
A/REUNION/1415/2003		A	H3N2	2003		virus_only	7	0
A/REUNION/1416/2003		A	H3N2	2003		virus_only	7	0
A/REUNION/1417/2003		A	H3N2	2003		virus_only	7	0
A/REUNION/1956/2011		A	H3N2	2011		virus_only	9	0
A/REUNION/2055/2011		A	H3N2	2011		virus_only	9	0
A/REUNION/2369/1998		A	H3N2	1998		virus_only	5	0
A/REUNION/23872/1996		A	H3N2	1996		virus_only	5	0
A/REUNION/23899/1996		A	H3N2	1996		virus_only	5	0
A/REUNION/23901/1996		A	H3N2	1996		virus_only	5	0
A/REUNION/23907/1996		A	H3N2	1996		virus_only	5	0
A/REUNION/23914/1996		A	H3N2	1996		virus_only	5	0
A/REUNION/2430/1998		A	H3N2	1998		virus_only	5	0
A/REUNION/2431/1998		A	H3N2	1998		virus_only	5	0
A/REUNION/2468/1998		A	H3N2	1998		virus_only	5	0
A/REUNION/581/2004		A	H3N2	2004		virus_only	6	0
A/REUNION/584/2004		A	H3N2	2004		virus_only	6	0
A/REUNION/585/2004		A	H3N2	2004		virus_only	6	0
A/REUNION/591/2004		A	H3N2	2004		virus_only	6	0
A/REUNION/600/2004		A	H3N2	2004		virus_only	6	0
A/REUNION/619/2004		A	H3N2	2004		virus_only	6	0
A/REYKJAVIK/2/1995		A	H3N2	1995		virus_only	6	0
A/REYKJAVIK/3/1995		A	H3N2	1995		virus_only	6	0
A/REYKJAVIK/4/1995		A	H3N2	1995		virus_only	6	0
A/RHEINLANDPFALZ/1/2002		A	H3N2	2002		virus_only	7	0
A/RHEINLANDPFALZ/1/2012		A	H3N2	2012		virus_only	9	0
A/RHEINLANDPFALZ/1/2014		A	H3N2	2014		virus_only	9	0
A/RHEINLANDPFALZ/13/2014		A	H3N2	2014		virus_only	10	0
A/RHEINLANDPFALZ/14/2002		A	H3N2	2002		virus_only	6	0
A/RHEINLANDPFALZ/15/1999		A	H3N2	1999		virus_only	5	0
A/RHEINLANDPFALZ/16/1999		A	H3N2	1999		virus_only	5	0
A/RHEINLANDPFALZ/16/2014		A	H3N2	2014		virus_only	10	0
A/RHEINLANDPFALZ/17/1999		A	H3N2	1999		virus_only	5	0
A/RHEINLANDPFALZ/17/2014		A	H3N2	2014		virus_only	10	0
A/RHEINLANDPFALZ/18/1999		A	H3N2	1999		virus_only	5	0
A/RHEINLANDPFALZ/19/2003		A	H3N2	2003		virus_only	5	0
A/RHEINLANDPFALZ/2/2002		A	H3N2	2002		virus_only	7	0
A/RHEINLANDPFALZ/2/2003		A	H3N2	2003		virus_only	5	0
A/RHEINLANDPFALZ/2/2004		A	H3N2	2004		virus_only	6	0
A/RHEINLANDPFALZ/2/2006		A	H3N2	2006		virus_only	10	0
A/RHEINLANDPFALZ/2/2014		A	H3N2	2014		virus_only	9	0
A/RHEINLANDPFALZ/2/2015		A	H3N2	2015		virus_only	11	0
A/RHEINLANDPFALZ/20/1999		A	H3N2	1999		virus_only	5	0
A/RHEINLANDPFALZ/22/2004		A	H3N2	2004		virus_only	9	0
A/RHEINLANDPFALZ/23/1998#ORIGINAL		A	H3N2			virus_only	4	0
A/RHEINLANDPFALZ/26/2020		A	H3N2	2020		virus_only	10	0
A/RHEINLANDPFALZ/3/2002		A	H3N2	2002		virus_only	7	0
A/RHEINLANDPFALZ/31/2002		A	H3N2	2002		virus_only	6	0
A/RHEINLANDPFALZ/34/2019		A	H3N2	2019		virus_only	7	0
A/RHEINLANDPFALZ/40/1999		A	H3N2	1999		virus_only	5	0
A/RHEINLANDPFALZ/42/1999		A	H3N2	1999		virus_only	5	0
A/RHEINLANDPFALZ/42/2008		A	H3N2	2008		virus_only	9	0
A/RHEINLANDPFALZ/43/1999		A	H3N2	1999		virus_only	5	0
A/RHEINLANDPFALZ/45/1999		A	H3N2	1999		virus_only	5	0
A/RHEINLANDPFALZ/47/1999		A	H3N2	1999		virus_only	5	0
A/RHEINLANDPFALZ/53/1999		A	H3N2	1999		virus_only	5	0
A/RHEINLANDPFALZ/53/2003		A	H3N2	2003		virus_only	7	0
A/RHEINLANDPFALZ/58/1999		A	H3N2	1999		virus_only	5	0
A/RHEINLANDPFALZ/6/2000		A	H3N2	2000		virus_only	5	0
A/RHEINLANDPFALZ/6/2002		A	H3N2	2002		virus_only	6	0
A/RHEINLANDPFALZ/61/1999		A	H3N2	1999		virus_only	5	0
A/RHEINLANDPFALZ/63/1999		A	H3N2	1999		virus_only	5	0
A/RHEINLANDPFALZ/75/2011		A	H3N2	2011		virus_only	8	0
A/RHEINLANDPFALZ/8/2000		A	H3N2	2000		virus_only	5	0
A/RHEINLANDPFALZ/9/2000		A	H3N2	2000		virus_only	5	0
A/RHODEISLAND/1/2010		A	H3N2	2010		virus_only	16	0
A/RIOJA/RR2751/2007		A	H3N2	2007		virus_only	10	0
A/RIZE/1090/1999		A	H3N2	1999		virus_only	6	0
A/RIZE/1099/1999		A	H3N2	1999		virus_only	6	0
A/RIZE/1237/1999		A	H3N2	1999		virus_only	6	0
A/RIZE/1268/1999		A	H3N2	1999		virus_only	6	0
A/RODOPI/163/2000		A	H3N2	2000		virus_only	6	0
A/ROMA/02/2013		A	H3N2	2013		virus_only	11	0
A/ROMA/03/2013		A	H3N2	2013		virus_only	11	0
A/ROMA/04/2013		A	H3N2	2013		virus_only	11	0
A/ROMA/10/1990		A	H3N2	1990		virus_only	7	0
A/ROMA/11/1990		A	H3N2	1990		virus_only	7	0
A/ROMA/11/2014		A	H3N2	2014		virus_only	10	0
A/ROMA/12/1990		A	H3N2	1990		virus_only	7	0
A/ROMA/12/2016		A	H3N2	2016		virus_only	12	0
A/ROMA/13/1990		A	H3N2	1990		virus_only	7	0
A/ROMA/14/1990		A	H3N2	1990		virus_only	7	0
A/ROMA/14/2015		A	H3N2	2015		virus_only	11	0
A/ROMA/17/2008		A	H3N2	2008		virus_only	11	0
A/ROMA/18/2008		A	H3N2	2008		virus_only	8	0
A/ROMA/2/1997		A	H3N2	1997		virus_only	6	0
A/ROMA/2/2014		A	H3N2	2014		virus_only	10	0
A/ROMA/3/1990		A	H3N2	1990		virus_only	7	0
A/ROMA/3/1997		A	H3N2	1997		virus_only	6	0
A/ROMA/3/2003		A	H3N2	2003		virus_only	9	0
A/ROMA/3/2005		A	H3N2	2005		virus_only	9	0
A/ROMA/3/2014		A	H3N2	2014		virus_only	10	0
A/ROMA/4/1990		A	H3N2	1990		virus_only	7	0
A/ROMA/4/2004		A	H3N2	2004		virus_only	10	0
A/ROMA/5/1990		A	H3N2	1990		virus_only	7	0
A/ROMA/5/2005		A	H3N2	2005		virus_only	9	0
A/ROMA/5/2014		A	H3N2	2014		virus_only	10	0
A/ROMA/6/1990		A	H3N2	1990		virus_only	7	0
A/ROMA/6/2005		A	H3N2	2005		virus_only	9	0
A/ROMA/7/1990		A	H3N2	1990		virus_only	7	0
A/ROMA/7/2005		A	H3N2	2005		virus_only	9	0
A/ROMA/7/2014		A	H3N2	2014		virus_only	10	0
A/ROMA/7/2015		A	H3N2	2015		virus_only	11	0
A/ROMA/8/1990		A	H3N2	1990		virus_only	7	0
A/ROMA/9/1990		A	H3N2	1990		virus_only	7	0
A/ROMAISS/1/2009		A	H3N2	2009		virus_only	8	0
A/ROMAISS/13/2009		A	H3N2	2009		virus_only	9	0
A/ROMAISS/14/2009		A	H3N2	2009		virus_only	9	0
A/ROMAISS/2/2009		A	H3N2	2009		virus_only	8	0
A/ROMAISS/3/2007		A	H3N2	2007		virus_only	10	0
A/ROMAISS/3/2009		A	H3N2	2009		virus_only	9	0
A/ROMAISS/4/2009		A	H3N2	2009		virus_only	9	0
A/ROMAISS/5/2007		A	H3N2	2007		virus_only	10	0
A/ROMAISS/5/2009		A	H3N2	2009		virus_only	8	0
A/ROMAISS/6/2009		A	H3N2	2009		virus_only	8	0
A/ROMAISS/7/2009		A	H3N2	2009		virus_only	8	0
A/ROMAISS/8/2009		A	H3N2	2009		virus_only	9	0
A/ROMAISS/9/2009		A	H3N2	2009		virus_only	9	0
A/ROMANIA/1/1998		A	H3N2	1998		virus_only	5	0
A/ROMANIA/106/1992		A	H3N2	1992		virus_only	7	0
A/ROMANIA/13/1995		A	H3N2	1995		virus_only	6	0
A/ROMANIA/130/1992		A	H3N2	1992		virus_only	7	0
A/ROMANIA/131/1992		A	H3N2	1992		virus_only	7	0
A/ROMANIA/132/1992		A	H3N2	1992		virus_only	7	0
A/ROMANIA/157360/2014		A	H3N2	2014		virus_only	9	0
A/ROMANIA/160/1994		A	H3N2	1994		virus_only	7	0
A/ROMANIA/163/1994		A	H3N2	1994		virus_only	2	0
A/ROMANIA/174/1994		A	H3N2	1994		virus_only	7	0
A/ROMANIA/178/1994		A	H3N2	1994		virus_only	7	0
A/ROMANIA/182/1994		A	H3N2	1994		virus_only	5	0
A/ROMANIA/190/1994		A	H3N2	1994		virus_only	6	0
A/ROMANIA/197/1994		A	H3N2	1994		virus_only	6	0
A/ROMANIA/2/1994		A	H3N2	1994		virus_only	7	0
A/ROMANIA/2/1998		A	H3N2	1998		virus_only	5	0
A/ROMANIA/200/1994		A	H3N2	1994		virus_only	7	0
A/ROMANIA/201/1994		A	H3N2	1994		virus_only	7	0
A/ROMANIA/204/1994		A	H3N2	1994		virus_only	7	0
A/ROMANIA/223/1994		A	H3N2	1994		virus_only	7	0
A/ROMANIA/226/1994		A	H3N2	1994		virus_only	6	0
A/ROMANIA/246/2005		A	H3N2	2005		virus_only	6	0
A/ROMANIA/26/1992		A	H3N2	1992		virus_only	7	0
A/ROMANIA/3/1995		A	H3N2	1995		virus_only	6	0
A/ROMANIA/3/1998		A	H3N2	1998		virus_only	5	0
A/ROMANIA/303/1994		A	H3N2	1994		virus_only	7	0
A/ROMANIA/304/1994		A	H3N2	1994		virus_only	6	0
A/ROMANIA/307/2005		A	H3N2	2005		virus_only	6	0
A/ROMANIA/345/2005		A	H3N2	2005		virus_only	6	0
A/ROMANIA/4/1995		A	H3N2	1995		virus_only	6	0
A/ROMANIA/4/1998		A	H3N2	1998		virus_only	5	0
A/ROMANIA/5/1997		A	H3N2	1997		virus_only	5	0
A/ROMANIA/5/1998		A	H3N2	1998		virus_only	5	0
A/ROMANIA/55656/2011		A	H3N2	2011		virus_only	8	0
A/ROMANIA/569/2005		A	H3N2	2005		virus_only	6	0
A/ROMANIA/6/1998		A	H3N2	1998		virus_only	5	0
A/ROMANIA/67/1992		A	H3N2	1992		virus_only	7	0
A/ROMANIA/68/1992		A	H3N2	1992		virus_only	7	0
A/ROMANIA/69/1992		A	H3N2	1992		virus_only	7	0
A/ROMANIA/7/1998		A	H3N2	1998		virus_only	5	0
A/ROMANIA/708/2005		A	H3N2	2005		virus_only	6	0
A/ROMANIA/751/2005		A	H3N2	2005		virus_only	6	0
A/ROMANIA/772/2005		A	H3N2	2005		virus_only	6	0
A/ROMANIA/780/2005		A	H3N2	2005		virus_only	6	0
A/ROMANIA/8/1997		A	H3N2	1997		virus_only	5	0
A/ROMANIA/810/2005		A	H3N2	2005		virus_only	6	0
A/ROMANIA/9/1995		A	H3N2	1995		virus_only	6	0
A/ROME/1/1999		A	H3N2	1999		virus_only	5	0
A/ROME/1/2004		A	H3N2	2004		virus_only	8	0
A/ROME/1/2005		A	H3N2	2005		virus_only	8	0
A/ROME/10/2005		A	H3N2	2005		virus_only	7	0
A/ROME/12/2000		A	H3N2	2000		virus_only	6	0
A/ROME/2/1999		A	H3N2	1999		virus_only	5	0
A/ROME/2/2004		A	H3N2	2004		virus_only	8	0
A/ROME/2/2005		A	H3N2	2005		virus_only	7	0
A/ROME/3/1998		A	H3N2	1998		virus_only	5	0
A/ROME/3/1999		A	H3N2	1999		virus_only	5	0
A/ROME/3/2003		A	H3N2	2003		virus_only	5	0
A/ROME/4/1999		A	H3N2	1999		virus_only	10	0
A/ROME/5/1999		A	H3N2	1999		virus_only	5	0
A/ROME/6/1999		A	H3N2	1999		virus_only	5	0
A/ROME/7/1999		A	H3N2	1999		virus_only	10	0
A/ROME/8/2005		A	H3N2	2005		virus_only	7	0
A/ROME/9/2005		A	H3N2	2005		virus_only	7	0
A/ROSTOVONDON/1/2006		A	H3N2	2006		virus_only	9	0
A/ROSTOVONDON/1/2012		A	H3N2	2012		virus_only	10	0
A/ROSTOVONDON/2/2006		A	H3N2	2006		virus_only	9	0
A/ROSTOVONDON/3/2006		A	H3N2	2006		virus_only	9	0
A/ROUEN/2273/2014		A	H3N2	2014		virus_only	10	0
A/ROUEN/2291/2014		A	H3N2	2014		virus_only	10	0
A/RYAZAN/10/2006		A	H3N2	2006		virus_only	8	0
A/RYAZAN/4/2006		A	H3N2	2006		virus_only	8	0
A/RZESZOW/2/2007		A	H3N2	2007		virus_only	10	0
A/RZESZOW/3/2007		A	H3N2	2007		virus_only	10	0
A/SAARLAND/1/2015		A	H3N2	2015		virus_only	10	0
A/SAARLAND/15/2019		A	H3N2	2019		virus_only	7	0
A/SAARLAND/2/2015		A	H3N2	2015		virus_only	11	0
A/SAARLAND/3/1997		A	H3N2	1997		virus_only	5	0
A/SAARLAND/4/1997		A	H3N2	1997		virus_only	5	0
A/SAARLAND/9/1999		A	H3N2	1999		virus_only	5	0
A/SABAC/1331/2014		A	H3N2	2014		virus_only	9	0
A/SABAC/1334/2014		A	H3N2	2014		virus_only	9	0
A/SABAC/1370/2012		A	H3N2	2012		virus_only	10	0
A/SABAC/1371/2012		A	H3N2	2012		virus_only	10	0
A/SABAC/1930/2012		A	H3N2	2012		virus_only	10	0
A/SABAC/516/2009		A	H3N2	2009		virus_only	11	0
A/SABAC/630/2014		A	H3N2	2014		virus_only	9	0
A/SACHSEN/1/2002		A	H3N2	2002		virus_only	7	0
A/SACHSEN/10/2000		A	H3N2	2000		virus_only	5	0
A/SACHSEN/107/2017		A	H3N2	2017		virus_only	5	0
A/SACHSEN/11/2000		A	H3N2	2000		virus_only	5	0
A/SACHSEN/111/2003		A	H3N2	2003		virus_only	7	0
A/SACHSEN/119/2002		A	H3N2	2002		virus_only	6	0
A/SACHSEN/123/2002		A	H3N2	2002		virus_only	6	0
A/SACHSEN/2/2002		A	H3N2	2002		virus_only	7	0
A/SACHSEN/2/2013		A	H3N2	2013		virus_only	11	0
A/SACHSEN/25/2005		A	H3N2	2005		virus_only	7	0
A/SACHSEN/287/2000		A	H3N2	2000		virus_only	6	0
A/SACHSEN/3/2002		A	H3N2	2002		virus_only	7	0
A/SACHSEN/330/2000		A	H3N2	2000		virus_only	6	0
A/SACHSEN/366/2003		A	H3N2	2003		virus_only	6	0
A/SACHSEN/38/2020		A	H3N2	2020		virus_only	10	0
A/SACHSEN/4/2017		A	H3N2	2017		virus_only	12	0
A/SACHSEN/434/2000		A	H3N2	2000		virus_only	6	0
A/SACHSEN/5/2020		A	H3N2	2020		virus_only	9	0
A/SACHSEN/7/1999		A	H3N2	1999		virus_only	6	0
A/SACHSEN/71/2017		A	H3N2	2017		virus_only	9	0
A/SACHSEN/74/2016		A	H3N2	2016		virus_only	12	0
A/SACHSEN/8/1999		A	H3N2	1999		virus_only	6	0
A/SACHSEN/8/2007		A	H3N2	2007		virus_only	10	0
A/SACHSEN/96/2003		A	H3N2	2003		virus_only	5	0
A/SACHSEN/97/2003		A	H3N2	2003		virus_only	5	0
A/SACHSEN/99/2017		A	H3N2	2017		virus_only	12	0
A/SACHSENANHALT/1/1997		A	H3N2	1997		virus_only	5	0
A/SACHSENANHALT/1/2007		A	H3N2	2007		virus_only	8	0
A/SACHSENANHALT/12/2003		A	H3N2	2003		virus_only	5	0
A/SACHSENANHALT/19/1999		A	H3N2	1999		virus_only	5	0
A/SACHSENANHALT/2/2000		A	H3N2	2000		virus_only	5	0
A/SACHSENANHALT/2/2003		A	H3N2	2003		virus_only	5	0
A/SACHSENANHALT/2/2017		A	H3N2	2017		virus_only	12	0
A/SACHSENANHALT/20/1999		A	H3N2	1999		virus_only	5	0
A/SACHSENANHALT/23/2003		A	H3N2	2003		virus_only	7	0
A/SACHSENANHALT/24/2003		A	H3N2	2003		virus_only	7	0
A/SACHSENANHALT/27/1999		A	H3N2	1999		virus_only	5	0
A/SACHSENANHALT/3/2000		A	H3N2	2000		virus_only	5	0
A/SACHSENANHALT/35/2003		A	H3N2	2003		virus_only	7	0
A/SACHSENANHALT/69/2003		A	H3N2	2003		virus_only	6	0
A/SACHSENANHALT/70/2003		A	H3N2	2003		virus_only	6	0
A/SACHSENANHALT/72/2003		A	H3N2	2003		virus_only	6	0
A/SACHSENANHALT/73/2003		A	H3N2	2003		virus_only	6	0
A/SACHSENANHALT/74/2003		A	H3N2	2003		virus_only	6	0
A/SACHSENANHALT/75/2003		A	H3N2	2003		virus_only	6	0
A/SACHSENANHALT/76/2003		A	H3N2	2003		virus_only	6	0
A/SAGA/122/1997		A	H3N2	1997		virus_only	6	0
A/SAHAM/6943/2019		A	H3N2	2019		virus_only	5	0
A/SAIDA/294/2020		A	H3N2	2020		virus_only	9	0
A/SAINTDENIS/226/2000		A	H3N2	2000		virus_only	6	0
A/SAINTETIENNE/1912/2018		A	H3N2	2018		virus_only	9	0
A/SAINTETIENNE/1998/2018		A	H3N2	2018		virus_only	8	0
A/SAINTETIENNE/2539/2020		A	H3N2	2020		virus_only	9	0
A/SAINTETIENNE/412/2002		A	H3N2	2002		virus_only	6	0
A/SAITAMA/92/2020		A	H3N2	2020		virus_only	12	0
A/SAKAI/20/2011		A	H3N2	2011		virus_only	12	0
A/SAKAI/72/2014		A	H3N2	2014		virus_only	9	0
A/SAKHA/3014V/2019		A	H3N2	2019		virus_only	8	0
A/SALALAH/5662/2019		A	H3N2	2019		virus_only	6	0
A/SALALAH/5980/2019		A	H3N2	2019		virus_only	5	0
A/SALALAH/6016/2019		A	H3N2	2019		virus_only	5	0
A/SALALAH/6611/2019		A	H3N2	2019		virus_only	5	0
A/SALALAH/6905/2019		A	H3N2	2019		virus_only	5	0
A/SALALAH/7183/2019		A	H3N2	2019		virus_only	5	0
A/SALAMANCA/1/2000		A	H3N2	2000		virus_only	6	0
A/SALAMANCA/10/2009		A	H3N2	2009		virus_only	17	0
A/SALAMANCA/15/1998		A	H3N2	1998		virus_only	5	0
A/SALAMANCA/15/2000		A	H3N2	2000		virus_only	6	0
A/SALAMANCA/17/1995		A	H3N2	1995		virus_only	6	0
A/SALAMANCA/18/1998		A	H3N2	1998		virus_only	5	0
A/SALAMANCA/2/2004		A	H3N2	2004		virus_only	7	0
A/SALAMANCA/25/1995		A	H3N2	1995		virus_only	6	0
A/SALAMANCA/26/2005		A	H3N2	2005		virus_only	6	0
A/SALAMANCA/27/2014		A	H3N2	2014		virus_only	18	0
A/SALAMANCA/3/1997		A	H3N2	1997		virus_only	5	0
A/SALAMANCA/30/1995		A	H3N2	1995		virus_only	6	0
A/SALAMANCA/31/1995		A	H3N2	1995		virus_only	6	0
A/SALAMANCA/33/2002		A	H3N2	2002		virus_only	6	0
A/SALAMANCA/34/2002		A	H3N2	2002		virus_only	6	0
A/SALAMANCA/38/1995		A	H3N2	1995		virus_only	6	0
A/SALAMANCA/4/1998		A	H3N2	1998		virus_only	5	0
A/SALAMANCA/4/2012		A	H3N2	2012		virus_only	8	0
A/SALAMANCA/43/2002		A	H3N2	2002		virus_only	6	0
A/SALAMANCA/44/2014		A	H3N2	2014		virus_only	18	0
A/SALAMANCA/48/1995		A	H3N2	1995		virus_only	6	0
A/SALAMANCA/5/1995		A	H3N2	1995		virus_only	5	0
A/SALAMANCA/50/2011		A	H3N2	2011		virus_only	8	0
A/SALAMANCA/55/2006		A	H3N2	2006		virus_only	8	0
A/SALAMANCA/57/1999		A	H3N2	1999		virus_only	6	0
A/SALAMANCA/6/1996		A	H3N2	1996		virus_only	5	0
A/SALAMANCA/7/1998		A	H3N2	1998		virus_only	5	0
A/SALAMANCA/8/2002		A	H3N2	2002		virus_only	8	0
A/SALAMANCA/9/2009		A	H3N2	2009		virus_only	8	0
A/SALAMANCA/92/2014		A	H3N2	2014		virus_only	18	0
A/SALAMANCA/RR593/2000		A	H3N2	2000		virus_only	6	0
A/SALAMANCA/RR682/2000		A	H3N2	2000		virus_only	6	0
A/SALLAMANCA/41/1995		A	H3N2	1995		virus_only	6	0
A/SALLAMANCA/42/1995		A	H3N2	1995		virus_only	6	0
A/SALMANCA/10/2007		A	H3N2	2007		virus_only	8	0
A/SALTA/1583/2014		A	H3N2	2014		virus_only	11	0
A/SALTO/471/2000		A	H3N2	2000		virus_only	6	0
A/SALTO/608/2000		A	H3N2	2000		virus_only	6	0
A/SALTO/613/2000		A	H3N2	2000		virus_only	6	0
A/SALTO/642/2000		A	H3N2	2000		virus_only	6	0
A/SALTO/658/2000		A	H3N2	2000		virus_only	6	0
A/SAMARA/1/1999		A	H3N2	1999		virus_only	9	0
A/SAMARA/120/2006		A	H3N2	2006		virus_only	8	0
A/SAMARA/123/2006		A	H3N2	2006		virus_only	8	0
A/SAMARA/222/1999		A	H3N2	1999		virus_only	9	0
A/SAMARA/234/1999		A	H3N2	1999		virus_only	9	0
A/SAMARA/30/2004		A	H3N2	2004		virus_only	6	0
A/SAMARA/64/2004		A	H3N2	2004		virus_only	14	0
A/SAMARA/7/1999		A	H3N2	1999		virus_only	9	0
A/SAMSUN/125/2014		A	H3N2	2014		virus_only	9	0
A/SAMSUN/17/2014		A	H3N2	2014		virus_only	9	0
A/SAMSUN/177/2014		A	H3N2	2014		virus_only	9	0
A/SAMSUN/310/2014		A	H3N2	2014		virus_only	18	0
A/SAMSUN/35/2014		A	H3N2	2014		virus_only	9	0
A/SAMSUN/357/2014		A	H3N2	2014		virus_only	19	0
A/SAMSUN/3860/2013		A	H3N2	2013		virus_only	9	0
A/SAMSUN/4151/2013		A	H3N2	2013		virus_only	9	0
A/SAMSUN/4191/2013		A	H3N2	2013		virus_only	9	0
A/SAMSUN/4192/2013		A	H3N2	2013		virus_only	9	0
A/SAMSUN/811/2018		A	H3N2	2018		virus_only	9	0
A/SAMSUN/851/2018		A	H3N2	2018		virus_only	9	0
A/SAMSUN/87/2014		A	H3N2	2014		virus_only	9	0
A/SANJOSE/1015/1999		A	H3N2	1999		virus_only	5	0
A/SANJOSE/1023/1999		A	H3N2	1999		virus_only	5	0
A/SANJOSE/1025/1999		A	H3N2	1999		virus_only	5	0
A/SANJOSE/1026/1999		A	H3N2	1999		virus_only	5	0
A/SANJOSE/1045/1999		A	H3N2	1999		virus_only	5	0
A/SANJOSE/1049/1999		A	H3N2	1999		virus_only	5	0
A/SANJOSE/1059/1999		A	H3N2	1999		virus_only	5	0
A/SANJOSE/1068/1999		A	H3N2	1999		virus_only	5	0
A/SANJOSE/776/2000		A	H3N2	2000		virus_only	7	0
A/SANJOSE/802/2000		A	H3N2	2000		virus_only	7	0
A/SANJOSE/816/2000		A	H3N2	2000		virus_only	7	0
A/SANJOSE/846/2000		A	H3N2	2000		virus_only	7	0
A/SANLIURFA/1763/2018		A	H3N2	2018		virus_only	9	0
A/SANSEBASTIAN/RR1066/2002		A	H3N2	2002		virus_only	6	0
A/SANSEBASTIAN/RR1736/2004		A	H3N2	2004		virus_only	17	0
A/SANSEBASTIAN/RR380/1998		A	H3N2	1998		virus_only	5	0
A/SANSEBASTIAN/RR381/1998		A	H3N2	1998		virus_only	5	0
A/SANSEBASTIAN/RR382/1998		A	H3N2	1998		virus_only	5	0
A/SANSEBASTIAN/RR383/1998		A	H3N2	1998		virus_only	5	0
A/SANSEBASTIAN/RR390/1998		A	H3N2	1998		virus_only	5	0
A/SANSEBASTIAN/RR391/1998		A	H3N2	1998		virus_only	5	0
A/SANSEBASTIAN/RR392/1998		A	H3N2	1998		virus_only	5	0
A/SANSEBASTIAN/RR567/1999		A	H3N2	1999		virus_only	6	0
A/SANSEBASTIAN/RR570/1999		A	H3N2	1999		virus_only	6	0
A/SANSEBASTIAN/RR571/1999		A	H3N2	1999		virus_only	6	0
A/SANSEBASTIAN/RR813/2001		A	H3N2	2001		virus_only	6	0
A/SANSEBASTIAN/RR932/2001		A	H3N2	2001		virus_only	8	0
A/SANSEBASTIAN/RR933/2001		A	H3N2	2001		virus_only	8	0
A/SANSEBASTIAN/RR936/2001		A	H3N2	2001		virus_only	8	0
A/SANSEBASTIAN/RR951/2002		A	H3N2	2002		virus_only	8	0
A/SANTACRUZ/694835/2014		A	H3N2	2014		virus_only	11	0
A/SANTAFE/1157/04/2011		A	H3N2	2011		virus_only	8	0
A/SANTAFE/1157/2004		A	H3N2	2004		virus_only	8	0
A/SANTAFE/1431/2011		A	H3N2	2011		virus_only	8	0
A/SANTAFE/466/1999@R100		A	H3N2			virus_only	7	0
A/SANTAFE/477958/2014		A	H3N2	2014		virus_only	11	0
A/SANTAFE/826/2014		A	H3N2	2014		virus_only	14	0
A/SANTAFE/85/04/2011		A	H3N2	2011		virus_only	8	0
A/SANTAFE/85/2004		A	H3N2	2004		virus_only	8	0
A/SANTAFE/9/1999@R43		A	H3N2			virus_only	7	0
A/SANTANDER/RR1769/2005		A	H3N2	2005		virus_only	17	0
A/SANTANDER/RR1771/2005		A	H3N2	2005		virus_only	17	0
A/SANTANDER/RR1812/2005		A	H3N2	2005		virus_only	17	0
A/SANTIAGO/6881/2007		A	H3N2	2007		virus_only	10	0
A/SAPPORO/116/2014		A	H3N2	2014		virus_only	9	0
A/SAPPORO/125/2012		A	H3N2	2012		virus_only	55	0
A/SAPPORO/303/1999		A	H3N2	1999		virus_only	6	0
A/SAPPORO/304/1992		A	H3N2	1992		virus_only	7	0
A/SAPPORO/304/1999		A	H3N2	1999		virus_only	6	0
A/SARABURI/1792/2004		A	H3N2	2004		virus_only	7	0
A/SARAJEVO/13/2013		A	H3N2	2013		virus_only	10	0
A/SARAJEVO/19/2013		A	H3N2	2013		virus_only	10	0
A/SARAJEVO/21/2012		A	H3N2	2012		virus_only	22	0
A/SARAJEVO/22/2013		A	H3N2	2013		virus_only	19	0
A/SARAJEVO/23/2013		A	H3N2	2013		virus_only	19	0
A/SARAJEVO/57/2012		A	H3N2	2012		virus_only	22	0
A/SARAJEVO/58/2013		A	H3N2	2013		virus_only	20	0
A/SARAJEVO/9/2013		A	H3N2	2013		virus_only	10	0
A/SASSARI/1/2014		A	H3N2	2014		virus_only	10	0
A/SASSARI/10/2014		A	H3N2	2014		virus_only	10	0
A/SASSARI/12/2014		A	H3N2	2014		virus_only	10	0
A/SASSARI/15/2014		A	H3N2	2014		virus_only	10	0
A/SASSARI/17/2014		A	H3N2	2014		virus_only	10	0
A/SASSARI/9/2015		A	H3N2	2015		virus_only	11	0
A/SASSARI/9/2017		A	H3N2	2017		virus_only	12	0
A/SASTIN/137/2014		A	H3N2	2014		virus_only	11	0
A/SAUDIARABIA/029845/1998		A	H3N2	1998		virus_only	5	0
A/SAUDIARABIA/033286/1998		A	H3N2	1998		virus_only	5	0
A/SAUDIARABIA/043132/1998		A	H3N2	1998		virus_only	5	0
A/SAUDIARABIA/044045/1998		A	H3N2	1998		virus_only	5	0
A/SAUDIARABIA/046506/1998		A	H3N2	1998		virus_only	5	0
A/SAUDIARABIA/1/1996		A	H3N2	1996		virus_only	6	0
A/SAUDIARABIA/10/1996		A	H3N2	1996		virus_only	6	0
A/SAUDIARABIA/102/2005		A	H3N2	2005		virus_only	17	0
A/SAUDIARABIA/103/2005		A	H3N2	2005		virus_only	17	0
A/SAUDIARABIA/107/2005		A	H3N2	2005		virus_only	29	0
A/SAUDIARABIA/11/2005		A	H3N2	2005		virus_only	8	0
A/SAUDIARABIA/110/2005		A	H3N2	2005		virus_only	17	0
A/SAUDIARABIA/112/2005		A	H3N2	2005		virus_only	29	0
A/SAUDIARABIA/115/2005		A	H3N2	2005		virus_only	29	0
A/SAUDIARABIA/12/1996		A	H3N2	1996		virus_only	11	0
A/SAUDIARABIA/12/1998		A	H3N2	1998		virus_only	5	0
A/SAUDIARABIA/13/1996		A	H3N2	1996		virus_only	6	0
A/SAUDIARABIA/13/1998		A	H3N2	1998		virus_only	5	0
A/SAUDIARABIA/133/2005		A	H3N2	2005		virus_only	17	0
A/SAUDIARABIA/136/2005		A	H3N2	2005		virus_only	29	0
A/SAUDIARABIA/139B/2005		A	H3N2	2005		virus_only	8	0
A/SAUDIARABIA/14/1996		A	H3N2	1996		virus_only	6	0
A/SAUDIARABIA/14/1998		A	H3N2	1998		virus_only	5	0
A/SAUDIARABIA/146/2005		A	H3N2	2005		virus_only	17	0
A/SAUDIARABIA/148/2005		A	H3N2	2005		virus_only	17	0
A/SAUDIARABIA/15/1996		A	H3N2	1996		virus_only	6	0
A/SAUDIARABIA/16/1996		A	H3N2	1996		virus_only	6	0
A/SAUDIARABIA/16/1998		A	H3N2	1998		virus_only	5	0
A/SAUDIARABIA/17/1996		A	H3N2	1996		virus_only	6	0
A/SAUDIARABIA/18/1996		A	H3N2	1996		virus_only	6	0
A/SAUDIARABIA/18/1999		A	H3N2	1999		virus_only	5	0
A/SAUDIARABIA/19/1996		A	H3N2	1996		virus_only	6	0
A/SAUDIARABIA/190/2005		A	H3N2	2005		virus_only	29	0
A/SAUDIARABIA/192838/2016		A	H3N2	2016		virus_only	12	0
A/SAUDIARABIA/192840/2016		A	H3N2	2016		virus_only	12	0
A/SAUDIARABIA/2/1996		A	H3N2	1996		virus_only	6	0
A/SAUDIARABIA/20/1996		A	H3N2	1996		virus_only	6	0
A/SAUDIARABIA/2032/1999		A	H3N2	1999		virus_only	6	0
A/SAUDIARABIA/21/1996		A	H3N2	1996		virus_only	6	0
A/SAUDIARABIA/21/1999		A	H3N2	1999		virus_only	5	0
A/SAUDIARABIA/22/1999		A	H3N2	1999		virus_only	5	0
A/SAUDIARABIA/23/1996		A	H3N2	1996		virus_only	6	0
A/SAUDIARABIA/24/1996		A	H3N2	1996		virus_only	6	0
A/SAUDIARABIA/25/1996		A	H3N2	1996		virus_only	6	0
A/SAUDIARABIA/252925/2017		A	H3N2	2017		virus_only	6	0
A/SAUDIARABIA/257/2005		A	H3N2	2005		virus_only	8	0
A/SAUDIARABIA/259/2005		A	H3N2	2005		virus_only	17	0
A/SAUDIARABIA/26/1996		A	H3N2	1996		virus_only	6	0
A/SAUDIARABIA/26/1999		A	H3N2	1999		virus_only	5	0
A/SAUDIARABIA/262/2005		A	H3N2	2005		virus_only	17	0
A/SAUDIARABIA/263/2005		A	H3N2	2005		virus_only	8	0
A/SAUDIARABIA/27/1996		A	H3N2	1996		virus_only	6	0
A/SAUDIARABIA/27/1999		A	H3N2	1999		virus_only	5	0
A/SAUDIARABIA/274/2005		A	H3N2	2005		virus_only	17	0
A/SAUDIARABIA/28/1996		A	H3N2	1996		virus_only	6	0
A/SAUDIARABIA/28/1999		A	H3N2	1999		virus_only	5	0
A/SAUDIARABIA/287259/1998		A	H3N2	1998		virus_only	5	0
A/SAUDIARABIA/29/1999		A	H3N2	1999		virus_only	5	0
A/SAUDIARABIA/291/2005		A	H3N2	2005		virus_only	8	0
A/SAUDIARABIA/3/1996		A	H3N2	1996		virus_only	6	0
A/SAUDIARABIA/30/1996		A	H3N2	1996		virus_only	6	0
A/SAUDIARABIA/30/1999		A	H3N2	1999		virus_only	5	0
A/SAUDIARABIA/304/2005		A	H3N2	2005		virus_only	28	0
A/SAUDIARABIA/307/2005		A	H3N2	2005		virus_only	17	0
A/SAUDIARABIA/330/2005		A	H3N2	2005		virus_only	27	0
A/SAUDIARABIA/334616/1998		A	H3N2	1998		virus_only	5	0
A/SAUDIARABIA/34/1996		A	H3N2	1996		virus_only	6	0
A/SAUDIARABIA/340/2005		A	H3N2	2005		virus_only	17	0
A/SAUDIARABIA/349/2005		A	H3N2	2005		virus_only	17	0
A/SAUDIARABIA/350/2005		A	H3N2	2005		virus_only	17	0
A/SAUDIARABIA/358/2005		A	H3N2	2005		virus_only	16	0
A/SAUDIARABIA/384/2005		A	H3N2	2005		virus_only	16	0
A/SAUDIARABIA/385/2005		A	H3N2	2005		virus_only	16	0
A/SAUDIARABIA/387/2005		A	H3N2	2005		virus_only	28	0
A/SAUDIARABIA/390582/1998		A	H3N2	1998		virus_only	5	0
A/SAUDIARABIA/399/2005		A	H3N2	2005		virus_only	17	0
A/SAUDIARABIA/4/1996		A	H3N2	1996		virus_only	6	0
A/SAUDIARABIA/418617/1998		A	H3N2	1998		virus_only	5	0
A/SAUDIARABIA/419918/1998		A	H3N2	1998		virus_only	5	0
A/SAUDIARABIA/431/2005		A	H3N2	2005		virus_only	17	0
A/SAUDIARABIA/441/2005		A	H3N2	2005		virus_only	17	0
A/SAUDIARABIA/4669/1999		A	H3N2	1999		virus_only	6	0
A/SAUDIARABIA/4779/1999		A	H3N2	1999		virus_only	6	0
A/SAUDIARABIA/479/2005		A	H3N2	2005		virus_only	17	0
A/SAUDIARABIA/4896/1999		A	H3N2	1999		virus_only	6	0
A/SAUDIARABIA/494/2005		A	H3N2	2005		virus_only	17	0
A/SAUDIARABIA/5/1996		A	H3N2	1996		virus_only	6	0
A/SAUDIARABIA/50/2005		A	H3N2	2005		virus_only	29	0
A/SAUDIARABIA/521/2005		A	H3N2	2005		virus_only	29	0
A/SAUDIARABIA/5257/1999		A	H3N2	1999		virus_only	6	0
A/SAUDIARABIA/554/2005		A	H3N2	2005		virus_only	17	0
A/SAUDIARABIA/563/2005		A	H3N2	2005		virus_only	17	0
A/SAUDIARABIA/569/2005		A	H3N2	2005		virus_only	29	0
A/SAUDIARABIA/59/2005		A	H3N2	2005		virus_only	8	0
A/SAUDIARABIA/5948/1999		A	H3N2	1999		virus_only	6	0
A/SAUDIARABIA/6/1996		A	H3N2	1996		virus_only	6	0
A/SAUDIARABIA/60/2005		A	H3N2	2005		virus_only	8	0
A/SAUDIARABIA/62/2005		A	H3N2	2005		virus_only	29	0
A/SAUDIARABIA/701/2005		A	H3N2	2005		virus_only	17	0
A/SAUDIARABIA/73/2005		A	H3N2	2005		virus_only	17	0
A/SAUDIARABIA/732/2005		A	H3N2	2005		virus_only	17	0
A/SAUDIARABIA/78572/2015		A	H3N2	2015		virus_only	10	0
A/SAUDIARABIA/78603/2015		A	H3N2	2015		virus_only	10	0
A/SAUDIARABIA/79/2005		A	H3N2	2005		virus_only	17	0
A/SAUDIARABIA/8/1996		A	H3N2	1996		virus_only	6	0
A/SAUDIARABIA/9/1996		A	H3N2	1996		virus_only	6	0
A/SC/1/2012		A	H3N2	2012		virus_only	10	0
A/SCHLESWIGHOLLSTEIN/7/2012		A	H3N2	2012		virus_only	11	0
A/SCHLESWIGHOLSTEIN/1/1998		A	H3N2	1998		virus_only	5	0
A/SCHLESWIGHOLSTEIN/10/1998#ORIGINAL		A	H3N2			virus_only	4	0
A/SCHLESWIGHOLSTEIN/19/2005		A	H3N2	2005		virus_only	7	0
A/SCHLESWIGHOLSTEIN/2/2020		A	H3N2	2020		virus_only	9	0
A/SCHLESWIGHOLSTEIN/3/1998		A	H3N2	1998		virus_only	5	0
A/SCHLESWIGHOLSTEIN/3/1999		A	H3N2	1999		virus_only	5	0
A/SCOTLAND/1/2012		A	H3N2	2012		virus_only	10	0
A/SCOTLAND/163/1999		A	H3N2	1999		virus_only	6	0
A/SCOTLAND/28/1995		A	H3N2	1995		virus_only	5	0
A/SCOTLAND/28/2009		A	H3N2	2009		virus_only	9	0
A/SCOTLAND/36/1996		A	H3N2	1996		virus_only	5	0
A/SCOTLAND/41/1996		A	H3N2	1996		virus_only	5	0
A/SCOTLAND/5/2009		A	H3N2	2009		virus_only	7	0
A/SCOTLAND/50/2003		A	H3N2	2003		virus_only	7	0
A/SEGOVIA/13/1995		A	H3N2	1995		virus_only	6	0
A/SEGOVIA/18/2005		A	H3N2	2005		virus_only	6	0
A/SEGOVIA/2/2012		A	H3N2	2012		virus_only	8	0
A/SEGOVIA/22/1998		A	H3N2	1998		virus_only	5	0
A/SEGOVIA/28/1995		A	H3N2	1995		virus_only	12	0
A/SEGOVIA/29/1995		A	H3N2	1995		virus_only	6	0
A/SEGOVIA/33/1995		A	H3N2	1995		virus_only	6	0
A/SEGOVIA/42/1999		A	H3N2	1999		virus_only	5	0
A/SEGOVIA/59/1999		A	H3N2	1999		virus_only	6	0
A/SEGOVIA/7/2002		A	H3N2	2002		virus_only	8	0
A/SEGOVIA/81/2014		A	H3N2	2014		virus_only	18	0
A/SEMILY/55/2007		A	H3N2	2007		virus_only	20	0
A/SENDAI/14/2004		A	H3N2	2004		virus_only	7	0
A/SENDAI/453/1999		A	H3N2	1999		virus_only	6	0
A/SENDAI/C273/1992		A	H3N2	1992		virus_only	17	0
A/SENDAI/N2260/1992		A	H3N2	1992		virus_only	7	0
A/SENDAI/Y2987/1992		A	H3N2	1992		virus_only	7	0
A/SENEGAL/0168/1998		A	H3N2	1998		virus_only	5	0
A/SENEGAL/0169/1998		A	H3N2	1998		virus_only	5	0
A/SEOUL/1287/2018		A	H3N2	2018		virus_only	9	0
A/SEOUL/4436/2008		A	H3N2	2008		virus_only	9	0
A/SEOUL/878/2007		A	H3N2	2007		virus_only	29	0
A/SERBIA/1181/2011		A	H3N2	2011		virus_only	11	0
A/SERBIA/1580/2011		A	H3N2	2011		virus_only	16	0
A/SERBIA/1605/2011		A	H3N2	2011		virus_only	16	0
A/SERBIA/1731/2011		A	H3N2	2011		virus_only	25	0
A/SERBIA/1868/2019		A	H3N2	2019		virus_only	9	0
A/SERBIA/1891/2011		A	H3N2	2011		virus_only	16	0
A/SERBIA/1985/2019		A	H3N2	2019		virus_only	6	0
A/SERBIA/2252/2016		A	H3N2	2016		virus_only	12	0
A/SERBIA/243/2011		A	H3N2	2011		virus_only	16	0
A/SERBIA/3031/2019		A	H3N2	2019		virus_only	7	0
A/SERBIA/361/2015		A	H3N2	2015		virus_only	13	0
A/SERBIA/376/2011		A	H3N2	2011		virus_only	25	0
A/SERBIA/584/2019		A	H3N2	2019		virus_only	5	0
A/SERBIA/688/2011		A	H3N2	2011		virus_only	17	0
A/SERBIA/71/2011		A	H3N2	2011		virus_only	25	0
A/SERBIA/7921/2016		A	H3N2	2016		virus_only	6	0
A/SERBIA/7921/2017		A	H3N2	2017		virus_only	8	0
A/SERBIA/7997/2016		A	H3N2	2016		virus_only	6	0
A/SERBIA/7997/2017		A	H3N2	2017		virus_only	8	0
A/SERBIA/812/2011		A	H3N2	2011		virus_only	11	0
A/SERBIA/822/2011		A	H3N2	2011		virus_only	25	0
A/SERBIA/824/2011		A	H3N2	2011		virus_only	11	0
A/SERBIA/8255/2016		A	H3N2	2016		virus_only	6	0
A/SERBIA/8255/2017		A	H3N2	2017		virus_only	8	0
A/SERBIA/8283/2016		A	H3N2	2016		virus_only	6	0
A/SERBIA/8283/2017		A	H3N2	2017		virus_only	8	0
A/SERBIA/8352/2016		A	H3N2	2016		virus_only	6	0
A/SERBIA/8352/2017		A	H3N2	2017		virus_only	8	0
A/SERBIA/8374/2016		A	H3N2	2016		virus_only	6	0
A/SERBIA/8374/2017		A	H3N2	2017		virus_only	8	0
A/SERBIA/8375/2016		A	H3N2	2016		virus_only	6	0
A/SERBIA/8375/2017		A	H3N2	2017		virus_only	8	0
A/SERBIA/8411/2016		A	H3N2	2016		virus_only	6	0
A/SERBIA/8411/2017		A	H3N2	2017		virus_only	8	0
A/SERBIA/8418/2016		A	H3N2	2016		virus_only	6	0
A/SERBIA/8499/2016		A	H3N2	2016		virus_only	6	0
A/SERBIA/8499/2017		A	H3N2	2017		virus_only	8	0
A/SERBIA/8501/2016		A	H3N2	2016		virus_only	6	0
A/SERBIA/8501/2017		A	H3N2	2017		virus_only	8	0
A/SERBIA/8554/2016		A	H3N2	2016		virus_only	6	0
A/SERBIA/8554/2017		A	H3N2	2017		virus_only	8	0
A/SERBIA/883/2019		A	H3N2	2019		virus_only	9	0
A/SERBIA/NS200/2013		A	H3N2	2013		virus_only	31	0
A/SERBIA/NS613/2014		A	H3N2	2014		virus_only	20	0
A/SERBIA/NS619/2014		A	H3N2	2014		virus_only	20	0
A/SERBIA/NS630/2014		A	H3N2	2014		virus_only	10	0
A/SERBIA/NS666/2014		A	H3N2	2014		virus_only	10	0
A/SERBIA/NS669/2014		A	H3N2	2014		virus_only	20	0
A/SERBIA/NS670/2014		A	H3N2	2014		virus_only	10	0
A/SERBIA/NS682/2014		A	H3N2	2014		virus_only	10	0
A/SERBIA/NS707/2014		A	H3N2	2014		virus_only	10	0
A/SERBIA/NS738/2014		A	H3N2	2014		virus_only	10	0
A/SERBIA/NS783/2014		A	H3N2	2014		virus_only	10	0
A/SERBIANS/1107/2015		A	H3N2	2015		virus_only	11	0
A/SERBIANS/1107/2015#CLONE97		A	H3N2			virus_only	11	0
A/SERBIANS/1565/2016		A	H3N2	2016		virus_only	12	0
A/SERBIANS/949/2015		A	H3N2	2015		virus_only	11	0
A/SERRES/12/2007		A	H3N2	2007		virus_only	8	0
A/SERRES/8/2007		A	H3N2	2007		virus_only	8	0
A/SETTAT/91H/2011		A	H3N2	2011		virus_only	9	0
A/SEYCHELLES/537/2019		A	H3N2	2019		virus_only	9	0
A/SHAANXICHANGAN/1452/2014		A	H3N2	2014		virus_only	10	0
A/SHANDONG/11/1995		A	H3N2	1995		virus_only	6	0
A/SHANGHAI/11/1995		A	H3N2	1995		virus_only	6	0
A/SHANGHAI/18/1996		A	H3N2	1996		virus_only	7	0
A/SHANGHAI/2/1992		A	H3N2	1992		virus_only	8	0
A/SHANGHAI/3/1992		A	H3N2	1992		virus_only	8	0
A/SHANGHAI/369/2003		A	H3N2	2003		virus_only	8	0
A/SHANTOU/1033/2004		A	H3N2	2004		virus_only	7	0
A/SHANTOU/1037/2004		A	H3N2	2004		virus_only	7	0
A/SHANTOU/1071/2004		A	H3N2	2004		virus_only	7	0
A/SHANTOU/1129/2004		A	H3N2	2004		virus_only	7	0
A/SHANTOU/1132/2004		A	H3N2	2004		virus_only	7	0
A/SHANTOU/1143/2004		A	H3N2	2004		virus_only	7	0
A/SHANTOU/1147/2004		A	H3N2	2004		virus_only	7	0
A/SHANTOU/1149/2004		A	H3N2	2004		virus_only	7	0
A/SHANTOU/1160/2004		A	H3N2	2004		virus_only	7	0
A/SHANTOU/1167/2004		A	H3N2	2004		virus_only	7	0
A/SHANTOU/1170/2004		A	H3N2	2004		virus_only	7	0
A/SHANTOU/1175/2004		A	H3N2	2004		virus_only	7	0
A/SHANTOU/1179/2004		A	H3N2	2004		virus_only	7	0
A/SHANTOU/1188/2004		A	H3N2	2004		virus_only	7	0
A/SHANTOU/1197/2004		A	H3N2	2004		virus_only	7	0
A/SHANTOU/1208/2004		A	H3N2	2004		virus_only	7	0
A/SHANTOU/1255/2004		A	H3N2	2004		virus_only	11	0
A/SHANTOU/1263/2004		A	H3N2	2004		virus_only	11	0
A/SHANTOU/1273/2004		A	H3N2	2004		virus_only	11	0
A/SHANTOU/1283/2004		A	H3N2	2004		virus_only	15	0
A/SHANTOU/1296/2004		A	H3N2	2004		virus_only	15	0
A/SHANTOU/1307/2004		A	H3N2	2004		virus_only	17	0
A/SHANTOU/1308/2004		A	H3N2	2004		virus_only	11	0
A/SHANTOU/1309/2004		A	H3N2	2004		virus_only	11	0
A/SHANTOU/1319/2004		A	H3N2	2004		virus_only	11	0
A/SHANTOU/1320/2004		A	H3N2	2004		virus_only	11	0
A/SHANTOU/1333/2004		A	H3N2	2004		virus_only	15	0
A/SHANTOU/1386/2004		A	H3N2	2004		virus_only	11	0
A/SHANTOU/1390/2004		A	H3N2	2004		virus_only	11	0
A/SHANTOU/1395/2004		A	H3N2	2004		virus_only	11	0
A/SHANTOU/1401/2004		A	H3N2	2004		virus_only	11	0
A/SHANTOU/1441/2004		A	H3N2	2004		virus_only	11	0
A/SHANTOU/1450/2004		A	H3N2	2004		virus_only	11	0
A/SHANTOU/1465/2004		A	H3N2	2004		virus_only	17	0
A/SHANTOU/1471/2004		A	H3N2	2004		virus_only	11	0
A/SHANTOU/1478/2004		A	H3N2	2004		virus_only	11	0
A/SHANTOU/1706/2004		A	H3N2	2004		virus_only	7	0
A/SHANTOU/1754/2004		A	H3N2	2004		virus_only	7	0
A/SHANTOU/1763/2004		A	H3N2	2004		virus_only	7	0
A/SHANTOU/199A/2003		A	H3N2	2003		virus_only	7	0
A/SHANTOU/201A/2003		A	H3N2	2003		virus_only	7	0
A/SHANTOU/203A/2003		A	H3N2	2003		virus_only	7	0
A/SHANTOU/205A/2003		A	H3N2	2003		virus_only	7	0
A/SHANTOU/206A/2003		A	H3N2	2003		virus_only	7	0
A/SHANTOU/208A/2003		A	H3N2	2003		virus_only	7	0
A/SHANTOU/209A/2003		A	H3N2	2003		virus_only	7	0
A/SHANTOU/212A/2003		A	H3N2	2003		virus_only	7	0
A/SHANTOU/215A/2003		A	H3N2	2003		virus_only	7	0
A/SHANTOU/219A/2003		A	H3N2	2003		virus_only	7	0
A/SHANTOU/222A/2003		A	H3N2	2003		virus_only	7	0
A/SHANTOU/225A/2003		A	H3N2	2003		virus_only	7	0
A/SHANTOU/226A/2003		A	H3N2	2003		virus_only	7	0
A/SHANTOU/229A/2003		A	H3N2	2003		virus_only	7	0
A/SHANTOU/232A/2003		A	H3N2	2003		virus_only	7	0
A/SHANTOU/234A/2003		A	H3N2	2003		virus_only	7	0
A/SHANTOU/237A/2003		A	H3N2	2003		virus_only	7	0
A/SHANTOU/238A/2003		A	H3N2	2003		virus_only	7	0
A/SHANTOU/239A/2003		A	H3N2	2003		virus_only	7	0
A/SHANTOU/241A/2003		A	H3N2	2003		virus_only	7	0
A/SHANTOU/243A/2003		A	H3N2	2003		virus_only	7	0
A/SHANTOU/245A/2003		A	H3N2	2003		virus_only	7	0
A/SHANTOU/246A/2003		A	H3N2	2003		virus_only	7	0
A/SHANTOU/252A/2003		A	H3N2	2003		virus_only	7	0
A/SHANTOU/264A/2003		A	H3N2	2003		virus_only	7	0
A/SHANTOU/265A/2003		A	H3N2	2003		virus_only	7	0
A/SHANTOU/321/2003		A	H3N2	2003		virus_only	7	0
A/SHANTOU/324/2004		A	H3N2	2004		virus_only	5	0
A/SHANTOU/330/2003		A	H3N2	2003		virus_only	7	0
A/SHANTOU/337/2004		A	H3N2	2004		virus_only	5	0
A/SHANTOU/344/2004		A	H3N2	2004		virus_only	5	0
A/SHANTOU/346/2004		A	H3N2	2004		virus_only	5	0
A/SHANTOU/347/2004		A	H3N2	2004		virus_only	5	0
A/SHANTOU/351/2003		A	H3N2	2003		virus_only	7	0
A/SHANTOU/353/2004		A	H3N2	2004		virus_only	5	0
A/SHANTOU/361/2004		A	H3N2	2004		virus_only	5	0
A/SHANTOU/376/2004		A	H3N2	2004		virus_only	5	0
A/SHANTOU/377/2004		A	H3N2	2004		virus_only	5	0
A/SHANTOU/383/2003		A	H3N2	2003		virus_only	7	0
A/SHANTOU/384/2004		A	H3N2	2004		virus_only	5	0
A/SHANTOU/387/2004		A	H3N2	2004		virus_only	5	0
A/SHANTOU/392/2004		A	H3N2	2004		virus_only	5	0
A/SHANTOU/395/2003		A	H3N2	2003		virus_only	7	0
A/SHANTOU/396/2003		A	H3N2	2003		virus_only	7	0
A/SHANTOU/399/2004		A	H3N2	2004		virus_only	5	0
A/SHANTOU/402/2003		A	H3N2	2003		virus_only	7	0
A/SHANTOU/405/2004		A	H3N2	2004		virus_only	5	0
A/SHANTOU/406/2004		A	H3N2	2004		virus_only	5	0
A/SHANTOU/408/2004		A	H3N2	2004		virus_only	5	0
A/SHANTOU/414/2003		A	H3N2	2003		virus_only	7	0
A/SHANTOU/419/2003		A	H3N2	2003		virus_only	7	0
A/SHANTOU/427/2003		A	H3N2	2003		virus_only	7	0
A/SHANTOU/427/2004		A	H3N2	2004		virus_only	5	0
A/SHANTOU/432/2003		A	H3N2	2003		virus_only	7	0
A/SHANTOU/433/2004		A	H3N2	2004		virus_only	5	0
A/SHANTOU/436/2003		A	H3N2	2003		virus_only	7	0
A/SHANTOU/436/2004		A	H3N2	2004		virus_only	5	0
A/SHANTOU/442/2004		A	H3N2	2004		virus_only	5	0
A/SHANTOU/445/2004		A	H3N2	2004		virus_only	5	0
A/SHANTOU/446/2003		A	H3N2	2003		virus_only	7	0
A/SHANTOU/448/2004		A	H3N2	2004		virus_only	5	0
A/SHANTOU/449/2003		A	H3N2	2003		virus_only	7	0
A/SHANTOU/451/2004		A	H3N2	2004		virus_only	5	0
A/SHANTOU/452/2004		A	H3N2	2004		virus_only	5	0
A/SHANTOU/459/2003		A	H3N2	2003		virus_only	7	0
A/SHANTOU/469/2004		A	H3N2	2004		virus_only	5	0
A/SHANTOU/471/2004		A	H3N2	2004		virus_only	5	0
A/SHANTOU/475/2003		A	H3N2	2003		virus_only	7	0
A/SHANTOU/482/2003		A	H3N2	2003		virus_only	7	0
A/SHANTOU/489/2004		A	H3N2	2004		virus_only	5	0
A/SHANTOU/497/2004		A	H3N2	2004		virus_only	5	0
A/SHANTOU/503/2003		A	H3N2	2003		virus_only	7	0
A/SHANTOU/504/2004		A	H3N2	2004		virus_only	5	0
A/SHANTOU/505/2004		A	H3N2	2004		virus_only	5	0
A/SHANTOU/514/2003		A	H3N2	2003		virus_only	7	0
A/SHANTOU/514/2004		A	H3N2	2004		virus_only	5	0
A/SHANTOU/521/2004		A	H3N2	2004		virus_only	5	0
A/SHANTOU/523/2004		A	H3N2	2004		virus_only	5	0
A/SHANTOU/524/2004		A	H3N2	2004		virus_only	5	0
A/SHANTOU/525/2004		A	H3N2	2004		virus_only	5	0
A/SHANTOU/527/2004		A	H3N2	2004		virus_only	5	0
A/SHANTOU/533/2004		A	H3N2	2004		virus_only	5	0
A/SHANTOU/537/2004		A	H3N2	2004		virus_only	5	0
A/SHANTOU/540/2004		A	H3N2	2004		virus_only	5	0
A/SHANTOU/543/2004		A	H3N2	2004		virus_only	5	0
A/SHANTOU/557/2004		A	H3N2	2004		virus_only	5	0
A/SHANTOU/561/2004		A	H3N2	2004		virus_only	5	0
A/SHANTOU/562/2004		A	H3N2	2004		virus_only	5	0
A/SHANTOU/563/2003		A	H3N2	2003		virus_only	7	0
A/SHANTOU/564/2004		A	H3N2	2004		virus_only	5	0
A/SHANTOU/566/2004		A	H3N2	2004		virus_only	5	0
A/SHANTOU/567/2004		A	H3N2	2004		virus_only	5	0
A/SHANTOU/569/2004		A	H3N2	2004		virus_only	5	0
A/SHANTOU/572/2004		A	H3N2	2004		virus_only	5	0
A/SHANTOU/575/2004		A	H3N2	2004		virus_only	5	0
A/SHANTOU/579/2004		A	H3N2	2004		virus_only	5	0
A/SHANTOU/580/2004		A	H3N2	2004		virus_only	5	0
A/SHANTOU/582/2004		A	H3N2	2004		virus_only	5	0
A/SHANTOU/587/2004		A	H3N2	2004		virus_only	5	0
A/SHANTOU/590/2004		A	H3N2	2004		virus_only	5	0
A/SHANTOU/591/2004		A	H3N2	2004		virus_only	5	0
A/SHANTOU/595/2004		A	H3N2	2004		virus_only	5	0
A/SHANTOU/603/2004		A	H3N2	2004		virus_only	5	0
A/SHANTOU/604/2004		A	H3N2	2004		virus_only	5	0
A/SHANTOU/609/2004		A	H3N2	2004		virus_only	5	0
A/SHANTOU/613/2004		A	H3N2	2004		virus_only	5	0
A/SHANTOU/616/2004		A	H3N2	2004		virus_only	5	0
A/SHANTOU/620/2004		A	H3N2	2004		virus_only	5	0
A/SHANTOU/623/2003		A	H3N2	2003		virus_only	7	0
A/SHANTOU/637/2004		A	H3N2	2004		virus_only	5	0
A/SHANTOU/644/2004		A	H3N2	2004		virus_only	5	0
A/SHANTOU/938/2004		A	H3N2	2004		virus_only	7	0
A/SHANTOU/939/2004		A	H3N2	2004		virus_only	7	0
A/SHANTOU/949/2004		A	H3N2	2004		virus_only	7	0
A/SHANTOU/951/2004		A	H3N2	2004		virus_only	7	0
A/SHANTOU/959/2004		A	H3N2	2004		virus_only	7	0
A/SHANTOU/963/2004		A	H3N2	2004		virus_only	7	0
A/SHANXIXINGHUALING/1663/2014		A	H3N2	2014		virus_only	10	0
A/SHENZHEN/1/1999		A	H3N2	1999		virus_only	8	0
A/SHENZHEN/1219/1998		A	H3N2	1998		virus_only	6	0
A/SHENZHEN/158/1996		A	H3N2	1996		virus_only	7	0
A/SHENZHEN/1781/1998		A	H3N2	1998		virus_only	6	0
A/SHENZHEN/272/1995		A	H3N2	1995		virus_only	6	0
A/SHIBA/T537/1992		A	H3N2	1992		virus_only	7	0
A/SHIGA/2/91910315		A	H3N2			virus_only	9	0
A/SHIGA/25/1997		A	H3N2	1997		virus_only	6	0
A/SHIGA/41/2002		A	H3N2	2002		virus_only	6	0
A/SHIGA/6/1993		A	H3N2	1993		virus_only	17	0
A/SHIGA/82/1999		A	H3N2	1999		virus_only	6	0
A/SHINJUKU/S6/1991		A	H3N2	1991		virus_only	7	0
A/SHIRAZ/15/2009		A	H3N2	2009		virus_only	9	0
A/SHIZUOKA/39/2000		A	H3N2	2000		virus_only	6	0
A/SHIZUOKA/86/1999		A	H3N2	1999		virus_only	6	0
A/SHKODER/ALB4101/2012		A	H3N2	2012		virus_only	9	0
A/SICHUAN/4/1992		A	H3N2	1992		virus_only	8	0
A/SICHUANJIANGYANG/1686/2014		A	H3N2	2014		virus_only	11	0
A/SICHUANYANJIANG/1239/2014		A	H3N2	2014		virus_only	11	0
A/SIENA/1/1991		A	H3N2	1991		virus_only	7	0
A/SIENA/1/1997		A	H3N2	1997		virus_only	6	0
A/SIENA/1/2003		A	H3N2	2003		virus_only	6	0
A/SIENA/1/2004		A	H3N2	2004		virus_only	6	0
A/SIENA/1/2005		A	H3N2	2005		virus_only	10	0
A/SIENA/13/1995		A	H3N2	1995		virus_only	6	0
A/SIENA/2/1991		A	H3N2	1991		virus_only	7	0
A/SIENA/2/2003		A	H3N2	2003		virus_only	6	0
A/SIENA/2/2005		A	H3N2	2005		virus_only	10	0
A/SIENA/3/1991		A	H3N2	1991		virus_only	7	0
A/SIENA/3/1995		A	H3N2	1995		virus_only	6	0
A/SIENA/3/2003		A	H3N2	2003		virus_only	6	0
A/SIENA/5/1991		A	H3N2	1991		virus_only	7	0
A/SIENA/5/1995		A	H3N2	1995		virus_only	6	0
A/SIENA/6/1991		A	H3N2	1991		virus_only	7	0
A/SIENA/6/1995		A	H3N2	1995		virus_only	6	0
A/SIENA/7/1995		A	H3N2	1995		virus_only	6	0
A/SIENA/8/1995		A	H3N2	1995		virus_only	6	0
A/SINDELFINGEN/1/1995		A	H3N2	1995		virus_only	6	0
A/SINDELFINGEN/2/1995		A	H3N2	1995		virus_only	6	0
A/SINDELFINGEN/44/1996		A	H3N2	1996		virus_only	6	0
A/SINDELFINGEN/86/1996		A	H3N2	1996		virus_only	6	0
A/SINGAPORE/1/1991		A	H3N2	1991		virus_only	6	0
A/SINGAPORE/1/1992		A	H3N2	1992		virus_only	8	0
A/SINGAPORE/1/1994		A	H3N2	1994		virus_only	5	0
A/SINGAPORE/1/1996		A	H3N2	1996		virus_only	6	0
A/SINGAPORE/1/2000		A	H3N2	2000		virus_only	8	0
A/SINGAPORE/1/2004		A	H3N2	2004		virus_only	5	0
A/SINGAPORE/10/1991		A	H3N2	1991		virus_only	6	0
A/SINGAPORE/10/1994		A	H3N2	1994		virus_only	5	0
A/SINGAPORE/10/1996		A	H3N2	1996		virus_only	4	0
A/SINGAPORE/10/1999		A	H3N2	1999		virus_only	11	0
A/SINGAPORE/11/1991		A	H3N2	1991		virus_only	6	0
A/SINGAPORE/11/1994		A	H3N2	1994		virus_only	4	0
A/SINGAPORE/11/1996		A	H3N2	1996		virus_only	4	0
A/SINGAPORE/12/1991		A	H3N2	1991		virus_only	6	0
A/SINGAPORE/12/1994		A	H3N2	1994		virus_only	5	0
A/SINGAPORE/12/1996		A	H3N2	1996		virus_only	4	0
A/SINGAPORE/12/1998		A	H3N2	1998		virus_only	6	0
A/SINGAPORE/13/1991		A	H3N2	1991		virus_only	8	0
A/SINGAPORE/13/1994		A	H3N2	1994		virus_only	5	0
A/SINGAPORE/13/1996		A	H3N2	1996		virus_only	4	0
A/SINGAPORE/14/1991		A	H3N2	1991		virus_only	8	0
A/SINGAPORE/14/1994		A	H3N2	1994		virus_only	5	0
A/SINGAPORE/14/1996		A	H3N2	1996		virus_only	4	0
A/SINGAPORE/14/1999		A	H3N2	1999		virus_only	5	0
A/SINGAPORE/15/1991		A	H3N2	1991		virus_only	8	0
A/SINGAPORE/15/1994		A	H3N2	1994		virus_only	6	0
A/SINGAPORE/16/1996		A	H3N2	1996		virus_only	4	0
A/SINGAPORE/16/1999		A	H3N2	1999		virus_only	5	0
A/SINGAPORE/16/2002		A	H3N2	2002		virus_only	5	0
A/SINGAPORE/2/1992		A	H3N2	1992		virus_only	8	0
A/SINGAPORE/2/1994		A	H3N2	1994		virus_only	5	0
A/SINGAPORE/2/1999		A	H3N2	1999		virus_only	11	0
A/SINGAPORE/2/2000		A	H3N2	2000		virus_only	8	0
A/SINGAPORE/20/1990		A	H3N2	1990		virus_only	6	0
A/SINGAPORE/20/2009		A	H3N2	2009		virus_only	11	0
A/SINGAPORE/22/1990		A	H3N2	1990		virus_only	6	0
A/SINGAPORE/22/2012		A	H3N2	2012		virus_only	11	0
A/SINGAPORE/23/2001		A	H3N2	2001		virus_only	6	0
A/SINGAPORE/26/1999		A	H3N2	1999		virus_only	5	0
A/SINGAPORE/26/2001		A	H3N2	2001		virus_only	6	0
A/SINGAPORE/26/2009		A	H3N2	2009		virus_only	11	0
A/SINGAPORE/3/1991		A	H3N2	1991		virus_only	12	0
A/SINGAPORE/3/1992		A	H3N2	1992		virus_only	8	0
A/SINGAPORE/3/1994		A	H3N2	1994		virus_only	5	0
A/SINGAPORE/30/1999		A	H3N2	1999		virus_only	5	0
A/SINGAPORE/30/2009		A	H3N2	2009		virus_only	11	0
A/SINGAPORE/31/2004		A	H3N2	2004		virus_only	5	0
A/SINGAPORE/32/1995		A	H3N2	1995		virus_only	5	0
A/SINGAPORE/32/1999		A	H3N2	1999		virus_only	5	0
A/SINGAPORE/33/2009		A	H3N2	2009		virus_only	26	0
A/SINGAPORE/34/2001		A	H3N2	2001		virus_only	6	0
A/SINGAPORE/34/2008		A	H3N2	2008		virus_only	8	0
A/SINGAPORE/35/2000		A	H3N2	2000		virus_only	8	0
A/SINGAPORE/36/2004		A	H3N2	2004		virus_only	7	0
A/SINGAPORE/37/1995		A	H3N2	1995		virus_only	4	0
A/SINGAPORE/37/2004@IVR140		A	H3N2			virus_only	7	0
A/SINGAPORE/37/2009		A	H3N2	2009		virus_only	7	0
A/SINGAPORE/38/1999		A	H3N2	1999		virus_only	5	0
A/SINGAPORE/39/1995		A	H3N2	1995		virus_only	5	0
A/SINGAPORE/4/2001		A	H3N2	2001		virus_only	6	0
A/SINGAPORE/40/1998		A	H3N2	1998		virus_only	6	0
A/SINGAPORE/41/1999		A	H3N2	1999		virus_only	5	0
A/SINGAPORE/41/2009		A	H3N2	2009		virus_only	19	0
A/SINGAPORE/42/2009		A	H3N2	2009		virus_only	11	0
A/SINGAPORE/44/1998		A	H3N2	1998		virus_only	6	0
A/SINGAPORE/44/1999		A	H3N2	1999		virus_only	5	0
A/SINGAPORE/45/1999		A	H3N2	1999		virus_only	5	0
A/SINGAPORE/46/2009		A	H3N2	2009		virus_only	19	0
A/SINGAPORE/47/1995		A	H3N2	1995		virus_only	5	0
A/SINGAPORE/47/2009		A	H3N2	2009		virus_only	11	0
A/SINGAPORE/48/1995		A	H3N2	1995		virus_only	5	0
A/SINGAPORE/5/1991		A	H3N2	1991		virus_only	6	0
A/SINGAPORE/5/1994		A	H3N2	1994		virus_only	5	0
A/SINGAPORE/5/1999		A	H3N2	1999		virus_only	6	0
A/SINGAPORE/52/1995		A	H3N2	1995		virus_only	5	0
A/SINGAPORE/52/1999		A	H3N2	1999		virus_only	5	0
A/SINGAPORE/54/1995		A	H3N2	1995		virus_only	4	0
A/SINGAPORE/55/2003		A	H3N2	2003		virus_only	8	0
A/SINGAPORE/59/1999		A	H3N2	1999		virus_only	6	0
A/SINGAPORE/6/1991		A	H3N2	1991		virus_only	6	0
A/SINGAPORE/61/1999		A	H3N2	1999		virus_only	6	0
A/SINGAPORE/62/1995		A	H3N2	1995		virus_only	5	0
A/SINGAPORE/62/1999		A	H3N2	1999		virus_only	12	0
A/SINGAPORE/63/1999		A	H3N2	1999		virus_only	6	0
A/SINGAPORE/64/1999		A	H3N2	1999		virus_only	12	0
A/SINGAPORE/66/1999		A	H3N2	1999		virus_only	6	0
A/SINGAPORE/67/1999		A	H3N2	1999		virus_only	12	0
A/SINGAPORE/68/1999		A	H3N2	1999		virus_only	12	0
A/SINGAPORE/69/1999		A	H3N2	1999		virus_only	6	0
A/SINGAPORE/7/1991		A	H3N2	1991		virus_only	14	0
A/SINGAPORE/71/1999		A	H3N2	1999		virus_only	6	0
A/SINGAPORE/72/1999		A	H3N2	1999		virus_only	12	0
A/SINGAPORE/75/1995		A	H3N2	1995		virus_only	5	0
A/SINGAPORE/76/1995		A	H3N2	1995		virus_only	5	0
A/SINGAPORE/77/1995		A	H3N2	1995		virus_only	5	0
A/SINGAPORE/78/1995		A	H3N2	1995		virus_only	5	0
A/SINGAPORE/8/1999		A	H3N2	1999		virus_only	11	0
A/SINGAPORE/82/1996		A	H3N2	1996		virus_only	7	0
A/SINGAPORE/83/1996		A	H3N2	1996		virus_only	7	0
A/SINGAPORE/84/1996		A	H3N2	1996		virus_only	7	0
A/SINGAPORE/85/1996		A	H3N2	1996		virus_only	7	0
A/SINGAPORE/89/1996		A	H3N2	1996		virus_only	7	0
A/SINGAPORE/9/1991		A	H3N2	1991		virus_only	6	0
A/SINGAPORE/94/2000		A	H3N2	2000		virus_only	6	0
A/SINGAPORE/96/1999		A	H3N2	1999		virus_only	6	0
A/SINGAPORE/EN047/2008		A	H3N2	2008		virus_only	9	0
A/SINGAPORE/EN074/2008		A	H3N2	2008		virus_only	9	0
A/SINGAPORE/EN089/2008		A	H3N2	2008		virus_only	9	0
A/SINGAPORE/GP0454/2018		A	H3N2	2018		virus_only	9	0
A/SINGAPORE/KK0259/2018		A	H3N2	2018		virus_only	9	0
A/SINGAPORE/KK943/2014		A	H3N2	2014		virus_only	21	0
A/SINGAPORE/N348/2008		A	H3N2	2008		virus_only	9	0
A/SINGAPORE/N350/2008		A	H3N2	2008		virus_only	9	0
A/SINGAPORE/N351/2008		A	H3N2	2008		virus_only	9	0
A/SINGAPORE/N352/2008		A	H3N2	2008		virus_only	9	0
A/SINGAPORE/N362/2008		A	H3N2	2008		virus_only	9	0
A/SINGAPORE/N390/2008		A	H3N2	2008		virus_only	9	0
A/SINGAPORE/N422/2008		A	H3N2	2008		virus_only	9	0
A/SINGAPORE/N425/2008		A	H3N2	2008		virus_only	9	0
A/SINGAPORE/N430/2008		A	H3N2	2008		virus_only	9	0
A/SINGAPORE/N468/2008		A	H3N2	2008		virus_only	9	0
A/SINGAPORE/N474/2008		A	H3N2	2008		virus_only	9	0
A/SINGAPORE/N486/2008		A	H3N2	2008		virus_only	9	0
A/SINGAPORE/N510/2008		A	H3N2	2008		virus_only	9	0
A/SINGAPORE/N565/2008		A	H3N2	2008		virus_only	9	0
A/SINGAPORE/N593/2008		A	H3N2	2008		virus_only	9	0
A/SKALICA/339/2019		A	H3N2	2019		virus_only	8	0
A/SKOPJE/DZK33/2013		A	H3N2	2013		virus_only	11	0
A/SKOVDE/1/2019		A	H3N2	2019		virus_only	8	0
A/SKOVDE/3/2019		A	H3N2	2019		virus_only	9	0
A/SLOVAKIA/164/2000		A	H3N2	2000		virus_only	6	0
A/SLOVAKIA/167/2004		A	H3N2	2004		virus_only	6	0
A/SLOVAKIA/191/2004		A	H3N2	2004		virus_only	6	0
A/SLOVAKIA/252/2003		A	H3N2	2003		virus_only	6	0
A/SLOVAKIA/293/2003		A	H3N2	2003		virus_only	6	0
A/SLOVAKIA/342/2005		A	H3N2	2005		virus_only	6	0
A/SLOVAKIA/375/2005		A	H3N2	2005		virus_only	6	0
A/SLOVAKIA/407/2005		A	H3N2	2005		virus_only	6	0
A/SLOVAKIA/41/2003		A	H3N2	2003		virus_only	6	0
A/SLOVAKIA/443/2005		A	H3N2	2005		virus_only	6	0
A/SLOVAKIA/531/2003		A	H3N2	2003		virus_only	6	0
A/SLOVAKIA/540/2003		A	H3N2	2003		virus_only	6	0
A/SLOVAKIA/57/2003		A	H3N2	2003		virus_only	6	0
A/SLOVAKIA/575/2003		A	H3N2	2003		virus_only	6	0
A/SLOVAKIA/593/2003		A	H3N2	2003		virus_only	6	0
A/SLOVAKIA/608/2003		A	H3N2	2003		virus_only	6	0
A/SLOVAKIA/88/2003		A	H3N2	2003		virus_only	12	0
A/SLOVENIA/1049/2012		A	H3N2	2012		virus_only	10	0
A/SLOVENIA/1066/2015		A	H3N2	2015		virus_only	11	0
A/SLOVENIA/1070/2016		A	H3N2	2016		virus_only	12	0
A/SLOVENIA/1077/2015		A	H3N2	2015		virus_only	11	0
A/SLOVENIA/108/2014		A	H3N2	2014		virus_only	9	0
A/SLOVENIA/1159/2017		A	H3N2	2017		virus_only	12	0
A/SLOVENIA/1162/2014		A	H3N2	2014		virus_only	10	0
A/SLOVENIA/1172/2016		A	H3N2	2016		virus_only	12	0
A/SLOVENIA/118/2012		A	H3N2	2012		virus_only	10	0
A/SLOVENIA/1213/2014		A	H3N2	2014		virus_only	10	0
A/SLOVENIA/1213/2019		A	H3N2	2019		virus_only	8	0
A/SLOVENIA/1270/2020		A	H3N2	2020		virus_only	9	0
A/SLOVENIA/1307/2016		A	H3N2	2016		virus_only	13	0
A/SLOVENIA/1391/2017		A	H3N2	2017		virus_only	12	0
A/SLOVENIA/1406/2017		A	H3N2	2017		virus_only	4	0
A/SLOVENIA/1409/2003		A	H3N2	2003		virus_only	6	0
A/SLOVENIA/1410/2003		A	H3N2	2003		virus_only	6	0
A/SLOVENIA/1411/2015		A	H3N2	2015		virus_only	11	0
A/SLOVENIA/142/2014		A	H3N2	2014		virus_only	20	0
A/SLOVENIA/1423/2003		A	H3N2	2003		virus_only	6	0
A/SLOVENIA/1424/2003		A	H3N2	2003		virus_only	6	0
A/SLOVENIA/1427/2003		A	H3N2	2003		virus_only	6	0
A/SLOVENIA/1451/2020		A	H3N2	2020		virus_only	9	0
A/SLOVENIA/146/2005		A	H3N2	2005		virus_only	7	0
A/SLOVENIA/1465/2020		A	H3N2	2020		virus_only	9	0
A/SLOVENIA/150/2006		A	H3N2	2006		virus_only	8	0
A/SLOVENIA/1506/2020		A	H3N2	2020		virus_only	9	0
A/SLOVENIA/1650/2020		A	H3N2	2020		virus_only	9	0
A/SLOVENIA/17/2014		A	H3N2	2014		virus_only	9	0
A/SLOVENIA/1708/2020		A	H3N2	2020		virus_only	9	0
A/SLOVENIA/1752/2020		A	H3N2	2020		virus_only	9	0
A/SLOVENIA/1944/2014		A	H3N2	2014		virus_only	10	0
A/SLOVENIA/2049/2015		A	H3N2	2015		virus_only	18	0
A/SLOVENIA/2069/2015		A	H3N2	2015		virus_only	18	0
A/SLOVENIA/213/2000		A	H3N2	2000		virus_only	6	0
A/SLOVENIA/218/2013		A	H3N2	2013		virus_only	11	0
A/SLOVENIA/2269/2017		A	H3N2	2017		virus_only	8	0
A/SLOVENIA/2527/2013		A	H3N2	2013		virus_only	9	0
A/SLOVENIA/2528/2013		A	H3N2	2013		virus_only	9	0
A/SLOVENIA/2529/2013		A	H3N2	2013		virus_only	9	0
A/SLOVENIA/254/2014		A	H3N2	2014		virus_only	10	0
A/SLOVENIA/2576/2013		A	H3N2	2013		virus_only	9	0
A/SLOVENIA/259/2000		A	H3N2	2000		virus_only	6	0
A/SLOVENIA/261/2000		A	H3N2	2000		virus_only	6	0
A/SLOVENIA/274/2012		A	H3N2	2012		virus_only	10	0
A/SLOVENIA/2792/2017		A	H3N2	2017		virus_only	8	0
A/SLOVENIA/2855/2011		A	H3N2	2011		virus_only	9	0
A/SLOVENIA/286/2014		A	H3N2	2014		virus_only	10	0
A/SLOVENIA/2970/2011		A	H3N2	2011		virus_only	9	0
A/SLOVENIA/314/2015		A	H3N2	2015		virus_only	11	0
A/SLOVENIA/321/2014		A	H3N2	2014		virus_only	10	0
A/SLOVENIA/326/2012		A	H3N2	2012		virus_only	10	0
A/SLOVENIA/369/2015		A	H3N2	2015		virus_only	11	0
A/SLOVENIA/388/2013		A	H3N2	2013		virus_only	11	0
A/SLOVENIA/402/2012		A	H3N2	2012		virus_only	10	0
A/SLOVENIA/417/2014		A	H3N2	2014		virus_only	10	0
A/SLOVENIA/435/2012		A	H3N2	2012		virus_only	10	0
A/SLOVENIA/438/2015		A	H3N2	2015		virus_only	18	0
A/SLOVENIA/459/2012		A	H3N2	2012		virus_only	10	0
A/SLOVENIA/466/2013		A	H3N2	2013		virus_only	11	0
A/SLOVENIA/486/2016		A	H3N2	2016		virus_only	12	0
A/SLOVENIA/507/2011		A	H3N2	2011		virus_only	8	0
A/SLOVENIA/53/2017		A	H3N2	2017		virus_only	12	0
A/SLOVENIA/549/2013		A	H3N2	2013		virus_only	22	0
A/SLOVENIA/566/2012		A	H3N2	2012		virus_only	10	0
A/SLOVENIA/599/2012		A	H3N2	2012		virus_only	10	0
A/SLOVENIA/609/2014		A	H3N2	2014		virus_only	10	0
A/SLOVENIA/622/2014		A	H3N2	2014		virus_only	10	0
A/SLOVENIA/625/2017		A	H3N2	2017		virus_only	12	0
A/SLOVENIA/637/2012		A	H3N2	2012		virus_only	10	0
A/SLOVENIA/646/2012		A	H3N2	2012		virus_only	10	0
A/SLOVENIA/663/2012		A	H3N2	2012		virus_only	10	0
A/SLOVENIA/694/2014		A	H3N2	2014		virus_only	10	0
A/SLOVENIA/697/2014		A	H3N2	2014		virus_only	10	0
A/SLOVENIA/706/2014		A	H3N2	2014		virus_only	10	0
A/SLOVENIA/709/2013		A	H3N2	2013		virus_only	11	0
A/SLOVENIA/712/2014		A	H3N2	2014		virus_only	10	0
A/SLOVENIA/741/2013		A	H3N2	2013		virus_only	11	0
A/SLOVENIA/752/2014		A	H3N2	2014		virus_only	10	0
A/SLOVENIA/760/2013		A	H3N2	2013		virus_only	11	0
A/SLOVENIA/815/2012		A	H3N2	2012		virus_only	10	0
A/SLOVENIA/823/2014		A	H3N2	2014		virus_only	10	0
A/SLOVENIA/842/2014		A	H3N2	2014		virus_only	10	0
A/SLOVENIA/852/2016		A	H3N2	2016		virus_only	12	0
A/SLOVENIA/853/2014		A	H3N2	2014		virus_only	10	0
A/SLOVENIA/87/2014		A	H3N2	2014		virus_only	19	0
A/SLOVENIA/879/2012		A	H3N2	2012		virus_only	10	0
A/SLOVENIA/88/2014		A	H3N2	2014		virus_only	9	0
A/SLOVENIA/9/2012		A	H3N2	2012		virus_only	8	0
A/SLOVENIA/910/2012		A	H3N2	2012		virus_only	10	0
A/SLOVENIA/913/2012		A	H3N2	2012		virus_only	10	0
A/SLOVENIA/920/2016		A	H3N2	2016		virus_only	12	0
A/SLOVENIA/94/2012		A	H3N2	2012		virus_only	10	0
A/SLOVENIA/944/2020		A	H3N2	2020		virus_only	9	0
A/SLOVENIA/972/2016		A	H3N2	2016		virus_only	12	0
A/SMITROVICA/1387/2012		A	H3N2	2012		virus_only	10	0
A/SOFIA/113/2000		A	H3N2	2000		virus_only	7	0
A/SOFIA/114/2001		A	H3N2	2001		virus_only	6	0
A/SOFIA/1246/2006		A	H3N2	2006		virus_only	8	0
A/SOFIA/1247/2006		A	H3N2	2006		virus_only	8	0
A/SOFIA/1250/2006		A	H3N2	2006		virus_only	8	0
A/SOFIA/1251/2006		A	H3N2	2006		virus_only	8	0
A/SOFIA/161/2001		A	H3N2	2001		virus_only	6	0
A/SOFIA/191/2001		A	H3N2	2001		virus_only	6	0
A/SOFIA/206/2007		A	H3N2	2007		virus_only	8	0
A/SOFIA/209/2007		A	H3N2	2007		virus_only	8	0
A/SOFIA/257/2007		A	H3N2	2007		virus_only	20	0
A/SOFIA/28/2001		A	H3N2	2001		virus_only	6	0
A/SOFIA/29/2001		A	H3N2	2001		virus_only	6	0
A/SOFIA/30/2001		A	H3N2	2001		virus_only	6	0
A/SOFIA/316/2007		A	H3N2	2007		virus_only	10	0
A/SOFIA/335/2007		A	H3N2	2007		virus_only	10	0
A/SOFIA/336/2002		A	H3N2	2002		virus_only	5	0
A/SOFIA/338/2002		A	H3N2	2002		virus_only	5	0
A/SOFIA/340/2002		A	H3N2	2002		virus_only	5	0
A/SOFIA/341/2002		A	H3N2	2002		virus_only	5	0
A/SOFIA/342/2002		A	H3N2	2002		virus_only	5	0
A/SOFIA/343/2002		A	H3N2	2002		virus_only	5	0
A/SOFIA/344/2002		A	H3N2	2002		virus_only	5	0
A/SOFIA/349/1999		A	H3N2	1999		virus_only	8	0
A/SOFIA/350/1999		A	H3N2	1999		virus_only	8	0
A/SOFIA/350/2007		A	H3N2	2007		virus_only	10	0
A/SOFIA/351/1999		A	H3N2	1999		virus_only	8	0
A/SOFIA/352/1999		A	H3N2	1999		virus_only	8	0
A/SOFIA/354/1999		A	H3N2	1999		virus_only	8	0
A/SOFIA/355/1999		A	H3N2	1999		virus_only	8	0
A/SOFIA/356/1999		A	H3N2	1999		virus_only	8	0
A/SOFIA/357/1999		A	H3N2	1999		virus_only	8	0
A/SOFIA/383/2004		A	H3N2	2004		virus_only	6	0
A/SOFIA/425/2007		A	H3N2	2007		virus_only	10	0
A/SOFIA/462/2007		A	H3N2	2007		virus_only	20	0
A/SOFIA/622/1996		A	H3N2	1996		virus_only	6	0
A/SOFIA/627/1996		A	H3N2	1996		virus_only	6	0
A/SOFIA/631/1996		A	H3N2	1996		virus_only	6	0
A/SOFIA/633/1996		A	H3N2	1996		virus_only	6	0
A/SOFIA/645/2007		A	H3N2	2007		virus_only	10	0
A/SOFIA/649/2005		A	H3N2	2005		virus_only	9	0
A/SOFIA/651/2005		A	H3N2	2005		virus_only	9	0
A/SOFIA/660/2005		A	H3N2	2005		virus_only	9	0
A/SOFIA/671/2007		A	H3N2	2007		virus_only	20	0
A/SOFIA/676/2007		A	H3N2	2007		virus_only	10	0
A/SOFIA/682/2005		A	H3N2	2005		virus_only	9	0
A/SOFIA/747/2005		A	H3N2	2005		virus_only	9	0
A/SOFIA/874/2000		A	H3N2	2000		virus_only	7	0
A/SOKOLOV/38/2009		A	H3N2	2009		virus_only	8	0
A/SOLOMONISLANDS/2/2004		A	H3N2	2004		virus_only	5	0
A/SORIA/10/1997		A	H3N2	1997		virus_only	4	0
A/SORIA/11/1998		A	H3N2	1998		virus_only	5	0
A/SORIA/11/2019		A	H3N2	2019		virus_only	8	0
A/SORIA/143/2013		A	H3N2	2013		virus_only	8	0
A/SORIA/19/1995		A	H3N2	1995		virus_only	6	0
A/SORIA/198/2015		A	H3N2	2015		virus_only	11	0
A/SORIA/23/1995		A	H3N2	1995		virus_only	4	0
A/SORIA/27/1995		A	H3N2	1995		virus_only	6	0
A/SORIA/29/2002		A	H3N2	2002		virus_only	6	0
A/SORIA/3/2009		A	H3N2	2009		virus_only	9	0
A/SORIA/32/1995		A	H3N2	1995		virus_only	6	0
A/SORIA/4/1996		A	H3N2	1996		virus_only	5	0
A/SORIA/40/1995		A	H3N2	1995		virus_only	6	0
A/SORIA/43/1995		A	H3N2	1995		virus_only	6	0
A/SORIA/44/1995		A	H3N2	1995		virus_only	6	0
A/SORIA/50/1995		A	H3N2	1995		virus_only	6	0
A/SORIA/53/2003		A	H3N2	2003		virus_only	7	0
A/SORIA/58/1999		A	H3N2	1999		virus_only	6	0
A/SOTTEVILLELESROUEN/293/2000		A	H3N2	2000		virus_only	6	0
A/SOTTEVILLELESROUEN/43/2000		A	H3N2	2000		virus_only	6	0
A/SOTTEVILLELESROUEN/99/2000		A	H3N2	2000		virus_only	6	0
A/SOUTHAFRICA/0803/2020		A	H3N2	2020		virus_only	9	0
A/SOUTHAFRICA/1000/1990		A	H3N2	1990		virus_only	7	0
A/SOUTHAFRICA/1003/1990		A	H3N2	1990		virus_only	7	0
A/SOUTHAFRICA/1006/1992		A	H3N2	1992		virus_only	7	0
A/SOUTHAFRICA/1012/1990		A	H3N2	1990		virus_only	7	0
A/SOUTHAFRICA/1031/1990		A	H3N2	1990		virus_only	7	0
A/SOUTHAFRICA/1032/1990		A	H3N2	1990		virus_only	7	0
A/SOUTHAFRICA/1033/1990		A	H3N2	1990		virus_only	7	0
A/SOUTHAFRICA/1037/1990		A	H3N2	1990		virus_only	7	0
A/SOUTHAFRICA/1038/1990		A	H3N2	1990		virus_only	7	0
A/SOUTHAFRICA/1051/1990		A	H3N2	1990		virus_only	7	0
A/SOUTHAFRICA/1053/1990		A	H3N2	1990		virus_only	7	0
A/SOUTHAFRICA/1056/1990		A	H3N2	1990		virus_only	7	0
A/SOUTHAFRICA/1061/1990		A	H3N2	1990		virus_only	7	0
A/SOUTHAFRICA/1062/1990		A	H3N2	1990		virus_only	7	0
A/SOUTHAFRICA/1070/1990		A	H3N2	1990		virus_only	7	0
A/SOUTHAFRICA/1092/1990		A	H3N2	1990		virus_only	7	0
A/SOUTHAFRICA/1093/1990		A	H3N2	1990		virus_only	7	0
A/SOUTHAFRICA/1114/1990		A	H3N2	1990		virus_only	7	0
A/SOUTHAFRICA/1120/1990		A	H3N2	1990		virus_only	7	0
A/SOUTHAFRICA/1131/1990		A	H3N2	1990		virus_only	7	0
A/SOUTHAFRICA/1173/1990		A	H3N2	1990		virus_only	7	0
A/SOUTHAFRICA/1188/1990		A	H3N2	1990		virus_only	7	0
A/SOUTHAFRICA/1199/1990		A	H3N2	1990		virus_only	7	0
A/SOUTHAFRICA/1205/1990		A	H3N2	1990		virus_only	7	0
A/SOUTHAFRICA/1214/1990		A	H3N2	1990		virus_only	7	0
A/SOUTHAFRICA/1216/1990		A	H3N2	1990		virus_only	7	0
A/SOUTHAFRICA/1217/1990		A	H3N2	1990		virus_only	7	0
A/SOUTHAFRICA/1223/1990		A	H3N2	1990		virus_only	7	0
A/SOUTHAFRICA/1232/1990		A	H3N2	1990		virus_only	7	0
A/SOUTHAFRICA/1238/1990		A	H3N2	1990		virus_only	7	0
A/SOUTHAFRICA/1248/1990		A	H3N2	1990		virus_only	7	0
A/SOUTHAFRICA/1252/1990		A	H3N2	1990		virus_only	7	0
A/SOUTHAFRICA/1255/1990		A	H3N2	1990		virus_only	7	0
A/SOUTHAFRICA/1257/1990		A	H3N2	1990		virus_only	7	0
A/SOUTHAFRICA/1264/1990		A	H3N2	1990		virus_only	7	0
A/SOUTHAFRICA/1265/1990		A	H3N2	1990		virus_only	7	0
A/SOUTHAFRICA/143/1992		A	H3N2	1992		virus_only	6	0
A/SOUTHAFRICA/1857/2013		A	H3N2	2013		virus_only	10	0
A/SOUTHAFRICA/271/2014		A	H3N2	2014		virus_only	10	0
A/SOUTHAFRICA/3622/2014		A	H3N2	2014		virus_only	9	0
A/SOUTHAFRICA/3761/2014		A	H3N2	2014		virus_only	10	0
A/SOUTHAFRICA/3941/2013		A	H3N2	2013		virus_only	10	0
A/SOUTHAFRICA/4090/2014		A	H3N2	2014		virus_only	10	0
A/SOUTHAFRICA/4100/2014		A	H3N2	2014		virus_only	10	0
A/SOUTHAFRICA/4370/2014		A	H3N2	2014		virus_only	10	0
A/SOUTHAFRICA/4371/2014		A	H3N2	2014		virus_only	10	0
A/SOUTHAFRICA/4374/2014		A	H3N2	2014		virus_only	10	0
A/SOUTHAFRICA/4569/2014		A	H3N2	2014		virus_only	10	0
A/SOUTHAFRICA/46/1994		A	H3N2	1994		virus_only	5	0
A/SOUTHAFRICA/4655/2013#CLONE10156		A	H3N2			virus_only	9	0
A/SOUTHAFRICA/4655/2013#CLONE10160		A	H3N2			virus_only	9	0
A/SOUTHAFRICA/4655/2013#CLONE11876		A	H3N2			virus_only	9	0
A/SOUTHAFRICA/4655/2013#CLONE11878		A	H3N2			virus_only	9	0
A/SOUTHAFRICA/4655/2013#CLONE9337		A	H3N2			virus_only	9	0
A/SOUTHAFRICA/4655/2013#CLONE9338		A	H3N2			virus_only	9	0
A/SOUTHAFRICA/4671/2013		A	H3N2	2013		virus_only	19	0
A/SOUTHAFRICA/47/1994		A	H3N2	1994		virus_only	5	0
A/SOUTHAFRICA/4766/2014		A	H3N2	2014		virus_only	10	0
A/SOUTHAFRICA/48/1994		A	H3N2	1994		virus_only	5	0
A/SOUTHAFRICA/49/1994		A	H3N2	1994		virus_only	5	0
A/SOUTHAFRICA/4934/2014		A	H3N2	2014		virus_only	10	0
A/SOUTHAFRICA/4991/2014		A	H3N2	2014		virus_only	10	0
A/SOUTHAFRICA/50/1994		A	H3N2	1994		virus_only	5	0
A/SOUTHAFRICA/5403/2014		A	H3N2	2014		virus_only	10	0
A/SOUTHAFRICA/5416/2014		A	H3N2	2014		virus_only	10	0
A/SOUTHAFRICA/590/1993		A	H3N2	1993		virus_only	7	0
A/SOUTHAFRICA/617/1992		A	H3N2	1992		virus_only	7	0
A/SOUTHAFRICA/628/1993		A	H3N2	1993		virus_only	7	0
A/SOUTHAFRICA/632/1993		A	H3N2	1993		virus_only	7	0
A/SOUTHAFRICA/643/1993		A	H3N2	1993		virus_only	7	0
A/SOUTHAFRICA/646/1993		A	H3N2	1993		virus_only	7	0
A/SOUTHAFRICA/658/1993		A	H3N2	1993		virus_only	7	0
A/SOUTHAFRICA/680/1993		A	H3N2	1993		virus_only	7	0
A/SOUTHAFRICA/681/1992		A	H3N2	1992		virus_only	7	0
A/SOUTHAFRICA/681/1993		A	H3N2	1993		virus_only	7	0
A/SOUTHAFRICA/689/1993		A	H3N2	1993		virus_only	7	0
A/SOUTHAFRICA/696/1993		A	H3N2	1993		virus_only	7	0
A/SOUTHAFRICA/699/1993		A	H3N2	1993		virus_only	7	0
A/SOUTHAFRICA/702/1992		A	H3N2	1992		virus_only	7	0
A/SOUTHAFRICA/702/1993		A	H3N2	1993		virus_only	7	0
A/SOUTHAFRICA/703/1993		A	H3N2	1993		virus_only	7	0
A/SOUTHAFRICA/704/1993		A	H3N2	1993		virus_only	7	0
A/SOUTHAFRICA/708/1993		A	H3N2	1993		virus_only	7	0
A/SOUTHAFRICA/713/1992		A	H3N2	1992		virus_only	7	0
A/SOUTHAFRICA/719/1992		A	H3N2	1992		virus_only	7	0
A/SOUTHAFRICA/720/1992		A	H3N2	1992		virus_only	7	0
A/SOUTHAFRICA/720/1993		A	H3N2	1993		virus_only	7	0
A/SOUTHAFRICA/728/1992		A	H3N2	1992		virus_only	7	0
A/SOUTHAFRICA/728/1993		A	H3N2	1993		virus_only	7	0
A/SOUTHAFRICA/743/1992		A	H3N2	1992		virus_only	7	0
A/SOUTHAFRICA/749/1992		A	H3N2	1992		virus_only	7	0
A/SOUTHAFRICA/754/1992		A	H3N2	1992		virus_only	7	0
A/SOUTHAFRICA/757/1992		A	H3N2	1992		virus_only	7	0
A/SOUTHAFRICA/758/1992		A	H3N2	1992		virus_only	7	0
A/SOUTHAFRICA/760/1993		A	H3N2	1993		virus_only	4	0
A/SOUTHAFRICA/766/1992		A	H3N2	1992		virus_only	7	0
A/SOUTHAFRICA/767/1992		A	H3N2	1992		virus_only	7	0
A/SOUTHAFRICA/768/1992		A	H3N2	1992		virus_only	7	0
A/SOUTHAFRICA/787/1992		A	H3N2	1992		virus_only	7	0
A/SOUTHAFRICA/789/1992		A	H3N2	1992		virus_only	7	0
A/SOUTHAFRICA/794/1992		A	H3N2	1992		virus_only	7	0
A/SOUTHAFRICA/797/1992		A	H3N2	1992		virus_only	7	0
A/SOUTHAFRICA/798/1992		A	H3N2	1992		virus_only	7	0
A/SOUTHAFRICA/798/1993		A	H3N2	1993		virus_only	5	0
A/SOUTHAFRICA/8/1990		A	H3N2	1990		virus_only	7	0
A/SOUTHAFRICA/801/1992		A	H3N2	1992		virus_only	7	0
A/SOUTHAFRICA/812/1992		A	H3N2	1992		virus_only	7	0
A/SOUTHAFRICA/814/1992		A	H3N2	1992		virus_only	7	0
A/SOUTHAFRICA/823/1992		A	H3N2	1992		virus_only	7	0
A/SOUTHAFRICA/824/1992		A	H3N2	1992		virus_only	7	0
A/SOUTHAFRICA/826/1992		A	H3N2	1992		virus_only	7	0
A/SOUTHAFRICA/829/1993		A	H3N2	1993		virus_only	6	0
A/SOUTHAFRICA/837/1992		A	H3N2	1992		virus_only	7	0
A/SOUTHAFRICA/839/1992		A	H3N2	1992		virus_only	7	0
A/SOUTHAFRICA/845/1990		A	H3N2	1990		virus_only	7	0
A/SOUTHAFRICA/845/1992		A	H3N2	1992		virus_only	7	0
A/SOUTHAFRICA/846/1992		A	H3N2	1992		virus_only	7	0
A/SOUTHAFRICA/849/1992		A	H3N2	1992		virus_only	7	0
A/SOUTHAFRICA/860/1993		A	H3N2	1993		virus_only	6	0
A/SOUTHAFRICA/880/1992		A	H3N2	1992		virus_only	7	0
A/SOUTHAFRICA/8914/2019		A	H3N2	2019		virus_only	9	0
A/SOUTHAFRICA/897/1990		A	H3N2	1990		virus_only	7	0
A/SOUTHAFRICA/898/1992		A	H3N2	1992		virus_only	7	0
A/SOUTHAFRICA/899/1992		A	H3N2	1992		virus_only	7	0
A/SOUTHAFRICA/920/1990		A	H3N2	1990		virus_only	7	0
A/SOUTHAFRICA/9306/2019		A	H3N2	2019		virus_only	9	0
A/SOUTHAFRICA/931/1992		A	H3N2	1992		virus_only	7	0
A/SOUTHAFRICA/938/1992		A	H3N2	1992		virus_only	7	0
A/SOUTHAFRICA/940/1992		A	H3N2	1992		virus_only	7	0
A/SOUTHAFRICA/947/1990		A	H3N2	1990		virus_only	7	0
A/SOUTHAFRICA/948/1992		A	H3N2	1992		virus_only	7	0
A/SOUTHAFRICA/9493/2019		A	H3N2	2019		virus_only	9	0
A/SOUTHAFRICA/9550/2019		A	H3N2	2019		virus_only	9	0
A/SOUTHAFRICA/959/1992		A	H3N2	1992		virus_only	7	0
A/SOUTHAFRICA/982/1990		A	H3N2	1990		virus_only	7	0
A/SOUTHAFRICA/D1016/1996		A	H3N2	1996		virus_only	6	0
A/SOUTHAFRICA/D1035/1996		A	H3N2	1996		virus_only	6	0
A/SOUTHAFRICA/D1047/1996		A	H3N2	1996		virus_only	6	0
A/SOUTHAFRICA/D1059/1996		A	H3N2	1996		virus_only	6	0
A/SOUTHAFRICA/D1060/1996		A	H3N2	1996		virus_only	6	0
A/SOUTHAFRICA/D1069/1996		A	H3N2	1996		virus_only	6	0
A/SOUTHAFRICA/D1070/1996		A	H3N2	1996		virus_only	6	0
A/SOUTHAFRICA/D1080/1996		A	H3N2	1996		virus_only	6	0
A/SOUTHAFRICA/D1084/1996		A	H3N2	1996		virus_only	6	0
A/SOUTHAFRICA/D1088/1996		A	H3N2	1996		virus_only	6	0
A/SOUTHAFRICA/D1096/1996		A	H3N2	1996		virus_only	6	0
A/SOUTHAFRICA/D1097/1996		A	H3N2	1996		virus_only	6	0
A/SOUTHAFRICA/D1099/1996		A	H3N2	1996		virus_only	6	0
A/SOUTHAFRICA/D1100/1996		A	H3N2	1996		virus_only	6	0
A/SOUTHAFRICA/D1101/1996		A	H3N2	1996		virus_only	6	0
A/SOUTHAFRICA/D1115/1996		A	H3N2	1996		virus_only	6	0
A/SOUTHAFRICA/D1120/1996		A	H3N2	1996		virus_only	6	0
A/SOUTHAFRICA/D1136/1996		A	H3N2	1996		virus_only	6	0
A/SOUTHAFRICA/D1145/1996		A	H3N2	1996		virus_only	6	0
A/SOUTHAFRICA/D1146/1996		A	H3N2	1996		virus_only	6	0
A/SOUTHAFRICA/D1147/1996		A	H3N2	1996		virus_only	6	0
A/SOUTHAFRICA/D966/1996		A	H3N2	1996		virus_only	6	0
A/SOUTHAFRICA/D980/1996		A	H3N2	1996		virus_only	6	0
A/SOUTHAFRICA/R03804/2019		A	H3N2	2019		virus_only	8	0
A/SOUTHAFRICA/R03985/2019		A	H3N2	2019		virus_only	8	0
A/SOUTHAFRICA/R04468/2017		A	H3N2	2017		virus_only	8	0
A/SOUTHAFRICA/R04939/2017		A	H3N2	2017		virus_only	8	0
A/SOUTHAFRICA/R05114/2019		A	H3N2	2019		virus_only	8	0
A/SOUTHAFRICA/R05118/2019		A	H3N2	2019		virus_only	8	0
A/SOUTHAFRICA/R05121/2019		A	H3N2	2019		virus_only	8	0
A/SOUTHAFRICA/R05176/2019		A	H3N2	2019		virus_only	8	0
A/SOUTHAFRICA/R05619/2019		A	H3N2	2019		virus_only	8	0
A/SOUTHAFRICA/R05636/2019		A	H3N2	2019		virus_only	8	0
A/SOUTHAFRICA/R05652/2019		A	H3N2	2019		virus_only	8	0
A/SOUTHAFRICA/R05728/2017		A	H3N2	2017		virus_only	8	0
A/SOUTHAFRICA/R06219/2019		A	H3N2	2019		virus_only	1	0
A/SOUTHAFRICA/R06404/2019		A	H3N2	2019		virus_only	8	0
A/SOUTHAFRICA/R06867/2019		A	H3N2	2019		virus_only	8	0
A/SOUTHAFRICA/R06917/2019		A	H3N2	2019		virus_only	8	0
A/SOUTHAFRICA/R10418/2018		A	H3N2	2018		virus_only	9	0
A/SOUTHAFRICA/R2490/2015		A	H3N2	2015		virus_only	11	0
A/SOUTHAFRICA/R2665/2015#CLONE29		A	H3N2			virus_only	14	0
A/SOUTHAFRICA/R2825/2015		A	H3N2	2015		virus_only	18	0
A/SOUTHAFRICA/R2825/2015#CLONE159		A	H3N2			virus_only	11	0
A/SOUTHAFRICA/R2991/2015#CLONE118		A	H3N2			virus_only	11	0
A/SOUTHAFRICA/R3026/2016		A	H3N2	2016		virus_only	12	0
A/SOUTHAFRICA/R3142/2016		A	H3N2	2016		virus_only	12	0
A/SOUTHAFRICA/R3276/2015#CLONE35		A	H3N2			virus_only	11	0
A/SOUTHAFRICA/R3328/2016		A	H3N2	2016		virus_only	12	0
A/SOUTHAFRICA/R3402/2015		A	H3N2	2015		virus_only	18	0
A/SOUTHAFRICA/R3457/2015		A	H3N2	2015		virus_only	18	0
A/SOUTHAFRICA/R3512/2015		A	H3N2	2015		virus_only	11	0
A/SOUTHAFRICA/R3620/2016		A	H3N2	2016		virus_only	13	0
A/SOUTHAFRICA/R3720/2015		A	H3N2	2015		virus_only	18	0
A/SOUTHAFRICA/R3778/2015		A	H3N2	2015		virus_only	10	0
A/SOUTHAFRICA/R3944/2015		A	H3N2	2015		virus_only	18	0
A/SOUTHAFRICA/R4140/2016		A	H3N2	2016		virus_only	12	0
A/SOUTHAFRICA/R4626/2016		A	H3N2	2016		virus_only	11	0
A/SOUTHAFRICA/VW0036/2016		A	H3N2	2016		virus_only	12	0
A/SOUTHAUCKLAND/23/2016		A	H3N2	2016		virus_only	12	0
A/SOUTHAUSTRALIA/1/1990		A	H3N2	1990		virus_only	8	0
A/SOUTHAUSTRALIA/1/1994		A	H3N2	1994		virus_only	12	0
A/SOUTHAUSTRALIA/1/1995		A	H3N2	1995		virus_only	6	0
A/SOUTHAUSTRALIA/114/1998		A	H3N2	1998		virus_only	6	0
A/SOUTHAUSTRALIA/115/1998		A	H3N2	1998		virus_only	6	0
A/SOUTHAUSTRALIA/13/1993		A	H3N2	1993		virus_only	10	0
A/SOUTHAUSTRALIA/132/1998		A	H3N2	1998		virus_only	6	0
A/SOUTHAUSTRALIA/14/1993		A	H3N2	1993		virus_only	10	0
A/SOUTHAUSTRALIA/15/1992		A	H3N2	1992		virus_only	7	0
A/SOUTHAUSTRALIA/176/1998		A	H3N2	1998		virus_only	6	0
A/SOUTHAUSTRALIA/185/1998		A	H3N2	1998		virus_only	6	0
A/SOUTHAUSTRALIA/19/1993		A	H3N2	1993		virus_only	6	0
A/SOUTHAUSTRALIA/2/1990		A	H3N2	1990		virus_only	13	0
A/SOUTHAUSTRALIA/20/1992		A	H3N2	1992		virus_only	7	0
A/SOUTHAUSTRALIA/20/1997		A	H3N2	1997		virus_only	18	0
A/SOUTHAUSTRALIA/21/1999		A	H3N2	1999		virus_only	20	0
A/SOUTHAUSTRALIA/21/2014		A	H3N2	2014		virus_only	5	0
A/SOUTHAUSTRALIA/21/2015		A	H3N2	2015		virus_only	11	0
A/SOUTHAUSTRALIA/220/1998		A	H3N2	1998		virus_only	6	0
A/SOUTHAUSTRALIA/23/1992		A	H3N2	1992		virus_only	7	0
A/SOUTHAUSTRALIA/24/2014		A	H3N2	2014		virus_only	5	0
A/SOUTHAUSTRALIA/27/2014		A	H3N2	2014		virus_only	5	0
A/SOUTHAUSTRALIA/3/1994		A	H3N2	1994		virus_only	5	0
A/SOUTHAUSTRALIA/3/1996		A	H3N2	1996		virus_only	8	0
A/SOUTHAUSTRALIA/30/2012@GROUP3A		A	H3N2			virus_only	10	0
A/SOUTHAUSTRALIA/30/2014		A	H3N2	2014		virus_only	5	0
A/SOUTHAUSTRALIA/306/1998		A	H3N2	1998		virus_only	6	0
A/SOUTHAUSTRALIA/33/1993		A	H3N2	1993		virus_only	6	0
A/SOUTHAUSTRALIA/4/2000		A	H3N2	2000		virus_only	16	0
A/SOUTHAUSTRALIA/41/2012		A	H3N2	2012		virus_only	5	0
A/SOUTHAUSTRALIA/5/1994		A	H3N2	1994		virus_only	5	0
A/SOUTHAUSTRALIA/52/1998		A	H3N2	1998		virus_only	6	0
A/SOUTHAUSTRALIA/54/1997		A	H3N2	1997		virus_only	6	0
A/SOUTHAUSTRALIA/54/2012		A	H3N2	2012		virus_only	10	0
A/SOUTHAUSTRALIA/54/2016		A	H3N2	2016		virus_only	12	0
A/SOUTHAUSTRALIA/55/2014@IVR175		A	H3N2			virus_only	8	0
A/SOUTHAUSTRALIA/55/2014@IVR1785		A	H3N2			virus_only	9	0
A/SOUTHAUSTRALIA/62/1992		A	H3N2	1992		virus_only	11	0
A/SOUTHAUSTRALIA/63/1996		A	H3N2	1996		virus_only	6	0
A/SOUTHAUSTRALIA/66/1992		A	H3N2	1992		virus_only	11	0
A/SOUTHAUSTRALIA/68/1992		A	H3N2	1992		virus_only	11	0
A/SOUTHAUSTRALIA/74/1992		A	H3N2	1992		virus_only	11	0
A/SOUTHAUSTRALIA/8/1992		A	H3N2	1992		virus_only	7	0
A/SOUTHAUSTRALIA/83/1992		A	H3N2	1992		virus_only	11	0
A/SOUTHAUSTRALIA/9/2015		A	H3N2	2015		virus_only	21	0
A/SOUTHCAROLINA/16/2012		A	H3N2	2012		virus_only	11	0
A/SOUTHLEBANONTYRE/NS20/2019		A	H3N2	2019		virus_only	9	0
A/SPAIN/13831/2012		A	H3N2	2012		virus_only	11	0
A/SPAIN/13916/2012		A	H3N2	2012		virus_only	11	0
A/SPAIN/14701/2012		A	H3N2	2012		virus_only	11	0
A/SPAIN/14758/2012		A	H3N2	2012		virus_only	11	0
A/SPAIN/18719/2013		A	H3N2	2013		virus_only	11	0
A/SPAIN/20322/2012		A	H3N2	2012		virus_only	11	0
A/SPAIN/23634/2012		A	H3N2	2012		virus_only	11	0
A/SPETERESBURG/RII239/2019		A	H3N2	2019		virus_only	9	0
A/SPETERESBURG/RII242/2019		A	H3N2	2019		virus_only	9	0
A/SPETERSBURG/RII180/2020		A	H3N2	2020		virus_only	9	0
A/SRILANKA/2/1998		A	H3N2	1998		virus_only	7	0
A/SRILANKA/25/1998		A	H3N2	1998		virus_only	14	0
A/SRILANKA/26/1998		A	H3N2	1998		virus_only	7	0
A/SRILANKA/3/1998		A	H3N2	1998		virus_only	19	0
A/SRILANKA/5/1998		A	H3N2	1998		virus_only	12	0
A/SRILANKA/61/2015		A	H3N2	2015		virus_only	12	0
A/SRILANKA/7/1998		A	H3N2	1998		virus_only	7	0
A/SRILANKA/8/1998		A	H3N2	1998		virus_only	14	0
A/SRILANKA/9/1998		A	H3N2	1998		virus_only	14	0
A/SRMITROVICA/525/2009		A	H3N2	2009		virus_only	11	0
A/SRMITROVICA/707/2009		A	H3N2	2009		virus_only	11	0
A/STANBUL/202/2011		A	H3N2	2011		virus_only	9	0
A/STANBUL/249/2011		A	H3N2	2011		virus_only	9	0
A/STAVROPOL/10/2020		A	H3N2	2020		virus_only	9	0
A/STAVROPOL/2/2006		A	H3N2	2006		virus_only	9	0
A/STAVROPOL/3/2006		A	H3N2	2006		virus_only	9	0
A/STAVROPOL/5/2006		A	H3N2	2006		virus_only	9	0
A/STAVROPOL/6/2006		A	H3N2	2006		virus_only	9	0
A/STETIENNE/1130/2011		A	H3N2	2011		virus_only	8	0
A/STETIENNE/1274/1993		A	H3N2	1993		virus_only	7	0
A/STETIENNE/1275/1993		A	H3N2	1993		virus_only	7	0
A/STETIENNE/1859/1996		A	H3N2	1996		virus_only	5	0
A/STETIENNE/1860/1996		A	H3N2	1996		virus_only	5	0
A/STETIENNE/1875/1996		A	H3N2	1996		virus_only	5	0
A/STETIENNE/1876/1996		A	H3N2	1996		virus_only	5	0
A/STETIENNE/1877/1996		A	H3N2	1996		virus_only	6	0
A/STETIENNE/1936/1996		A	H3N2	1996		virus_only	5	0
A/STETIENNE/1937/1996		A	H3N2	1996		virus_only	5	0
A/STETIENNE/1938/1996		A	H3N2	1996		virus_only	6	0
A/STETIENNE/2044/1993		A	H3N2	1993		virus_only	6	0
A/STETIENNE/2069/2003		A	H3N2	2003		virus_only	6	0
A/STETIENNE/2220/1993		A	H3N2	1993		virus_only	6	0
A/STETIENNE/2359/1996		A	H3N2	1996		virus_only	6	0
A/STETIENNE/2360/1996		A	H3N2	1996		virus_only	5	0
A/STETIENNE/2361/1996		A	H3N2	1996		virus_only	6	0
A/STETIENNE/2362/1996		A	H3N2	1996		virus_only	6	0
A/STETIENNE/2408/2003		A	H3N2	2003		virus_only	6	0
A/STETIENNE/656/2005		A	H3N2	2005		virus_only	6	0
A/STETIENNE/951/2017		A	H3N2	2017		virus_only	5	0
A/STETIENNE/CHU/6331/1993		A	H3N2	1993		virus_only	7	0
A/STETIENNE/CHU/6759/1993		A	H3N2	1993		virus_only	7	0
A/STGEORGESDORQUES/229/2000		A	H3N2	2000		virus_only	6	0
A/STHAUSTRALIA/130/1999		A	H3N2	1999		virus_only	6	0
A/STOCKHOLM/1/1992		A	H3N2	1992		virus_only	7	0
A/STOCKHOLM/1/1993		A	H3N2	1993		virus_only	7	0
A/STOCKHOLM/1/1994		A	H3N2	1994		virus_only	5	0
A/STOCKHOLM/1/1995		A	H3N2	1995		virus_only	6	0
A/STOCKHOLM/1/1997		A	H3N2	1997		virus_only	6	0
A/STOCKHOLM/1/1998		A	H3N2	1998		virus_only	5	0
A/STOCKHOLM/1/1999		A	H3N2	1999		virus_only	5	0
A/STOCKHOLM/1/2000		A	H3N2	2000		virus_only	6	0
A/STOCKHOLM/1/2002		A	H3N2	2002		virus_only	6	0
A/STOCKHOLM/1/2003		A	H3N2	2003		virus_only	8	0
A/STOCKHOLM/1/2004		A	H3N2	2004		virus_only	6	0
A/STOCKHOLM/1/2005		A	H3N2	2005		virus_only	10	0
A/STOCKHOLM/1/2006		A	H3N2	2006		virus_only	7	0
A/STOCKHOLM/1/2007		A	H3N2	2007		virus_only	10	0
A/STOCKHOLM/1/2011		A	H3N2	2011		virus_only	11	0
A/STOCKHOLM/1/2013#CLONE3617		A	H3N2			virus_only	9	0
A/STOCKHOLM/1/2013#CLONE3618		A	H3N2			virus_only	9	0
A/STOCKHOLM/1/2013@X249A		A	H3N2			virus_only	8	0
A/STOCKHOLM/1/2015		A	H3N2	2015		virus_only	12	0
A/STOCKHOLM/1/2021		A	H3N2	2021		virus_only	9	0
A/STOCKHOLM/10/1990		A	H3N2	1990		virus_only	7	0
A/STOCKHOLM/10/1991		A	H3N2	1991		virus_only	7	0
A/STOCKHOLM/10/1995		A	H3N2	1995		virus_only	5	0
A/STOCKHOLM/10/1999		A	H3N2	1999		virus_only	5	0
A/STOCKHOLM/10/2001		A	H3N2	2001		virus_only	6	0
A/STOCKHOLM/10/2002		A	H3N2	2002		virus_only	6	0
A/STOCKHOLM/10/2003		A	H3N2	2003		virus_only	8	0
A/STOCKHOLM/10/2004		A	H3N2	2004		virus_only	6	0
A/STOCKHOLM/10/2005		A	H3N2	2005		virus_only	8	0
A/STOCKHOLM/10/2006		A	H3N2	2006		virus_only	7	0
A/STOCKHOLM/10/2009		A	H3N2	2009		virus_only	14	0
A/STOCKHOLM/10/2010		A	H3N2	2010		virus_only	16	0
A/STOCKHOLM/10/2013		A	H3N2	2013		virus_only	21	0
A/STOCKHOLM/11/1990		A	H3N2	1990		virus_only	7	0
A/STOCKHOLM/11/1991		A	H3N2	1991		virus_only	7	0
A/STOCKHOLM/11/1992		A	H3N2	1992		virus_only	7	0
A/STOCKHOLM/11/1995		A	H3N2	1995		virus_only	6	0
A/STOCKHOLM/11/1997		A	H3N2	1997		virus_only	5	0
A/STOCKHOLM/11/1998		A	H3N2	1998		virus_only	7	0
A/STOCKHOLM/11/1999		A	H3N2	1999		virus_only	7	0
A/STOCKHOLM/11/2002		A	H3N2	2002		virus_only	6	0
A/STOCKHOLM/11/2003		A	H3N2	2003		virus_only	8	0
A/STOCKHOLM/11/2004		A	H3N2	2004		virus_only	6	0
A/STOCKHOLM/11/2005		A	H3N2	2005		virus_only	20	0
A/STOCKHOLM/11/2007		A	H3N2	2007		virus_only	8	0
A/STOCKHOLM/11/2008		A	H3N2	2008		virus_only	10	0
A/STOCKHOLM/11/2009		A	H3N2	2009		virus_only	14	0
A/STOCKHOLM/11/2012		A	H3N2	2012		virus_only	10	0
A/STOCKHOLM/11/2013		A	H3N2	2013		virus_only	24	0
A/STOCKHOLM/11/2017		A	H3N2	2017		virus_only	15	0
A/STOCKHOLM/112/2009		A	H3N2	2009		virus_only	11	0
A/STOCKHOLM/12/1990		A	H3N2	1990		virus_only	7	0
A/STOCKHOLM/12/1991		A	H3N2	1991		virus_only	7	0
A/STOCKHOLM/12/1992		A	H3N2	1992		virus_only	7	0
A/STOCKHOLM/12/1993		A	H3N2	1993		virus_only	6	0
A/STOCKHOLM/12/1995		A	H3N2	1995		virus_only	5	0
A/STOCKHOLM/12/1999		A	H3N2	1999		virus_only	7	0
A/STOCKHOLM/12/2002		A	H3N2	2002		virus_only	6	0
A/STOCKHOLM/12/2003		A	H3N2	2003		virus_only	8	0
A/STOCKHOLM/12/2004		A	H3N2	2004		virus_only	6	0
A/STOCKHOLM/12/2005		A	H3N2	2005		virus_only	8	0
A/STOCKHOLM/12/2006		A	H3N2	2006		virus_only	7	0
A/STOCKHOLM/12/2007		A	H3N2	2007		virus_only	8	0
A/STOCKHOLM/12/2009		A	H3N2	2009		virus_only	14	0
A/STOCKHOLM/12/2013		A	H3N2	2013		virus_only	11	0
A/STOCKHOLM/12/2014		A	H3N2	2014		virus_only	10	0
A/STOCKHOLM/12/2015		A	H3N2	2015		virus_only	12	0
A/STOCKHOLM/1200574/2012		A	H3N2	2012		virus_only	9	0
A/STOCKHOLM/1200694/2012		A	H3N2	2012		virus_only	9	0
A/STOCKHOLM/1200695/2012		A	H3N2	2012		virus_only	9	0
A/STOCKHOLM/1200752/2012		A	H3N2	2012		virus_only	9	0
A/STOCKHOLM/1200974/2012		A	H3N2	2012		virus_only	9	0
A/STOCKHOLM/1200978/2012		A	H3N2	2012		virus_only	9	0
A/STOCKHOLM/1200979/2012		A	H3N2	2012		virus_only	9	0
A/STOCKHOLM/1200983/2012		A	H3N2	2012		virus_only	9	0
A/STOCKHOLM/1216700/2012		A	H3N2	2012		virus_only	11	0
A/STOCKHOLM/13/1990		A	H3N2	1990		virus_only	7	0
A/STOCKHOLM/13/1992		A	H3N2	1992		virus_only	7	0
A/STOCKHOLM/13/1993		A	H3N2	1993		virus_only	5	0
A/STOCKHOLM/13/1995		A	H3N2	1995		virus_only	5	0
A/STOCKHOLM/13/1997		A	H3N2	1997		virus_only	5	0
A/STOCKHOLM/13/1998		A	H3N2	1998		virus_only	7	0
A/STOCKHOLM/13/1999		A	H3N2	1999		virus_only	6	0
A/STOCKHOLM/13/2002		A	H3N2	2002		virus_only	6	0
A/STOCKHOLM/13/2003		A	H3N2	2003		virus_only	8	0
A/STOCKHOLM/13/2004		A	H3N2	2004		virus_only	6	0
A/STOCKHOLM/13/2005		A	H3N2	2005		virus_only	8	0
A/STOCKHOLM/13/2006		A	H3N2	2006		virus_only	7	0
A/STOCKHOLM/13/2009		A	H3N2	2009		virus_only	14	0
A/STOCKHOLM/13/2014		A	H3N2	2014		virus_only	10	0
A/STOCKHOLM/13/2015		A	H3N2	2015		virus_only	12	0
A/STOCKHOLM/13/2020		A	H3N2	2020		virus_only	9	0
A/STOCKHOLM/14/1990		A	H3N2	1990		virus_only	7	0
A/STOCKHOLM/14/1993		A	H3N2	1993		virus_only	6	0
A/STOCKHOLM/14/1995		A	H3N2	1995		virus_only	5	0
A/STOCKHOLM/14/1998		A	H3N2	1998		virus_only	7	0
A/STOCKHOLM/14/1999		A	H3N2	1999		virus_only	6	0
A/STOCKHOLM/14/2002		A	H3N2	2002		virus_only	6	0
A/STOCKHOLM/14/2003		A	H3N2	2003		virus_only	8	0
A/STOCKHOLM/14/2004		A	H3N2	2004		virus_only	6	0
A/STOCKHOLM/14/2005		A	H3N2	2005		virus_only	8	0
A/STOCKHOLM/14/2006		A	H3N2	2006		virus_only	7	0
A/STOCKHOLM/14/2009		A	H3N2	2009		virus_only	14	0
A/STOCKHOLM/14/2012		A	H3N2	2012		virus_only	10	0
A/STOCKHOLM/14/2014		A	H3N2	2014		virus_only	10	0
A/STOCKHOLM/15/1990		A	H3N2	1990		virus_only	7	0
A/STOCKHOLM/15/1993		A	H3N2	1993		virus_only	6	0
A/STOCKHOLM/15/1995		A	H3N2	1995		virus_only	5	0
A/STOCKHOLM/15/1998		A	H3N2	1998		virus_only	5	0
A/STOCKHOLM/15/1999		A	H3N2	1999		virus_only	6	0
A/STOCKHOLM/15/2002		A	H3N2	2002		virus_only	6	0
A/STOCKHOLM/15/2003		A	H3N2	2003		virus_only	8	0
A/STOCKHOLM/15/2004		A	H3N2	2004		virus_only	10	0
A/STOCKHOLM/15/2005		A	H3N2	2005		virus_only	8	0
A/STOCKHOLM/15/2008		A	H3N2	2008		virus_only	10	0
A/STOCKHOLM/15/2009		A	H3N2	2009		virus_only	14	0
A/STOCKHOLM/15/2011		A	H3N2	2011		virus_only	16	0
A/STOCKHOLM/16/1993		A	H3N2	1993		virus_only	6	0
A/STOCKHOLM/16/1998		A	H3N2	1998		virus_only	5	0
A/STOCKHOLM/16/1999		A	H3N2	1999		virus_only	6	0
A/STOCKHOLM/16/2002		A	H3N2	2002		virus_only	6	0
A/STOCKHOLM/16/2003		A	H3N2	2003		virus_only	6	0
A/STOCKHOLM/16/2004		A	H3N2	2004		virus_only	10	0
A/STOCKHOLM/16/2005		A	H3N2	2005		virus_only	8	0
A/STOCKHOLM/16/2006		A	H3N2	2006		virus_only	7	0
A/STOCKHOLM/16/2008		A	H3N2	2008		virus_only	10	0
A/STOCKHOLM/16/2009		A	H3N2	2009		virus_only	14	0
A/STOCKHOLM/16/2010		A	H3N2	2010		virus_only	11	0
A/STOCKHOLM/16/2011		A	H3N2	2011		virus_only	16	0
A/STOCKHOLM/16/2020		A	H3N2	2020		virus_only	9	0
A/STOCKHOLM/17/1993		A	H3N2	1993		virus_only	6	0
A/STOCKHOLM/17/1998		A	H3N2	1998		virus_only	5	0
A/STOCKHOLM/17/1999		A	H3N2	1999		virus_only	6	0
A/STOCKHOLM/17/2002		A	H3N2	2002		virus_only	6	0
A/STOCKHOLM/17/2003		A	H3N2	2003		virus_only	6	0
A/STOCKHOLM/17/2004		A	H3N2	2004		virus_only	10	0
A/STOCKHOLM/17/2005		A	H3N2	2005		virus_only	8	0
A/STOCKHOLM/17/2009		A	H3N2	2009		virus_only	7	0
A/STOCKHOLM/17/2010		A	H3N2	2010		virus_only	16	0
A/STOCKHOLM/17/2011		A	H3N2	2011		virus_only	16	0
A/STOCKHOLM/17/2013		A	H3N2	2013		virus_only	9	0
A/STOCKHOLM/17/2014@11178		A	H3N2			virus_only	10	0
A/STOCKHOLM/18/1993		A	H3N2	1993		virus_only	5	0
A/STOCKHOLM/18/1998		A	H3N2	1998		virus_only	5	0
A/STOCKHOLM/18/1999		A	H3N2	1999		virus_only	6	0
A/STOCKHOLM/18/2002		A	H3N2	2002		virus_only	6	0
A/STOCKHOLM/18/2003		A	H3N2	2003		virus_only	6	0
A/STOCKHOLM/18/2004		A	H3N2	2004		virus_only	10	0
A/STOCKHOLM/18/2006		A	H3N2	2006		virus_only	10	0
A/STOCKHOLM/18/2008		A	H3N2	2008		virus_only	10	0
A/STOCKHOLM/18/2009		A	H3N2	2009		virus_only	14	0
A/STOCKHOLM/18/2010		A	H3N2	2010		virus_only	16	0
A/STOCKHOLM/18/2013		A	H3N2	2013		virus_only	9	0
A/STOCKHOLM/18/2014@11609		A	H3N2			virus_only	10	0
A/STOCKHOLM/18/2015		A	H3N2	2015		virus_only	12	0
A/STOCKHOLM/19/1993		A	H3N2	1993		virus_only	6	0
A/STOCKHOLM/19/1998		A	H3N2	1998		virus_only	5	0
A/STOCKHOLM/19/1999		A	H3N2	1999		virus_only	6	0
A/STOCKHOLM/19/2002		A	H3N2	2002		virus_only	6	0
A/STOCKHOLM/19/2003		A	H3N2	2003		virus_only	6	0
A/STOCKHOLM/19/2004		A	H3N2	2004		virus_only	10	0
A/STOCKHOLM/19/2005		A	H3N2	2005		virus_only	8	0
A/STOCKHOLM/19/2006		A	H3N2	2006		virus_only	10	0
A/STOCKHOLM/19/2009		A	H3N2	2009		virus_only	14	0
A/STOCKHOLM/19/2012		A	H3N2	2012		virus_only	10	0
A/STOCKHOLM/19/2014@13058		A	H3N2			virus_only	10	0
A/STOCKHOLM/19/2015		A	H3N2	2015		virus_only	12	0
A/STOCKHOLM/2/1994		A	H3N2	1994		virus_only	7	0
A/STOCKHOLM/2/1995		A	H3N2	1995		virus_only	6	0
A/STOCKHOLM/2/1996		A	H3N2	1996		virus_only	6	0
A/STOCKHOLM/2/1998		A	H3N2	1998		virus_only	5	0
A/STOCKHOLM/2/1999		A	H3N2	1999		virus_only	6	0
A/STOCKHOLM/2/2000		A	H3N2	2000		virus_only	7	0
A/STOCKHOLM/2/2002		A	H3N2	2002		virus_only	6	0
A/STOCKHOLM/2/2003		A	H3N2	2003		virus_only	8	0
A/STOCKHOLM/2/2004		A	H3N2	2004		virus_only	6	0
A/STOCKHOLM/2/2005		A	H3N2	2005		virus_only	15	0
A/STOCKHOLM/2/2006		A	H3N2	2006		virus_only	7	0
A/STOCKHOLM/2/2007		A	H3N2	2007		virus_only	10	0
A/STOCKHOLM/2/2008		A	H3N2	2008		virus_only	8	0
A/STOCKHOLM/2/2009		A	H3N2	2009		virus_only	14	0
A/STOCKHOLM/2/2014		A	H3N2	2014		virus_only	10	0
A/STOCKHOLM/2/2021		A	H3N2	2021		virus_only	10	0
A/STOCKHOLM/20/1991		A	H3N2	1991		virus_only	8	0
A/STOCKHOLM/20/1993		A	H3N2	1993		virus_only	6	0
A/STOCKHOLM/20/1999		A	H3N2	1999		virus_only	6	0
A/STOCKHOLM/20/2002		A	H3N2	2002		virus_only	6	0
A/STOCKHOLM/20/2003		A	H3N2	2003		virus_only	6	0
A/STOCKHOLM/20/2004		A	H3N2	2004		virus_only	10	0
A/STOCKHOLM/20/2005		A	H3N2	2005		virus_only	15	0
A/STOCKHOLM/20/2006		A	H3N2	2006		virus_only	10	0
A/STOCKHOLM/20/2008		A	H3N2	2008		virus_only	8	0
A/STOCKHOLM/20/2009		A	H3N2	2009		virus_only	14	0
A/STOCKHOLM/20/2014@14042		A	H3N2			virus_only	10	0
A/STOCKHOLM/20/2015		A	H3N2	2015		virus_only	12	0
A/STOCKHOLM/201121445/2011		A	H3N2	2011		virus_only	9	0
A/STOCKHOLM/20586/2013		A	H3N2	2013		virus_only	9	0
A/STOCKHOLM/21/1991		A	H3N2	1991		virus_only	8	0
A/STOCKHOLM/21/1993		A	H3N2	1993		virus_only	6	0
A/STOCKHOLM/21/1999		A	H3N2	1999		virus_only	6	0
A/STOCKHOLM/21/2002		A	H3N2	2002		virus_only	6	0
A/STOCKHOLM/21/2003		A	H3N2	2003		virus_only	6	0
A/STOCKHOLM/21/2004		A	H3N2	2004		virus_only	10	0
A/STOCKHOLM/21/2005		A	H3N2	2005		virus_only	7	0
A/STOCKHOLM/21/2006		A	H3N2	2006		virus_only	10	0
A/STOCKHOLM/21/2008		A	H3N2	2008		virus_only	8	0
A/STOCKHOLM/21/2009		A	H3N2	2009		virus_only	7	0
A/STOCKHOLM/21/2011		A	H3N2	2011		virus_only	9	0
A/STOCKHOLM/21/2012		A	H3N2	2012		virus_only	10	0
A/STOCKHOLM/22/1993		A	H3N2	1993		virus_only	6	0
A/STOCKHOLM/22/1999		A	H3N2	1999		virus_only	6	0
A/STOCKHOLM/22/2002		A	H3N2	2002		virus_only	6	0
A/STOCKHOLM/22/2003		A	H3N2	2003		virus_only	6	0
A/STOCKHOLM/22/2005		A	H3N2	2005		virus_only	7	0
A/STOCKHOLM/22/2006		A	H3N2	2006		virus_only	10	0
A/STOCKHOLM/22/2009		A	H3N2	2009		virus_only	7	0
A/STOCKHOLM/22/2011		A	H3N2	2011		virus_only	8	0
A/STOCKHOLM/22/2013		A	H3N2	2013		virus_only	9	0
A/STOCKHOLM/22/2014@14920		A	H3N2			virus_only	10	0
A/STOCKHOLM/22/2019		A	H3N2	2019		virus_only	8	0
A/STOCKHOLM/23/1993		A	H3N2	1993		virus_only	6	0
A/STOCKHOLM/23/2003		A	H3N2	2003		virus_only	6	0
A/STOCKHOLM/23/2005		A	H3N2	2005		virus_only	7	0
A/STOCKHOLM/23/2006		A	H3N2	2006		virus_only	10	0
A/STOCKHOLM/23/2008		A	H3N2	2008		virus_only	8	0
A/STOCKHOLM/23/2011		A	H3N2	2011		virus_only	9	0
A/STOCKHOLM/24/1993		A	H3N2	1993		virus_only	6	0
A/STOCKHOLM/24/2002		A	H3N2	2002		virus_only	6	0
A/STOCKHOLM/24/2003		A	H3N2	2003		virus_only	6	0
A/STOCKHOLM/24/2005		A	H3N2	2005		virus_only	7	0
A/STOCKHOLM/24/2006		A	H3N2	2006		virus_only	10	0
A/STOCKHOLM/24/2008		A	H3N2	2008		virus_only	8	0
A/STOCKHOLM/24/2009		A	H3N2	2009		virus_only	7	0
A/STOCKHOLM/24/2011		A	H3N2	2011		virus_only	9	0
A/STOCKHOLM/24/2016		A	H3N2	2016		virus_only	12	0
A/STOCKHOLM/25/1993		A	H3N2	1993		virus_only	6	0
A/STOCKHOLM/25/2002		A	H3N2	2002		virus_only	8	0
A/STOCKHOLM/25/2003		A	H3N2	2003		virus_only	6	0
A/STOCKHOLM/25/2005		A	H3N2	2005		virus_only	7	0
A/STOCKHOLM/25/2006		A	H3N2	2006		virus_only	10	0
A/STOCKHOLM/25/2008		A	H3N2	2008		virus_only	8	0
A/STOCKHOLM/25/2009		A	H3N2	2009		virus_only	7	0
A/STOCKHOLM/25/2011		A	H3N2	2011		virus_only	9	0
A/STOCKHOLM/25/2016		A	H3N2	2016		virus_only	12	0
A/STOCKHOLM/26/1993		A	H3N2	1993		virus_only	6	0
A/STOCKHOLM/26/2003		A	H3N2	2003		virus_only	6	0
A/STOCKHOLM/26/2008		A	H3N2	2008		virus_only	8	0
A/STOCKHOLM/26/2009		A	H3N2	2009		virus_only	7	0
A/STOCKHOLM/26/2011		A	H3N2	2011		virus_only	9	0
A/STOCKHOLM/26/2014@16335		A	H3N2			virus_only	10	0
A/STOCKHOLM/26/2017		A	H3N2	2017		virus_only	10	0
A/STOCKHOLM/27/1993		A	H3N2	1993		virus_only	5	0
A/STOCKHOLM/27/2003		A	H3N2	2003		virus_only	6	0
A/STOCKHOLM/27/2008		A	H3N2	2008		virus_only	8	0
A/STOCKHOLM/27/2009		A	H3N2	2009		virus_only	7	0
A/STOCKHOLM/28/1993		A	H3N2	1993		virus_only	6	0
A/STOCKHOLM/28/2003		A	H3N2	2003		virus_only	6	0
A/STOCKHOLM/28/2016		A	H3N2	2016		virus_only	12	0
A/STOCKHOLM/29/2003		A	H3N2	2003		virus_only	6	0
A/STOCKHOLM/29/2011		A	H3N2	2011		virus_only	9	0
A/STOCKHOLM/29/2012		A	H3N2	2012		virus_only	11	0
A/STOCKHOLM/29/2013		A	H3N2	2013		virus_only	9	0
A/STOCKHOLM/29/2014@16933		A	H3N2			virus_only	10	0
A/STOCKHOLM/3/1992		A	H3N2	1992		virus_only	7	0
A/STOCKHOLM/3/1995		A	H3N2	1995		virus_only	6	0
A/STOCKHOLM/3/1997		A	H3N2	1997		virus_only	4	0
A/STOCKHOLM/3/1999		A	H3N2	1999		virus_only	6	0
A/STOCKHOLM/3/2000		A	H3N2	2000		virus_only	7	0
A/STOCKHOLM/3/2002		A	H3N2	2002		virus_only	6	0
A/STOCKHOLM/3/2003		A	H3N2	2003		virus_only	8	0
A/STOCKHOLM/3/2004		A	H3N2	2004		virus_only	6	0
A/STOCKHOLM/3/2007		A	H3N2	2007		virus_only	10	0
A/STOCKHOLM/3/2009		A	H3N2	2009		virus_only	14	0
A/STOCKHOLM/3/2021		A	H3N2	2021		virus_only	10	0
A/STOCKHOLM/30/2003		A	H3N2	2003		virus_only	6	0
A/STOCKHOLM/30/2012		A	H3N2	2012		virus_only	11	0
A/STOCKHOLM/30/2013		A	H3N2	2013		virus_only	9	0
A/STOCKHOLM/30/2014		A	H3N2	2014		virus_only	12	0
A/STOCKHOLM/30/2019		A	H3N2	2019		virus_only	9	0
A/STOCKHOLM/30/2020		A	H3N2	2020		virus_only	9	0
A/STOCKHOLM/31/1993		A	H3N2	1993		virus_only	3	0
A/STOCKHOLM/31/2003		A	H3N2	2003		virus_only	6	0
A/STOCKHOLM/31/2008		A	H3N2	2008		virus_only	14	0
A/STOCKHOLM/31/2012		A	H3N2	2012		virus_only	11	0
A/STOCKHOLM/31/2013		A	H3N2	2013		virus_only	9	0
A/STOCKHOLM/31/2014		A	H3N2	2014		virus_only	11	0
A/STOCKHOLM/32/1993		A	H3N2	1993		virus_only	6	0
A/STOCKHOLM/32/2003		A	H3N2	2003		virus_only	6	0
A/STOCKHOLM/32/2008		A	H3N2	2008		virus_only	7	0
A/STOCKHOLM/32/2011		A	H3N2	2011		virus_only	31	0
A/STOCKHOLM/32/2014		A	H3N2	2014		virus_only	12	0
A/STOCKHOLM/32/2019		A	H3N2	2019		virus_only	9	0
A/STOCKHOLM/33/1993		A	H3N2	1993		virus_only	4	0
A/STOCKHOLM/33/2003		A	H3N2	2003		virus_only	6	0
A/STOCKHOLM/33/2011		A	H3N2	2011		virus_only	9	0
A/STOCKHOLM/34/1993		A	H3N2	1993		virus_only	4	0
A/STOCKHOLM/34/2003		A	H3N2	2003		virus_only	6	0
A/STOCKHOLM/34/2011		A	H3N2	2011		virus_only	10	0
A/STOCKHOLM/34/2013		A	H3N2	2013		virus_only	9	0
A/STOCKHOLM/35/1993		A	H3N2	1993		virus_only	5	0
A/STOCKHOLM/35/2003		A	H3N2	2003		virus_only	6	0
A/STOCKHOLM/36/1993		A	H3N2	1993		virus_only	4	0
A/STOCKHOLM/36/2003		A	H3N2	2003		virus_only	6	0
A/STOCKHOLM/36/2012		A	H3N2	2012		virus_only	11	0
A/STOCKHOLM/36/2014		A	H3N2	2014		virus_only	11	0
A/STOCKHOLM/37/1993		A	H3N2	1993		virus_only	4	0
A/STOCKHOLM/37/2003		A	H3N2	2003		virus_only	6	0
A/STOCKHOLM/37/2011		A	H3N2	2011		virus_only	9	0
A/STOCKHOLM/37/2012		A	H3N2	2012		virus_only	11	0
A/STOCKHOLM/38/1993		A	H3N2	1993		virus_only	5	0
A/STOCKHOLM/38/2003		A	H3N2	2003		virus_only	6	0
A/STOCKHOLM/38/2012		A	H3N2	2012		virus_only	11	0
A/STOCKHOLM/38/2014		A	H3N2	2014		virus_only	12	0
A/STOCKHOLM/39/2003		A	H3N2	2003		virus_only	6	0
A/STOCKHOLM/39/2011		A	H3N2	2011		virus_only	9	0
A/STOCKHOLM/39/2012		A	H3N2	2012		virus_only	11	0
A/STOCKHOLM/4/1995		A	H3N2	1995		virus_only	6	0
A/STOCKHOLM/4/1996		A	H3N2	1996		virus_only	6	0
A/STOCKHOLM/4/1997		A	H3N2	1997		virus_only	10	0
A/STOCKHOLM/4/1999		A	H3N2	1999		virus_only	6	0
A/STOCKHOLM/4/2000		A	H3N2	2000		virus_only	7	0
A/STOCKHOLM/4/2002		A	H3N2	2002		virus_only	6	0
A/STOCKHOLM/4/2003		A	H3N2	2003		virus_only	8	0
A/STOCKHOLM/4/2004		A	H3N2	2004		virus_only	6	0
A/STOCKHOLM/4/2007		A	H3N2	2007		virus_only	10	0
A/STOCKHOLM/4/2021		A	H3N2	2021		virus_only	10	0
A/STOCKHOLM/40/2011		A	H3N2	2011		virus_only	9	0
A/STOCKHOLM/40/2012		A	H3N2	2012		virus_only	11	0
A/STOCKHOLM/41/2016		A	H3N2	2016		virus_only	12	0
A/STOCKHOLM/42/2011		A	H3N2	2011		virus_only	9	0
A/STOCKHOLM/42/2016		A	H3N2	2016		virus_only	12	0
A/STOCKHOLM/43/2011		A	H3N2	2011		virus_only	9	0
A/STOCKHOLM/43/2017		A	H3N2	2017		virus_only	10	0
A/STOCKHOLM/44/2011		A	H3N2	2011		virus_only	9	0
A/STOCKHOLM/44/2017		A	H3N2	2017		virus_only	10	0
A/STOCKHOLM/46/2016		A	H3N2	2016		virus_only	12	0
A/STOCKHOLM/47/2009		A	H3N2	2009		virus_only	7	0
A/STOCKHOLM/48/2016		A	H3N2	2016		virus_only	12	0
A/STOCKHOLM/5/1992		A	H3N2	1992		virus_only	8	0
A/STOCKHOLM/5/1995		A	H3N2	1995		virus_only	6	0
A/STOCKHOLM/5/1999		A	H3N2	1999		virus_only	1	0
A/STOCKHOLM/5/2000		A	H3N2	2000		virus_only	7	0
A/STOCKHOLM/5/2002		A	H3N2	2002		virus_only	6	0
A/STOCKHOLM/5/2003		A	H3N2	2003		virus_only	8	0
A/STOCKHOLM/5/2004		A	H3N2	2004		virus_only	6	0
A/STOCKHOLM/5/2005		A	H3N2	2005		virus_only	8	0
A/STOCKHOLM/5/2007		A	H3N2	2007		virus_only	10	0
A/STOCKHOLM/5/2011		A	H3N2	2011		virus_only	11	0
A/STOCKHOLM/5/2021		A	H3N2	2021		virus_only	10	0
A/STOCKHOLM/52/2016		A	H3N2	2016		virus_only	12	0
A/STOCKHOLM/57/2017		A	H3N2	2017		virus_only	8	0
A/STOCKHOLM/58/2016		A	H3N2	2016		virus_only	12	0
A/STOCKHOLM/59/2016		A	H3N2	2016		virus_only	11	0
A/STOCKHOLM/6/1992		A	H3N2	1992		virus_only	8	0
A/STOCKHOLM/6/1995		A	H3N2	1995		virus_only	6	0
A/STOCKHOLM/6/1996		A	H3N2	1996		virus_only	5	0
A/STOCKHOLM/6/1997		A	H3N2	1997		virus_only	5	0
A/STOCKHOLM/6/1998		A	H3N2	1998		virus_only	5	0
A/STOCKHOLM/6/1999		A	H3N2	1999		virus_only	5	0
A/STOCKHOLM/6/2002		A	H3N2	2002		virus_only	6	0
A/STOCKHOLM/6/2003		A	H3N2	2003		virus_only	6	0
A/STOCKHOLM/6/2004		A	H3N2	2004		virus_only	6	0
A/STOCKHOLM/6/2005		A	H3N2	2005		virus_only	8	0
A/STOCKHOLM/6/2007		A	H3N2	2007		virus_only	10	0
A/STOCKHOLM/6/2010		A	H3N2	2010		virus_only	16	0
A/STOCKHOLM/6/2011		A	H3N2	2011		virus_only	11	0
A/STOCKHOLM/6/2012		A	H3N2	2012		virus_only	10	0
A/STOCKHOLM/6/2014@NIB90		A	H3N2			virus_only	8	0
A/STOCKHOLM/6/2014@X251A		A	H3N2			virus_only	16	0
A/STOCKHOLM/6/2017		A	H3N2	2017		virus_only	12	0
A/STOCKHOLM/6/2021		A	H3N2	2021		virus_only	10	0
A/STOCKHOLM/60/2016		A	H3N2	2016		virus_only	14	0
A/STOCKHOLM/7/1991		A	H3N2	1991		virus_only	6	0
A/STOCKHOLM/7/1992		A	H3N2	1992		virus_only	8	0
A/STOCKHOLM/7/1993		A	H3N2	1993		virus_only	7	0
A/STOCKHOLM/7/1995		A	H3N2	1995		virus_only	6	0
A/STOCKHOLM/7/1996		A	H3N2	1996		virus_only	5	0
A/STOCKHOLM/7/1997		A	H3N2	1997		virus_only	5	0
A/STOCKHOLM/7/1999		A	H3N2	1999		virus_only	5	0
A/STOCKHOLM/7/2000		A	H3N2	2000		virus_only	7	0
A/STOCKHOLM/7/2002		A	H3N2	2002		virus_only	6	0
A/STOCKHOLM/7/2003		A	H3N2	2003		virus_only	8	0
A/STOCKHOLM/7/2004		A	H3N2	2004		virus_only	6	0
A/STOCKHOLM/7/2005		A	H3N2	2005		virus_only	8	0
A/STOCKHOLM/7/2007		A	H3N2	2007		virus_only	10	0
A/STOCKHOLM/7/2008		A	H3N2	2008		virus_only	10	0
A/STOCKHOLM/7/2010		A	H3N2	2010		virus_only	15	0
A/STOCKHOLM/7/2011		A	H3N2	2011		virus_only	11	0
A/STOCKHOLM/7/2013		A	H3N2	2013		virus_only	24	0
A/STOCKHOLM/7/2015		A	H3N2	2015		virus_only	12	0
A/STOCKHOLM/8/1991		A	H3N2	1991		virus_only	6	0
A/STOCKHOLM/8/1992		A	H3N2	1992		virus_only	8	0
A/STOCKHOLM/8/1993		A	H3N2	1993		virus_only	7	0
A/STOCKHOLM/8/1998		A	H3N2	1998		virus_only	5	0
A/STOCKHOLM/8/1999		A	H3N2	1999		virus_only	5	0
A/STOCKHOLM/8/2000		A	H3N2	2000		virus_only	7	0
A/STOCKHOLM/8/2002		A	H3N2	2002		virus_only	6	0
A/STOCKHOLM/8/2003		A	H3N2	2003		virus_only	8	0
A/STOCKHOLM/8/2004		A	H3N2	2004		virus_only	6	0
A/STOCKHOLM/8/2005		A	H3N2	2005		virus_only	8	0
A/STOCKHOLM/8/2006		A	H3N2	2006		virus_only	7	0
A/STOCKHOLM/8/2007		A	H3N2	2007		virus_only	10	0
A/STOCKHOLM/8/2013		A	H3N2	2013		virus_only	24	0
A/STOCKHOLM/8/2015		A	H3N2	2015		virus_only	12	0
A/STOCKHOLM/8/2017		A	H3N2	2017		virus_only	10	0
A/STOCKHOLM/89/2009		A	H3N2	2009		virus_only	11	0
A/STOCKHOLM/9/1991		A	H3N2	1991		virus_only	7	0
A/STOCKHOLM/9/1992		A	H3N2	1992		virus_only	8	0
A/STOCKHOLM/9/1993		A	H3N2	1993		virus_only	7	0
A/STOCKHOLM/9/1995		A	H3N2	1995		virus_only	6	0
A/STOCKHOLM/9/1997		A	H3N2	1997		virus_only	5	0
A/STOCKHOLM/9/1998		A	H3N2	1998		virus_only	5	0
A/STOCKHOLM/9/2001		A	H3N2	2001		virus_only	6	0
A/STOCKHOLM/9/2002		A	H3N2	2002		virus_only	6	0
A/STOCKHOLM/9/2003		A	H3N2	2003		virus_only	8	0
A/STOCKHOLM/9/2004		A	H3N2	2004		virus_only	6	0
A/STOCKHOLM/9/2005		A	H3N2	2005		virus_only	8	0
A/STOCKHOLM/9/2006		A	H3N2	2006		virus_only	7	0
A/STOCKHOLM/9/2009		A	H3N2	2009		virus_only	14	0
A/STOCKHOLM/9/2013		A	H3N2	2013		virus_only	24	0
A/STOCKHOLM/9/9080		A	H3N2			virus_only	6	0
A/STOCKHOLM/90/2009		A	H3N2	2009		virus_only	11	0
A/STOCKHOLM/91/2009		A	H3N2	2009		virus_only	11	0
A/STPETERSBRUG/8/2009		A	H3N2	2009		virus_only	9	0
A/STPETERSBURG/1/2006		A	H3N2	2006		virus_only	9	0
A/STPETERSBURG/10/2012		A	H3N2	2012		virus_only	12	0
A/STPETERSBURG/105/2009		A	H3N2	2009		virus_only	9	0
A/STPETERSBURG/106/2013		A	H3N2	2013		virus_only	11	0
A/STPETERSBURG/1092V/2019		A	H3N2	2019		virus_only	8	0
A/STPETERSBURG/119/2015		A	H3N2	2015		virus_only	11	0
A/STPETERSBURG/12/2005		A	H3N2	2005		virus_only	7	0
A/STPETERSBURG/122/2003		A	H3N2	2003		virus_only	6	0
A/STPETERSBURG/124/2009		A	H3N2	2009		virus_only	9	0
A/STPETERSBURG/125/2013		A	H3N2	2013		virus_only	11	0
A/STPETERSBURG/134/2000		A	H3N2	2000		virus_only	6	0
A/STPETERSBURG/134/2015		A	H3N2	2015		virus_only	18	0
A/STPETERSBURG/14/2015		A	H3N2	2015		virus_only	11	0
A/STPETERSBURG/153/1996		A	H3N2	1996		virus_only	6	0
A/STPETERSBURG/16/2012		A	H3N2	2012		virus_only	10	0
A/STPETERSBURG/170/2013		A	H3N2	2013		virus_only	11	0
A/STPETERSBURG/172/2011		A	H3N2	2011		virus_only	10	0
A/STPETERSBURG/173/1991		A	H3N2	1991		virus_only	6	0
A/STPETERSBURG/2/2006		A	H3N2	2006		virus_only	9	0
A/STPETERSBURG/2/2009		A	H3N2	2009		virus_only	9	0
A/STPETERSBURG/2/2012		A	H3N2	2012		virus_only	12	0
A/STPETERSBURG/20/2012		A	H3N2	2012		virus_only	10	0
A/STPETERSBURG/207/1991		A	H3N2	1991		virus_only	6	0
A/STPETERSBURG/207/2015		A	H3N2	2015		virus_only	10	0
A/STPETERSBURG/21/2015		A	H3N2	2015		virus_only	11	0
A/STPETERSBURG/210/1991		A	H3N2	1991		virus_only	6	0
A/STPETERSBURG/210/2016		A	H3N2	2016		virus_only	12	0
A/STPETERSBURG/22/1999		A	H3N2	1999		virus_only	5	0
A/STPETERSBURG/25/2014		A	H3N2	2014		virus_only	20	0
A/STPETERSBURG/269/1995		A	H3N2	1995		virus_only	5	0
A/STPETERSBURG/28/2012		A	H3N2	2012		virus_only	10	0
A/STPETERSBURG/28/2015		A	H3N2	2015		virus_only	11	0
A/STPETERSBURG/29/1992		A	H3N2	1992		virus_only	6	0
A/STPETERSBURG/29/2007		A	H3N2	2007		virus_only	10	0
A/STPETERSBURG/29/2012		A	H3N2	2012		virus_only	10	0
A/STPETERSBURG/299/2015		A	H3N2	2015		virus_only	10	0
A/STPETERSBURG/3/2006		A	H3N2	2006		virus_only	9	0
A/STPETERSBURG/301/2017		A	H3N2	2017		virus_only	12	0
A/STPETERSBURG/302/2017		A	H3N2	2017		virus_only	12	0
A/STPETERSBURG/314/2017		A	H3N2	2017		virus_only	12	0
A/STPETERSBURG/320/2017		A	H3N2	2017		virus_only	8	0
A/STPETERSBURG/334/2016		A	H3N2	2016		virus_only	12	0
A/STPETERSBURG/37/2006		A	H3N2	2006		virus_only	8	0
A/STPETERSBURG/4/2005		A	H3N2	2005		virus_only	6	0
A/STPETERSBURG/4/2006		A	H3N2	2006		virus_only	9	0
A/STPETERSBURG/4/2012		A	H3N2	2012		virus_only	12	0
A/STPETERSBURG/428/2013		A	H3N2	2013		virus_only	10	0
A/STPETERSBURG/44/2007		A	H3N2	2007		virus_only	10	0
A/STPETERSBURG/44/2009		A	H3N2	2009		virus_only	9	0
A/STPETERSBURG/45/2014		A	H3N2	2014		virus_only	20	0
A/STPETERSBURG/5/2005		A	H3N2	2005		virus_only	6	0
A/STPETERSBURG/5/2009		A	H3N2	2009		virus_only	9	0
A/STPETERSBURG/53/2009		A	H3N2	2009		virus_only	9	0
A/STPETERSBURG/57/2015		A	H3N2	2015		virus_only	11	0
A/STPETERSBURG/69/2013		A	H3N2	2013		virus_only	11	0
A/STPETERSBURG/72/2009		A	H3N2	2009		virus_only	9	0
A/STPETERSBURG/75/2007		A	H3N2	2007		virus_only	10	0
A/STPETERSBURG/77/1999		A	H3N2	1999		virus_only	5	0
A/STPETERSBURG/8/2005		A	H3N2	2005		virus_only	7	0
A/STPETERSBURG/8/2012		A	H3N2	2012		virus_only	12	0
A/STPETERSBURG/80/2014		A	H3N2	2014		virus_only	22	0
A/STPETERSBURG/86/2013		A	H3N2	2013		virus_only	11	0
A/STPETERSBURG/87/2007		A	H3N2	2007		virus_only	10	0
A/STPETERSBURG/90/2007		A	H3N2	2007		virus_only	8	0
A/STPETERSBURG/91/2009		A	H3N2	2009		virus_only	9	0
A/STPETERSBURG/95/2007		A	H3N2	2007		virus_only	8	0
A/STUTTGART/1/1993		A	H3N2	1993		virus_only	7	0
A/STUTTGART/1/2009		A	H3N2	2009		virus_only	7	0
A/STUTTGART/100/1998#ORIGINAL		A	H3N2			virus_only	4	0
A/STUTTGART/103/1998#ORIGINAL		A	H3N2			virus_only	4	0
A/STUTTGART/11/1996		A	H3N2	1996		virus_only	6	0
A/STUTTGART/2/1992		A	H3N2	1992		virus_only	8	0
A/STUTTGART/232/1998		A	H3N2	1998		virus_only	5	0
A/STUTTGART/233/1998		A	H3N2	1998		virus_only	5	0
A/STUTTGART/3/1992		A	H3N2	1992		virus_only	8	0
A/STUTTGART/4/1995		A	H3N2	1995		virus_only	6	0
A/STUTTGART/83/1998#ORIGINAL		A	H3N2			virus_only	4	0
A/STUTTGART/88/1998#ORIGINAL		A	H3N2			virus_only	4	0
A/STUTTGART/90/1998#ORIGINAL		A	H3N2			virus_only	4	0
A/STUTTGART/95/1998#ORIGINAL		A	H3N2			virus_only	4	0
A/STUTTGART/96/1998#ORIGINAL		A	H3N2			virus_only	4	0
A/STUTTGART/97/1998#ORIGINAL		A	H3N2			virus_only	4	0
A/STUTTGART/98/1998#ORIGINAL		A	H3N2			virus_only	4	0
A/STUTTGART/99/1998#ORIGINAL		A	H3N2			virus_only	4	0
A/SUCEAVA/757/2003		A	H3N2	2003		virus_only	6	0
A/SUCEAVA/797/2003		A	H3N2	2003		virus_only	6	0
A/SUCEAVA/802/2003		A	H3N2	2003		virus_only	6	0
A/SUCEAVA/867/2004		A	H3N2	2004		virus_only	6	0
A/SUCEAVA/87402/2012		A	H3N2	2012		virus_only	9	0
A/SUMPERK/35/2007		A	H3N2	2007		virus_only	20	0
A/SUMPERK/8/2007		A	H3N2	2007		virus_only	20	0
A/SUNDSVALL/1/2017		A	H3N2	2017		virus_only	12	0
A/SUNDSVALL/1/2018		A	H3N2	2018		virus_only	6	0
A/SUNDSVALL/2/2018		A	H3N2	2018		virus_only	6	0
A/SUNDSVALL/27/2017		A	H3N2	2017		virus_only	8	0
A/SUR/7325/2019		A	H3N2	2019		virus_only	5	0
A/SWEDEN/1/2006		A	H3N2	2006		virus_only	10	0
A/SWEDEN/1/2007		A	H3N2	2007		virus_only	10	0
A/SWEDEN/11/2008		A	H3N2	2008		virus_only	14	0
A/SWEDEN/11/2018		A	H3N2	2018		virus_only	8	0
A/SWEDEN/12/2008		A	H3N2	2008		virus_only	14	0
A/SWEDEN/15/2015		A	H3N2	2015		virus_only	11	0
A/SWEDEN/152/2016		A	H3N2	2016		virus_only	12	0
A/SWEDEN/153/2016		A	H3N2	2016		virus_only	12	0
A/SWEDEN/154/2016		A	H3N2	2016		virus_only	12	0
A/SWEDEN/155/2016		A	H3N2	2016		virus_only	12	0
A/SWEDEN/157/2016		A	H3N2	2016		virus_only	12	0
A/SWEDEN/159/2016		A	H3N2	2016		virus_only	12	0
A/SWEDEN/16/2015		A	H3N2	2015		virus_only	12	0
A/SWEDEN/2/2006		A	H3N2	2006		virus_only	10	0
A/SWEDEN/2/2007		A	H3N2	2007		virus_only	10	0
A/SWEDEN/2/2009		A	H3N2	2009		virus_only	11	0
A/SWEDEN/3/2006		A	H3N2	2006		virus_only	10	0
A/SWEDEN/3/2007		A	H3N2	2007		virus_only	10	0
A/SWEDEN/3/2008		A	H3N2	2008		virus_only	8	0
A/SWEDEN/37/2018		A	H3N2	2018		virus_only	8	0
A/SWEDEN/4/2007		A	H3N2	2007		virus_only	10	0
A/SWEDEN/4/2008		A	H3N2	2008		virus_only	8	0
A/SWEDEN/5/2008		A	H3N2	2008		virus_only	22	0
A/SWEDEN/6/2008		A	H3N2	2008		virus_only	8	0
A/SWEDEN/7/2008		A	H3N2	2008		virus_only	8	0
A/SWEDEN/76/2014@15569		A	H3N2			virus_only	10	0
A/SWEDEN/8/2018		A	H3N2	2018		virus_only	8	0
A/SWEDEN/9/2008		A	H3N2	2008		virus_only	8	0
A/SWITZERLAND/100/1997		A	H3N2	1997		virus_only	4	0
A/SWITZERLAND/10030276/2014		A	H3N2	2014		virus_only	18	0
A/SWITZERLAND/10261363/2014		A	H3N2	2014		virus_only	17	0
A/SWITZERLAND/10295759/2014		A	H3N2	2014		virus_only	18	0
A/SWITZERLAND/10295823/2014		A	H3N2	2014		virus_only	17	0
A/SWITZERLAND/10295858/2014		A	H3N2	2014		virus_only	18	0
A/SWITZERLAND/1117/1993		A	H3N2	1993		virus_only	7	0
A/SWITZERLAND/121/1997		A	H3N2	1997		virus_only	5	0
A/SWITZERLAND/1285490/2008		A	H3N2	2008		virus_only	9	0
A/SWITZERLAND/1370948/2008		A	H3N2	2008		virus_only	9	0
A/SWITZERLAND/1373613/2008		A	H3N2	2008		virus_only	9	0
A/SWITZERLAND/1373630/2008		A	H3N2	2008		virus_only	9	0
A/SWITZERLAND/1373732/2008		A	H3N2	2008		virus_only	9	0
A/SWITZERLAND/1380121/2008		A	H3N2	2008		virus_only	9	0
A/SWITZERLAND/1389056/2008		A	H3N2	2008		virus_only	9	0
A/SWITZERLAND/1397477/2008		A	H3N2	2008		virus_only	9	0
A/SWITZERLAND/1397481/2008		A	H3N2	2008		virus_only	9	0
A/SWITZERLAND/1397487/2008		A	H3N2	2008		virus_only	9	0
A/SWITZERLAND/1409256/2008		A	H3N2	2008		virus_only	9	0
A/SWITZERLAND/1409281/2008		A	H3N2	2008		virus_only	9	0
A/SWITZERLAND/1425400/2009		A	H3N2	2009		virus_only	9	0
A/SWITZERLAND/1426835/2009		A	H3N2	2009		virus_only	9	0
A/SWITZERLAND/143/2017		A	H3N2	2017		virus_only	8	0
A/SWITZERLAND/1431914/2009		A	H3N2	2009		virus_only	9	0
A/SWITZERLAND/1432042/2009		A	H3N2	2009		virus_only	9	0
A/SWITZERLAND/1432111/2009		A	H3N2	2009		virus_only	9	0
A/SWITZERLAND/1432521/2009		A	H3N2	2009		virus_only	9	0
A/SWITZERLAND/1435736/2009		A	H3N2	2009		virus_only	9	0
A/SWITZERLAND/1436131/2009		A	H3N2	2009		virus_only	9	0
A/SWITZERLAND/1442659/2009		A	H3N2	2009		virus_only	9	0
A/SWITZERLAND/158/1997		A	H3N2	1997		virus_only	4	0
A/SWITZERLAND/189/1997		A	H3N2	1997		virus_only	5	0
A/SWITZERLAND/195/1997		A	H3N2	1997		virus_only	5	0
A/SWITZERLAND/2015/1998		A	H3N2	1998		virus_only	5	0
A/SWITZERLAND/208/1997		A	H3N2	1997		virus_only	10	0
A/SWITZERLAND/2237/1998		A	H3N2	1998		virus_only	5	0
A/SWITZERLAND/2433/1995		A	H3N2	1995		virus_only	6	0
A/SWITZERLAND/2436/1995		A	H3N2	1995		virus_only	6	0
A/SWITZERLAND/256/1997		A	H3N2	1997		virus_only	5	0
A/SWITZERLAND/2852/1991		A	H3N2	1991		virus_only	7	0
A/SWITZERLAND/2875/1991		A	H3N2	1991		virus_only	7	0
A/SWITZERLAND/293/2018		A	H3N2	2018		virus_only	8	0
A/SWITZERLAND/3047/1999		A	H3N2	1999		virus_only	6	0
A/SWITZERLAND/3048/1999		A	H3N2	1999		virus_only	6	0
A/SWITZERLAND/305/1997		A	H3N2	1997		virus_only	5	0
A/SWITZERLAND/3148/1998		A	H3N2	1998		virus_only	5	0
A/SWITZERLAND/3219/2002		A	H3N2	2002		virus_only	6	0
A/SWITZERLAND/3264/2002		A	H3N2	2002		virus_only	6	0
A/SWITZERLAND/3466/1999		A	H3N2	1999		virus_only	5	0
A/SWITZERLAND/3576/1999		A	H3N2	1999		virus_only	5	0
A/SWITZERLAND/3657/1999		A	H3N2	1999		virus_only	5	0
A/SWITZERLAND/3671/1999		A	H3N2	1999		virus_only	5	0
A/SWITZERLAND/385/1992		A	H3N2	1992		virus_only	7	0
A/SWITZERLAND/3958/1996		A	H3N2	1996		virus_only	6	0
A/SWITZERLAND/404/1993		A	H3N2	1993		virus_only	8	0
A/SWITZERLAND/4148/1999		A	H3N2	1999		virus_only	5	0
A/SWITZERLAND/4150/1999		A	H3N2	1999		virus_only	5	0
A/SWITZERLAND/4221/1996		A	H3N2	1996		virus_only	5	0
A/SWITZERLAND/4225/1996		A	H3N2	1996		virus_only	5	0
A/SWITZERLAND/4236/1999		A	H3N2	1999		virus_only	5	0
A/SWITZERLAND/4280/2000		A	H3N2	2000		virus_only	5	0
A/SWITZERLAND/4365/2000		A	H3N2	2000		virus_only	5	0
A/SWITZERLAND/4472/2000		A	H3N2	2000		virus_only	5	0
A/SWITZERLAND/4571/2000		A	H3N2	2000		virus_only	5	0
A/SWITZERLAND/4649/1997		A	H3N2	1997		virus_only	6	0
A/SWITZERLAND/4650/1997#ORIGINAL		A	H3N2			virus_only	6	0
A/SWITZERLAND/4662/1998		A	H3N2	1998		virus_only	5	0
A/SWITZERLAND/4684/2020		A	H3N2	2020		virus_only	9	0
A/SWITZERLAND/4689/2004		A	H3N2	2004		virus_only	10	0
A/SWITZERLAND/4811/2000		A	H3N2	2000		virus_only	5	0
A/SWITZERLAND/4817/2004		A	H3N2	2004		virus_only	10	0
A/SWITZERLAND/4838/2000		A	H3N2	2000		virus_only	5	0
A/SWITZERLAND/5054/1992		A	H3N2	1992		virus_only	8	0
A/SWITZERLAND/5073/1992		A	H3N2	1992		virus_only	7	0
A/SWITZERLAND/5079/1992		A	H3N2	1992		virus_only	7	0
A/SWITZERLAND/5085/1992		A	H3N2	1992		virus_only	7	0
A/SWITZERLAND/5103/1992		A	H3N2	1992		virus_only	7	0
A/SWITZERLAND/5113/1992		A	H3N2	1992		virus_only	7	0
A/SWITZERLAND/5148/1992		A	H3N2	1992		virus_only	7	0
A/SWITZERLAND/524/2006		A	H3N2	2006		virus_only	8	0
A/SWITZERLAND/5268/1992		A	H3N2	1992		virus_only	8	0
A/SWITZERLAND/5275/1995		A	H3N2	1995		virus_only	6	0
A/SWITZERLAND/5277/1992		A	H3N2	1992		virus_only	8	0
A/SWITZERLAND/5299/1992		A	H3N2	1992		virus_only	8	0
A/SWITZERLAND/5300/1999		A	H3N2	1999		virus_only	5	0
A/SWITZERLAND/5302/1999		A	H3N2	1999		virus_only	5	0
A/SWITZERLAND/5317/1992		A	H3N2	1992		virus_only	8	0
A/SWITZERLAND/5329/1992		A	H3N2	1992		virus_only	8	0
A/SWITZERLAND/5361/1996		A	H3N2	1996		virus_only	5	0
A/SWITZERLAND/5362/1996		A	H3N2	1996		virus_only	5	0
A/SWITZERLAND/5366/1991		A	H3N2	1991		virus_only	6	0
A/SWITZERLAND/5371/1996		A	H3N2	1996		virus_only	5	0
A/SWITZERLAND/5378/1996		A	H3N2	1996		virus_only	5	0
A/SWITZERLAND/5433/1996		A	H3N2	1996		virus_only	5	0
A/SWITZERLAND/5440/1996		A	H3N2	1996		virus_only	5	0
A/SWITZERLAND/5487/1992		A	H3N2	1992		virus_only	8	0
A/SWITZERLAND/5490/1999		A	H3N2	1999		virus_only	5	0
A/SWITZERLAND/5495/1992		A	H3N2	1992		virus_only	8	0
A/SWITZERLAND/5499/1999		A	H3N2	1999		virus_only	5	0
A/SWITZERLAND/5508/1996		A	H3N2	1996		virus_only	5	0
A/SWITZERLAND/5552/1991		A	H3N2	1991		virus_only	6	0
A/SWITZERLAND/5569/1999		A	H3N2	1999		virus_only	5	0
A/SWITZERLAND/5598/1991		A	H3N2	1991		virus_only	6	0
A/SWITZERLAND/5625/2004		A	H3N2	2004		virus_only	16	0
A/SWITZERLAND/5732/2004		A	H3N2	2004		virus_only	26	0
A/SWITZERLAND/5741/1991		A	H3N2	1991		virus_only	6	0
A/SWITZERLAND/5746/1991		A	H3N2	1991		virus_only	6	0
A/SWITZERLAND/5776029/2011		A	H3N2	2011		virus_only	9	0
A/SWITZERLAND/5779/2005		A	H3N2	2005		virus_only	8	0
A/SWITZERLAND/5802473/2012		A	H3N2	2012		virus_only	9	0
A/SWITZERLAND/5834715/2012		A	H3N2	2012		virus_only	9	0
A/SWITZERLAND/5834718/2012		A	H3N2	2012		virus_only	9	0
A/SWITZERLAND/5834730/2012		A	H3N2	2012		virus_only	9	0
A/SWITZERLAND/5834731/2012		A	H3N2	2012		virus_only	9	0
A/SWITZERLAND/5834796/2012		A	H3N2	2012		virus_only	9	0
A/SWITZERLAND/5867852/2012		A	H3N2	2012		virus_only	9	0
A/SWITZERLAND/5979/2005		A	H3N2	2005		virus_only	8	0
A/SWITZERLAND/6002/2005		A	H3N2	2005		virus_only	8	0
A/SWITZERLAND/6065/1998		A	H3N2	1998		virus_only	5	0
A/SWITZERLAND/61/1992		A	H3N2	1992		virus_only	7	0
A/SWITZERLAND/6128/2005		A	H3N2	2005		virus_only	8	0
A/SWITZERLAND/6178/2005		A	H3N2	2005		virus_only	8	0
A/SWITZERLAND/6192/1994		A	H3N2	1994		virus_only	5	0
A/SWITZERLAND/6206/2020		A	H3N2	2020		virus_only	9	0
A/SWITZERLAND/6242/1994		A	H3N2	1994		virus_only	5	0
A/SWITZERLAND/6300/2005		A	H3N2	2005		virus_only	16	0
A/SWITZERLAND/6399/1991		A	H3N2	1991		virus_only	6	0
A/SWITZERLAND/6418/1991		A	H3N2	1991		virus_only	6	0
A/SWITZERLAND/6425/1999		A	H3N2	1999		virus_only	5	0
A/SWITZERLAND/6431/1991		A	H3N2	1991		virus_only	6	0
A/SWITZERLAND/6443/2005		A	H3N2	2005		virus_only	8	0
A/SWITZERLAND/6444/1997		A	H3N2	1997		virus_only	6	0
A/SWITZERLAND/6447/1991		A	H3N2	1991		virus_only	6	0
A/SWITZERLAND/6480/1991		A	H3N2	1991		virus_only	6	0
A/SWITZERLAND/6483/1991		A	H3N2	1991		virus_only	6	0
A/SWITZERLAND/6493/2001		A	H3N2	2001		virus_only	8	0
A/SWITZERLAND/6505/1997#ORIGINAL		A	H3N2			virus_only	6	0
A/SWITZERLAND/6507/1999		A	H3N2	1999		virus_only	5	0
A/SWITZERLAND/6516/1991		A	H3N2	1991		virus_only	8	0
A/SWITZERLAND/6520/2005		A	H3N2	2005		virus_only	16	0
A/SWITZERLAND/6529/2020		A	H3N2	2020		virus_only	9	0
A/SWITZERLAND/6534/1991		A	H3N2	1991		virus_only	8	0
A/SWITZERLAND/6539/1998		A	H3N2	1998		virus_only	5	0
A/SWITZERLAND/6546/1991		A	H3N2	1991		virus_only	8	0
A/SWITZERLAND/6558/1991		A	H3N2	1991		virus_only	8	0
A/SWITZERLAND/656/2014		A	H3N2	2014		virus_only	12	0
A/SWITZERLAND/6595/1999		A	H3N2	1999		virus_only	5	0
A/SWITZERLAND/6610/1998		A	H3N2	1998		virus_only	5	0
A/SWITZERLAND/6636/2005		A	H3N2	2005		virus_only	16	0
A/SWITZERLAND/6764/2019		A	H3N2	2019		virus_only	8	0
A/SWITZERLAND/6796/2018		A	H3N2	2018		virus_only	8	0
A/SWITZERLAND/6813/1996		A	H3N2	1996		virus_only	6	0
A/SWITZERLAND/6858/1998		A	H3N2	1998		virus_only	5	0
A/SWITZERLAND/6884/2001		A	H3N2	2001		virus_only	8	0
A/SWITZERLAND/6904/2007		A	H3N2	2007		virus_only	10	0
A/SWITZERLAND/7016/1998		A	H3N2	1998		virus_only	5	0
A/SWITZERLAND/7016/2006		A	H3N2	2006		virus_only	10	0
A/SWITZERLAND/7161/2006		A	H3N2	2006		virus_only	10	0
A/SWITZERLAND/7192/2006		A	H3N2	2006		virus_only	28	0
A/SWITZERLAND/7204/2019		A	H3N2	2019		virus_only	9	0
A/SWITZERLAND/7240/1995		A	H3N2	1995		virus_only	6	0
A/SWITZERLAND/7361/1998		A	H3N2	1998		virus_only	5	0
A/SWITZERLAND/7367/1998		A	H3N2	1998		virus_only	5	0
A/SWITZERLAND/7397/2006		A	H3N2	2006		virus_only	8	0
A/SWITZERLAND/7418/2006		A	H3N2	2006		virus_only	8	0
A/SWITZERLAND/7441/2007		A	H3N2	2007		virus_only	8	0
A/SWITZERLAND/7448/2006		A	H3N2	2006		virus_only	28	0
A/SWITZERLAND/7494/2002		A	H3N2	2002		virus_only	5	0
A/SWITZERLAND/7548/1998		A	H3N2	1998		virus_only	5	0
A/SWITZERLAND/7567/2007		A	H3N2	2007		virus_only	8	0
A/SWITZERLAND/7586983/2012		A	H3N2	2012		virus_only	22	0
A/SWITZERLAND/7587197/2012		A	H3N2	2012		virus_only	22	0
A/SWITZERLAND/7615/1998		A	H3N2	1998		virus_only	5	0
A/SWITZERLAND/7628499/2012		A	H3N2	2012		virus_only	11	0
A/SWITZERLAND/7704/2002		A	H3N2	2002		virus_only	6	0
A/SWITZERLAND/7720/1998		A	H3N2	1998		virus_only	5	0
A/SWITZERLAND/7729/1998		A	H3N2	1998		virus_only	5	0
A/SWITZERLAND/7735/1996		A	H3N2	1996		virus_only	5	0
A/SWITZERLAND/7736/1996		A	H3N2	1996		virus_only	5	0
A/SWITZERLAND/7781/1998		A	H3N2	1998		virus_only	5	0
A/SWITZERLAND/7785/1998		A	H3N2	1998		virus_only	5	0
A/SWITZERLAND/7848/1998		A	H3N2	1998		virus_only	5	0
A/SWITZERLAND/7883/1998		A	H3N2	1998		virus_only	5	0
A/SWITZERLAND/7966/1998		A	H3N2	1998		virus_only	5	0
A/SWITZERLAND/7980/1998		A	H3N2	1998		virus_only	5	0
A/SWITZERLAND/8012/1998		A	H3N2	1998		virus_only	5	0
A/SWITZERLAND/8027/1995		A	H3N2	1995		virus_only	6	0
A/SWITZERLAND/8028/1996		A	H3N2	1996		virus_only	6	0
A/SWITZERLAND/8058/1998		A	H3N2	1998		virus_only	5	0
A/SWITZERLAND/8072/1995		A	H3N2	1995		virus_only	6	0
A/SWITZERLAND/8073/1995		A	H3N2	1995		virus_only	6	0
A/SWITZERLAND/8090/1995		A	H3N2	1995		virus_only	6	0
A/SWITZERLAND/8096/1995		A	H3N2	1995		virus_only	6	0
A/SWITZERLAND/8170/1998		A	H3N2	1998		virus_only	5	0
A/SWITZERLAND/8208/1995		A	H3N2	1995		virus_only	6	0
A/SWITZERLAND/8258/1995		A	H3N2	1995		virus_only	6	0
A/SWITZERLAND/8378/1994		A	H3N2	1994		virus_only	7	0
A/SWITZERLAND/8381/1995		A	H3N2	1995		virus_only	6	0
A/SWITZERLAND/8384/1998		A	H3N2	1998		virus_only	5	0
A/SWITZERLAND/8390/2002		A	H3N2	2002		virus_only	6	0
A/SWITZERLAND/8391/2002		A	H3N2	2002		virus_only	6	0
A/SWITZERLAND/8446/2002		A	H3N2	2002		virus_only	6	0
A/SWITZERLAND/8482/2020		A	H3N2	2020		virus_only	9	0
A/SWITZERLAND/8511/1995		A	H3N2	1995		virus_only	6	0
A/SWITZERLAND/8540/2002		A	H3N2	2002		virus_only	6	0
A/SWITZERLAND/858/1993		A	H3N2	1993		virus_only	7	0
A/SWITZERLAND/8689/1995		A	H3N2	1995		virus_only	6	0
A/SWITZERLAND/8693/1995		A	H3N2	1995		virus_only	6	0
A/SWITZERLAND/8746/1995		A	H3N2	1995		virus_only	6	0
A/SWITZERLAND/882/2017		A	H3N2	2017		virus_only	9	0
A/SWITZERLAND/8850/1998		A	H3N2	1998		virus_only	5	0
A/SWITZERLAND/8851/1998		A	H3N2	1998		virus_only	5	0
A/SWITZERLAND/8880/2003		A	H3N2	2003		virus_only	6	0
A/SWITZERLAND/8934/1995		A	H3N2	1995		virus_only	6	0
A/SWITZERLAND/8961/1995		A	H3N2	1995		virus_only	6	0
A/SWITZERLAND/8971/1995		A	H3N2	1995		virus_only	6	0
A/SWITZERLAND/8977/1995		A	H3N2	1995		virus_only	6	0
A/SWITZERLAND/8990/1997		A	H3N2	1997		virus_only	5	0
A/SWITZERLAND/9118/1994		A	H3N2	1994		virus_only	5	0
A/SWITZERLAND/9180/1999		A	H3N2	1999		virus_only	5	0
A/SWITZERLAND/9226/1994		A	H3N2	1994		virus_only	5	0
A/SWITZERLAND/9239/1999		A	H3N2	1999		virus_only	5	0
A/SWITZERLAND/9243/1999		A	H3N2	1999		virus_only	5	0
A/SWITZERLAND/9265/1994		A	H3N2	1994		virus_only	5	0
A/SWITZERLAND/9274/1995		A	H3N2	1995		virus_only	5	0
A/SWITZERLAND/9352/1994		A	H3N2	1994		virus_only	5	0
A/SWITZERLAND/9359/1999		A	H3N2	1999		virus_only	5	0
A/SWITZERLAND/9368/1999		A	H3N2	1999		virus_only	5	0
A/SWITZERLAND/9369/1999		A	H3N2	1999		virus_only	5	0
A/SWITZERLAND/9412/1995		A	H3N2	1995		virus_only	6	0
A/SWITZERLAND/9422/1995		A	H3N2	1995		virus_only	6	0
A/SWITZERLAND/9494/1995		A	H3N2	1995		virus_only	6	0
A/SWITZERLAND/95/1992		A	H3N2	1992		virus_only	7	0
A/SWITZERLAND/9509/1995		A	H3N2	1995		virus_only	6	0
A/SWITZERLAND/9529/1999		A	H3N2	1999		virus_only	5	0
A/SWITZERLAND/9545/1995		A	H3N2	1995		virus_only	6	0
A/SWITZERLAND/9547/1995		A	H3N2	1995		virus_only	6	0
A/SWITZERLAND/96/1997		A	H3N2	1997		virus_only	5	0
A/SWITZERLAND/9634/1999		A	H3N2	1999		virus_only	5	0
A/SWITZERLAND/97/1997		A	H3N2	1997		virus_only	5	0
A/SWITZERLAND/9707/1995		A	H3N2	1995		virus_only	6	0
A/SWITZERLAND/9715293/2013##CLONE123		A	H3N2			virus_only	10	0
A/SWITZERLAND/9715293/2013##CLONE125		A	H3N2			virus_only	10	0
A/SWITZERLAND/9715293/2013##CLONE128		A	H3N2			virus_only	10	0
A/SWITZERLAND/9715293/2013##CLONE130		A	H3N2			virus_only	10	0
A/SWITZERLAND/9715293/2013##CLONE132		A	H3N2			virus_only	10	0
A/SWITZERLAND/9715293/2013##CLONE135		A	H3N2			virus_only	10	0
A/SWITZERLAND/9715293/2013@HGRBNIBSC		A	H3N2			virus_only	10	0
A/SWITZERLAND/9715293/2013@HGRCNIBSC		A	H3N2			virus_only	10	0
A/SWITZERLAND/9715293/2013@HGRDNIBSC		A	H3N2			virus_only	10	0
A/SWITZERLAND/9715293/2013@NIBSC		A	H3N2			virus_only	10	0
A/SWITZERLAND/9730/1995		A	H3N2	1995		virus_only	6	0
A/SWITZERLAND/9814/1995		A	H3N2	1995		virus_only	6	0
A/SWITZERLAND/9846/1995		A	H3N2	1995		virus_only	6	0
A/SWITZERLAND/9851384/2014		A	H3N2	2014		virus_only	9	0
A/SWITZERLAND/9851671/2014		A	H3N2	2014		virus_only	9	0
A/SWITZERLAND/9864/1998		A	H3N2	1998		virus_only	5	0
A/SWITZERLAND/9884248/2014		A	H3N2	2014		virus_only	9	0
A/SWITZERLAND/99/1997		A	H3N2	1997		virus_only	5	0
A/SWITZERLAND/9947/2019		A	H3N2	2019		virus_only	9	0
A/SWITZERLAND/9964/1995		A	H3N2	1995		virus_only	6	0
A/SWITZERLAND/AG9547/1994		A	H3N2	1994		virus_only	6	0
A/SWITZERLAND/AH/8993/1994		A	H3N2	1994		virus_only	7	0
A/SYDNEY/1/1990		A	H3N2	1990		virus_only	15	0
A/SYDNEY/11/1997		A	H3N2	1997		virus_only	6	0
A/SYDNEY/142/2016		A	H3N2	2016		virus_only	24	0
A/SYDNEY/16/1997		A	H3N2	1997		virus_only	6	0
A/SYDNEY/195/2012		A	H3N2	2012		virus_only	11	0
A/SYDNEY/2/1990		A	H3N2	1990		virus_only	7	0
A/SYDNEY/2/1999		A	H3N2	1999		virus_only	5	0
A/SYDNEY/203/1999		A	H3N2	1999		virus_only	5	0
A/SYDNEY/204/2000		A	H3N2	2000		virus_only	8	0
A/SYDNEY/211/2000		A	H3N2	2000		virus_only	10	0
A/SYDNEY/211/2002		A	H3N2	2002		virus_only	5	0
A/SYDNEY/216/2000		A	H3N2	2000		virus_only	10	0
A/SYDNEY/22/2018		A	H3N2	2018		virus_only	9	0
A/SYDNEY/220/2000		A	H3N2	2000		virus_only	10	0
A/SYDNEY/222/2000		A	H3N2	2000		virus_only	10	0
A/SYDNEY/245/1999		A	H3N2	1999		virus_only	7	0
A/SYDNEY/3/1997		A	H3N2	1997		virus_only	6	0
A/SYDNEY/3/1999		A	H3N2	1999		virus_only	5	0
A/SYDNEY/39/1997		A	H3N2	1997		virus_only	6	0
A/SYDNEY/4/1997		A	H3N2	1997		virus_only	6	0
A/SYDNEY/44/1997		A	H3N2	1997		virus_only	18	0
A/SYDNEY/44/2001		A	H3N2	2001		virus_only	5	0
A/SYDNEY/53/2019		A	H3N2	2019		virus_only	8	0
A/SYDNEY/6/1997		A	H3N2	1997		virus_only	6	0
A/SYDNEY/7/1979		A	H3N2	1979		virus_only	6	0
A/SYDNEY/85/1997		A	H3N2	1997		virus_only	7	0
A/SYDNEY/85/2014		A	H3N2	2014		virus_only	5	0
A/SYDNEY/87/1997		A	H3N2	1997		virus_only	7	0
A/SYDNEY/95/2014		A	H3N2	2014		virus_only	5	0
A/TABOR/49/2007		A	H3N2	2007		virus_only	20	0
A/TAHITI/13/1998		A	H3N2	1998		virus_only	7	0
A/TAHITI/16/1998		A	H3N2	1998		virus_only	7	0
A/TAIWAN/1/2001		A	H3N2	2001		virus_only	6	0
A/TAIWAN/240/2009		A	H3N2	2009		virus_only	10	0
A/TAIWAN/25/2000		A	H3N2	2000		virus_only	6	0
A/TAIWAN/442/2014		A	H3N2	2014		virus_only	20	0
A/TAIWAN/851/2010		A	H3N2	2010		virus_only	8	0
A/TANA/1081/1992		A	H3N2	1992		virus_only	7	0
A/TANA/1095/1992		A	H3N2	1992		virus_only	7	0
A/TANA/1096/1992		A	H3N2	1992		virus_only	7	0
A/TANA/1097/1992		A	H3N2	1992		virus_only	7	0
A/TANA/1099/1992		A	H3N2	1992		virus_only	7	0
A/TANA/1123/1992		A	H3N2	1992		virus_only	7	0
A/TANA/1157/1992		A	H3N2	1992		virus_only	7	0
A/TANA/1158/1992		A	H3N2	1992		virus_only	7	0
A/TANA/1159/1992		A	H3N2	1992		virus_only	7	0
A/TANA/1163/1992		A	H3N2	1992		virus_only	7	0
A/TANA/1174/1992		A	H3N2	1992		virus_only	7	0
A/TANA/1191/1992		A	H3N2	1992		virus_only	7	0
A/TANA/1421/1992		A	H3N2	1992		virus_only	7	0
A/TANA/162/1992		A	H3N2	1992		virus_only	7	0
A/TANA/259/1992		A	H3N2	1992		virus_only	7	0
A/TANA/382/1992		A	H3N2	1992		virus_only	7	0
A/TANA/6678/1995		A	H3N2	1995		virus_only	6	0
A/TANA/6727/1995		A	H3N2	1995		virus_only	6	0
A/TANA/6729/1995		A	H3N2	1995		virus_only	6	0
A/TANA/6941/1995		A	H3N2	1995		virus_only	6	0
A/TANA/6960/1995		A	H3N2	1995		virus_only	6	0
A/TANA/6961/1995		A	H3N2	1995		virus_only	6	0
A/TANA/6962/1995		A	H3N2	1995		virus_only	6	0
A/TANA/6964/1995		A	H3N2	1995		virus_only	6	0
A/TANA/709/1992		A	H3N2	1992		virus_only	7	0
A/TANGER/1200/2018		A	H3N2	2018		virus_only	8	0
A/TANGER/1201/2018		A	H3N2	2018		virus_only	8	0
A/TANGER/122/2004		A	H3N2	2004		virus_only	9	0
A/TANGER/127/2004		A	H3N2	2004		virus_only	9	0
A/TANGER/1449/2018		A	H3N2	2018		virus_only	8	0
A/TANGER/526/2009		A	H3N2	2009		virus_only	9	0
A/TANGER/531/2009		A	H3N2	2009		virus_only	9	0
A/TANGER/533/2009		A	H3N2	2009		virus_only	9	0
A/TANGER/536/2009		A	H3N2	2009		virus_only	9	0
A/TANGER/672/2019		A	H3N2	2019		virus_only	9	0
A/TANGER/74/2004		A	H3N2	2004		virus_only	9	0
A/TANGER/77/2004		A	H3N2	2004		virus_only	9	0
A/TANGER/79/2004		A	H3N2	2004		virus_only	9	0
A/TARAZ/2918/2013		A	H3N2	2013		virus_only	11	0
A/TARAZ/2921/2013		A	H3N2	2013		virus_only	11	0
A/TARAZ/2922/2013		A	H3N2	2013		virus_only	11	0
A/TARRAGONA/106/2003		A	H3N2	2003		virus_only	7	0
A/TARRAGONA/203/2002		A	H3N2	2002		virus_only	6	0
A/TARRAGONA/239/2002		A	H3N2	2002		virus_only	6	0
A/TARRAGONA/280/2002		A	H3N2	2002		virus_only	6	0
A/TARRAGONA/360/2002		A	H3N2	2002		virus_only	6	0
A/TARRAGONA/417/2002		A	H3N2	2002		virus_only	6	0
A/TARRAGONA/449/2002		A	H3N2	2002		virus_only	6	0
A/TARRAGONA/464/2002		A	H3N2	2002		virus_only	6	0
A/TARRAGONA/55/2003		A	H3N2	2003		virus_only	7	0
A/TARRAGONA/58/2003		A	H3N2	2003		virus_only	7	0
A/TARRAGONA/59/2003		A	H3N2	2003		virus_only	7	0
A/TASMANIA/3/1994		A	H3N2	1994		virus_only	8	0
A/TASMANIA/37/2014		A	H3N2	2014		virus_only	5	0
A/TASMANIA/54/2014		A	H3N2	2014		virus_only	5	0
A/TEHERAN/44/1998		A	H3N2	1998		virus_only	8	0
A/TEHERAN/67/1998		A	H3N2	1998		virus_only	8	0
A/TEHERAN/80/1998		A	H3N2	1998		virus_only	8	0
A/TEHERAN/81/1998		A	H3N2	1998		virus_only	8	0
A/TEHERAN/82/1998		A	H3N2	1998		virus_only	8	0
A/TEHERAN/84/1998		A	H3N2	1998		virus_only	8	0
A/TEHERAN/87/1998		A	H3N2	1998		virus_only	8	0
A/TEHRAN/104/2012		A	H3N2	2012		virus_only	18	0
A/TEHRAN/109/2012		A	H3N2	2012		virus_only	18	0
A/TEHRAN/115/2012		A	H3N2	2012		virus_only	18	0
A/TEHRAN/14/1999@IVR125		A	H3N2			virus_only	10	0
A/TEHRAN/14/2000		A	H3N2	2000		virus_only	6	0
A/TEHRAN/180/2012		A	H3N2	2012		virus_only	18	0
A/TEHRAN/181/2012		A	H3N2	2012		virus_only	18	0
A/TEHRAN/30732/2013		A	H3N2	2013		virus_only	9	0
A/TEHRAN/43/2000		A	H3N2	2000		virus_only	6	0
A/TEHRAN/58191/2013		A	H3N2	2013		virus_only	9	0
A/TEHRAN/63138/2013		A	H3N2	2013		virus_only	9	0
A/TEHRAN/63139/2013		A	H3N2	2013		virus_only	9	0
A/TEHRAN/63151/2013		A	H3N2	2013		virus_only	9	0
A/TEHRAN/75/1999		A	H3N2	1999		virus_only	5	0
A/TEHRAN/81/1999		A	H3N2	1999		virus_only	5	0
A/TEHRAN/83/1999		A	H3N2	1999		virus_only	5	0
A/TEHRAN/8331/2011		A	H3N2	2011		virus_only	9	0
A/TEHRAN/9671/2011		A	H3N2	2011		virus_only	18	0
A/TEHRAN/9720/2011		A	H3N2	2011		virus_only	18	0
A/TEHRAN/9721/2011		A	H3N2	2011		virus_only	18	0
A/TENNESSEE/6/2004		A	H3N2	2004		virus_only	8	0
A/TETOUAN/671/2019		A	H3N2	2019		virus_only	8	0
A/TEXAS/50/2012@NIB81		A	H3N2			virus_only	11	0
A/TF/31/1994		A	H3N2	1994		virus_only	5	0
A/THAILAND/124/1991		A	H3N2	1991		virus_only	6	0
A/THAILAND/159/1992		A	H3N2	1992		virus_only	7	0
A/THAILAND/211/1991		A	H3N2	1991		virus_only	6	0
A/THAILAND/223/1991		A	H3N2	1991		virus_only	6	0
A/THAILAND/244/1991		A	H3N2	1991		virus_only	6	0
A/THAILAND/247/1991		A	H3N2	1991		virus_only	6	0
A/THESSALONIKA/15/1997		A	H3N2	1997		virus_only	6	0
A/THESSALONIKA/30/1997		A	H3N2	1997		virus_only	5	0
A/THESSALONIKI/1/1996		A	H3N2	1996		virus_only	7	0
A/THESSALONIKI/10/1992		A	H3N2	1992		virus_only	6	0
A/THESSALONIKI/10/1994		A	H3N2	1994		virus_only	6	0
A/THESSALONIKI/10/1997		A	H3N2	1997		virus_only	5	0
A/THESSALONIKI/11/1994		A	H3N2	1994		virus_only	6	0
A/THESSALONIKI/11/1997		A	H3N2	1997		virus_only	5	0
A/THESSALONIKI/117/1992		A	H3N2	1992		virus_only	6	0
A/THESSALONIKI/12/1992		A	H3N2	1992		virus_only	6	0
A/THESSALONIKI/12/1994		A	H3N2	1994		virus_only	6	0
A/THESSALONIKI/12/1997		A	H3N2	1997		virus_only	14	0
A/THESSALONIKI/13/1994		A	H3N2	1994		virus_only	6	0
A/THESSALONIKI/13/1995		A	H3N2	1995		virus_only	6	0
A/THESSALONIKI/13/1997		A	H3N2	1997		virus_only	5	0
A/THESSALONIKI/13/1998		A	H3N2	1998		virus_only	5	0
A/THESSALONIKI/14/1992		A	H3N2	1992		virus_only	6	0
A/THESSALONIKI/14/1998		A	H3N2	1998		virus_only	10	0
A/THESSALONIKI/16/1994		A	H3N2	1994		virus_only	6	0
A/THESSALONIKI/16/1996		A	H3N2	1996		virus_only	7	0
A/THESSALONIKI/16/2009		A	H3N2	2009		virus_only	9	0
A/THESSALONIKI/17/1998		A	H3N2	1998		virus_only	5	0
A/THESSALONIKI/172/2000		A	H3N2	2000		virus_only	6	0
A/THESSALONIKI/18/1998		A	H3N2	1998		virus_only	5	0
A/THESSALONIKI/19/1998		A	H3N2	1998		virus_only	5	0
A/THESSALONIKI/2/1997		A	H3N2	1997		virus_only	5	0
A/THESSALONIKI/20/1998		A	H3N2	1998		virus_only	5	0
A/THESSALONIKI/208/2000		A	H3N2	2000		virus_only	6	0
A/THESSALONIKI/21/1998		A	H3N2	1998		virus_only	5	0
A/THESSALONIKI/22/1992		A	H3N2	1992		virus_only	6	0
A/THESSALONIKI/22/1998		A	H3N2	1998		virus_only	5	0
A/THESSALONIKI/221/2000		A	H3N2	2000		virus_only	6	0
A/THESSALONIKI/23/1997		A	H3N2	1997		virus_only	6	0
A/THESSALONIKI/23/1998		A	H3N2	1998		virus_only	5	0
A/THESSALONIKI/26/1996		A	H3N2	1996		virus_only	7	0
A/THESSALONIKI/26/1998		A	H3N2	1998		virus_only	5	0
A/THESSALONIKI/26/2007		A	H3N2	2007		virus_only	8	0
A/THESSALONIKI/29/1996		A	H3N2	1996		virus_only	7	0
A/THESSALONIKI/3/1996		A	H3N2	1996		virus_only	7	0
A/THESSALONIKI/30/1992		A	H3N2	1992		virus_only	6	0
A/THESSALONIKI/30/1997		A	H3N2	1997		virus_only	4	0
A/THESSALONIKI/36/1992		A	H3N2	1992		virus_only	6	0
A/THESSALONIKI/37/1992		A	H3N2	1992		virus_only	6	0
A/THESSALONIKI/38/1992		A	H3N2	1992		virus_only	6	0
A/THESSALONIKI/39/1992		A	H3N2	1992		virus_only	6	0
A/THESSALONIKI/39/1999		A	H3N2	1999		virus_only	5	0
A/THESSALONIKI/4/1994		A	H3N2	1994		virus_only	6	0
A/THESSALONIKI/4/1997		A	H3N2	1997		virus_only	5	0
A/THESSALONIKI/41/1992		A	H3N2	1992		virus_only	6	0
A/THESSALONIKI/43/1992		A	H3N2	1992		virus_only	6	0
A/THESSALONIKI/44/1992		A	H3N2	1992		virus_only	6	0
A/THESSALONIKI/45/1992		A	H3N2	1992		virus_only	6	0
A/THESSALONIKI/46/1992		A	H3N2	1992		virus_only	6	0
A/THESSALONIKI/48/1992		A	H3N2	1992		virus_only	6	0
A/THESSALONIKI/49/1992		A	H3N2	1992		virus_only	6	0
A/THESSALONIKI/5/1996		A	H3N2	1996		virus_only	7	0
A/THESSALONIKI/50/1992		A	H3N2	1992		virus_only	6	0
A/THESSALONIKI/52/1992		A	H3N2	1992		virus_only	6	0
A/THESSALONIKI/52/2002		A	H3N2	2002		virus_only	15	0
A/THESSALONIKI/54/2002		A	H3N2	2002		virus_only	15	0
A/THESSALONIKI/6/1994		A	H3N2	1994		virus_only	6	0
A/THESSALONIKI/63/1992		A	H3N2	1992		virus_only	6	0
A/THESSALONIKI/64/1992		A	H3N2	1992		virus_only	6	0
A/THESSALONIKI/66/1992		A	H3N2	1992		virus_only	6	0
A/THESSALONIKI/67/1992		A	H3N2	1992		virus_only	6	0
A/THESSALONIKI/69/1992		A	H3N2	1992		virus_only	6	0
A/THESSALONIKI/69/1998		A	H3N2	1998		virus_only	4	0
A/THESSALONIKI/7/1997		A	H3N2	1997		virus_only	5	0
A/THESSALONIKI/71/2000		A	H3N2	2000		virus_only	6	0
A/THESSALONIKI/72/1992		A	H3N2	1992		virus_only	8	0
A/THESSALONIKI/73/1992		A	H3N2	1992		virus_only	8	0
A/THESSALONIKI/74/1992		A	H3N2	1992		virus_only	6	0
A/THESSALONIKI/8/1992		A	H3N2	1992		virus_only	6	0
A/THESSALONIKI/8/1994		A	H3N2	1994		virus_only	6	0
A/THESSALONIKI/8/1997		A	H3N2	1997		virus_only	14	0
A/THESSALONIKI/9/1996		A	H3N2	1996		virus_only	7	0
A/THESSALONIKI/96/2000		A	H3N2	2000		virus_only	6	0
A/THURINGEN/1/1995		A	H3N2	1995		virus_only	6	0
A/THURINGEN/1/1996		A	H3N2	1996		virus_only	6	0
A/THURINGEN/1/2003		A	H3N2	2003		virus_only	5	0
A/THURINGEN/1/2004		A	H3N2	2004		virus_only	6	0
A/THURINGEN/1/2005		A	H3N2	2005		virus_only	9	0
A/THURINGEN/1/2007		A	H3N2	2007		virus_only	8	0
A/THURINGEN/1/2009		A	H3N2	2009		virus_only	9	0
A/THURINGEN/10/2003		A	H3N2	2003		virus_only	5	0
A/THURINGEN/11/2003		A	H3N2	2003		virus_only	5	0
A/THURINGEN/11/2005		A	H3N2	2005		virus_only	10	0
A/THURINGEN/11/2020		A	H3N2	2020		virus_only	9	0
A/THURINGEN/12/1995		A	H3N2	1995		virus_only	5	0
A/THURINGEN/123/2013		A	H3N2	2013		virus_only	8	0
A/THURINGEN/13/2006		A	H3N2	2006		virus_only	8	0
A/THURINGEN/15/2005		A	H3N2	2005		virus_only	10	0
A/THURINGEN/165/2017		A	H3N2	2017		virus_only	8	0
A/THURINGEN/174/2003		A	H3N2	2003		virus_only	6	0
A/THURINGEN/2/1995		A	H3N2	1995		virus_only	6	0
A/THURINGEN/2/2003		A	H3N2	2003		virus_only	5	0
A/THURINGEN/2/2004		A	H3N2	2004		virus_only	6	0
A/THURINGEN/2/2005		A	H3N2	2005		virus_only	9	0
A/THURINGEN/21/2005		A	H3N2	2005		virus_only	10	0
A/THURINGEN/22/2005		A	H3N2	2005		virus_only	10	0
A/THURINGEN/25/2003		A	H3N2	2003		virus_only	10	0
A/THURINGEN/26/2005		A	H3N2	2005		virus_only	10	0
A/THURINGEN/3/1995		A	H3N2	1995		virus_only	6	0
A/THURINGEN/3/2003		A	H3N2	2003		virus_only	5	0
A/THURINGEN/32/2005		A	H3N2	2005		virus_only	10	0
A/THURINGEN/35/2005		A	H3N2	2005		virus_only	10	0
A/THURINGEN/36/2003		A	H3N2	2003		virus_only	5	0
A/THURINGEN/4/2003		A	H3N2	2003		virus_only	5	0
A/THURINGEN/4/2005		A	H3N2	2005		virus_only	9	0
A/THURINGEN/41/2012		A	H3N2	2012		virus_only	11	0
A/THURINGEN/5/2003		A	H3N2	2003		virus_only	5	0
A/THURINGEN/52/2017		A	H3N2	2017		virus_only	9	0
A/THURINGEN/57/2008		A	H3N2	2008		virus_only	9	0
A/THURINGEN/6/2003		A	H3N2	2003		virus_only	5	0
A/THURINGEN/6/2007		A	H3N2	2007		virus_only	10	0
A/THURINGEN/7/2015		A	H3N2	2015		virus_only	11	0
A/THURINGEN/75/2008		A	H3N2	2008		virus_only	10	0
A/THURINGEN/76/2008		A	H3N2	2008		virus_only	10	0
A/THURINGEN/77/2008		A	H3N2	2008		virus_only	10	0
A/THURINGEN/82/2008		A	H3N2	2008		virus_only	8	0
A/THURINGEN/83/2003		A	H3N2	2003		virus_only	7	0
A/TIMIS/136369/2013		A	H3N2	2013		virus_only	11	0
A/TIMIS/177582/2015		A	H3N2	2015		virus_only	11	0
A/TIRANE/ALB4020/2012		A	H3N2	2012		virus_only	9	0
A/TIRANE/ALB4103/2012		A	H3N2	2012		virus_only	9	0
A/TIRANE/ALB4107/2012		A	H3N2	2012		virus_only	9	0
A/TIZNIT/131/2011		A	H3N2	2011		virus_only	9	0
A/TIZNIT/167/2011		A	H3N2	2011		virus_only	8	0
A/TOAMASINA/180/2015		A	H3N2	2015		virus_only	11	0
A/TOAMASINA/2190/2017		A	H3N2	2017		virus_only	6	0
A/TOGO/LNG/333/2013		A	H3N2	2013		virus_only	9	0
A/TOGO/LNG/398/2013		A	H3N2	2013		virus_only	9	0
A/TOGO/LNG333/2013		A	H3N2	2013		virus_only	9	0
A/TOGO/LNG398/2013		A	H3N2	2013		virus_only	9	0
A/TOKAT/239/2014		A	H3N2	2014		virus_only	9	0
A/TOKYO/1035/2004		A	H3N2	2004		virus_only	8	0
A/TOKYO/31512/2013		A	H3N2	2013		virus_only	9	0
A/TOMSK/04/2013		A	H3N2	2013		virus_only	20	0
A/TOMSK/05/2013		A	H3N2	2013		virus_only	20	0
A/TOMSK/24/2013		A	H3N2	2013		virus_only	10	0
A/TOMSK/5/2015		A	H3N2	2015		virus_only	11	0
A/TOMSK/5645V/2019		A	H3N2	2019		virus_only	8	0
A/TOMSK/6/2014		A	H3N2	2014		virus_only	11	0
A/TORINO/01/2011		A	H3N2	2011		virus_only	12	0
A/TORINO/03/2012		A	H3N2	2012		virus_only	10	0
A/TORINO/05/2012		A	H3N2	2012		virus_only	10	0
A/TORINO/1/1992		A	H3N2	1992		virus_only	7	0
A/TORINO/10/1990		A	H3N2	1990		virus_only	7	0
A/TORINO/12/1990		A	H3N2	1990		virus_only	7	0
A/TORINO/13/1990		A	H3N2	1990		virus_only	7	0
A/TORINO/13/2008		A	H3N2	2008		virus_only	9	0
A/TORINO/14/2008		A	H3N2	2008		virus_only	8	0
A/TORINO/5/1990		A	H3N2	1990		virus_only	7	0
A/TORINO/544/2019		A	H3N2	2019		virus_only	5	0
A/TORINO/6/1990		A	H3N2	1990		virus_only	7	0
A/TORINO/771/2019		A	H3N2	2019		virus_only	7	0
A/TORINO/8/1990		A	H3N2	1990		virus_only	7	0
A/TORINO/9/1990		A	H3N2	1990		virus_only	7	0
A/TOULON/1244/2006		A	H3N2	2006		virus_only	9	0
A/TOULON/1800/1996		A	H3N2	1996		virus_only	5	0
A/TOULON/1935/1996		A	H3N2	1996		virus_only	5	0
A/TOULON/2303/2003		A	H3N2	2003		virus_only	6	0
A/TOULON/2533/2017		A	H3N2	2017		virus_only	8	0
A/TOULON/3038/2013		A	H3N2	2013		virus_only	9	0
A/TOULON/324/1999		A	H3N2	1999		virus_only	5	0
A/TOULON/356/2000		A	H3N2	2000		virus_only	6	0
A/TOULON/495/1999		A	H3N2	1999		virus_only	5	0
A/TOULON/499/2000		A	H3N2	2000		virus_only	6	0
A/TOULON/654/1999		A	H3N2	1999		virus_only	5	0
A/TOULON/655/1999		A	H3N2	1999		virus_only	5	0
A/TOULON/656/1999		A	H3N2	1999		virus_only	5	0
A/TOULON/657/1999		A	H3N2	1999		virus_only	5	0
A/TOULON/658/1999		A	H3N2	1999		virus_only	5	0
A/TOULON/662/1999		A	H3N2	1999		virus_only	5	0
A/TOULON/663/1999		A	H3N2	1999		virus_only	5	0
A/TOULON/664/1999		A	H3N2	1999		virus_only	5	0
A/TOULON/669/1999		A	H3N2	1999		virus_only	5	0
A/TOULON/670/1999		A	H3N2	1999		virus_only	5	0
A/TOULON/670/2005		A	H3N2	2005		virus_only	6	0
A/TOULON/671/1999		A	H3N2	1999		virus_only	5	0
A/TOULON/673/1999		A	H3N2	1999		virus_only	5	0
A/TOULON/674/1999		A	H3N2	1999		virus_only	5	0
A/TOULON/680/1999		A	H3N2	1999		virus_only	5	0
A/TOULON/681/1999		A	H3N2	1999		virus_only	5	0
A/TOULON/694/1998		A	H3N2	1998		virus_only	5	0
A/TOULON/696/1998		A	H3N2	1998		virus_only	5	0
A/TOULON/698/1998		A	H3N2	1998		virus_only	5	0
A/TOULON/700/1998		A	H3N2	1998		virus_only	5	0
A/TOULON/701/1998		A	H3N2	1998		virus_only	5	0
A/TOULON/703/1998		A	H3N2	1998		virus_only	5	0
A/TOULON/704/1998		A	H3N2	1998		virus_only	5	0
A/TOULON/705/1998		A	H3N2	1998		virus_only	5	0
A/TOULON/706/1998		A	H3N2	1998		virus_only	5	0
A/TOULON/943/1999		A	H3N2	1999		virus_only	5	0
A/TOULOUSE/1316/2008		A	H3N2	2008		virus_only	8	0
A/TOULOUSE/1317/2008		A	H3N2	2008		virus_only	8	0
A/TOULOUSE/141/2000		A	H3N2	2000		virus_only	6	0
A/TOULOUSE/1417/2009		A	H3N2	2009		virus_only	9	0
A/TOULOUSE/142/2000		A	H3N2	2000		virus_only	6	0
A/TOULOUSE/145/2000		A	H3N2	2000		virus_only	6	0
A/TOULOUSE/146/2000		A	H3N2	2000		virus_only	6	0
A/TOULOUSE/1465/1998		A	H3N2	1998		virus_only	4	0
A/TOULOUSE/1467/1998#ORIGINAL		A	H3N2			virus_only	4	0
A/TOULOUSE/147/2000		A	H3N2	2000		virus_only	6	0
A/TOULOUSE/148/2000		A	H3N2	2000		virus_only	6	0
A/TOULOUSE/149/2000		A	H3N2	2000		virus_only	6	0
A/TOULOUSE/151/2000		A	H3N2	2000		virus_only	6	0
A/TOULOUSE/155/2000		A	H3N2	2000		virus_only	6	0
A/TOULOUSE/156/2000		A	H3N2	2000		virus_only	6	0
A/TOULOUSE/157/2000		A	H3N2	2000		virus_only	6	0
A/TOULOUSE/158/2000		A	H3N2	2000		virus_only	6	0
A/TOULOUSE/159/2000		A	H3N2	2000		virus_only	6	0
A/TOULOUSE/160/2000		A	H3N2	2000		virus_only	6	0
A/TOULOUSE/161/2000		A	H3N2	2000		virus_only	6	0
A/TOULOUSE/1780/1999		A	H3N2	1999		virus_only	5	0
A/TOULOUSE/1809/1996		A	H3N2	1996		virus_only	5	0
A/TOULOUSE/1813/1996		A	H3N2	1996		virus_only	5	0
A/TOULOUSE/1862/1996		A	H3N2	1996		virus_only	6	0
A/TOULOUSE/1868/1996		A	H3N2	1996		virus_only	5	0
A/TOULOUSE/19549/2003		A	H3N2	2003		virus_only	7	0
A/TOULOUSE/2187/2011		A	H3N2	2011		virus_only	9	0
A/TOULOUSE/2370/1993		A	H3N2	1993		virus_only	6	0
A/TOULOUSE/2460/2013		A	H3N2	2013		virus_only	9	0
A/TOULOUSE/262/1997		A	H3N2	1997		virus_only	5	0
A/TOULOUSE/263/1997		A	H3N2	1997		virus_only	5	0
A/TOULOUSE/264/1997		A	H3N2	1997		virus_only	5	0
A/TOULOUSE/266/1997		A	H3N2	1997		virus_only	5	0
A/TOULOUSE/270/1997		A	H3N2	1997		virus_only	5	0
A/TOULOUSE/271/1997		A	H3N2	1997		virus_only	5	0
A/TOULOUSE/273/1997		A	H3N2	1997		virus_only	5	0
A/TOULOUSE/274/1997		A	H3N2	1997		virus_only	5	0
A/TOULOUSE/277/1997		A	H3N2	1997		virus_only	5	0
A/TOULOUSE/278/1997		A	H3N2	1997		virus_only	5	0
A/TOULOUSE/281/1997		A	H3N2	1997		virus_only	5	0
A/TOULOUSE/283/1997		A	H3N2	1997		virus_only	5	0
A/TOULOUSE/284/1997		A	H3N2	1997		virus_only	5	0
A/TOULOUSE/286/1997		A	H3N2	1997		virus_only	5	0
A/TOULOUSE/287/1997		A	H3N2	1997		virus_only	5	0
A/TOULOUSE/289/1997		A	H3N2	1997		virus_only	5	0
A/TOULOUSE/2892/2013		A	H3N2	2013		virus_only	8	0
A/TOULOUSE/294/2000		A	H3N2	2000		virus_only	6	0
A/TOULOUSE/35/1994		A	H3N2	1994		virus_only	12	0
A/TOULOUSE/36/1994		A	H3N2	1994		virus_only	12	0
A/TOULOUSE/37/1994		A	H3N2	1994		virus_only	12	0
A/TOULOUSE/38/1994		A	H3N2	1994		virus_only	12	0
A/TOULOUSE/39/1994		A	H3N2	1994		virus_only	12	0
A/TOULOUSE/397/1998		A	H3N2	1998		virus_only	4	0
A/TOULOUSE/398/1998#ORIGINAL		A	H3N2			virus_only	5	0
A/TOULOUSE/399/1998#ORIGINAL		A	H3N2			virus_only	5	0
A/TOULOUSE/400/1998		A	H3N2	1998		virus_only	5	0
A/TOULOUSE/401/1998		A	H3N2	1998		virus_only	5	0
A/TOULOUSE/402/1998		A	H3N2	1998		virus_only	5	0
A/TOULOUSE/414/1996		A	H3N2	1996		virus_only	6	0
A/TOULOUSE/417/1996		A	H3N2	1996		virus_only	5	0
A/TOULOUSE/464/2002		A	H3N2	2002		virus_only	6	0
A/TOULOUSE/478/1999		A	H3N2	1999		virus_only	5	0
A/TOULOUSE/512/1999		A	H3N2	1999		virus_only	5	0
A/TOULOUSE/536/2002		A	H3N2	2002		virus_only	6	0
A/TOULOUSE/609/2008		A	H3N2	2008		virus_only	10	0
A/TOULOUSE/61/1999		A	H3N2	1999		virus_only	6	0
A/TOULOUSE/62/1999		A	H3N2	1999		virus_only	6	0
A/TOULOUSE/63/1999		A	H3N2	1999		virus_only	6	0
A/TOULOUSE/64/1999		A	H3N2	1999		virus_only	5	0
A/TOULOUSE/66/1999		A	H3N2	1999		virus_only	6	0
A/TOULOUSE/67/1999		A	H3N2	1999		virus_only	6	0
A/TOULOUSE/672/1998		A	H3N2	1998		virus_only	5	0
A/TOULOUSE/673/1998		A	H3N2	1998		virus_only	4	0
A/TOULOUSE/674/1998		A	H3N2	1998		virus_only	4	0
A/TOULOUSE/675/1998		A	H3N2	1998		virus_only	5	0
A/TOULOUSE/676/1998		A	H3N2	1998		virus_only	5	0
A/TOULOUSE/678/1998		A	H3N2	1998		virus_only	4	0
A/TOULOUSE/679/1998		A	H3N2	1998		virus_only	5	0
A/TOULOUSE/68/1999		A	H3N2	1999		virus_only	6	0
A/TOULOUSE/68198#ORIGINAL		A	H3N2			virus_only	4	0
A/TOULOUSE/682/1998		A	H3N2	1998		virus_only	5	0
A/TOULOUSE/741/1992		A	H3N2	1992		virus_only	7	0
A/TOULOUSE/742/1992		A	H3N2	1992		virus_only	7	0
A/TOULOUSE/743/1992		A	H3N2	1992		virus_only	7	0
A/TOULOUSE/744/1992		A	H3N2	1992		virus_only	7	0
A/TOULOUSE/745/1992		A	H3N2	1992		virus_only	7	0
A/TOULOUSE/748/1992		A	H3N2	1992		virus_only	7	0
A/TOULOUSE/818/1999		A	H3N2	1999		virus_only	6	0
A/TOULOUSE/824/1999		A	H3N2	1999		virus_only	5	0
A/TOULOUSE/836/1999		A	H3N2	1999		virus_only	6	0
A/TOULOUSE/838/1999		A	H3N2	1999		virus_only	6	0
A/TOULOUSE/839/1999		A	H3N2	1999		virus_only	6	0
A/TOULOUSE/840/1999		A	H3N2	1999		virus_only	6	0
A/TOULOUSE/932/1999		A	H3N2	1999		virus_only	5	0
A/TOULOUSE/935/1999		A	H3N2	1999		virus_only	5	0
A/TOULOUSE/942/1999		A	H3N2	1999		virus_only	5	0
A/TOULOUSE/945/1999		A	H3N2	1999		virus_only	5	0
A/TOULOUSE/950/1999		A	H3N2	1999		virus_only	5	0
A/TOULOUSE/951/1999		A	H3N2	1999		virus_only	5	0
A/TOULOUSE/952/1999		A	H3N2	1999		virus_only	5	0
A/TOULOUSE/954/1999		A	H3N2	1999		virus_only	5	0
A/TOULOUSE/955/1999		A	H3N2	1999		virus_only	5	0
A/TOULOUSE/955/2009		A	H3N2	2009		virus_only	19	0
A/TOULOUSE/956/1999		A	H3N2	1999		virus_only	5	0
A/TOULOUSE/957/1999		A	H3N2	1999		virus_only	5	0
A/TOULOUSE/958/1999		A	H3N2	1999		virus_only	5	0
A/TOULOUSE/OMS/348/1992		A	H3N2	1992		virus_only	6	0
A/TOULOUSE/OMS/349/1992		A	H3N2	1992		virus_only	6	0
A/TOULOUSE/OMS/350/1992		A	H3N2	1992		virus_only	6	0
A/TOULOUSE/OMS/351/1992		A	H3N2	1992		virus_only	6	0
A/TOULOUSE/OMS/352/1992		A	H3N2	1992		virus_only	6	0
A/TOWNSVILLE/1/1999		A	H3N2	1999		virus_only	5	0
A/TOWNSVILLE/1/2003		A	H3N2	2003		virus_only	8	0
A/TOWNSVILLE/2/1997		A	H3N2	1997		virus_only	14	0
A/TOWNSVILLE/3/1999		A	H3N2	1999		virus_only	5	0
A/TOWNSVILLE/6/1997		A	H3N2	1997		virus_only	14	0
A/TOWNSVILLE/8/1997		A	H3N2	1997		virus_only	14	0
A/TOWNSVILLE/87/2010		A	H3N2	2010		virus_only	38	0
A/TOYAMA/53/1992		A	H3N2	1992		virus_only	7	0
A/TRABZON/1095/1999		A	H3N2	1999		virus_only	6	0
A/TRABZON/1203/1999		A	H3N2	1999		virus_only	6	0
A/TRABZON/1204/1999		A	H3N2	1999		virus_only	6	0
A/TRABZON/1230/1999		A	H3N2	1999		virus_only	6	0
A/TRABZON/1232/1999		A	H3N2	1999		virus_only	6	0
A/TRABZON/1236/1999		A	H3N2	1999		virus_only	6	0
A/TRABZON/1293/1999		A	H3N2	1999		virus_only	6	0
A/TRABZON/1302/1999		A	H3N2	1999		virus_only	6	0
A/TRABZON/1313/1999		A	H3N2	1999		virus_only	6	0
A/TRABZON/163/2014		A	H3N2	2014		virus_only	9	0
A/TRABZON/28/2014		A	H3N2	2014		virus_only	9	0
A/TRABZON/31/2014		A	H3N2	2014		virus_only	9	0
A/TRABZON/33/2014		A	H3N2	2014		virus_only	9	0
A/TRABZON/338/2014		A	H3N2	2014		virus_only	18	0
A/TRABZON/3892/2013		A	H3N2	2013		virus_only	9	0
A/TRABZON/534/2006		A	H3N2	2006		virus_only	7	0
A/TRENCIN/46/2016		A	H3N2	2016		virus_only	23	0
A/TRENCIN/558/2015		A	H3N2	2015		virus_only	11	0
A/TRENCIN/74/2019		A	H3N2	2019		virus_only	8	0
A/TRENCIN/94/2016		A	H3N2	2016		virus_only	12	0
A/TRENTINO/1/2000		A	H3N2	2000		virus_only	5	0
A/TRENTINO/2/2000		A	H3N2	2000		virus_only	5	0
A/TRENTINO/3/2000		A	H3N2	2000		virus_only	5	0
A/TRENTINOALTOADIGE/4/2000		A	H3N2	2000		virus_only	6	0
A/TRENTINOALTOADIGE/5/2000		A	H3N2	2000		virus_only	6	0
A/TRENTINOALTOADIGE/7/2000		A	H3N2	2000		virus_only	6	0
A/TRENTO/1/2003		A	H3N2	2003		virus_only	6	0
A/TRENTO/1/2004		A	H3N2	2004		virus_only	6	0
A/TRENTO/2/2004		A	H3N2	2004		virus_only	6	0
A/TRIESTE/01/2013		A	H3N2	2013		virus_only	11	0
A/TRIESTE/01/2014		A	H3N2	2014		virus_only	10	0
A/TRIESTE/1/1992		A	H3N2	1992		virus_only	7	0
A/TRIESTE/1/1999		A	H3N2	1999		virus_only	5	0
A/TRIESTE/1/2000		A	H3N2	2000		virus_only	5	0
A/TRIESTE/1/2003		A	H3N2	2003		virus_only	6	0
A/TRIESTE/1/2004		A	H3N2	2004		virus_only	6	0
A/TRIESTE/10/1999		A	H3N2	1999		virus_only	5	0
A/TRIESTE/10/2000		A	H3N2	2000		virus_only	6	0
A/TRIESTE/10/2003		A	H3N2	2003		virus_only	5	0
A/TRIESTE/10/2004		A	H3N2	2004		virus_only	6	0
A/TRIESTE/10/2009		A	H3N2	2009		virus_only	9	0
A/TRIESTE/10/2014		A	H3N2	2014		virus_only	10	0
A/TRIESTE/11/1999		A	H3N2	1999		virus_only	5	0
A/TRIESTE/11/2000		A	H3N2	2000		virus_only	6	0
A/TRIESTE/11/2003		A	H3N2	2003		virus_only	5	0
A/TRIESTE/11/2004		A	H3N2	2004		virus_only	6	0
A/TRIESTE/12/1999		A	H3N2	1999		virus_only	5	0
A/TRIESTE/12/2000		A	H3N2	2000		virus_only	6	0
A/TRIESTE/12/2003		A	H3N2	2003		virus_only	5	0
A/TRIESTE/12/2004		A	H3N2	2004		virus_only	6	0
A/TRIESTE/12/2013		A	H3N2	2013		virus_only	6	0
A/TRIESTE/13/1999		A	H3N2	1999		virus_only	5	0
A/TRIESTE/13/2000		A	H3N2	2000		virus_only	6	0
A/TRIESTE/13/2003		A	H3N2	2003		virus_only	5	0
A/TRIESTE/14/1999		A	H3N2	1999		virus_only	5	0
A/TRIESTE/14/2000		A	H3N2	2000		virus_only	6	0
A/TRIESTE/14/2003		A	H3N2	2003		virus_only	5	0
A/TRIESTE/14/2004		A	H3N2	2004		virus_only	6	0
A/TRIESTE/15/1999		A	H3N2	1999		virus_only	5	0
A/TRIESTE/15/2000		A	H3N2	2000		virus_only	6	0
A/TRIESTE/15/2003		A	H3N2	2003		virus_only	5	0
A/TRIESTE/15/2004		A	H3N2	2004		virus_only	6	0
A/TRIESTE/16/1999		A	H3N2	1999		virus_only	5	0
A/TRIESTE/16/2000		A	H3N2	2000		virus_only	6	0
A/TRIESTE/16/2003		A	H3N2	2003		virus_only	5	0
A/TRIESTE/16/2004		A	H3N2	2004		virus_only	6	0
A/TRIESTE/17/1999		A	H3N2	1999		virus_only	5	0
A/TRIESTE/17/2000		A	H3N2	2000		virus_only	6	0
A/TRIESTE/17/2003		A	H3N2	2003		virus_only	5	0
A/TRIESTE/17/2004		A	H3N2	2004		virus_only	6	0
A/TRIESTE/18/1999		A	H3N2	1999		virus_only	5	0
A/TRIESTE/18/2000		A	H3N2	2000		virus_only	6	0
A/TRIESTE/18/2003		A	H3N2	2003		virus_only	5	0
A/TRIESTE/18/2004		A	H3N2	2004		virus_only	6	0
A/TRIESTE/19/1999		A	H3N2	1999		virus_only	5	0
A/TRIESTE/19/2000		A	H3N2	2000		virus_only	6	0
A/TRIESTE/19/2003		A	H3N2	2003		virus_only	5	0
A/TRIESTE/19/2004		A	H3N2	2004		virus_only	6	0
A/TRIESTE/19C/2007		A	H3N2	2007		virus_only	8	0
A/TRIESTE/2/1992		A	H3N2	1992		virus_only	7	0
A/TRIESTE/2/1999		A	H3N2	1999		virus_only	5	0
A/TRIESTE/2/2000		A	H3N2	2000		virus_only	6	0
A/TRIESTE/2/2002		A	H3N2	2002		virus_only	6	0
A/TRIESTE/2/2004		A	H3N2	2004		virus_only	6	0
A/TRIESTE/2/2005		A	H3N2	2005		virus_only	8	0
A/TRIESTE/20/1999		A	H3N2	1999		virus_only	5	0
A/TRIESTE/20/2000		A	H3N2	2000		virus_only	6	0
A/TRIESTE/20/2003		A	H3N2	2003		virus_only	5	0
A/TRIESTE/20/2004		A	H3N2	2004		virus_only	6	0
A/TRIESTE/21/2000		A	H3N2	2000		virus_only	6	0
A/TRIESTE/21/2003		A	H3N2	2003		virus_only	5	0
A/TRIESTE/21/2004		A	H3N2	2004		virus_only	6	0
A/TRIESTE/21/2005		A	H3N2	2005		virus_only	10	0
A/TRIESTE/22/2000		A	H3N2	2000		virus_only	6	0
A/TRIESTE/22/2003		A	H3N2	2003		virus_only	5	0
A/TRIESTE/22/2004		A	H3N2	2004		virus_only	6	0
A/TRIESTE/22/2005		A	H3N2	2005		virus_only	10	0
A/TRIESTE/23/2000		A	H3N2	2000		virus_only	6	0
A/TRIESTE/23/2003		A	H3N2	2003		virus_only	5	0
A/TRIESTE/23/2004		A	H3N2	2004		virus_only	6	0
A/TRIESTE/23/2005		A	H3N2	2005		virus_only	10	0
A/TRIESTE/23C/2007		A	H3N2	2007		virus_only	8	0
A/TRIESTE/24/2003		A	H3N2	2003		virus_only	5	0
A/TRIESTE/24/2004		A	H3N2	2004		virus_only	6	0
A/TRIESTE/24/2005		A	H3N2	2005		virus_only	10	0
A/TRIESTE/24C/2007		A	H3N2	2007		virus_only	8	0
A/TRIESTE/25/2004		A	H3N2	2004		virus_only	6	0
A/TRIESTE/25/2011		A	H3N2	2011		virus_only	8	0
A/TRIESTE/26/2003		A	H3N2	2003		virus_only	6	0
A/TRIESTE/26/2004		A	H3N2	2004		virus_only	6	0
A/TRIESTE/26/2005		A	H3N2	2005		virus_only	10	0
A/TRIESTE/26/2008		A	H3N2	2008		virus_only	9	0
A/TRIESTE/27/2003		A	H3N2	2003		virus_only	12	0
A/TRIESTE/27/2005		A	H3N2	2005		virus_only	10	0
A/TRIESTE/27C/2007		A	H3N2	2007		virus_only	8	0
A/TRIESTE/28/2003		A	H3N2	2003		virus_only	6	0
A/TRIESTE/28C/2007		A	H3N2	2007		virus_only	8	0
A/TRIESTE/29/2003		A	H3N2	2003		virus_only	6	0
A/TRIESTE/29/2005		A	H3N2	2005		virus_only	10	0
A/TRIESTE/29C/2007		A	H3N2	2007		virus_only	8	0
A/TRIESTE/3/1999		A	H3N2	1999		virus_only	5	0
A/TRIESTE/3/2000		A	H3N2	2000		virus_only	6	0
A/TRIESTE/3/2002		A	H3N2	2002		virus_only	6	0
A/TRIESTE/3/2003		A	H3N2	2003		virus_only	6	0
A/TRIESTE/3/2005		A	H3N2	2005		virus_only	8	0
A/TRIESTE/30/2003		A	H3N2	2003		virus_only	6	0
A/TRIESTE/30/2009		A	H3N2	2009		virus_only	9	0
A/TRIESTE/30C/2007		A	H3N2	2007		virus_only	8	0
A/TRIESTE/31/2003		A	H3N2	2003		virus_only	6	0
A/TRIESTE/31/2005		A	H3N2	2005		virus_only	20	0
A/TRIESTE/31C/2007		A	H3N2	2007		virus_only	8	0
A/TRIESTE/32C/2007		A	H3N2	2007		virus_only	8	0
A/TRIESTE/33/2005		A	H3N2	2005		virus_only	10	0
A/TRIESTE/33C/2007		A	H3N2	2007		virus_only	8	0
A/TRIESTE/35/2005		A	H3N2	2005		virus_only	10	0
A/TRIESTE/35C/2007		A	H3N2	2007		virus_only	8	0
A/TRIESTE/37/2013		A	H3N2	2013		virus_only	9	0
A/TRIESTE/38/2005		A	H3N2	2005		virus_only	10	0
A/TRIESTE/38/2013		A	H3N2	2013		virus_only	9	0
A/TRIESTE/39/2005		A	H3N2	2005		virus_only	10	0
A/TRIESTE/39/2013		A	H3N2	2013		virus_only	9	0
A/TRIESTE/3C/2007		A	H3N2	2007		virus_only	8	0
A/TRIESTE/4/1999		A	H3N2	1999		virus_only	5	0
A/TRIESTE/4/2000		A	H3N2	2000		virus_only	6	0
A/TRIESTE/4/2002		A	H3N2	2002		virus_only	6	0
A/TRIESTE/4/2003		A	H3N2	2003		virus_only	10	0
A/TRIESTE/4/2004		A	H3N2	2004		virus_only	6	0
A/TRIESTE/4/2005		A	H3N2	2005		virus_only	8	0
A/TRIESTE/40/2013		A	H3N2	2013		virus_only	9	0
A/TRIESTE/41/2005		A	H3N2	2005		virus_only	10	0
A/TRIESTE/41/2013		A	H3N2	2013		virus_only	9	0
A/TRIESTE/42/2005		A	H3N2	2005		virus_only	10	0
A/TRIESTE/48/2005		A	H3N2	2005		virus_only	10	0
A/TRIESTE/5/1999		A	H3N2	1999		virus_only	5	0
A/TRIESTE/5/2000		A	H3N2	2000		virus_only	6	0
A/TRIESTE/5/2002		A	H3N2	2002		virus_only	6	0
A/TRIESTE/5/2003		A	H3N2	2003		virus_only	10	0
A/TRIESTE/5/2004		A	H3N2	2004		virus_only	6	0
A/TRIESTE/55/2005		A	H3N2	2005		virus_only	10	0
A/TRIESTE/57/2005		A	H3N2	2005		virus_only	10	0
A/TRIESTE/58/2011		A	H3N2	2011		virus_only	8	0
A/TRIESTE/59/2005		A	H3N2	2005		virus_only	10	0
A/TRIESTE/59/2011		A	H3N2	2011		virus_only	8	0
A/TRIESTE/6/1992		A	H3N2	1992		virus_only	7	0
A/TRIESTE/6/1999		A	H3N2	1999		virus_only	5	0
A/TRIESTE/6/2000		A	H3N2	2000		virus_only	6	0
A/TRIESTE/6/2002		A	H3N2	2002		virus_only	6	0
A/TRIESTE/6/2003		A	H3N2	2003		virus_only	10	0
A/TRIESTE/6/2005		A	H3N2	2005		virus_only	8	0
A/TRIESTE/60/2011		A	H3N2	2011		virus_only	18	0
A/TRIESTE/61/2005		A	H3N2	2005		virus_only	10	0
A/TRIESTE/62/2011		A	H3N2	2011		virus_only	8	0
A/TRIESTE/63/2005		A	H3N2	2005		virus_only	10	0
A/TRIESTE/63/2011		A	H3N2	2011		virus_only	8	0
A/TRIESTE/65/2005		A	H3N2	2005		virus_only	10	0
A/TRIESTE/65/2012		A	H3N2	2012		virus_only	11	0
A/TRIESTE/7/1999		A	H3N2	1999		virus_only	5	0
A/TRIESTE/7/2000		A	H3N2	2000		virus_only	6	0
A/TRIESTE/7/2002		A	H3N2	2002		virus_only	6	0
A/TRIESTE/7/2003		A	H3N2	2003		virus_only	10	0
A/TRIESTE/7/2004		A	H3N2	2004		virus_only	6	0
A/TRIESTE/8/1999		A	H3N2	1999		virus_only	5	0
A/TRIESTE/8/2000		A	H3N2	2000		virus_only	6	0
A/TRIESTE/8/2003		A	H3N2	2003		virus_only	10	0
A/TRIESTE/8/2004		A	H3N2	2004		virus_only	6	0
A/TRIESTE/8/2005		A	H3N2	2005		virus_only	8	0
A/TRIESTE/9/1999		A	H3N2	1999		virus_only	5	0
A/TRIESTE/9/2000		A	H3N2	2000		virus_only	6	0
A/TRIESTE/9/2003		A	H3N2	2003		virus_only	10	0
A/TRIESTE/9/2004		A	H3N2	2004		virus_only	6	0
A/TRIPOLIGR/475/2017		A	H3N2	2017		virus_only	12	0
A/TRNAVA/176/2015		A	H3N2	2015		virus_only	11	0
A/TRNAVA/70/2019		A	H3N2	2019		virus_only	8	0
A/TRNAVA/90/2016		A	H3N2	2016		virus_only	12	0
A/TRNAVA/97/2016		A	H3N2	2016		virus_only	12	0
A/TROLLHATTAN/3/2018		A	H3N2	2018		virus_only	9	0
A/TSIROANOMANDIDY/1384/2015		A	H3N2	2015		virus_only	11	0
A/TSIROANOMANDIDY/278/2015		A	H3N2	2015		virus_only	11	0
A/TSIROANOMANDIDY/3540/2012		A	H3N2	2012		virus_only	11	0
A/TSIROANOMANDIDY/3542/2012		A	H3N2	2012		virus_only	11	0
A/TSIROANOMANDIDY/362/2015		A	H3N2	2015		virus_only	11	0
A/TUBINGEN/1/1990		A	H3N2	1990		virus_only	7	0
A/TUBINGEN/1/1992		A	H3N2	1992		virus_only	8	0
A/TUBINGEN/2/1990		A	H3N2	1990		virus_only	7	0
A/TUBINGEN/3/1990		A	H3N2	1990		virus_only	7	0
A/TUBINGEN/3/1991		A	H3N2	1991		virus_only	7	0
A/TUBINGEN/4/1990		A	H3N2	1990		virus_only	7	0
A/TUCUMAN/92/2014		A	H3N2	2014		virus_only	14	0
A/TULA/1/2003		A	H3N2	2003		virus_only	6	0
A/TULA/11/2007		A	H3N2	2007		virus_only	10	0
A/TULA/16/2003		A	H3N2	2003		virus_only	6	0
A/TUNISIA/15685/2011		A	H3N2	2011		virus_only	9	0
A/TUNISIA/16992/2010		A	H3N2	2010		virus_only	8	0
A/TUNISIA/3085/2020		A	H3N2	2020		virus_only	10	0
A/TUNISIA/3442/2020		A	H3N2	2020		virus_only	10	0
A/TUNISIA/3666/2020		A	H3N2	2020		virus_only	10	0
A/TUNISIA/43/1993		A	H3N2	1993		virus_only	7	0
A/TUNISIA/46/1993		A	H3N2	1993		virus_only	7	0
A/TURKEY/01/2011		A	H3N2	2011		virus_only	9	0
A/TURKEY/04/2011		A	H3N2	2011		virus_only	9	0
A/TURKEY/05/2011		A	H3N2	2011		virus_only	8	0
A/TURKEY/06/2011		A	H3N2	2011		virus_only	9	0
A/TURKEY/07/2011		A	H3N2	2011		virus_only	8	0
A/TURKEY/08/2011		A	H3N2	2011		virus_only	8	0
A/TURKEY/10/2011		A	H3N2	2011		virus_only	9	0
A/TURKEY/12/2011		A	H3N2	2011		virus_only	8	0
A/TURKEY/14/2011		A	H3N2	2011		virus_only	8	0
A/TURKEY/18/2011		A	H3N2	2011		virus_only	9	0
A/TURKEY/19/2011		A	H3N2	2011		virus_only	9	0
A/TURKEY/193/2012		A	H3N2	2012		virus_only	11	0
A/TURKEY/21/2004		A	H3N2	2004		virus_only	9	0
A/TURKEY/21/2011		A	H3N2	2011		virus_only	9	0
A/TURKEY/22/2011		A	H3N2	2011		virus_only	9	0
A/TURKEY/23/2011		A	H3N2	2011		virus_only	9	0
A/TURKEY/24/2011		A	H3N2	2011		virus_only	9	0
A/TURKEY/26/2011		A	H3N2	2011		virus_only	9	0
A/TURKEY/27/2011		A	H3N2	2011		virus_only	9	0
A/TURKEY/28/2011		A	H3N2	2011		virus_only	9	0
A/TURKEY/29/2005		A	H3N2	2005		virus_only	9	0
A/TURKEY/297/2004		A	H3N2	2004		virus_only	6	0
A/TURKEY/30/2005		A	H3N2	2005		virus_only	18	0
A/TURKEY/30/2011		A	H3N2	2011		virus_only	9	0
A/TURKEY/31/2011		A	H3N2	2011		virus_only	9	0
A/TURKEY/32/2011		A	H3N2	2011		virus_only	9	0
A/TURKEY/33/2011		A	H3N2	2011		virus_only	9	0
A/TURKEY/34/2011		A	H3N2	2011		virus_only	9	0
A/TURKEY/35/2011		A	H3N2	2011		virus_only	9	0
A/TURKEY/36/2011		A	H3N2	2011		virus_only	9	0
A/TURKEY/37/2011		A	H3N2	2011		virus_only	9	0
A/TURKEY/38/2011		A	H3N2	2011		virus_only	9	0
A/TURKEY/39/2011		A	H3N2	2011		virus_only	9	0
A/TURKEY/40/2011		A	H3N2	2011		virus_only	9	0
A/TURKEY/405/2004		A	H3N2	2004		virus_only	6	0
A/TURKEY/41/2011		A	H3N2	2011		virus_only	9	0
A/TURKEY/42/2011		A	H3N2	2011		virus_only	9	0
A/TURKEY/426/2012		A	H3N2	2012		virus_only	11	0
A/TURKEY/43/2011		A	H3N2	2011		virus_only	9	0
A/TURKEY/44/2005		A	H3N2	2005		virus_only	18	0
A/TURKEY/44/2011		A	H3N2	2011		virus_only	9	0
A/TURKEY/45/2011		A	H3N2	2011		virus_only	9	0
A/TURKEY/46/2011		A	H3N2	2011		virus_only	9	0
A/TURKEY/48/2011		A	H3N2	2011		virus_only	9	0
A/TURKEY/49/2011		A	H3N2	2011		virus_only	9	0
A/TURKEY/50/2011		A	H3N2	2011		virus_only	9	0
A/TURKEY/51/2011		A	H3N2	2011		virus_only	9	0
A/TURKEY/52/2011		A	H3N2	2011		virus_only	9	0
A/TURKEY/52/2019		A	H3N2	2019		virus_only	9	0
A/TURKEY/53/2011		A	H3N2	2011		virus_only	9	0
A/TURKEY/54/2011		A	H3N2	2011		virus_only	9	0
A/TURKEY/55/2011		A	H3N2	2011		virus_only	9	0
A/TURKEY/56/2011		A	H3N2	2011		virus_only	9	0
A/TURKEY/57/2011		A	H3N2	2011		virus_only	9	0
A/TURKEY/66/2018		A	H3N2	2018		virus_only	9	0
A/TURKEY/70/2018		A	H3N2	2018		virus_only	9	0
A/TURKEY/71/2005		A	H3N2	2005		virus_only	9	0
A/TURKEY/771/2004		A	H3N2	2004		virus_only	15	0
A/TURKEY/775/2004		A	H3N2	2004		virus_only	15	0
A/TURKEY/784/2004		A	H3N2	2004		virus_only	6	0
A/TURKEY/797/2004		A	H3N2	2004		virus_only	18	0
A/TURKEY/798/2004		A	H3N2	2004		virus_only	15	0
A/TURKEY/799/2004		A	H3N2	2004		virus_only	6	0
A/TURKEY/802/2004		A	H3N2	2004		virus_only	6	0
A/TURKEY/808/2004		A	H3N2	2004		virus_only	15	0
A/TURKEY/TR06/2016		A	H3N2	2016		virus_only	13	0
A/TVER/590/2007		A	H3N2	2007		virus_only	8	0
A/TYUMEN/RII01/2018		A	H3N2	2018		virus_only	9	0
A/UKRAINE/1/2012		A	H3N2	2012		virus_only	10	0
A/UKRAINE/100/2009		A	H3N2	2009		virus_only	11	0
A/UKRAINE/105/2014		A	H3N2	2014		virus_only	10	0
A/UKRAINE/106/2007		A	H3N2	2007		virus_only	20	0
A/UKRAINE/107/2009		A	H3N2	2009		virus_only	11	0
A/UKRAINE/114/2012		A	H3N2	2012		virus_only	10	0
A/UKRAINE/116/2012		A	H3N2	2012		virus_only	10	0
A/UKRAINE/125/2014		A	H3N2	2014		virus_only	11	0
A/UKRAINE/131/2012		A	H3N2	2012		virus_only	10	0
A/UKRAINE/134/2012		A	H3N2	2012		virus_only	10	0
A/UKRAINE/14/2009		A	H3N2	2009		virus_only	8	0
A/UKRAINE/143/2007		A	H3N2	2007		virus_only	10	0
A/UKRAINE/154/2012		A	H3N2	2012		virus_only	10	0
A/UKRAINE/155/2012		A	H3N2	2012		virus_only	10	0
A/UKRAINE/165/2015		A	H3N2	2015		virus_only	11	0
A/UKRAINE/175/2011		A	H3N2	2011		virus_only	8	0
A/UKRAINE/175/2012		A	H3N2	2012		virus_only	10	0
A/UKRAINE/181/2013		A	H3N2	2013		virus_only	11	0
A/UKRAINE/184/2012		A	H3N2	2012		virus_only	10	0
A/UKRAINE/189/2012		A	H3N2	2012		virus_only	10	0
A/UKRAINE/202/2012		A	H3N2	2012		virus_only	10	0
A/UKRAINE/211/2013		A	H3N2	2013		virus_only	6	0
A/UKRAINE/218/2014		A	H3N2	2014		virus_only	9	0
A/UKRAINE/22/2009		A	H3N2	2009		virus_only	11	0
A/UKRAINE/223/2011		A	H3N2	2011		virus_only	10	0
A/UKRAINE/225/2012		A	H3N2	2012		virus_only	10	0
A/UKRAINE/228/2012		A	H3N2	2012		virus_only	10	0
A/UKRAINE/236/2012		A	H3N2	2012		virus_only	10	0
A/UKRAINE/239/2012		A	H3N2	2012		virus_only	10	0
A/UKRAINE/24/2009		A	H3N2	2009		virus_only	11	0
A/UKRAINE/246/2012		A	H3N2	2012		virus_only	10	0
A/UKRAINE/250/2012		A	H3N2	2012		virus_only	10	0
A/UKRAINE/259/2012		A	H3N2	2012		virus_only	10	0
A/UKRAINE/261/2012		A	H3N2	2012		virus_only	10	0
A/UKRAINE/263/2013		A	H3N2	2013		virus_only	6	0
A/UKRAINE/269/2012		A	H3N2	2012		virus_only	10	0
A/UKRAINE/275/2013		A	H3N2	2013		virus_only	6	0
A/UKRAINE/279/2012		A	H3N2	2012		virus_only	10	0
A/UKRAINE/280/2012		A	H3N2	2012		virus_only	10	0
A/UKRAINE/288/2013		A	H3N2	2013		virus_only	11	0
A/UKRAINE/315/2013		A	H3N2	2013		virus_only	11	0
A/UKRAINE/316/2013		A	H3N2	2013		virus_only	11	0
A/UKRAINE/38/2012		A	H3N2	2012		virus_only	10	0
A/UKRAINE/466/2013		A	H3N2	2013		virus_only	6	0
A/UKRAINE/48/2009		A	H3N2	2009		virus_only	11	0
A/UKRAINE/5294/2012		A	H3N2	2012		virus_only	10	0
A/UKRAINE/5300/2012		A	H3N2	2012		virus_only	10	0
A/UKRAINE/5301/2012		A	H3N2	2012		virus_only	10	0
A/UKRAINE/5329/2012		A	H3N2	2012		virus_only	10	0
A/UKRAINE/5330/2012		A	H3N2	2012		virus_only	10	0
A/UKRAINE/5331/2012		A	H3N2	2012		virus_only	10	0
A/UKRAINE/5332/2012		A	H3N2	2012		virus_only	10	0
A/UKRAINE/5333/2012		A	H3N2	2012		virus_only	10	0
A/UKRAINE/5334/2012		A	H3N2	2012		virus_only	10	0
A/UKRAINE/5338/2012		A	H3N2	2012		virus_only	10	0
A/UKRAINE/5339/2012		A	H3N2	2012		virus_only	10	0
A/UKRAINE/5340/2012		A	H3N2	2012		virus_only	10	0
A/UKRAINE/5341/2012		A	H3N2	2012		virus_only	10	0
A/UKRAINE/5342/2012		A	H3N2	2012		virus_only	10	0
A/UKRAINE/5355/2012		A	H3N2	2012		virus_only	10	0
A/UKRAINE/5357/2012		A	H3N2	2012		virus_only	10	0
A/UKRAINE/5358/2012		A	H3N2	2012		virus_only	10	0
A/UKRAINE/5359/2012		A	H3N2	2012		virus_only	10	0
A/UKRAINE/5365/2012		A	H3N2	2012		virus_only	10	0
A/UKRAINE/5366/2012		A	H3N2	2012		virus_only	10	0
A/UKRAINE/5375/2012		A	H3N2	2012		virus_only	10	0
A/UKRAINE/5377/2012		A	H3N2	2012		virus_only	10	0
A/UKRAINE/5378/2012		A	H3N2	2012		virus_only	10	0
A/UKRAINE/5379/2012		A	H3N2	2012		virus_only	10	0
A/UKRAINE/5380/2012		A	H3N2	2012		virus_only	10	0
A/UKRAINE/5381/2012		A	H3N2	2012		virus_only	10	0
A/UKRAINE/5382/2012		A	H3N2	2012		virus_only	10	0
A/UKRAINE/5383/2012		A	H3N2	2012		virus_only	10	0
A/UKRAINE/5384/2012		A	H3N2	2012		virus_only	10	0
A/UKRAINE/5385/2012		A	H3N2	2012		virus_only	10	0
A/UKRAINE/5386/2012		A	H3N2	2012		virus_only	10	0
A/UKRAINE/5387/2012		A	H3N2	2012		virus_only	10	0
A/UKRAINE/5388/2012		A	H3N2	2012		virus_only	10	0
A/UKRAINE/5389/2012		A	H3N2	2012		virus_only	10	0
A/UKRAINE/5390/2012		A	H3N2	2012		virus_only	10	0
A/UKRAINE/5391/2012		A	H3N2	2012		virus_only	10	0
A/UKRAINE/5392/2012		A	H3N2	2012		virus_only	10	0
A/UKRAINE/5393/2012		A	H3N2	2012		virus_only	10	0
A/UKRAINE/5394/2012		A	H3N2	2012		virus_only	10	0
A/UKRAINE/5395/2012		A	H3N2	2012		virus_only	10	0
A/UKRAINE/5396/2012		A	H3N2	2012		virus_only	10	0
A/UKRAINE/5397/2012		A	H3N2	2012		virus_only	10	0
A/UKRAINE/5398/2012		A	H3N2	2012		virus_only	10	0
A/UKRAINE/5399/2012		A	H3N2	2012		virus_only	10	0
A/UKRAINE/5400/2012		A	H3N2	2012		virus_only	10	0
A/UKRAINE/5401/2012		A	H3N2	2012		virus_only	10	0
A/UKRAINE/5402/2012		A	H3N2	2012		virus_only	10	0
A/UKRAINE/5403/2012		A	H3N2	2012		virus_only	10	0
A/UKRAINE/5404/2012		A	H3N2	2012		virus_only	10	0
A/UKRAINE/5405/2012		A	H3N2	2012		virus_only	10	0
A/UKRAINE/5406/2012		A	H3N2	2012		virus_only	10	0
A/UKRAINE/5408/2012		A	H3N2	2012		virus_only	10	0
A/UKRAINE/5409/2012		A	H3N2	2012		virus_only	10	0
A/UKRAINE/5410/2012		A	H3N2	2012		virus_only	10	0
A/UKRAINE/5411/2012		A	H3N2	2012		virus_only	10	0
A/UKRAINE/5417/2012		A	H3N2	2012		virus_only	9	0
A/UKRAINE/5418/2012		A	H3N2	2012		virus_only	10	0
A/UKRAINE/5419/2012		A	H3N2	2012		virus_only	10	0
A/UKRAINE/5420/2012		A	H3N2	2012		virus_only	10	0
A/UKRAINE/5421/2012		A	H3N2	2012		virus_only	10	0
A/UKRAINE/5422/2012		A	H3N2	2012		virus_only	10	0
A/UKRAINE/5425/2012		A	H3N2	2012		virus_only	10	0
A/UKRAINE/5426/2012		A	H3N2	2012		virus_only	10	0
A/UKRAINE/5427/2012		A	H3N2	2012		virus_only	10	0
A/UKRAINE/5428/2012		A	H3N2	2012		virus_only	9	0
A/UKRAINE/5429/2012		A	H3N2	2012		virus_only	10	0
A/UKRAINE/5462/2012		A	H3N2	2012		virus_only	55	0
A/UKRAINE/5491/2012		A	H3N2	2012		virus_only	55	0
A/UKRAINE/5496/2012		A	H3N2	2012		virus_only	11	0
A/UKRAINE/5498/2012		A	H3N2	2012		virus_only	11	0
A/UKRAINE/55/2009		A	H3N2	2009		virus_only	11	0
A/UKRAINE/5500/2012		A	H3N2	2012		virus_only	11	0
A/UKRAINE/5501/2012		A	H3N2	2012		virus_only	11	0
A/UKRAINE/5502/2012		A	H3N2	2012		virus_only	11	0
A/UKRAINE/5503/2012		A	H3N2	2012		virus_only	11	0
A/UKRAINE/5504/2012		A	H3N2	2012		virus_only	11	0
A/UKRAINE/5506/2012		A	H3N2	2012		virus_only	11	0
A/UKRAINE/5507/2012		A	H3N2	2012		virus_only	11	0
A/UKRAINE/5508/2012		A	H3N2	2012		virus_only	11	0
A/UKRAINE/5509/2012		A	H3N2	2012		virus_only	11	0
A/UKRAINE/551/2012		A	H3N2	2012		virus_only	55	0
A/UKRAINE/5510/2012		A	H3N2	2012		virus_only	11	0
A/UKRAINE/5511/2012		A	H3N2	2012		virus_only	11	0
A/UKRAINE/5512/2012		A	H3N2	2012		virus_only	11	0
A/UKRAINE/5513/2012		A	H3N2	2012		virus_only	11	0
A/UKRAINE/5515/2012		A	H3N2	2012		virus_only	11	0
A/UKRAINE/57/2009		A	H3N2	2009		virus_only	11	0
A/UKRAINE/5725/2013		A	H3N2	2013		virus_only	6	0
A/UKRAINE/5809/2013		A	H3N2	2013		virus_only	11	0
A/UKRAINE/5810/2013		A	H3N2	2013		virus_only	11	0
A/UKRAINE/5811/2013		A	H3N2	2013		virus_only	11	0
A/UKRAINE/5812/2013		A	H3N2	2013		virus_only	6	0
A/UKRAINE/5818/2013		A	H3N2	2013		virus_only	11	0
A/UKRAINE/5820/2013		A	H3N2	2013		virus_only	11	0
A/UKRAINE/5837/2013		A	H3N2	2013		virus_only	11	0
A/UKRAINE/5840/2013		A	H3N2	2013		virus_only	11	0
A/UKRAINE/5884/2013		A	H3N2	2013		virus_only	11	0
A/UKRAINE/5887/2013		A	H3N2	2013		virus_only	11	0
A/UKRAINE/5890/2013		A	H3N2	2013		virus_only	11	0
A/UKRAINE/5892/2013		A	H3N2	2013		virus_only	11	0
A/UKRAINE/5893/2013		A	H3N2	2013		virus_only	11	0
A/UKRAINE/5896/2013		A	H3N2	2013		virus_only	11	0
A/UKRAINE/59/2009		A	H3N2	2009		virus_only	11	0
A/UKRAINE/5906/2013		A	H3N2	2013		virus_only	11	0
A/UKRAINE/5909/2013		A	H3N2	2013		virus_only	11	0
A/UKRAINE/6002/2013		A	H3N2	2013		virus_only	9	0
A/UKRAINE/6004/2013		A	H3N2	2013		virus_only	9	0
A/UKRAINE/6031/2014		A	H3N2	2014		virus_only	10	0
A/UKRAINE/6052/2014		A	H3N2	2014		virus_only	24	0
A/UKRAINE/6053/2014		A	H3N2	2014		virus_only	11	0
A/UKRAINE/6054/2014		A	H3N2	2014		virus_only	24	0
A/UKRAINE/6067/2014		A	H3N2	2014		virus_only	11	0
A/UKRAINE/6069/2014		A	H3N2	2014		virus_only	10	0
A/UKRAINE/6070/2014		A	H3N2	2014		virus_only	10	0
A/UKRAINE/6079/2014		A	H3N2	2014		virus_only	10	0
A/UKRAINE/6080/2014		A	H3N2	2014		virus_only	10	0
A/UKRAINE/6093/2014		A	H3N2	2014		virus_only	10	0
A/UKRAINE/6095/2014		A	H3N2	2014		virus_only	10	0
A/UKRAINE/6096/2014		A	H3N2	2014		virus_only	10	0
A/UKRAINE/6097/2014		A	H3N2	2014		virus_only	10	0
A/UKRAINE/6098/2014		A	H3N2	2014		virus_only	10	0
A/UKRAINE/6101/2014		A	H3N2	2014		virus_only	24	0
A/UKRAINE/6102/2014		A	H3N2	2014		virus_only	24	0
A/UKRAINE/6103/2014		A	H3N2	2014		virus_only	24	0
A/UKRAINE/6138/2014		A	H3N2	2014		virus_only	20	0
A/UKRAINE/6141/2014		A	H3N2	2014		virus_only	10	0
A/UKRAINE/6156/2014		A	H3N2	2014		virus_only	10	0
A/UKRAINE/6158/2014		A	H3N2	2014		virus_only	10	0
A/UKRAINE/6159/2014		A	H3N2	2014		virus_only	10	0
A/UKRAINE/6161/2014		A	H3N2	2014		virus_only	10	0
A/UKRAINE/6172/2014		A	H3N2	2014		virus_only	11	0
A/UKRAINE/6174/2014		A	H3N2	2014		virus_only	10	0
A/UKRAINE/62/2009		A	H3N2	2009		virus_only	8	0
A/UKRAINE/64/2009		A	H3N2	2009		virus_only	11	0
A/UKRAINE/6456/2015		A	H3N2	2015		virus_only	11	0
A/UKRAINE/65/2007		A	H3N2	2007		virus_only	20	0
A/UKRAINE/65/2012		A	H3N2	2012		virus_only	10	0
A/UKRAINE/66/2009		A	H3N2	2009		virus_only	11	0
A/UKRAINE/67/2007		A	H3N2	2007		virus_only	20	0
A/UKRAINE/67/2014		A	H3N2	2014		virus_only	10	0
A/UKRAINE/6784/2015		A	H3N2	2015		virus_only	11	0
A/UKRAINE/6808/2015		A	H3N2	2015		virus_only	10	0
A/UKRAINE/6809/2015		A	H3N2	2015		virus_only	11	0
A/UKRAINE/7030/2016		A	H3N2	2016		virus_only	12	0
A/UKRAINE/710/2013		A	H3N2	2013		virus_only	9	0
A/UKRAINE/728/2013		A	H3N2	2013		virus_only	9	0
A/UKRAINE/74/2012		A	H3N2	2012		virus_only	10	0
A/UKRAINE/7462/2016		A	H3N2	2016		virus_only	12	0
A/UKRAINE/7463/2016		A	H3N2	2016		virus_only	12	0
A/UKRAINE/7552/2017		A	H3N2	2017		virus_only	9	0
A/UKRAINE/7610/2017		A	H3N2	2017		virus_only	10	0
A/UKRAINE/7611/2017		A	H3N2	2017		virus_only	7	0
A/UKRAINE/7646/2017		A	H3N2	2017		virus_only	24	0
A/UKRAINE/7647/2017		A	H3N2	2017		virus_only	15	0
A/UKRAINE/7650/2017		A	H3N2	2017		virus_only	24	0
A/UKRAINE/7651/2017		A	H3N2	2017		virus_only	24	0
A/UKRAINE/77/2014		A	H3N2	2014		virus_only	10	0
A/UKRAINE/7730/2017		A	H3N2	2017		virus_only	9	0
A/UKRAINE/7767/2017		A	H3N2	2017		virus_only	12	0
A/UKRAINE/7768/2016		A	H3N2	2016		virus_only	24	0
A/UKRAINE/78/2009		A	H3N2	2009		virus_only	11	0
A/UKRAINE/78/2012		A	H3N2	2012		virus_only	10	0
A/UKRAINE/8103/2019		A	H3N2	2019		virus_only	7	0
A/UKRAINE/8106/2018		A	H3N2	2018		virus_only	7	0
A/UKRAINE/8122/2018		A	H3N2	2018		virus_only	8	0
A/UKRAINE/82/2007		A	H3N2	2007		virus_only	9	0
A/UKRAINE/82/2012		A	H3N2	2012		virus_only	10	0
A/UKRAINE/8210/2019		A	H3N2	2019		virus_only	8	0
A/UKRAINE/8211/2019		A	H3N2	2019		virus_only	8	0
A/UKRAINE/8230/2019		A	H3N2	2019		virus_only	8	0
A/UKRAINE/8233/2019		A	H3N2	2019		virus_only	8	0
A/UKRAINE/84/2009		A	H3N2	2009		virus_only	11	0
A/UKRAINE/86/2009		A	H3N2	2009		virus_only	11	0
A/UKRAINE/86/2014		A	H3N2	2014		virus_only	10	0
A/UKRAINE/87/2007		A	H3N2	2007		virus_only	20	0
A/UKRAINE/87/2012		A	H3N2	2012		virus_only	10	0
A/UKRAINE/89/2009		A	H3N2	2009		virus_only	11	0
A/UKRAINE/92/2012		A	H3N2	2012		virus_only	10	0
A/UKRAINE/93/2009		A	H3N2	2009		virus_only	11	0
A/UKRAINE/95/2009		A	H3N2	2009		virus_only	11	0
A/UKRAINE/96/2012		A	H3N2	2012		virus_only	10	0
A/UKRAINE/98/2007		A	H3N2	2007		virus_only	10	0
A/UKRAINE/98/2009		A	H3N2	2009		virus_only	11	0
A/ULAANBAATAR/1106/2007		A	H3N2	2007		virus_only	10	0
A/ULANUDE/1/2000@IVR126		A	H3N2			virus_only	10	0
A/ULANUDE/1/2007		A	H3N2	2007		virus_only	30	0
A/ULANUDE/2/1999		A	H3N2	1999		virus_only	5	0
A/ULANUDE/2/2008		A	H3N2	2008		virus_only	10	0
A/ULANUDE/300/1998		A	H3N2	1998		virus_only	5	0
A/ULANUDE/44/1994		A	H3N2	1994		virus_only	6	0
A/ULSAN/1111/2007		A	H3N2	2007		virus_only	30	0
A/UME/1/2006		A	H3N2	2006		virus_only	7	0
A/UME/1/2009		A	H3N2	2009		virus_only	7	0
A/UME/2/2006		A	H3N2	2006		virus_only	7	0
A/UME/2/2009		A	H3N2	2009		virus_only	7	0
A/UME/3/2006		A	H3N2	2006		virus_only	7	0
A/UME/3/2009		A	H3N2	2009		virus_only	7	0
A/UME/4/2006		A	H3N2	2006		virus_only	7	0
A/UME/4/2009		A	H3N2	2009		virus_only	11	0
A/UME/5/2005		A	H3N2	2005		virus_only	8	0
A/UME/5/2009		A	H3N2	2009		virus_only	11	0
A/UME/7/2005		A	H3N2	2005		virus_only	8	0
A/UME/8/2008		A	H3N2	2008		virus_only	20	0
A/UMEA/1/1992		A	H3N2	1992		virus_only	16	0
A/UMEA/1/1995#CLONE2		A	H3N2			virus_only	6	0
A/UMEA/1/1998		A	H3N2	1998		virus_only	7	0
A/UMEA/1/1999		A	H3N2	1999		virus_only	5	0
A/UMEA/1/2001		A	H3N2	2001		virus_only	6	0
A/UMEA/1/2002		A	H3N2	2002		virus_only	6	0
A/UMEA/1/2003		A	H3N2	2003		virus_only	14	0
A/UMEA/1/2005		A	H3N2	2005		virus_only	10	0
A/UMEA/1/2007		A	H3N2	2007		virus_only	10	0
A/UMEA/12/1998		A	H3N2	1998		virus_only	5	0
A/UMEA/16/1998		A	H3N2	1998		virus_only	5	0
A/UMEA/2/1992		A	H3N2	1992		virus_only	16	0
A/UMEA/2/1995		A	H3N2	1995		virus_only	6	0
A/UMEA/2/1996		A	H3N2	1996		virus_only	5	0
A/UMEA/2/1998		A	H3N2	1998		virus_only	7	0
A/UMEA/2/1999		A	H3N2	1999		virus_only	6	0
A/UMEA/2/2000		A	H3N2	2000		virus_only	7	0
A/UMEA/2/2002		A	H3N2	2002		virus_only	6	0
A/UMEA/2/2003		A	H3N2	2003		virus_only	8	0
A/UMEA/2/2004		A	H3N2	2004		virus_only	6	0
A/UMEA/2/2005		A	H3N2	2005		virus_only	10	0
A/UMEA/2/2010		A	H3N2	2010		virus_only	11	0
A/UMEA/2/2011		A	H3N2	2011		virus_only	16	0
A/UMEA/3/1991		A	H3N2	1991		virus_only	7	0
A/UMEA/3/1998		A	H3N2	1998		virus_only	7	0
A/UMEA/3/1999		A	H3N2	1999		virus_only	6	0
A/UMEA/3/2000		A	H3N2	2000		virus_only	7	0
A/UMEA/3/2001		A	H3N2	2001		virus_only	6	0
A/UMEA/3/2002		A	H3N2	2002		virus_only	6	0
A/UMEA/3/2004		A	H3N2	2004		virus_only	6	0
A/UMEA/3/2005		A	H3N2	2005		virus_only	15	0
A/UMEA/3/2011		A	H3N2	2011		virus_only	16	0
A/UMEA/4/1999		A	H3N2	1999		virus_only	6	0
A/UMEA/4/2000		A	H3N2	2000		virus_only	6	0
A/UMEA/4/2002		A	H3N2	2002		virus_only	6	0
A/UMEA/4/2003		A	H3N2	2003		virus_only	6	0
A/UMEA/5/1993		A	H3N2	1993		virus_only	6	0
A/UMEA/5/1999		A	H3N2	1999		virus_only	6	0
A/UMEA/5/2002		A	H3N2	2002		virus_only	6	0
A/UMEA/5/2003		A	H3N2	2003		virus_only	6	0
A/UMEA/5/2006		A	H3N2	2006		virus_only	10	0
A/UMEA/6/1993		A	H3N2	1993		virus_only	5	0
A/UMEA/6/2002		A	H3N2	2002		virus_only	6	0
A/UMEA/6/2006		A	H3N2	2006		virus_only	10	0
A/UMEA/7/2006		A	H3N2	2006		virus_only	10	0
A/UMEA/9/2005		A	H3N2	2005		virus_only	7	0
A/UPPSALA/1/1995		A	H3N2	1995		virus_only	6	0
A/UPPSALA/2/1995		A	H3N2	1995		virus_only	6	0
A/UPPSALA/2/2017		A	H3N2	2017		virus_only	10	0
A/UPPSALA/3/1995		A	H3N2	1995		virus_only	6	0
A/UPPSALA/3/2011		A	H3N2	2011		virus_only	11	0
A/UPPSALA/4/1995		A	H3N2	1995		virus_only	6	0
A/UPPSALA/5/1995		A	H3N2	1995		virus_only	6	0
A/UPPSALA/6/1995#CLONE2		A	H3N2			virus_only	6	0
A/URALSK/496/2017		A	H3N2	2017		virus_only	8	0
A/URUGUAY/271/1996		A	H3N2	1996		virus_only	6	0
A/URUGUAY/274/1996		A	H3N2	1996		virus_only	6	0
A/URUGUAY/279/1996		A	H3N2	1996		virus_only	6	0
A/USSR/13/1990		A	H3N2	1990		virus_only	8	0
A/USSR/76/1990		A	H3N2	1990		virus_only	8	0
A/USTINADLABEM/29/2009		A	H3N2	2009		virus_only	8	0
A/USTINADLABEM/47/2007		A	H3N2	2007		virus_only	20	0
A/USTINADLABEM/96/2007		A	H3N2	2007		virus_only	20	0
A/UTAH/07/2013		A	H3N2	2013		virus_only	18	0
A/UTAH/12/2011		A	H3N2	2011		virus_only	9	0
A/VALENCIA/1S/2013		A	H3N2	2013		virus_only	11	0
A/VALENCIA/624026S/2014		A	H3N2	2014		virus_only	18	0
A/VALENCIA/RR1482/2003		A	H3N2	2003		virus_only	6	0
A/VALENCIA/RR1483/2003		A	H3N2	2003		virus_only	6	0
A/VALENCIA/RR1484/2003		A	H3N2	2003		virus_only	6	0
A/VALENCIA/RR1485/2003		A	H3N2	2003		virus_only	6	0
A/VALENCIA/RR1486/2003		A	H3N2	2003		virus_only	6	0
A/VALENCIA/RR1492/2003		A	H3N2	2003		virus_only	6	0
A/VALJEVO/2029/2014		A	H3N2	2014		virus_only	10	0
A/VALLADOLID/1/1995		A	H3N2	1995		virus_only	6	0
A/VALLADOLID/1/2004		A	H3N2	2004		virus_only	17	0
A/VALLADOLID/1/2012		A	H3N2	2012		virus_only	8	0
A/VALLADOLID/10/1994		A	H3N2	1994		virus_only	7	0
A/VALLADOLID/11/1993		A	H3N2	1993		virus_only	5	0
A/VALLADOLID/11/1994		A	H3N2	1994		virus_only	7	0
A/VALLADOLID/118/2013		A	H3N2	2013		virus_only	11	0
A/VALLADOLID/12/1994		A	H3N2	1994		virus_only	7	0
A/VALLADOLID/12/1998		A	H3N2	1998		virus_only	5	0
A/VALLADOLID/12/2007		A	H3N2	2007		virus_only	8	0
A/VALLADOLID/12/2009		A	H3N2	2009		virus_only	8	0
A/VALLADOLID/13/1994		A	H3N2	1994		virus_only	7	0
A/VALLADOLID/13/2019		A	H3N2	2019		virus_only	8	0
A/VALLADOLID/14/1994		A	H3N2	1994		virus_only	7	0
A/VALLADOLID/14/2009		A	H3N2	2009		virus_only	8	0
A/VALLADOLID/17/1993		A	H3N2	1993		virus_only	6	0
A/VALLADOLID/17/2019		A	H3N2	2019		virus_only	8	0
A/VALLADOLID/18/1994		A	H3N2	1994		virus_only	6	0
A/VALLADOLID/18/2019		A	H3N2	2019		virus_only	8	0
A/VALLADOLID/2/1995		A	H3N2	1995		virus_only	6	0
A/VALLADOLID/2/2001		A	H3N2	2001		virus_only	8	0
A/VALLADOLID/2/2019		A	H3N2	2019		virus_only	8	0
A/VALLADOLID/20/1991		A	H3N2	1991		virus_only	7	0
A/VALLADOLID/205/2015		A	H3N2	2015		virus_only	11	0
A/VALLADOLID/22/1994		A	H3N2	1994		virus_only	4	0
A/VALLADOLID/23/1998		A	H3N2	1998		virus_only	5	0
A/VALLADOLID/24/1995		A	H3N2	1995		virus_only	5	0
A/VALLADOLID/24/2019		A	H3N2	2019		virus_only	8	0
A/VALLADOLID/25/2019		A	H3N2	2019		virus_only	8	0
A/VALLADOLID/26/1994		A	H3N2	1994		virus_only	6	0
A/VALLADOLID/26/2019		A	H3N2	2019		virus_only	8	0
A/VALLADOLID/27/1994		A	H3N2	1994		virus_only	5	0
A/VALLADOLID/27/2019		A	H3N2	2019		virus_only	8	0
A/VALLADOLID/28/1994		A	H3N2	1994		virus_only	4	0
A/VALLADOLID/290/2016		A	H3N2	2016		virus_only	12	0
A/VALLADOLID/3/1998		A	H3N2	1998		virus_only	5	0
A/VALLADOLID/3/2001		A	H3N2	2001		virus_only	8	0
A/VALLADOLID/35/1991		A	H3N2	1991		virus_only	7	0
A/VALLADOLID/36/1995		A	H3N2	1995		virus_only	6	0
A/VALLADOLID/39/1999		A	H3N2	1999		virus_only	5	0
A/VALLADOLID/39/2013		A	H3N2	2013		virus_only	11	0
A/VALLADOLID/4/1993		A	H3N2	1993		virus_only	7	0
A/VALLADOLID/4/2001		A	H3N2	2001		virus_only	8	0
A/VALLADOLID/40/1994		A	H3N2	1994		virus_only	6	0
A/VALLADOLID/40/2011		A	H3N2	2011		virus_only	8	0
A/VALLADOLID/43/1994		A	H3N2	1994		virus_only	6	0
A/VALLADOLID/44/2003		A	H3N2	2003		virus_only	7	0
A/VALLADOLID/45/1995		A	H3N2	1995		virus_only	6	0
A/VALLADOLID/46/1995		A	H3N2	1995		virus_only	6	0
A/VALLADOLID/46/2007		A	H3N2	2007		virus_only	10	0
A/VALLADOLID/47/2011		A	H3N2	2011		virus_only	9	0
A/VALLADOLID/48/2011		A	H3N2	2011		virus_only	8	0
A/VALLADOLID/49/2003		A	H3N2	2003		virus_only	7	0
A/VALLADOLID/49/2007		A	H3N2	2007		virus_only	20	0
A/VALLADOLID/49/2011		A	H3N2	2011		virus_only	8	0
A/VALLADOLID/5/2007		A	H3N2	2007		virus_only	8	0
A/VALLADOLID/5/2019		A	H3N2	2019		virus_only	8	0
A/VALLADOLID/50/1994		A	H3N2	1994		virus_only	6	0
A/VALLADOLID/51/1995		A	H3N2	1995		virus_only	6	0
A/VALLADOLID/51/2003		A	H3N2	2003		virus_only	7	0
A/VALLADOLID/52/1995		A	H3N2	1995		virus_only	6	0
A/VALLADOLID/52/2003		A	H3N2	2003		virus_only	7	0
A/VALLADOLID/53/1994		A	H3N2	1994		virus_only	4	0
A/VALLADOLID/54/2003		A	H3N2	2003		virus_only	7	0
A/VALLADOLID/55/2003		A	H3N2	2003		virus_only	7	0
A/VALLADOLID/56/2003		A	H3N2	2003		virus_only	7	0
A/VALLADOLID/560/2018		A	H3N2	2018		virus_only	8	0
A/VALLADOLID/57/2003		A	H3N2	2003		virus_only	7	0
A/VALLADOLID/6/1998		A	H3N2	1998		virus_only	5	0
A/VALLADOLID/6/2005		A	H3N2	2005		virus_only	6	0
A/VALLADOLID/63/2003		A	H3N2	2003		virus_only	7	0
A/VALLADOLID/66/2003		A	H3N2	2003		virus_only	7	0
A/VALLADOLID/68/2003		A	H3N2	2003		virus_only	7	0
A/VALLADOLID/7/1995		A	H3N2	1995		virus_only	5	0
A/VALLADOLID/7/2007		A	H3N2	2007		virus_only	8	0
A/VALLADOLID/70/2003		A	H3N2	2003		virus_only	7	0
A/VALLADOLID/71/2003		A	H3N2	2003		virus_only	7	0
A/VALLADOLID/74/2003		A	H3N2	2003		virus_only	7	0
A/VALLADOLID/75/2003		A	H3N2	2003		virus_only	7	0
A/VALLADOLID/8/2007		A	H3N2	2007		virus_only	8	0
A/VALLADOLID/9/2019		A	H3N2	2019		virus_only	8	0
A/VALLADOLID/95/2013		A	H3N2	2013		virus_only	11	0
A/VALLADOLID/98/2013		A	H3N2	2013		virus_only	11	0
A/VAN/251/2014		A	H3N2	2014		virus_only	18	0
A/VAN/354/2014		A	H3N2	2014		virus_only	19	0
A/VERONA/1/1991		A	H3N2	1991		virus_only	6	0
A/VERONA/1/1993		A	H3N2	1993		virus_only	16	0
A/VERONA/10/1993		A	H3N2	1993		virus_only	10	0
A/VERONA/2/1991		A	H3N2	1991		virus_only	6	0
A/VERONA/2/1993		A	H3N2	1993		virus_only	16	0
A/VERONA/3/1991		A	H3N2	1991		virus_only	6	0
A/VERONA/3/1993		A	H3N2	1993		virus_only	16	0
A/VERONA/4/1991		A	H3N2	1991		virus_only	6	0
A/VERONA/4/1993		A	H3N2	1993		virus_only	10	0
A/VERONA/5/1991		A	H3N2	1991		virus_only	6	0
A/VERONA/5/1993		A	H3N2	1993		virus_only	16	0
A/VERONA/7/1993		A	H3N2	1993		virus_only	10	0
A/VERONA/9/1993		A	H3N2	1993		virus_only	10	0
A/VIAREAL/SU5/2012		A	H3N2	2012		virus_only	9	0
A/VIAREAL/SU6/2012		A	H3N2	2012		virus_only	9	0
A/VICTORIA/1/1999		A	H3N2	1999		virus_only	5	0
A/VICTORIA/10/1994		A	H3N2	1994		virus_only	9	0
A/VICTORIA/10/1997		A	H3N2	1997		virus_only	13	0
A/VICTORIA/101/1993		A	H3N2	1993		virus_only	10	0
A/VICTORIA/102/1994		A	H3N2	1994		virus_only	6	0
A/VICTORIA/102/1995		A	H3N2	1995		virus_only	6	0
A/VICTORIA/104/1993		A	H3N2	1993		virus_only	6	0
A/VICTORIA/105/1990		A	H3N2	1990		virus_only	13	0
A/VICTORIA/106/1997		A	H3N2	1997		virus_only	18	0
A/VICTORIA/11/1997		A	H3N2	1997		virus_only	7	0
A/VICTORIA/111/1997		A	H3N2	1997		virus_only	18	0
A/VICTORIA/113/1997		A	H3N2	1997		virus_only	6	0
A/VICTORIA/116/2002		A	H3N2	2002		virus_only	5	0
A/VICTORIA/12/1997		A	H3N2	1997		virus_only	7	0
A/VICTORIA/13/1997		A	H3N2	1997		virus_only	7	0
A/VICTORIA/135/2003		A	H3N2	2003		virus_only	8	0
A/VICTORIA/14/1997		A	H3N2	1997		virus_only	7	0
A/VICTORIA/15/1997		A	H3N2	1997		virus_only	7	0
A/VICTORIA/16/1997		A	H3N2	1997		virus_only	7	0
A/VICTORIA/169/2002		A	H3N2	2002		virus_only	5	0
A/VICTORIA/17/1990		A	H3N2	1990		virus_only	13	0
A/VICTORIA/17/1997		A	H3N2	1997		virus_only	13	0
A/VICTORIA/18/1997		A	H3N2	1997		virus_only	7	0
A/VICTORIA/195/2002		A	H3N2	2002		virus_only	5	0
A/VICTORIA/2/1999		A	H3N2	1999		virus_only	5	0
A/VICTORIA/209/2009		A	H3N2	2009		virus_only	7	0
A/VICTORIA/210/2009@IVR155		A	H3N2			virus_only	4	0
A/VICTORIA/23/1997		A	H3N2	1997		virus_only	7	0
A/VICTORIA/24/1997		A	H3N2	1997		virus_only	13	0
A/VICTORIA/265/2014		A	H3N2	2014		virus_only	11	0
A/VICTORIA/27/1994		A	H3N2	1994		virus_only	9	0
A/VICTORIA/28/1997		A	H3N2	1997		virus_only	13	0
A/VICTORIA/29/1997		A	H3N2	1997		virus_only	13	0
A/VICTORIA/3/1999		A	H3N2	1999		virus_only	5	0
A/VICTORIA/30/1997		A	H3N2	1997		virus_only	13	0
A/VICTORIA/302/1998		A	H3N2	1998		virus_only	12	0
A/VICTORIA/302/2001		A	H3N2	2001		virus_only	6	0
A/VICTORIA/304/1998		A	H3N2	1998		virus_only	18	0
A/VICTORIA/307/1998		A	H3N2	1998		virus_only	6	0
A/VICTORIA/309/1998		A	H3N2	1998		virus_only	24	0
A/VICTORIA/312/1998		A	H3N2	1998		virus_only	24	0
A/VICTORIA/314/1998		A	H3N2	1998		virus_only	18	0
A/VICTORIA/315/1998		A	H3N2	1998		virus_only	6	0
A/VICTORIA/316/1998		A	H3N2	1998		virus_only	6	0
A/VICTORIA/323/1998		A	H3N2	1998		virus_only	6	0
A/VICTORIA/342/2012		A	H3N2	2012		virus_only	10	0
A/VICTORIA/358/1999		A	H3N2	1999		virus_only	55	0
A/VICTORIA/361/2009		A	H3N2	2009		virus_only	9	0
A/VICTORIA/398/1999		A	H3N2	1999		virus_only	6	0
A/VICTORIA/399/1999		A	H3N2	1999		virus_only	6	0
A/VICTORIA/4/1999		A	H3N2	1999		virus_only	5	0
A/VICTORIA/4/941709TC		A	H3N2			virus_only	8	0
A/VICTORIA/4/941808E		A	H3N2			virus_only	8	0
A/VICTORIA/40/1996		A	H3N2	1996		virus_only	8	0
A/VICTORIA/406/1999		A	H3N2	1999		virus_only	6	0
A/VICTORIA/46/1992		A	H3N2	1992		virus_only	11	0
A/VICTORIA/47/1997		A	H3N2	1997		virus_only	13	0
A/VICTORIA/500/2001		A	H3N2	2001		virus_only	6	0
A/VICTORIA/5006/2014		A	H3N2	2014		virus_only	11	0
A/VICTORIA/503/2005		A	H3N2	2005		virus_only	11	0
A/VICTORIA/503/2015		A	H3N2	2015		virus_only	21	0
A/VICTORIA/504/2013		A	H3N2	2013		virus_only	9	0
A/VICTORIA/505/2004		A	H3N2	2004		virus_only	7	0
A/VICTORIA/505/2013		A	H3N2	2013		virus_only	9	0
A/VICTORIA/5060/2014		A	H3N2	2014		virus_only	10	0
A/VICTORIA/507/2004		A	H3N2	2004		virus_only	7	0
A/VICTORIA/508/2001		A	H3N2	2001		virus_only	6	0
A/VICTORIA/509/1998		A	H3N2	1998		virus_only	6	0
A/VICTORIA/509/2000		A	H3N2	2000		virus_only	15	0
A/VICTORIA/51/1996		A	H3N2	1996		virus_only	8	0
A/VICTORIA/511/2004		A	H3N2	2004		virus_only	7	0
A/VICTORIA/511/2015		A	H3N2	2015		virus_only	25	0
A/VICTORIA/512/2000		A	H3N2	2000		virus_only	8	0
A/VICTORIA/512/2002		A	H3N2	2002		virus_only	5	0
A/VICTORIA/513/1999		A	H3N2	1999		virus_only	5	0
A/VICTORIA/514/1999		A	H3N2	1999		virus_only	5	0
A/VICTORIA/52/1997		A	H3N2	1997		virus_only	6	0
A/VICTORIA/523/2004		A	H3N2	2004		virus_only	7	0
A/VICTORIA/525/1998		A	H3N2	1998		virus_only	6	0
A/VICTORIA/527/2012		A	H3N2	2012		virus_only	10	0
A/VICTORIA/528/2014		A	H3N2	2014		virus_only	5	0
A/VICTORIA/53/1997		A	H3N2	1997		virus_only	6	0
A/VICTORIA/54/1992		A	H3N2	1992		virus_only	11	0
A/VICTORIA/54/1996		A	H3N2	1996		virus_only	6	0
A/VICTORIA/540/1998		A	H3N2	1998		virus_only	6	0
A/VICTORIA/541/1998		A	H3N2	1998		virus_only	6	0
A/VICTORIA/548/1999		A	H3N2	1999		virus_only	7	0
A/VICTORIA/552/1999		A	H3N2	1999		virus_only	36	0
A/VICTORIA/554/1998		A	H3N2	1998		virus_only	6	0
A/VICTORIA/555/1998		A	H3N2	1998		virus_only	6	0
A/VICTORIA/563/2010@IVR160		A	H3N2			virus_only	12	0
A/VICTORIA/585/1998		A	H3N2	1998		virus_only	6	0
A/VICTORIA/586/1999		A	H3N2	1999		virus_only	7	0
A/VICTORIA/588/1999		A	H3N2	1999		virus_only	7	0
A/VICTORIA/593/1999		A	H3N2	1999		virus_only	6	0
A/VICTORIA/601/1999		A	H3N2	1999		virus_only	6	0
A/VICTORIA/605/1998		A	H3N2	1998		virus_only	18	0
A/VICTORIA/61/1992		A	H3N2	1992		virus_only	11	0
A/VICTORIA/62/1992		A	H3N2	1992		virus_only	11	0
A/VICTORIA/673/2014@NIB92		A	H3N2			virus_only	33	0
A/VICTORIA/68/1992		A	H3N2	1992		virus_only	11	0
A/VICTORIA/8/1993		A	H3N2	1993		virus_only	5	0
A/VICTORIA/8/1997		A	H3N2	1997		virus_only	7	0
A/VICTORIA/84/2012		A	H3N2	2012		virus_only	10	0
A/VICTORIA/9/1997		A	H3N2	1997		virus_only	13	0
A/VICTORIA/R415/1998		A	H3N2	1998		virus_only	5	0
A/VIENNA/335782/2007		A	H3N2	2007		virus_only	10	0
A/VIENNA/336874/2007		A	H3N2	2007		virus_only	20	0
A/VIENNA/337204/2007		A	H3N2	2007		virus_only	10	0
A/VIENNA/337792/2007		A	H3N2	2007		virus_only	10	0
A/VIENNA/337801/2007		A	H3N2	2007		virus_only	10	0
A/VIENNA/337802/2007		A	H3N2	2007		virus_only	10	0
A/VIENNA/338363/2007		A	H3N2	2007		virus_only	9	0
A/VIENNA/338428/2007		A	H3N2	2007		virus_only	20	0
A/VIENNA/339314/2007		A	H3N2	2007		virus_only	9	0
A/VILLEJUIF/102/2000		A	H3N2	2000		virus_only	6	0
A/VIOTIA/77/2009		A	H3N2	2009		virus_only	8	0
A/VITEBSK/927/2019		A	H3N2	2019		virus_only	8	0
A/VLADIMIR/135/2015		A	H3N2	2015		virus_only	11	0
A/VLADIMIR/220/2014		A	H3N2	2014		virus_only	11	0
A/VLADIMIR/34/2005		A	H3N2	2005		virus_only	9	0
A/VLADIMIR/36/2005		A	H3N2	2005		virus_only	9	0
A/VLADIMIR/37/2005		A	H3N2	2005		virus_only	9	0
A/VLADIMIR/5/1993		A	H3N2	1993		virus_only	14	0
A/VLADIVOSTOCK/270/1991		A	H3N2	1991		virus_only	6	0
A/VLADIVOSTOK/36/2015		A	H3N2	2015		virus_only	18	0
A/VLADIVOSTOK/73/2013		A	H3N2	2013		virus_only	20	0
A/VNOVGOROD/223/2014		A	H3N2	2014		virus_only	11	0
A/VOLGOGRAD/41/2004		A	H3N2	2004		virus_only	6	0
A/VOLOGDA/RII01/2018		A	H3N2	2018		virus_only	8	0
A/VOLOS/32/2009		A	H3N2	2009		virus_only	8	0
A/VORONEZH/1/2006		A	H3N2	2006		virus_only	9	0
A/VORONEZH/10/2006		A	H3N2	2006		virus_only	9	0
A/VORONEZH/10/2007		A	H3N2	2007		virus_only	10	0
A/VORONEZH/12/2006		A	H3N2	2006		virus_only	8	0
A/VORONEZH/18/2006		A	H3N2	2006		virus_only	9	0
A/VORONEZH/19/2006		A	H3N2	2006		virus_only	8	0
A/VORONEZH/4/2006		A	H3N2	2006		virus_only	9	0
A/VORONEZH/58/2006		A	H3N2	2006		virus_only	9	0
A/VORONEZH/6/2006		A	H3N2	2006		virus_only	9	0
A/VORONEZH/7/2007		A	H3N2	2007		virus_only	30	0
A/VRANCEA/162893/2014		A	H3N2	2014		virus_only	19	0
A/VSETIN/32/2007		A	H3N2	2007		virus_only	20	0
A/VSETIN/85/2012		A	H3N2	2012		virus_only	10	0
A/WAIKATO/1/1993		A	H3N2	1993		virus_only	6	0
A/WAIKATO/1/1996		A	H3N2	1996		virus_only	8	0
A/WAIKATO/1/2001		A	H3N2	2001		virus_only	6	0
A/WAIKATO/10/1990		A	H3N2	1990		virus_only	8	0
A/WAIKATO/11/1990		A	H3N2	1990		virus_only	8	0
A/WAIKATO/11/1993		A	H3N2	1993		virus_only	10	0
A/WAIKATO/13/2001		A	H3N2	2001		virus_only	6	0
A/WAIKATO/2/1993		A	H3N2	1993		virus_only	10	0
A/WAIKATO/20/1993		A	H3N2	1993		virus_only	10	0
A/WAIKATO/23/1999		A	H3N2	1999		virus_only	7	0
A/WAIKATO/28/1999		A	H3N2	1999		virus_only	7	0
A/WAIKATO/3/1993		A	H3N2	1993		virus_only	10	0
A/WAIKATO/4/1996		A	H3N2	1996		virus_only	5	0
A/WAIKATO/44/1993		A	H3N2	1993		virus_only	10	0
A/WAIKATO/7/1993		A	H3N2	1993		virus_only	6	0
A/WAIKATO/7/1997		A	H3N2	1997		virus_only	6	0
A/WAKAYAMA/1818/1999		A	H3N2	1999		virus_only	6	0
A/WALLONIA/G776/2009		A	H3N2	2009		virus_only	8	0
A/WALLONIA/G827/2009		A	H3N2	2009		virus_only	8	0
A/WASHINGTON/26/1993		A	H3N2	1993		virus_only	6	0
A/WELLINGTON/1/1990		A	H3N2	1990		virus_only	8	0
A/WELLINGTON/1/1996		A	H3N2	1996		virus_only	8	0
A/WELLINGTON/1/2004@CHIRON		A	H3N2			virus_only	9	0
A/WELLINGTON/1033/1998		A	H3N2	1998		virus_only	12	0
A/WELLINGTON/105/1992		A	H3N2	1992		virus_only	11	0
A/WELLINGTON/105/1999		A	H3N2	1999		virus_only	6	0
A/WELLINGTON/19/1993		A	H3N2	1993		virus_only	10	0
A/WELLINGTON/20/2000		A	H3N2	2000		virus_only	10	0
A/WELLINGTON/22/1996		A	H3N2	1996		virus_only	8	0
A/WELLINGTON/27/1993		A	H3N2	1993		virus_only	10	0
A/WELLINGTON/3/1997		A	H3N2	1997		virus_only	6	0
A/WELLINGTON/4/1996		A	H3N2	1996		virus_only	8	0
A/WELLINGTON/4/1999		A	H3N2	1999		virus_only	7	0
A/WELLINGTON/48/1996		A	H3N2	1996		virus_only	8	0
A/WELLINGTON/49/1996		A	H3N2	1996		virus_only	8	0
A/WELLINGTON/5/1994		A	H3N2	1994		virus_only	8	0
A/WELLINGTON/59/1993		A	H3N2	1993		virus_only	6	0
A/WELLINGTON/66/1992		A	H3N2	1992		virus_only	11	0
A/WELLINGTON/68/1993		A	H3N2	1993		virus_only	10	0
A/WESTKAZAKHSTAN/461/2019		A	H3N2	2019		virus_only	9	0
A/WESTKAZAKHSTAN/462/2019		A	H3N2	2019		virus_only	9	0
A/WESTKAZAKHSTAN/463/2019		A	H3N2	2019		virus_only	9	0
A/WISCONSIN/04/2018		A	H3N2	2018		virus_only	9	0
A/WISCONSIN/13/2010		A	H3N2	2010		virus_only	8	0
A/WISCONSIN/19/2017		A	H3N2	2017		virus_only	16	0
A/WISCONSIN/67/2005@X161		A	H3N2			virus_only	7	0
A/WISCONSIN/672005		A	H3N2			virus_only	9	0
A/WUCHOW/1/1994		A	H3N2	1994		virus_only	9	0
A/WUHAN/254/1997		A	H3N2	1997		virus_only	5	0
A/WYOMING/1/1993		A	H3N2	1993		virus_only	6	0
A/XINJIANGTIANSHAN/11190/2014		A	H3N2	2014		virus_only	10	0
A/YALOVA/4145/2013		A	H3N2	2013		virus_only	9	0
A/YAMAGATA/1128/1999		A	H3N2	1999		virus_only	6	0
A/YAMAGATA/203/2000		A	H3N2	2000		virus_only	7	0
A/YAMAGATA/56/1993		A	H3N2	1993		virus_only	17	0
A/YAMAGATA/61/1993		A	H3N2	1993		virus_only	17	0
A/YAMAGATA/62/1993		A	H3N2	1993		virus_only	17	0
A/YAMAGUCHI/11/2000		A	H3N2	2000		virus_only	7	0
A/YAMAGUCHI/30/2012		A	H3N2	2012		virus_only	11	0
A/YAMAGUCHI/34/2016		A	H3N2	2016		virus_only	12	0
A/YAOUNDE/11V18941/2011		A	H3N2	2011		virus_only	9	0
A/YAOUNDE/11V19343/2011		A	H3N2	2011		virus_only	9	0
A/YAOUNDE/11V19448/2011		A	H3N2	2011		virus_only	9	0
A/YAOUNDE/11V20024/2011		A	H3N2	2011		virus_only	9	0
A/YAOUNDE/11V20117/2011		A	H3N2	2011		virus_only	9	0
A/YAOUNDE/2011V18601GVFI/2011		A	H3N2	2011		virus_only	9	0
A/YAOUNDE/2011V19341/2011		A	H3N2	2011		virus_only	9	0
A/YAOUNDE/2011V20110/2011		A	H3N2	2011		virus_only	9	0
A/YAOUNDE/2011V20113/2011		A	H3N2	2011		virus_only	9	0
A/YAOUNDE/2011V20242/2011		A	H3N2	2011		virus_only	9	0
A/YAROSLAVL/13/2005		A	H3N2	2005		virus_only	7	0
A/YAROSLAVL/234/2014		A	H3N2	2014		virus_only	11	0
A/YAROSLAVL/54/2000		A	H3N2	2000		virus_only	6	0
A/YAROSLAVL/8/2004		A	H3N2	2004		virus_only	6	0
A/YOKOHAMA/120/2016		A	H3N2	2016		virus_only	12	0
A/YOKOHAMA/153/2013		A	H3N2	2013		virus_only	9	0
A/YOKOHAMA/18/1990		A	H3N2	1990		virus_only	7	0
A/YOKOHAMA/73/1992		A	H3N2	1992		virus_only	7	0
A/YOKOHAMA/8/1998		A	H3N2	1998		virus_only	5	0
A/YOKOHAMA/96/2010		A	H3N2	2010		virus_only	7	0
A/YOPOUGON/GR1336/2011		A	H3N2	2011		virus_only	17	0
A/YOPOUGON/GR412/2012		A	H3N2	2012		virus_only	11	0
A/YOPOUGON/GR413/2012		A	H3N2	2012		virus_only	11	0
A/YOPOUGON/GR414/2012		A	H3N2	2012		virus_only	11	0
A/YOPOUGON/GR482/2012		A	H3N2	2012		virus_only	11	0
A/YOPOUGON/GR483/2012		A	H3N2	2012		virus_only	11	0
A/YOPOUGON/GR515/2012		A	H3N2	2012		virus_only	11	0
A/YOPOUGON/GR826/2011		A	H3N2	2011		virus_only	9	0
A/YUGOSLAVIA/11/2000		A	H3N2	2000		virus_only	7	0
A/YUGOSLAVIA/11039/1999		A	H3N2	1999		virus_only	9	0
A/YUGOSLAVIA/143/2000		A	H3N2	2000		virus_only	9	0
A/YUGOSLAVIA/31/2000		A	H3N2	2000		virus_only	9	0
A/YUGOSLAVIA/35/2000		A	H3N2	2000		virus_only	9	0
A/YUGOSLAVIA/36/2000		A	H3N2	2000		virus_only	9	0
A/YUGOSLAVIA/461/2000		A	H3N2	2000		virus_only	9	0
A/YUGOSLAVIA/462/2000		A	H3N2	2000		virus_only	9	0
A/YUGOSLAVIA/464/2000		A	H3N2	2000		virus_only	9	0
A/ZAGREB/1378/2009		A	H3N2	2009		virus_only	9	0
A/ZAGREB/2341/2000		A	H3N2	2000		virus_only	6	0
A/ZAGREB/3034/1998		A	H3N2	1998		virus_only	5	0
A/ZAGREB/3064/2007		A	H3N2	2007		virus_only	20	0
A/ZAGREB/3804/2009		A	H3N2	2009		virus_only	9	0
A/ZAGREB/3891/2009		A	H3N2	2009		virus_only	9	0
A/ZAGREB/4274/2006		A	H3N2	2006		virus_only	7	0
A/ZAGREB/488/2004		A	H3N2	2004		virus_only	8	0
A/ZAGREB/492/2004		A	H3N2	2004		virus_only	8	0
A/ZAGREB/845/2009		A	H3N2	2009		virus_only	9	0
A/ZAGREB/940/2009		A	H3N2	2009		virus_only	9	0
A/ZAMBIA/0200106/2015		A	H3N2	2015		virus_only	12	0
A/ZAMBIA/02346/2014		A	H3N2	2014		virus_only	11	0
A/ZAMBIA/0400021/2015		A	H3N2	2015		virus_only	12	0
A/ZAMBIA/04215/2014		A	H3N2	2014		virus_only	11	0
A/ZAMBIA/04230/2014		A	H3N2	2014		virus_only	13	0
A/ZAMBIA/04278/2014		A	H3N2	2014		virus_only	11	0
A/ZAMBIA/04303/2014		A	H3N2	2014		virus_only	10	0
A/ZAMBIA/06011/2014		A	H3N2	2014		virus_only	11	0
A/ZAMBIA/06023/2014		A	H3N2	2014		virus_only	13	0
A/ZAMBIA/06027/2014		A	H3N2	2014		virus_only	11	0
A/ZAMBIA/06036/2014		A	H3N2	2014		virus_only	13	0
A/ZAMBIA/06041/2014		A	H3N2	2014		virus_only	11	0
A/ZAMBIA/1103/2003		A	H3N2	2003		virus_only	7	0
A/ZAMBIA/13/093/2013		A	H3N2	2013		virus_only	17	0
A/ZAMBIA/13/109/2013		A	H3N2	2013		virus_only	9	0
A/ZAMBIA/13/127/2013		A	H3N2	2013		virus_only	18	0
A/ZAMBIA/13/176/2013		A	H3N2	2013		virus_only	10	0
A/ZAMBIA/13/1995		A	H3N2	1995		virus_only	5	0
A/ZAMBIA/13/262/2013		A	H3N2	2013		virus_only	9	0
A/ZAMBIA/13/338/2013		A	H3N2	2013		virus_only	8	0
A/ZAMBIA/1390/2018		A	H3N2	2018		virus_only	8	0
A/ZAMBIA/505/1995		A	H3N2	1995		virus_only	6	0
A/ZAMBIA/539/1995		A	H3N2	1995		virus_only	6	0
A/ZAMBIA/545/1995		A	H3N2	1995		virus_only	5	0
A/ZAMBIA/559/1995		A	H3N2	1995		virus_only	6	0
A/ZAMBIA/622/1995		A	H3N2	1995		virus_only	6	0
A/ZAMBIA/646/1995		A	H3N2	1995		virus_only	6	0
A/ZAMBIA/819/2003		A	H3N2	2003		virus_only	7	0
A/ZAMBIA/G268/1993		A	H3N2	1993		virus_only	6	0
A/ZAMBIA/K137/1993		A	H3N2	1993		virus_only	6	0
A/ZAMORA/10/2012		A	H3N2	2012		virus_only	11	0
A/ZAMORA/22/2005		A	H3N2	2005		virus_only	6	0
A/ZAMORA/24/2005		A	H3N2	2005		virus_only	6	0
A/ZAMORA/25/2005		A	H3N2	2005		virus_only	6	0
A/ZAMORA/3/1996		A	H3N2	1996		virus_only	5	0
A/ZAMORA/35/2007		A	H3N2	2007		virus_only	10	0
A/ZAMORA/38/1999		A	H3N2	1999		virus_only	5	0
A/ZAMORA/6/2002		A	H3N2	2002		virus_only	8	0
A/ZAMORA/87/2012		A	H3N2	2012		virus_only	11	0
A/ZAPORIZHIA/156/2019		A	H3N2	2019		virus_only	8	0
A/ZAPORIZZA/157/2017		A	H3N2	2017		virus_only	12	0
A/ZAPORIZZA/160/2017		A	H3N2	2017		virus_only	12	0
A/ZAPORIZZYA/129/2009		A	H3N2	2009		virus_only	16	0
A/ZARAGOZA/1408/2003		A	H3N2	2003		virus_only	6	0
A/ZARAGOZA/1410/2003		A	H3N2	2003		virus_only	12	0
A/ZARAGOZA/1411/2003		A	H3N2	2003		virus_only	12	0
A/ZARAGOZA/1412/2003		A	H3N2	2003		virus_only	6	0
A/ZARAGOZA/1415/2003		A	H3N2	2003		virus_only	6	0
A/ZARAGOZA/1476697/2018		A	H3N2	2018		virus_only	9	0
A/ZARAGOZA/1485189/2018		A	H3N2	2018		virus_only	9	0
A/ZARAGOZA/1496248/2018		A	H3N2	2018		virus_only	9	0
A/ZARAGOZA/1512154/2018		A	H3N2	2018		virus_only	9	0
A/ZARAGOZA/1528894/2018		A	H3N2	2018		virus_only	9	0
A/ZARAGOZA/34413/1995		A	H3N2	1995		virus_only	5	0
A/ZARAGOZA/34418/1995		A	H3N2	1995		virus_only	5	0
A/ZARAGOZA/489/2018		A	H3N2	2018		virus_only	18	0
A/ZARAGOZA/490/2018		A	H3N2	2018		virus_only	18	0
A/ZARAGOZA/491/2018		A	H3N2	2018		virus_only	18	0
A/ZARAGOZA/492/2018		A	H3N2	2018		virus_only	9	0
A/ZARAGOZA/493/2018		A	H3N2	2018		virus_only	9	0
A/ZARAGOZA/RR12/1995		A	H3N2	1995		virus_only	6	0
A/ZARAGOZA/RR1735/2004		A	H3N2	2004		virus_only	17	0
A/ZARAGOZA/RR315/1997		A	H3N2	1997		virus_only	5	0
A/ZARAGOZA/RR316/1997		A	H3N2	1997		virus_only	5	0
A/ZARAGOZA/RR560/1999		A	H3N2	1999		virus_only	6	0
A/ZARAGOZA/RR653/2000		A	H3N2	2000		virus_only	6	0
A/ZARAGOZA/RR806/2001		A	H3N2	2001		virus_only	6	0
A/ZARAGOZA/RR953/2001		A	H3N2	2001		virus_only	8	0
A/ZARAGOZA/RR954/2001		A	H3N2	2001		virus_only	8	0
A/ZARAGOZA/RR959/2002		A	H3N2	2002		virus_only	8	0
A/ZHEJIANGNANHU/1745/2017		A	H3N2	2017		virus_only	8	0
A/ZHEJIANGNANHU/1975/2016		A	H3N2	2016		virus_only	12	0
A/ZHITOMIR/286/2014		A	H3N2	2014		virus_only	21	0
A/ZHITOMIR/290/2014		A	H3N2	2014		virus_only	21	0
A/ZLIN/612/1995		A	H3N2	1995		virus_only	6	0
A/ZLIN/618/1995		A	H3N2	1995		virus_only	6	0
A/ZLIN/619/1995		A	H3N2	1995		virus_only	6	0
A/ZLIN/620/1995		A	H3N2	1995		virus_only	6	0
A/ZLIN/621/1995		A	H3N2	1995		virus_only	6	0
A/ZLIN/630/1995		A	H3N2	1995		virus_only	6	0
A/ZLIN/631/1995		A	H3N2	1995		virus_only	6	0
A/ZMIR/176/2011		A	H3N2	2011		virus_only	9	0
A/ZMIR/182/2011		A	H3N2	2011		virus_only	9	0
A/ZMIR/251/2011		A	H3N2	2011		virus_only	9	0
A/ZONGULDAK/3161/2016		A	H3N2	2016		virus_only	12	0
A/ZOROGOZA/RR658/2000		A	H3N2	2000		virus_only	6	0
A/ZRENJANIN/580/2009		A	H3N2	2009		virus_only	11	0
B/ATHENS/10/1998		A	H3N2	1998		virus_only	6	0
B/ATHENS/4/1998		A	H3N2	1998		virus_only	6	0
B/BADENWURTTEMBERG/89/2014		A	H3N2	2014		virus_only	10	0
B/BELARUS/309/2007		A	H3N2	2007		virus_only	10	0
B/BELGIUM/SP12/2008		A	H3N2	2008		virus_only	13	0
B/BUCHAREST/317/1998		A	H3N2	1998		virus_only	5	0
B/CAIRO/23/2011		A	H3N2	2011		virus_only	9	0
B/DAKAR/01/2014		A	H3N2	2014		virus_only	12	0
B/DAKAR/19/2002		A	H3N2	2002		virus_only	5	0
B/DAKAR/2/1998		A	H3N2	1998		virus_only	4	0
B/DENMARK/30/2003		A	H3N2	2003		virus_only	6	0
B/DENMARK/33/2003		A	H3N2	2003		virus_only	6	0
B/GALATI/179025/2015		A	H3N2	2015		virus_only	11	0
B/HESSEN/4/1999		A	H3N2	1999		virus_only	6	0
B/ISRAEL/5/2005		A	H3N2	2005		virus_only	8	0
B/LISBON/1/1999		A	H3N2	1999		virus_only	5	0
B/MAURITIUS/254/1999		A	H3N2	1999		virus_only	5	0
B/MAURITIUS/283/1999		A	H3N2	1999		virus_only	5	0
B/SANSEBASTIAN/RR1823/2005		A	H3N2	2005		virus_only	7	0
B/SERBIANS/1256/2015		A	H3N2	2015		virus_only	11	0
B/SOUTHAUSTRALIA/12/1998		A	H3N2	1998		virus_only	6	0
B/STOCKHOLM/5/1999		A	H3N2	1999		virus_only	6	0
B/TRIESTE/13/2005		A	H3N2	2005		virus_only	10	0
IVR122@A/TASMANIA/503/2020		A	H3N2	2020		virus_only	11	0
IVR140		A	H3N2			virus_only	9	0
IVR224@A/CAMBODIA/E0826360/2020		A	H3N2	2020		virus_only	13	0
IVR99		A	H3N2			virus_only	5	0
NIB65		A	H3N2			virus_only	6	0
X223		A	H3N2			virus_only	11	0
X223A		A	H3N2			virus_only	11	0
X225		A	H3N2			virus_only	11	0
X225A		A	H3N2			virus_only	11	0
X237@A/SERBIA/NS210/2013		A	H3N2	2013		virus_only	9	0
X237A@A/SERBIA/NS210/2013		A	H3N2	2013		virus_only	9	0
X331@HY/A/NETHERLANDS/10260/2018		A	H3N2	2018		virus_only	3	0
X335@A/NORWAY/3275/2018		A	H3N2	2018		virus_only	5	0
