query_strain	Isolate_Name	Isolate_Id	Collection_Date	Location	Host	metadata_file
A/ABIDJAN/456/2021	A/Abidjan/456/2021	EPI_ISL_4005746	2021-07-07	Europe / France	Human	gisaid_meta_2020-21.xls
A/ABOBO/GR628/2012	A/Abobo/GR 628/2012	EPI_ISL_131993	2012-06-01	Africa / Cote d'Ivoire	Human	gisaid_meta_2011-2014.xls
A/ABUDHABI/240/2018	A/Abu Dhabi/240/2018	EPI_ISL_307872	2018-01-01	Asia / United Arab Emirates	Human	gisaid_meta_2018.xls
A/ABUDHABI/240/2018	A/Abu Dhabi/240/2018	EPI_ISL_312868	2018-01-01	Asia / United Arab Emirates	Human	gisaid_meta_2018.xls
A/ABUDHABI/240/2018	A/Abu Dhabi/240/2018	EPI_ISL_330969	2018-01-01	Asia / United Arab Emirates	Human	gisaid_meta_2018.xls
A/ABUDHABI/240/2018	A/Abu Dhabi/240/2018	EPI_ISL_332304	2018-01-01	Asia / United Arab Emirates	Human	gisaid_meta_2018.xls
A/ABUDHABI/240/2018	A/Abu Dhabi/240/2018	EPI_ISL_335834	2018-01-01	Asia / United Arab Emirates	Human	gisaid_meta_2018.xls
A/ABUDHABI/240/2018	A/Abu Dhabi/240/2018	EPI_ISL_338293	2018-01-01	Asia / United Arab Emirates	Human	gisaid_meta_2018.xls
A/ACORESPT/11/2013	A/Acores_PT/11/2013	EPI_ISL_144791	2013-01-19	Europe / Portugal	Human	gisaid_meta_2011-2014.xls
A/ADANA/111/2014	A/Adana/111/2014	EPI_ISL_155879	2014-01-08	Asia / Turkey	Human	gisaid_meta_2011-2014.xls
A/ADANA/116/2014	A/Adana/116/2014	EPI_ISL_155880	2014-01-08	Asia / Turkey	Human	gisaid_meta_2011-2014.xls
A/ADANA/117/2014	A/Adana/117/2014	EPI_ISL_155881	2014-01-08	Asia / Turkey	Human	gisaid_meta_2011-2014.xls
A/ADANA/199/2014	A/Adana/199/2014	EPI_ISL_155882	2014-01-10	Asia / Turkey	Human	gisaid_meta_2011-2014.xls
A/ADANA/223/2014	A/Adana/223/2014	EPI_ISL_155883	2014-01-10	Asia / Turkey	Human	gisaid_meta_2011-2014.xls
A/ADANA/66/2014	A/Adana/66/2014	EPI_ISL_155884	2014-01-06	Asia / Turkey	Human	gisaid_meta_2011-2014.xls
A/AICHI/2/1968	A/Aichi/2/1968	EPI_ISL_123225	1968	Asia / Japan / Aichi	Human	gisaid_meta_2010.xls
A/AICHI/2/1968	A/Aichi/2/1968	EPI_ISL_153850	2013	Oceania	Laboratory derived	gisaid_meta_2011-2014.xls
A/AICHI/2/1968	A/Aichi/2/1968	EPI_ISL_236	1968	Asia / Singapore	Human	gisaid_meta_2010.xls
A/AKMOLINSK/145/2017	A/Akmolinsk/145/2017	EPI_ISL_300406	2017-12-25	Asia / Kazakhstan	Human	gisaid_meta_2017.xls
A/AKSARAY/4048/2016	A/Aksaray/4048/2016	EPI_ISL_232833	2016-03-01	Asia / Turkey	Human	gisaid_meta_2015-2016.xls
A/ALASKA/232/2015	A/Alaska/232/2015	EPI_ISL_202884	2015-09-09	North America / United States / Alaska	Human	gisaid_meta_2015-2016.xls
A/ALASKA/232/2015	A/Alaska/232/2015	EPI_ISL_219064	2015	North America / United States / Alaska	Human	gisaid_meta_2015-2016.xls
A/ALASKA/232/2015	A/Alaska/232/2015	EPI_ISL_224268	2015-09-09	North America / United States / Alaska	Human	gisaid_meta_2015-2016.xls
A/ALASKA/232/2015	A/Alaska/232/2015	EPI_ISL_226838	2015-09-09	North America / United States / Alaska	Human	gisaid_meta_2015-2016.xls
A/ALASKA/232/2015	A/Alaska/232/2015	EPI_ISL_239800	2015	North America / United States	Human	gisaid_meta_2015-2016.xls
A/ALASKA/232/2015	A/Alaska/232/2015	EPI_ISL_240112	2015-09-09	North America / United States / Alaska	Human	gisaid_meta_2015-2016.xls
A/ALASKA/5/2010	A/ALASKA/5/2010	EPI_ISL_88045	2010-08-12	North America / United States / Alaska	Human	gisaid_meta_2010.xls
A/ALASKA/5/2010	A/Alaska/5/2010	EPI_ISL_90589	2010-08-12	North America / United States / Alaska	Human	gisaid_meta_2010.xls
A/ALBANIA/9142/2019	A/Albania/9142/2019	EPI_ISL_342077	2019-01-19	Europe / Albania	Human	gisaid_meta_2019.xls
A/ALGERIA/453/2006	A/ALGERIA/453/2006	EPI_ISL_17597	2006	Africa / Algeria	Human	gisaid_meta_2010.xls
A/ALGIERS/120/2012	A/Algiers/120/2012	EPI_ISL_136361	2012-11-17	Africa / Algeria	Human	gisaid_meta_2011-2014.xls
A/ALGIERS/120/2012	A/Algiers/120/2012	EPI_ISL_138452	2012-11-17	Africa / Algeria	Human	gisaid_meta_2011-2014.xls
A/ALGIERS/368/2020	A/Algiers/368/2020	EPI_ISL_434387	2020-02-13	Africa / Algeria	Human	gisaid_meta_2020-21.xls
A/ALGIERS/368/2020	A/Algiers/368/2020	EPI_ISL_486675	2020-02-13	Africa / Algeria	Human	gisaid_meta_2020-21.xls
A/ALMATY/2848/2013	A/Almaty/2848/2013	EPI_ISL_138454	2013-01-15	Asia / Kazakhstan	Human	gisaid_meta_2011-2014.xls
A/ALSACE/1571/2015	A/Alsace/1571/2015	EPI_ISL_191635	2015-03-21	Europe / France / Alsace / Departement du Bas-Rhin	Human	gisaid_meta_2015-2016.xls
A/ALSACE/1571/2015	A/Alsace/1571/2015	EPI_ISL_196596	2015-03-21	Europe / France	Human	gisaid_meta_2015-2016.xls
A/ALSACE/3215/2016	A/Alsace/3215/2016	EPI_ISL_241841	2016-12-09	Europe / France / Alsace	Human	gisaid_meta_2015-2016.xls
A/ALSACE/3215/2016	A/Alsace/3215/2016	EPI_ISL_245164	2016-12-09	Europe / France	Human	gisaid_meta_2015-2016.xls
A/ANKARA/1050/2017	A/Ankara/1050/2017	EPI_ISL_303909	2017-12-01	Asia / Turkey	Human	gisaid_meta_2017.xls
A/ANKARA/1907/2016	A/Ankara/1907/2016	EPI_ISL_267693	2016-12-06	Asia / Turkey	Human	gisaid_meta_2015-2016.xls
A/ANKARA/22/2018	A/Ankara/22/2018	EPI_ISL_299007	2018-01-03	Asia / Turkey	Human	gisaid_meta_2018.xls
A/ANKARA/22/2018	A/Ankara/22/2018	EPI_ISL_312305	2018-01-03	Asia / Turkey / TURKEY	Human	gisaid_meta_2018.xls
A/ANKARA/221/2014	A/Ankara/221/2014	EPI_ISL_155885	2014-01-10	Asia / Turkey	Human	gisaid_meta_2011-2014.xls
A/ANKARA/266/2014	A/Ankara/266/2014	EPI_ISL_156894	2014-01-14	Asia / Turkey	Human	gisaid_meta_2011-2014.xls
A/ANKARA/266/2014	A/Ankara/266/2014	EPI_ISL_158821	2014-01-14	Asia / Turkey	Human	gisaid_meta_2011-2014.xls
A/ANKARA/4084/2013	A/Ankara/4084/2013	EPI_ISL_156895	2013-12-20	Asia / Turkey	Human	gisaid_meta_2011-2014.xls
A/ANKARA/4236/2013	A/Ankara/4236/2013	EPI_ISL_156896	2013-12-30	Asia / Turkey	Human	gisaid_meta_2011-2014.xls
A/ANKARA/4247/2013	A/Ankara/4247/2013	EPI_ISL_155886	2013-12-31	Asia / Turkey	Human	gisaid_meta_2011-2014.xls
A/ANKARA/TR49/2011	A/ANKARA/TR-49/2011	EPI_ISL_96020	2011-01-06	Asia / Turkey	Human	gisaid_meta_2011-2014.xls
A/ANTALYA/204/2011	A/Antalya/204/2011	EPI_ISL_107818	2011-12-19	Asia / Turkey	Human	gisaid_meta_2011-2014.xls
A/ANTALYA/214/2011	A/Antalya/214/2011	EPI_ISL_107819	2011-12-20	Asia / Turkey	Human	gisaid_meta_2011-2014.xls
A/ANTALYA/251/2013	A/Antalya/251/2013	EPI_ISL_153940	2013-12-16	Asia / Turkey	Human	gisaid_meta_2011-2014.xls
A/ANTALYA/3562/2016	A/Antalya/3562/2016	EPI_ISL_232836	2016-02-12	Asia / Turkey	Human	gisaid_meta_2015-2016.xls
A/ANTALYA/4/2018	A/Antalya/4/2018	EPI_ISL_336244	2018-12-18	Asia / Turkey	Human	gisaid_meta_2018.xls
A/ANTALYA/7/2018	A/Antalya/7/2018	EPI_ISL_336246	2018-12-18	Asia / Turkey	Human	gisaid_meta_2018.xls
A/ANTALYA/7/2018	A/Antalya/7/2018	EPI_ISL_364762	2018-12-18	Asia / Turkey	Human	gisaid_meta_2018.xls
A/ANTALYA/TR55/2011	A/ANTALYA/TR-55/2011	EPI_ISL_96022	2011-01-24	Asia / Turkey	Human	gisaid_meta_2011-2014.xls
A/ANTANANARIVO/3635/2012	A/Antananarivo/3635/2012	EPI_ISL_141661	2012-06-14	Africa / Madagascar	Human	gisaid_meta_2011-2014.xls
A/ANTANANARIVO/3669/2012	A/Antananarivo/3669/2012	EPI_ISL_141662	2012-06-13	Africa / Madagascar	Human	gisaid_meta_2011-2014.xls
A/ANTSIRABE/2096/2017	A/Antsirabe/2096/2017	EPI_ISL_276262	2017-05-02	Africa / Madagascar	Human	gisaid_meta_2017.xls
A/ANTSIRABE/2267/2016	A/Antsirabe/2267/2016	EPI_ISL_231803	2016-05-23	Africa / Madagascar	Human	gisaid_meta_2015-2016.xls
A/ARAGON/13140/2020	A/Aragon/13140/2020	EPI_ISL_529037	2020-03-05	Europe / Spain	Human	gisaid_meta_2020-21.xls
A/ARAGON/13141/2020	A/Aragon/13141/2020	EPI_ISL_527185	2020-02-25	Europe / Spain	Human	gisaid_meta_2020-21.xls
A/ARAGON/13141/2020	A/Aragon/13141/2020	EPI_ISL_529038	2020-02-25	Europe / Spain	Human	gisaid_meta_2020-21.xls
A/ARAGON/2031/2014	A/Aragon/2031/2014	EPI_ISL_169244	2014-11-07	Europe / Spain / Aragon	Human	gisaid_meta_2011-2014.xls
A/ARAGON/2031/2014	A/Aragon/2031/2014	EPI_ISL_170262	2014-11-07	Europe / Spain	Human	gisaid_meta_2011-2014.xls
A/ARAGON/2062/2014	A/Aragon/2062/2014	EPI_ISL_13017059	2014-11-27	Europe / Spain	Human	gisaid_meta_2011-2014.xls
A/ARAGON/2062/2014	A/Aragon/2062/2014	EPI_ISL_169380	2014-11-27	Europe / Spain / Aragon	Human	gisaid_meta_2011-2014.xls
A/ARAGON/2062/2014	A/Aragon/2062/2014	EPI_ISL_170263	2014-11-27	Europe / Spain	Human	gisaid_meta_2011-2014.xls
A/ARAGON/2102/2014	A/Aragon/2102/2014	EPI_ISL_169767	2014-12-05	Europe / Spain / Aragon	Human	gisaid_meta_2011-2014.xls
A/ARAGON/2102/2014	A/Aragon/2102/2014	EPI_ISL_171743	2014-12-05	Europe / Spain	Human	gisaid_meta_2011-2014.xls
A/ARAGON/2103/2014	A/Aragon/2103/2014	EPI_ISL_169768	2014-12-02	Europe / Spain / Aragon	Human	gisaid_meta_2011-2014.xls
A/ARAGON/2103/2014	A/Aragon/2103/2014	EPI_ISL_174982	2014-12-02	Europe / Spain	Human	gisaid_meta_2011-2014.xls
A/ARAGON/266/2014	A/Aragon/266/2014	EPI_ISL_154251	2014-01-09	Europe / Spain / Aragon	Human	gisaid_meta_2011-2014.xls
A/ARAGON/266/2014	A/Aragon/266/2014	EPI_ISL_155887	2014-01-09	Europe / Spain	Human	gisaid_meta_2011-2014.xls
A/ARAGON/266/2014	A/Aragon/266/2014	EPI_ISL_156648	2014-01-09	Europe / Spain / Aragon	Human	gisaid_meta_2011-2014.xls
A/ARAGON/271/2014	A/Aragon/271/2014	EPI_ISL_154252	2014-01-08	Europe / Spain / Aragon	Human	gisaid_meta_2011-2014.xls
A/ARAGON/271/2014	A/Aragon/271/2014	EPI_ISL_156649	2014-01-08	Europe / Spain / Aragon	Human	gisaid_meta_2011-2014.xls
A/ARAGON/RR3443/2009	A/Aragon/RR3443/2009	EPI_ISL_32753	2009-01-19	Europe / Spain / Aragon	Human	gisaid_meta_2010.xls
A/ARGENTINA/10/2001	A/Argentina/10/2001	EPI_ISL_186722	2001-06-25	South America / Argentina	Human	gisaid_meta_2010.xls
A/ARGES/126697/2012	A/Arges/126697/2012	EPI_ISL_134079	2012-10-29	Europe / Romania / Judetul Arges	Human	gisaid_meta_2011-2014.xls
A/ARGES/126697/2012	A/Arges/126697/2012	EPI_ISL_136362	2012-10-29	Europe / Romania	Human	gisaid_meta_2011-2014.xls
A/ARGES/14803059/2016	A/Arges/1480-3059/2016	EPI_ISL_212512	2016-02-10	Europe / Romania / Judetul Arges	Human	gisaid_meta_2015-2016.xls
A/ARGES/14803059/2016	A/Arges/1480-3059/2016	EPI_ISL_223630	2016-02-10	Europe / Romania	Human	gisaid_meta_2015-2016.xls
A/ARIZONA/13/2010	A/Arizona/13/2010	EPI_ISL_86093	2010-12-06	North America / United States / Arizona	Human	gisaid_meta_2010.xls
A/ARIZONA/13/2010	A/ARIZONA/13/2010	EPI_ISL_88047	2010-06-12	North America / United States / Arizona	Human	gisaid_meta_2010.xls
A/ARIZONA/13/2010	A/Arizona/13/2010	EPI_ISL_90592	2010-12-06	North America / United States / Arizona	Human	gisaid_meta_2010.xls
A/ARIZONA/13/2010	A/Arizona/13/2010	EPI_ISL_93769	2010-12-06	North America / United States / Arizona	Human	gisaid_meta_2010.xls
A/ARMENIA/1/2017	A/Armenia/1/2017	EPI_ISL_288749	2016-12-06	Asia / Armenia	Human	gisaid_meta_2015-2016.xls
A/ARMENIA/10/2017	A/Armenia/10/2017	EPI_ISL_288750	2016-12-23	Asia / Armenia	Human	gisaid_meta_2015-2016.xls
A/ARMENIA/11/2017	A/Armenia/11/2017	EPI_ISL_288751	2016-12-02	Asia / Armenia	Human	gisaid_meta_2015-2016.xls
A/ARMENIA/12/2017	A/Armenia/12/2017	EPI_ISL_288752	2016-12-02	Asia / Armenia	Human	gisaid_meta_2015-2016.xls
A/ARMENIA/13/2019	A/Armenia/13/2019	EPI_ISL_401536	2019-01-29	Asia / Armenia	Human	gisaid_meta_2019.xls
A/ARMENIA/15/2019	A/Armenia/15/2019	EPI_ISL_401538	2019-02-05	Asia / Armenia	Human	gisaid_meta_2019.xls
A/ARMENIA/2298/2016	A/Armenia/2298/2016	EPI_ISL_267088	2016-12-22	Asia / Armenia	Human	gisaid_meta_2015-2016.xls
A/ARMENIA/2363/2016	A/Armenia/2363/2016	EPI_ISL_256003	2016-12-28	Asia / Armenia	Human	gisaid_meta_2015-2016.xls
A/ARMENIA/3/2017	A/Armenia/3/2017	EPI_ISL_288754	2016-12-28	Asia / Armenia	Human	gisaid_meta_2015-2016.xls
A/ARMENIA/4/2017	A/Armenia/4/2017	EPI_ISL_288755	2016-12-27	Asia / Armenia	Human	gisaid_meta_2015-2016.xls
A/ARMENIA/501/2019	A/Armenia/501/2019	EPI_ISL_388677	2019-02-07	Asia / Armenia	Human	gisaid_meta_2019.xls
A/ARMENIA/501/2019	A/Armenia/501/2019	EPI_ISL_393973	2019-02-07	Asia / Armenia	Human	gisaid_meta_2019.xls
A/ARMENIA/91/2019	A/Armenia/91/2019	EPI_ISL_342080	2019-01-14	Asia / Armenia	Human	gisaid_meta_2019.xls
A/ARMENIA/941/2019	A/Armenia/941/2019	EPI_ISL_388688	2019-05-21	Asia / Armenia	Human	gisaid_meta_2019.xls
A/ARMENIA/941/2019	A/Armenia/941/2019	EPI_ISL_393975	2019-05-21	Asia / Armenia	Human	gisaid_meta_2019.xls
A/ASTRAHKAN/25/2014	A/Astrahkan/25/2014	EPI_ISL_174983	2014-12-16	Europe / Russian Federation	Human	gisaid_meta_2011-2014.xls
A/ASTRAHKAN/26/2014	A/Astrahkan/26/2014	EPI_ISL_174984	2014-12-17	Europe / Russian Federation	Human	gisaid_meta_2011-2014.xls
A/ASTRAKHAN/172/2006	A/ASTRAKHAN/172/2006	EPI_ISL_64016	2006	Europe / Russian Federation	Human	gisaid_meta_2010.xls
A/ASTRAKHAN/2/2013	A/Astrakhan/2/2013	EPI_ISL_141664	2013-02-20	Europe / Russian Federation	Human	gisaid_meta_2011-2014.xls
A/ASTRAKHAN/32/2017	A/Astrakhan/32/2017	EPI_ISL_286932	2017-11-08	Europe / Russian Federation / Astrakhan Oblast	Human	gisaid_meta_2017.xls
A/ASTRAKHAN/32/2017	A/Astrakhan/32/2017	EPI_ISL_287573	2017-11-11	Europe / Russian Federation / Astrakhan Oblast	Human	gisaid_meta_2017.xls
A/ASTRAKHAN/32/2017	A/Astrakhan/32/2017	EPI_ISL_287574	2017-11-08	Europe / Russian Federation / Astrakhan Oblast	Human	gisaid_meta_2017.xls
A/ASTRAKHAN/32/2017	A/Astrakhan/32/2017	EPI_ISL_292892	2017-11-08	Europe / Russian Federation	Human	gisaid_meta_2017.xls
A/ASTRAKHAN/32/2017	A/Astrakhan/32/2017	EPI_ISL_297717	2017-11-08	Europe / Russian Federation / Astrakhan oblast	Human	gisaid_meta_2017.xls
A/ASTRAKHAN/32/2017	A/Astrakhan/32/2017	EPI_ISL_315028	2017-11-08	Europe / Russian Federation	Human	gisaid_meta_2017.xls
A/ATTECOUBE/GR741/2012	A/Attecoube/GR 741/2012	EPI_ISL_131999	2012-07-06	Africa / Cote d'Ivoire	Human	gisaid_meta_2011-2014.xls
A/AUBENAS/2399/2017	A/Aubenas/2399/2017	EPI_ISL_300407	2017-12-11	Europe / France	Human	gisaid_meta_2017.xls
A/AUCKLAND/16/1999	A/Auckland/16/1999	EPI_ISL_3663331	1999-05-14	Oceania / New Zealand / Auckland	Human	gisaid_meta_2010.xls
A/AUCKLAND/169/1999	A/Auckland/169/1999	EPI_ISL_3663333	1999-06-29	Oceania / New Zealand / Auckland	Human	gisaid_meta_2010.xls
A/AUCKLAND/22/2003	A/Auckland/22/2003	EPI_ISL_357513	2003-06-03	Oceania / New Zealand	Human	gisaid_meta_2010.xls
A/AUCKLAND/28/1999	A/Auckland/28/1999	EPI_ISL_3663336	1999-05-06	Oceania / New Zealand / Auckland	Human	gisaid_meta_2010.xls
A/AUCKLAND/6/2014	A/AUCKLAND/6/2014	EPI_ISL_168957	2014-09-09	Oceania / New Zealand / Auckland / South Auckland	Human	gisaid_meta_2011-2014.xls
A/AUSTRIA/1102969/2018	A/Austria/1102969/2018	EPI_ISL_331625	2018-11-07	Europe / Austria / Bundesland Wien / returning traveller; associated Thailand	Human	gisaid_meta_2018.xls
A/AUSTRIA/1102969/2018	A/Austria/1102969/2018	EPI_ISL_336069	2018-11-16	Europe / Austria	Human	gisaid_meta_2018.xls
A/AUSTRIA/1113943/2018	A/Austria/1113943/2018	EPI_ISL_336943	2018-12-31	Europe / Austria / Vienna	Human	gisaid_meta_2018.xls
A/AUSTRIA/1113943/2018	A/Austria/1113943/2018	EPI_ISL_364763	2018-12-31	Europe / Austria	Human	gisaid_meta_2018.xls
A/AUSTRIA/1114171/2019	A/Austria/1114171/2019	EPI_ISL_340154	2019-01-03	Europe / Austria / Vienna	Human	gisaid_meta_2019.xls
A/AUSTRIA/1114171/2019	A/Austria/1114171/2019	EPI_ISL_364764	2019-01-03	Europe / Austria	Human	gisaid_meta_2019.xls
A/AUSTRIA/1114682/2019	A/Austria/1114682/2019	EPI_ISL_336946	2019-01-02	Europe / Austria / Vienna	Human	gisaid_meta_2019.xls
A/AUSTRIA/1114682/2019	A/Austria/1114682/2019	EPI_ISL_364765	2019-01-02	Europe / Austria	Human	gisaid_meta_2019.xls
A/AUSTRIA/1115342/2019	A/Austria/1115342/2019	EPI_ISL_336952	2019-01-08	Europe / Austria / Vienna	Human	gisaid_meta_2019.xls
A/AUSTRIA/1115342/2019	A/Austria/1115342/2019	EPI_ISL_364766	2019-01-08	Europe / Austria	Human	gisaid_meta_2019.xls
A/AUSTRIA/1115877/2019	A/Austria/1115877/2019	EPI_ISL_336957	2019-01-08	Europe / Austria / Vorarlberg	Human	gisaid_meta_2019.xls
A/AUSTRIA/1115877/2019	A/Austria/1115877/2019	EPI_ISL_364767	2019-01-08	Europe / Austria	Human	gisaid_meta_2019.xls
A/AUSTRIA/1117352/2019	A/Austria/1117352/2019	EPI_ISL_340161	2019-01-14	Europe / Austria / Vienna	Human	gisaid_meta_2019.xls
A/AUSTRIA/1117352/2019	A/Austria/1117352/2019	EPI_ISL_364768	2019-01-14	Europe / Austria	Human	gisaid_meta_2019.xls
A/AUSTRIA/1117700/2019	A/Austria/1117700/2019	EPI_ISL_340165	2019-01-16	Europe / Austria / Vienna	Human	gisaid_meta_2019.xls
A/AUSTRIA/1117700/2019	A/Austria/1117700/2019	EPI_ISL_364769	2019-01-16	Europe / Austria	Human	gisaid_meta_2019.xls
A/AUSTRIA/1120261/2019	A/Austria/1120261/2019	EPI_ISL_340172	2019-01-25	Europe / Austria / Lower Austria	Human	gisaid_meta_2019.xls
A/AUSTRIA/1120261/2019	A/Austria/1120261/2019	EPI_ISL_364770	2019-01-25	Europe / Austria	Human	gisaid_meta_2019.xls
A/AUSTRIA/1121450/2019	A/Austria/1121450/2019	EPI_ISL_344589	2019-01-31	Europe / Austria / Lower Austria	Human	gisaid_meta_2019.xls
A/AUSTRIA/1121450/2019	A/Austria/1121450/2019	EPI_ISL_364771	2019-01-31	Europe / Austria	Human	gisaid_meta_2019.xls
A/AUSTRIA/1121454/2019	A/Austria/1121454/2019	EPI_ISL_344590	2019-01-31	Europe / Austria / Vienna	Human	gisaid_meta_2019.xls
A/AUSTRIA/1121454/2019	A/Austria/1121454/2019	EPI_ISL_364772	2019-01-31	Europe / Austria	Human	gisaid_meta_2019.xls
A/AUSTRIA/1121455/2019	A/Austria/1121455/2019	EPI_ISL_344591	2019-01-29	Europe / Austria / Styria	Human	gisaid_meta_2019.xls
A/AUSTRIA/1121455/2019	A/Austria/1121455/2019	EPI_ISL_364773	2019-01-29	Europe / Austria	Human	gisaid_meta_2019.xls
A/AUSTRIA/1129536/2019	A/Austria/1129536/2019	EPI_ISL_351805	2019-02-27	Europe / Austria / Tyrol	Human	gisaid_meta_2019.xls
A/AUSTRIA/1129536/2019	A/Austria/1129536/2019	EPI_ISL_364774	2019-02-27	Europe / Austria	Human	gisaid_meta_2019.xls
A/AUSTRIA/134231/2003	A/Austria/134231/2003	EPI_ISL_19094	2003-12-21	Europe / Austria / Lower Austria	Human	gisaid_meta_2010.xls
A/AUSTRIA/134419/2003	A/Austria/134419/2003	EPI_ISL_19095	2003-12-29	Europe / Austria / Bundesland Wien	Human	gisaid_meta_2010.xls
A/AUSTRIA/653679/2012	A/Austria/653679/2012	EPI_ISL_107832	2012-01-01	Europe / Austria	Human	gisaid_meta_2011-2014.xls
A/AUSTRIA/654044/2012	A/Austria/654044/2012	EPI_ISL_107833	2012-01-03	Europe / Austria	Human	gisaid_meta_2011-2014.xls
A/AUSTRIA/654591/2012	A/Austria/654591/2012	EPI_ISL_107834	2012-01-09	Europe / Austria	Human	gisaid_meta_2011-2014.xls
A/AUSTRIA/655242/2012	A/Austria/655242/2012	EPI_ISL_107831	2012-01-11	Europe / Austria	Human	gisaid_meta_2011-2014.xls
A/AUSTRIA/76359/2003	A/Austria/76359/2003	EPI_ISL_13213	2003-02-13	Europe / Austria / Bundesland Wien	Human	gisaid_meta_2010.xls
A/AUSTRIA/788090/2014	A/Austria/788090/2014	EPI_ISL_164205	2014-04-01	Europe / Austria	Human	gisaid_meta_2011-2014.xls
A/AUSTRIA/790710/2014	A/Austria/790710/2014	EPI_ISL_164206	2014-04-12	Europe / Austria	Human	gisaid_meta_2011-2014.xls
A/AUSTRIA/830719/2014	A/Austria/830719/2014	EPI_ISL_169645	2014-12-11	Europe / Austria / Bundesland Oberosterreich	Human	gisaid_meta_2011-2014.xls
A/AUSTRIA/830719/2014	A/Austria/830719/2014	EPI_ISL_170627	2014-12-10	Europe / Austria	Human	gisaid_meta_2011-2014.xls
A/AUSTRIA/956928/2016	A/Austria/956928/2016	EPI_ISL_240736	2016-11-30	Europe / Austria / Bundesland Wien	Human	gisaid_meta_2015-2016.xls
A/AUSTRIA/956928/2016	A/Austria/956928/2016	EPI_ISL_256010	2016-11-30	Europe / Austria	Human	gisaid_meta_2015-2016.xls
A/AUSTRIA/957344/2016	A/Austria/957344/2016	EPI_ISL_240737	2016-12-04	Europe / Austria / Bundesland Wien	Human	gisaid_meta_2015-2016.xls
A/AUSTRIA/957344/2016	A/Austria/957344/2016	EPI_ISL_256011	2016-12-04	Europe / Austria	Human	gisaid_meta_2015-2016.xls
A/AUSTRIA/957860/2016	A/Austria/957860/2016	EPI_ISL_240738	2016-12-06	Europe / Austria / Bundesland Salzburg	Human	gisaid_meta_2015-2016.xls
A/AUSTRIA/957860/2016	A/Austria/957860/2016	EPI_ISL_256012	2016-12-06	Europe / Austria	Human	gisaid_meta_2015-2016.xls
A/AUSTRIA/960579/2016	A/Austria/960579/2016	EPI_ISL_240717	2016-12-22	Europe / Austria / Bundesland Steiermark	Human	gisaid_meta_2015-2016.xls
A/AUSTRIA/960579/2016	A/Austria/960579/2016	EPI_ISL_248823	2016-12-20	Europe / Austria	Human	gisaid_meta_2015-2016.xls
A/AUSTRIA/960696/2016	A/Austria/960696/2016	EPI_ISL_240718	2016-12-22	Europe / Austria / Bundesland Wien	Human	gisaid_meta_2015-2016.xls
A/AUSTRIA/960696/2016	A/Austria/960696/2016	EPI_ISL_248399	2016-12-22	Europe / Austria	Human	gisaid_meta_2015-2016.xls
A/AVIGNON/1286/2020	A/Avignon/1286/2020	EPI_ISL_498289	2020-02-17	Europe / France	Human	gisaid_meta_2020-21.xls
A/AVIGNON/1286/2020	A/Avignon/1286/2020	EPI_ISL_498290	2020-02-17	Europe / France	Human	gisaid_meta_2020-21.xls
A/AVILA/15/2019	A/Avila/15/2019	EPI_ISL_355005	2019-01-10	Europe / Spain	Human	gisaid_meta_2019.xls
A/AVILA/3/2019	A/Avila/3/2019	EPI_ISL_355006	2019-01-03	Europe / Spain	Human	gisaid_meta_2019.xls
A/AYDIN/3060/2016	A/Aydin/3060/2016	EPI_ISL_232837	2016-02-03	Asia / Turkey	Human	gisaid_meta_2015-2016.xls
A/AYDIN/3446/2016	A/Aydin/3446/2016	EPI_ISL_232838	2016-02-11	Asia / Turkey	Human	gisaid_meta_2015-2016.xls
A/BACAU/88448/2012	A/Bacau/88448/2012	EPI_ISL_107835	2011-12-19	Europe / Romania	Human	gisaid_meta_2011-2014.xls
A/BACAU/89197/2012	A/Bacau/89197/2012	EPI_ISL_107836	2012-01-03	Europe / Romania	Human	gisaid_meta_2011-2014.xls
A/BACAU/89197/2012	A/Bacau/89197/2012	EPI_ISL_118771	2012-01-03	Europe / Romania	Human	gisaid_meta_2011-2014.xls
A/BADEN WURTTEMBERG/132/2019	A/Baden-Wurttemberg/132/2019	EPI_ISL_358021	2019-03-06	Europe / Germany	Human	gisaid_meta_2019.xls
A/BADEN WURTTEMBERG/17/2020	A/Baden-Wurttemberg/17/2020	EPI_ISL_426193	2020-01-21	Europe / Germany	Human	gisaid_meta_2020-21.xls
A/BADEN WURTTEMBERG/85/2014	A/Baden-Wurttemberg/85/2014	EPI_ISL_170265	2014-11-10	Europe / Germany	Human	gisaid_meta_2011-2014.xls
A/BADEN WURTTEMBERG/87/2014	A/Baden-Wurttemberg/87/2014	EPI_ISL_170266	2014-12-22	Europe / Germany	Human	gisaid_meta_2011-2014.xls
A/BADEN WURTTEMBERG/87/2019	A/Baden-Wurttemberg/87/2019	EPI_ISL_355008	2019-02-25	Europe / Germany	Human	gisaid_meta_2019.xls
A/BADEN WURTTEMBERG/9/2015	A/Baden-Wurttemberg/9/2015	EPI_ISL_174985	2015	Europe / Germany	Human	gisaid_meta_2015-2016.xls
A/BADEN WURTTEMBERG/95/2020	A/Baden-Wurttemberg/95/2020	EPI_ISL_434389	2020-02-10	Europe / Germany	Human	gisaid_meta_2020-21.xls
A/BADEN WURTTEMBERG/95/2020	A/Baden-Wurttemberg/95/2020	EPI_ISL_477397	2020-02-10	Europe / Germany	Human	gisaid_meta_2020-21.xls
A/BALEARES/14037/2013	A/Baleares/14037/2013	EPI_ISL_155889	2013-12-29	Europe / Spain	Human	gisaid_meta_2011-2014.xls
A/BALEARES/14037/2013	A/Baleares/14037/2013	EPI_ISL_157307	2013-12-29	Europe / Spain / Balearic Islands	Human	gisaid_meta_2011-2014.xls
A/BALEARES/1498/2013	A/Baleares/1498/2013	EPI_ISL_152893	2013-11-29	Europe / Spain / Balearic Islands	Human	gisaid_meta_2011-2014.xls
A/BALEARES/1498/2013	A/Baleares/1498/2013	EPI_ISL_153154	2013-11-29	Europe / Spain	Human	gisaid_meta_2011-2014.xls
A/BALEARES/1498/2013	A/Baleares/1498/2013	EPI_ISL_153704	2013-11-29	Europe / Spain	Human	gisaid_meta_2011-2014.xls
A/BALEARES/1521/2013	A/Baleares/1521/2013	EPI_ISL_153234	2013-12-07	Europe / Spain / Balearic Islands	Human	gisaid_meta_2011-2014.xls
A/BALEARES/1521/2013	A/Baleares/1521/2013	EPI_ISL_153705	2013-12-07	Europe / Spain	Human	gisaid_meta_2011-2014.xls
A/BALEARES/1521/2013	A/Baleares/1521/2013	EPI_ISL_155735	2013-12-07	Europe / Spain / Balearic Islands	Human	gisaid_meta_2011-2014.xls
A/BANGKOK/1/1979	A/Bangkok/1/1979	EPI_ISL_115698	1979	Asia / Thailand	Human	gisaid_meta_2010.xls
A/BANGKOK/1/1979	A/Bangkok/1/1979	EPI_ISL_122020	1979	Asia / Thailand / Bangkok	Human	gisaid_meta_2010.xls
A/BANGKOK/1/1979	A/Bangkok/1/1979	EPI_ISL_1412	1979	Asia / Thailand / Phra Nakhon Si Ayutthaya	Human	gisaid_meta_2010.xls
A/BANGKOK/161/2001	A/Bangkok/161/2001	EPI_ISL_186738	2001-04-24	Asia / Thailand	Human	gisaid_meta_2010.xls
A/BANGKOK/72/1999	A/Bangkok/72/1999	EPI_ISL_3663347	1999-02-24	Asia / Thailand / Bangkok	Human	gisaid_meta_2010.xls
A/BANGLADESH/1001/2020	A/Bangladesh/1001/2020	EPI_ISL_717679	2020-09-05	Asia / Bangladesh	Human	gisaid_meta_2020-21.xls
A/BANGLADESH/1001/2020	A/Bangladesh/1001/2020	EPI_ISL_959651	2020-09-05	Asia / Bangladesh	Human	gisaid_meta_2020-21.xls
A/BANGLADESH/1006/2020	A/Bangladesh/1006/2020	EPI_ISL_1064128	2020-09-28	Asia / Bangladesh	Human	gisaid_meta_2020-21.xls
A/BANGLADESH/1006/2020	A/Bangladesh/1006/2020	EPI_ISL_1519227	2020-08-26	North America / United States	Human	gisaid_meta_2020-21.xls
A/BANGLADESH/2002/2020	A/Bangladesh/2002/2020	EPI_ISL_717682	2020-10-01	Asia / Bangladesh	Human	gisaid_meta_2020-21.xls
A/BANGLADESH/2002/2020	A/Bangladesh/2002/2020	EPI_ISL_882876	2020-10-01	Asia / Bangladesh	Human	gisaid_meta_2020-21.xls
A/BANGLADESH/2002/2020	A/Bangladesh/2002/2020	EPI_ISL_959652	2020-10-01	Asia / Bangladesh	Human	gisaid_meta_2020-21.xls
A/BANGLADESH/2004/2020	A/Bangladesh/2004/2020	EPI_ISL_717685	2020-10-04	Asia / Bangladesh	Human	gisaid_meta_2020-21.xls
A/BANGLADESH/2004/2020	A/Bangladesh/2004/2020	EPI_ISL_959653	2020-10-04	Asia / Bangladesh	Human	gisaid_meta_2020-21.xls
A/BANGLADESH/2004/2020	A/Bangladesh/2004/2020	EPI_ISL_965042	2020-10-04	Asia / Bangladesh	Human	gisaid_meta_2020-21.xls
A/BANGLADESH/2004/2020	A/Bangladesh/2004/2020	EPI_ISL_968773	2020-10-04	Asia / Bangladesh	Human	gisaid_meta_2020-21.xls
A/BANGLADESH/3005/2020	A/Bangladesh/3005/2020	EPI_ISL_1519246	2020	Oceania / Australia	Human	gisaid_meta_2020-21.xls
A/BANGLADESH/3005/2020	A/Bangladesh/3005/2020	EPI_ISL_16947000	2020-09-05	Asia / Bangladesh	Human	gisaid_meta_2020-21.xls
A/BANGLADESH/3005/2020	A/Bangladesh/3005/2020	EPI_ISL_717681	2020-09-05	Asia / Bangladesh	Human	gisaid_meta_2020-21.xls
A/BANGLADESH/3005/2020	A/Bangladesh/3005/2020	EPI_ISL_882879	2020-09-05	Asia / Bangladesh	Human	gisaid_meta_2020-21.xls
A/BANGLADESH/3005/2020	A/Bangladesh/3005/2020	EPI_ISL_968670	2020-09-05	Asia / Bangladesh	Human	gisaid_meta_2020-21.xls
A/BANGLADESH/4002/2020	A/Bangladesh/4002/2020	EPI_ISL_1519264	2020	Oceania / Australia	Human	gisaid_meta_2020-21.xls
A/BANGLADESH/4002/2020	A/Bangladesh/4002/2020	EPI_ISL_16947003	2020-10-05	Asia / Bangladesh	Human	gisaid_meta_2020-21.xls
A/BANGLADESH/4002/2020	A/Bangladesh/4002/2020	EPI_ISL_717689	2020-10-05	Asia / Bangladesh	Human	gisaid_meta_2020-21.xls
A/BANGLADESH/4002/2020	A/Bangladesh/4002/2020	EPI_ISL_882874	2020-10-05	Asia / Bangladesh	Human	gisaid_meta_2020-21.xls
A/BANGLADESH/4002/2020	A/Bangladesh/4002/2020	EPI_ISL_968666	2020-10-05	Asia / Bangladesh	Human	gisaid_meta_2020-21.xls
A/BANGLADESH/4005/2020	A/Bangladesh/4005/2020	EPI_ISL_1296491	2020-10-04	Asia / Bangladesh	Human	gisaid_meta_2020-21.xls
A/BANGLADESH/4005/2020	A/Bangladesh/4005/2020	EPI_ISL_16947004	2020-10-04	Asia / Bangladesh	Human	gisaid_meta_2020-21.xls
A/BANGLADESH/4005/2020	A/Bangladesh/4005/2020	EPI_ISL_717674	2020-10-04	Asia / Bangladesh	Human	gisaid_meta_2020-21.xls
A/BANGLADESH/4005/2020	A/Bangladesh/4005/2020	EPI_ISL_882880	2020-10-04	Asia / Bangladesh	Human	gisaid_meta_2020-21.xls
A/BANGLADESH/4005/2020	A/Bangladesh/4005/2020	EPI_ISL_959654	2020-10-04	Asia / Bangladesh	Human	gisaid_meta_2020-21.xls
A/BANGLADESH/5071/2011	A/Bangladesh/5071/2011	EPI_ISL_94768	2011-05-19	Asia / Bangladesh	Human	gisaid_meta_2011-2014.xls
A/BANGLADESH/5071/2011	A/Bangladesh/5071/2011	EPI_ISL_96082	2011-05-19	Asia / Bangladesh	Human	gisaid_meta_2011-2014.xls
A/BANGLADESH/5071/2011	A/Bangladesh/5071/2011	EPI_ISL_99069	2011-05-19	Asia / Bangladesh	Human	gisaid_meta_2011-2014.xls
A/BANGLADESH/5071/2011	A/Bangladesh/5071/2011	EPI_ISL_99070	2011-05-19	Asia / Bangladesh	Human	gisaid_meta_2011-2014.xls
A/BANGLADESH/5071/2011	A/Bangladesh/5071/2011	EPI_ISL_99071	2011-05-19	Asia / Bangladesh	Human	gisaid_meta_2011-2014.xls
A/BANGLADESH/911009/2020	A/Bangladesh/911009/2020	EPI_ISL_1015484	2020-09-03	Asia / Bangladesh	Human	gisaid_meta_2020-21.xls
A/BANGLADESH/911009/2020	A/Bangladesh/911009/2020	EPI_ISL_16947005	2020-09-03	Asia / Bangladesh	Human	gisaid_meta_2020-21.xls
A/BANGLADESH/911009/2020	A/Bangladesh/911009/2020	EPI_ISL_2932737	2020-09-03	North America / United States	Human	gisaid_meta_2020-21.xls
A/BANGLADESH/911009/2020	A/Bangladesh/911009/2020	EPI_ISL_717688	2020-09-03	Asia / Bangladesh	Human	gisaid_meta_2020-21.xls
A/BANGLADESH/911009/2020	A/Bangladesh/911009/2020	EPI_ISL_968664	2020-09-03	Asia / Bangladesh	Human	gisaid_meta_2020-21.xls
A/BARCELONA/437/2009	A/Barcelona/437/2009	EPI_ISL_61737	2009-01-07	Europe / Spain	Human	gisaid_meta_2010.xls
A/BARCELONA/443/2009	A/Barcelona/443/2009	EPI_ISL_61738	2009-01-09	Europe / Spain	Human	gisaid_meta_2010.xls
A/BARCELONA/V195A/2009	A/Barcelona/V195A/2009	EPI_ISL_61739	2009-01-08	Europe / Spain	Human	gisaid_meta_2010.xls
A/BARCELONA/V256A/2009	A/Barcelona/V256A/2009	EPI_ISL_61740	2009-01-11	Europe / Spain	Human	gisaid_meta_2010.xls
A/BARI/11/2016	A/Bari/11/2016	EPI_ISL_224236	2016-01-11	Europe / Italy / Apulia / Province of Bari	Human	gisaid_meta_2015-2016.xls
A/BARI/11/2016	A/Bari/11/2016	EPI_ISL_224528	2016-01-26	Europe / Italy	Human	gisaid_meta_2015-2016.xls
A/BARNAUL/139/2017	A/Barnaul/139/2017	EPI_ISL_276263	2017-01-31	Europe / Russian Federation	Human	gisaid_meta_2017.xls
A/BASSENORMANDIE/1055/2017	A/Basse_Normandie/1055/2017	EPI_ISL_255682	2017-02-20	Europe / France / Basse-Normandie	Human	gisaid_meta_2017.xls
A/BASSENORMANDIE/1055/2017	A/Basse Normandie/1055/2017	EPI_ISL_276887	2017-02-20	Europe / France	Human	gisaid_meta_2017.xls
A/BASSENORMANDIE/1144/2018	A/Basse_Normandie/1144/2018	EPI_ISL_305446	2018-02-26	Europe / France / Basse-Normandie	Human	gisaid_meta_2018.xls
A/BASSENORMANDIE/1144/2018	A/Basse_Normandie/1144/2018	EPI_ISL_314658	2018-02-26	Europe / France	Human	gisaid_meta_2018.xls
A/BAYERN/1/2014	A/Bayern/1/2014	EPI_ISL_155890	2014-01-20	Europe / Germany	Human	gisaid_meta_2011-2014.xls
A/BAYERN/1/2014	A/Bayern/1/2014	EPI_ISL_175522	2014-01-20	Europe / Germany	Human	gisaid_meta_2011-2014.xls
A/BAYERN/1/2015	A/Bayern/1/2015	EPI_ISL_171763	2014-12-20	Europe / Germany	Human	gisaid_meta_2011-2014.xls
A/BAYERN/113/2019	A/Bayern/113/2019	EPI_ISL_401783	2019-10-10	Europe / Germany	Human	gisaid_meta_2019.xls
A/BAYERN/113/2019	A/Bayern/113/2019	EPI_ISL_406265	2019-10-10	Europe / Germany	Human	gisaid_meta_2019.xls
A/BAYERN/139/2013	A/Bayern/139/2013	EPI_ISL_153155	2013-11-26	Europe / Germany	Human	gisaid_meta_2011-2014.xls
A/BAYERN/2/2020	A/Bayern/2/2020	EPI_ISL_407205	2020-01-13	Europe / Germany	Human	gisaid_meta_2020-21.xls
A/BAYERN/2/2020	A/Bayern/2/2020	EPI_ISL_426195	2020-01-13	Europe / Germany	Human	gisaid_meta_2020-21.xls
A/BAYERN/45/2014	A/Bayern/45/2014	EPI_ISL_170268	2014-12-23	Europe / Germany	Human	gisaid_meta_2011-2014.xls
A/BAYERN/47/2018	A/Bayern/47/2018	EPI_ISL_312258	2018-04-06	Europe / Germany	Human	gisaid_meta_2018.xls
A/BAYERN/53/2019	A/Bayern/53/2019	EPI_ISL_355009	2019-02-11	Europe / Germany	Human	gisaid_meta_2019.xls
A/BAYERN/76/2016	A/Bayern/76/2016	EPI_ISL_257349	2016-12-13	Europe / Germany	Human	gisaid_meta_2015-2016.xls
A/BAYERN/76/2016	A/Bayern/76/2016	EPI_ISL_259649	2016-12-13	Europe / Germany	Human	gisaid_meta_2015-2016.xls
A/BEHORIRIKA/355/2015	A/Behoririka/355/2015	EPI_ISL_190905	2015-02-04	Africa / Madagascar	Human	gisaid_meta_2015-2016.xls
A/BEIJING/201915554/2018	A/Beijing/2019-15554/2018	EPI_ISL_344170	2018-12-25	Asia / China / Beijing	Human	gisaid_meta_2018.xls
A/BEIJING/201915554/2018	A/Beijing/2019-15554/2018	EPI_ISL_344171	2018-12-25	Asia / China / Beijing	Human	gisaid_meta_2018.xls
A/BEIJING/201915554/2018	A/Beijing/2019-15554/2018	EPI_ISL_353442	2018-12-25	Asia / China	Human	gisaid_meta_2018.xls
A/BEIJING/201915554/2018	A/Beijing/2019-15554/2018	EPI_ISL_355689	2018-12-25	Asia / China	Human	gisaid_meta_2018.xls
A/BEIJING/201915554/2018	A/Beijing/2019-15554/2018	EPI_ISL_355691	2018-12-25	Asia / China	Human	gisaid_meta_2018.xls
A/BEIJING/201915554/2018	A/Beijing/2019-15554/2018	EPI_ISL_355775	2018-12-25	Asia / China	Human	gisaid_meta_2018.xls
A/BEIJING/201915554/2018	A/Beijing/2019-15554/2018	EPI_ISL_355884	2018-12-25	Asia / China	Human	gisaid_meta_2018.xls
A/BEIJING/352/1989	A/Beijing/352/1989	EPI_ISL_110905	1989	Asia / China	Human	gisaid_meta_2010.xls
A/BEIJING/352/1989	A/Beijing/352/1989	EPI_ISL_8277	1989	Asia / China	Laboratory derived	gisaid_meta_2010.xls
A/BEIJINGCHAOYANG/12841/2018	A/Beijing-Chaoyang/12841/2018	EPI_ISL_334516	2018-11-26	Asia / China / Beijing	Human	gisaid_meta_2018.xls
A/BEIJINGCHAOYANG/12841/2018	A/Beijing-Chaoyang/12841/2018	EPI_ISL_342256	2018-11-26	Asia / China	Human	gisaid_meta_2018.xls
A/BEIJINGCHAOYANG/12841/2018	A/Beijing-Chaoyang/12841/2018	EPI_ISL_344421	2018-11-26	Asia / China	Human	gisaid_meta_2018.xls
A/BEIJINGCHAOYANG/12841/2018	A/Beijing-Chaoyang/12841/2018	EPI_ISL_362247	2018-11-26	Asia / China	Human	gisaid_meta_2018.xls
A/BEIJINGHUAIROU/1557/2018	A/Beijing-Huairou/1557/2018	EPI_ISL_330017	2018-03-05	Asia / China	Human	gisaid_meta_2018.xls
A/BEIJINGHUAIROU/1557/2018	A/Beijing-Huairou/1557/2018	EPI_ISL_330929	2018-03-05	Asia / China	Human	gisaid_meta_2018.xls
A/BEIJINGHUAIROU/1557/2018	A/Beijing-Huairou/1557/2018	EPI_ISL_334628	2018-03-05	Asia / China / Beijing	Human	gisaid_meta_2018.xls
A/BEIJINGHUAIROU/1557/2018	A/Beijing-Huairou/1557/2018	EPI_ISL_335119	2018-03-05	Asia / China / Beijing	Human	gisaid_meta_2018.xls
A/BEIJINGXICHENG/13100/2014	A/Beijing-Xicheng/13100/2014	EPI_ISL_169739	2014-08-04	Asia / China / Beijing	Human	gisaid_meta_2011-2014.xls
A/BEIJINGXICHENG/13100/2014	A/Beijing-Xicheng/13100/2014	EPI_ISL_171348	2014-08-04	Asia / China	Human	gisaid_meta_2011-2014.xls
A/BEIRUT/331/2020	A/Beirut/331/2020	EPI_ISL_455553	2020-02-25	Asia / Lebanon	Human	gisaid_meta_2020-21.xls
A/BEIRUT/331/2020	A/Beirut/331/2020	EPI_ISL_498293	2020-02-25	Asia / Lebanon	Human	gisaid_meta_2020-21.xls
A/BEIRUT/421/2020	A/Beirut/421/2020	EPI_ISL_529039	2020-03-05	Asia / Lebanon	Human	gisaid_meta_2020-21.xls
A/BELARUS/1136/2017	A/Belarus/1136/2017	EPI_ISL_257351	2017-01-13	Europe / Belarus	Human	gisaid_meta_2017.xls
A/BELARUS/1140/2017	A/Belarus/1140/2017	EPI_ISL_257353	2017-01-15	Europe / Belarus	Human	gisaid_meta_2017.xls
A/BELARUS/1146/2017	A/Belarus/1146/2017	EPI_ISL_257355	2017-01-14	Europe / Belarus	Human	gisaid_meta_2017.xls
A/BELARUS/1147/2017	A/Belarus/1147/2017	EPI_ISL_257356	2017-01-14	Europe / Belarus	Human	gisaid_meta_2017.xls
A/BELGIUM/13G1308/2013	A/Belgium/13G1308/2013	EPI_ISL_155891	2013-12-10	Europe / Belgium	Human	gisaid_meta_2011-2014.xls
A/BELGIUM/13G1319/2013	A/Belgium/13G1319/2013	EPI_ISL_154740	2013-12-12	Europe / Belgium	Human	gisaid_meta_2011-2014.xls
A/BELGIUM/13G1326/2013	A/Belgium/13G1326/2013	EPI_ISL_154741	2013-12-19	Europe / Belgium	Human	gisaid_meta_2011-2014.xls
A/BELGIUM/13G1334/2013	A/Belgium/13G1334/2013	EPI_ISL_154742	2013-12-16	Europe / Belgium	Human	gisaid_meta_2011-2014.xls
A/BELGIUM/13G1346/2013	A/Belgium/13G1346/2013	EPI_ISL_154743	2013-12-27	Europe / Belgium	Human	gisaid_meta_2011-2014.xls
A/BELGIUM/14G0001/2014	A/Belgium/14G0001/2014	EPI_ISL_154744	2014-01-03	Europe / Belgium	Human	gisaid_meta_2011-2014.xls
A/BELGIUM/14S0265/2014	A/Belgium/14S0265/2014	EPI_ISL_163093	2014-03-07	Europe / Belgium	Human	gisaid_meta_2011-2014.xls
A/BELGIUM/G0023/2019	A/Belgium/G0023/2019	EPI_ISL_344063	2019-01-03	Europe / Belgium	Human	gisaid_meta_2019.xls
A/BELGIUM/G0023/2019	A/Belgium/G0023/2019	EPI_ISL_353982	2019-01-03	Europe / Belgium	Human	gisaid_meta_2019.xls
A/BELGIUM/G0023/2019	A/Belgium/G0023/2019	EPI_ISL_355244	2019-01-03	Europe / Belgium	Human	gisaid_meta_2019.xls
A/BELGIUM/G0023/2019	A/Belgium/G0023/2019	EPI_ISL_357826	2019-01-03	Europe / Belgium	Human	gisaid_meta_2019.xls
A/BELGIUM/G0023/2019	A/Belgium/G0023/2019	EPI_ISL_391202	2019-01-03	Europe / Belgium	Human	gisaid_meta_2019.xls
A/BELGIUM/G0023/2019	A/Belgium/G0023/2019	EPI_ISL_391203	2019-01-03	Europe / Belgium	Human	gisaid_meta_2019.xls
A/BELGIUM/G0024/2017	A/Belgium/G0024/2017	EPI_ISL_264026	2017-01-03	Europe / Belgium	Human	gisaid_meta_2017.xls
A/BELGIUM/G0042/2017	A/Belgium/G0042/2017	EPI_ISL_264029	2017-01-05	Europe / Belgium	Human	gisaid_meta_2017.xls
A/BELGIUM/G0044/2013	A/Belgium/G0044 /2013	EPI_ISL_136363	2013-01-07	Europe / Belgium	Human	gisaid_meta_2011-2014.xls
A/BELGIUM/G0214/2020	A/Belgium/G0214/2020	EPI_ISL_477418	2020-02-05	Europe / Belgium	Human	gisaid_meta_2020-21.xls
A/BELGIUM/G0214/2020	A/Belgium/G0214/2020	EPI_ISL_477419	2020-02-05	Europe / Belgium	Human	gisaid_meta_2020-21.xls
A/BELGIUM/G0229/2020	A/Belgium/G0229/2020	EPI_ISL_477420	2020-02-03	Europe / Belgium	Human	gisaid_meta_2020-21.xls
A/BELGIUM/G0229/2020	A/Belgium/G0229/2020	EPI_ISL_485719	2020-02-03	Europe / Belgium	Human	gisaid_meta_2020-21.xls
A/BELGIUM/G0270/2020	A/Belgium/G0270/2020	EPI_ISL_477423	2020-02-10	Europe / Belgium	Human	gisaid_meta_2020-21.xls
A/BELGIUM/G0270/2020	A/Belgium/G0270/2020	EPI_ISL_485720	2020-02-10	Europe / Belgium	Human	gisaid_meta_2020-21.xls
A/BELGIUM/G0274/2020	A/Belgium/G0274/2020	EPI_ISL_477424	2020-02-10	Europe / Belgium	Human	gisaid_meta_2020-21.xls
A/BELGIUM/G0274/2020	A/Belgium/G0274/2020	EPI_ISL_485721	2020-02-10	Europe / Belgium	Human	gisaid_meta_2020-21.xls
A/BELGIUM/G0275/2020	A/Belgium/G0275/2020	EPI_ISL_477425	2020-02-10	Europe / Belgium	Human	gisaid_meta_2020-21.xls
A/BELGIUM/G0275/2020	A/Belgium/G0275/2020	EPI_ISL_485722	2020-02-10	Europe / Belgium	Human	gisaid_meta_2020-21.xls
A/BELGIUM/G0506/2019	A/Belgium/G0506/2019	EPI_ISL_426196	2019-11-28	Europe / Belgium	Human	gisaid_meta_2019.xls
A/BELGIUM/G0514/2019	A/Belgium/G0514/2019	EPI_ISL_406268	2019-12-10	Europe / Belgium	Human	gisaid_meta_2019.xls
A/BELGIUM/G0514/2019	A/Belgium/G0514/2019	EPI_ISL_426197	2019-12-10	Europe / Belgium	Human	gisaid_meta_2019.xls
A/BELGIUM/G0528/2019	A/Belgium/G0528/2019	EPI_ISL_406325	2019-12-19	Europe / Belgium	Human	gisaid_meta_2019.xls
A/BELGIUM/G0528/2019	A/Belgium/G0528/2019	EPI_ISL_426198	2019-12-19	Europe / Belgium	Human	gisaid_meta_2019.xls
A/BELGIUM/G0542/2019	A/Belgium/G0542/2019	EPI_ISL_406326	2019-12-23	Europe / Belgium	Human	gisaid_meta_2019.xls
A/BELGIUM/G0542/2019	A/Belgium/G0542/2019	EPI_ISL_426199	2019-12-23	Europe / Belgium	Human	gisaid_meta_2019.xls
A/BELGIUM/G0687/2016	A/Belgium/G0687/2016	EPI_ISL_243108	2016-11-25	Europe / Belgium	Human	gisaid_meta_2015-2016.xls
A/BELGIUM/G589/2014	A/Belgium/G589/2014	EPI_ISL_170271	2014-10-22	Europe / Belgium	Human	gisaid_meta_2011-2014.xls
A/BELGIUM/G678/2014	A/Belgium/G678/2014	EPI_ISL_13017065	2014-12-04	Europe / Belgium	Human	gisaid_meta_2011-2014.xls
A/BELGIUM/G678/2014	A/Belgium/G678/2014	EPI_ISL_170274	2014-12-04	Europe / Belgium	Human	gisaid_meta_2011-2014.xls
A/BELGIUM/H0017/2020	A/Belgium/H0017/2020	EPI_ISL_477437	2020-02-09	Europe / Belgium	Human	gisaid_meta_2020-21.xls
A/BELGIUM/H0017/2020	A/Belgium/H0017/2020	EPI_ISL_477438	2020-02-09	Europe / Belgium	Human	gisaid_meta_2020-21.xls
A/BELGIUM/H23/2017	A/Belgium/H23/2017	EPI_ISL_274505	2017-01-29	Europe / Belgium	Human	gisaid_meta_2017.xls
A/BELGIUM/H25/2017	A/Belgium/H25/2017	EPI_ISL_274507	2017-01-25	Europe / Belgium	Human	gisaid_meta_2017.xls
A/BELGIUM/H80/2014	A/Belgium/H80/2014	EPI_ISL_170275	2014-09-29	Europe / Belgium	Human	gisaid_meta_2011-2014.xls
A/BELGIUM/S0275/2019	A/Belgium/S0275/2019	EPI_ISL_344072	2019-01-15	Europe / Belgium	Human	gisaid_meta_2019.xls
A/BELGIUM/S0275/2019	A/Belgium/S0275/2019	EPI_ISL_355021	2019-01-15	Europe / Belgium	Human	gisaid_meta_2019.xls
A/BELGIUM/S0571/2020	A/Belgium/S0571/2020	EPI_ISL_477461	2020-02-03	Europe / Belgium	Human	gisaid_meta_2020-21.xls
A/BELGIUM/S0571/2020	A/Belgium/S0571/2020	EPI_ISL_485723	2020-02-03	Europe / Belgium	Human	gisaid_meta_2020-21.xls
A/BELGIUM/S0710/2020	A/Belgium/S0710/2020	EPI_ISL_477470	2020-02-08	Europe / Belgium	Human	gisaid_meta_2020-21.xls
A/BELGIUM/S0710/2020	A/Belgium/S0710/2020	EPI_ISL_477471	2020-02-08	Europe / Belgium	Human	gisaid_meta_2020-21.xls
A/BELGIUM/S0734/2020	A/Belgium/S0734/2020	EPI_ISL_477472	2020-02-10	Europe / Belgium	Human	gisaid_meta_2020-21.xls
A/BELGIUM/S0734/2020	A/Belgium/S0734/2020	EPI_ISL_485724	2020-02-10	Europe / Belgium	Human	gisaid_meta_2020-21.xls
A/BELGIUM/S0751/2020	A/Belgium/S0751/2020	EPI_ISL_477473	2020-02-01	Europe / Belgium	Human	gisaid_meta_2020-21.xls
A/BELGIUM/S0751/2020	A/Belgium/S0751/2020	EPI_ISL_477474	2020-02-01	Europe / Belgium	Human	gisaid_meta_2020-21.xls
A/BELGIUM/S0826/2020	A/Belgium/S0826/2020	EPI_ISL_477475	2020-02-12	Europe / Belgium	Human	gisaid_meta_2020-21.xls
A/BELGIUM/S0826/2020	A/Belgium/S0826/2020	EPI_ISL_477476	2020-02-12	Europe / Belgium	Human	gisaid_meta_2020-21.xls
A/BELGIUM/S0831/2020	A/Belgium/S0831/2020	EPI_ISL_477477	2020-02-11	Europe / Belgium	Human	gisaid_meta_2020-21.xls
A/BELGIUM/S0831/2020	A/Belgium/S0831/2020	EPI_ISL_485725	2020-02-11	Europe / Belgium	Human	gisaid_meta_2020-21.xls
A/BELGIUM/S0878/2020	A/Belgium/S0878/2020	EPI_ISL_477479	2020-02-14	Europe / Belgium	Human	gisaid_meta_2020-21.xls
A/BELGIUM/S0878/2020	A/Belgium/S0878/2020	EPI_ISL_477480	2020-02-14	Europe / Belgium	Human	gisaid_meta_2020-21.xls
A/BELGIUM/S0900/2020	A/Belgium/S0900/2020	EPI_ISL_485726	2020-02-11	Europe / Belgium	Human	gisaid_meta_2020-21.xls
A/BELGIUM/S1003/2020	A/Belgium/S1003/2020	EPI_ISL_477484	2020-02-19	Europe / Belgium	Human	gisaid_meta_2020-21.xls
A/BELGIUM/S1003/2020	A/Belgium/S1003/2020	EPI_ISL_485727	2020-02-19	Europe / Belgium	Human	gisaid_meta_2020-21.xls
A/BELGIUM/S1081/2020	A/Belgium/S1081/2020	EPI_ISL_477487	2020-02-24	Europe / Belgium	Human	gisaid_meta_2020-21.xls
A/BELGIUM/S1081/2020	A/Belgium/S1081/2020	EPI_ISL_477488	2020-02-24	Europe / Belgium	Human	gisaid_meta_2020-21.xls
A/BELGIUM/S1258/2020	A/Belgium/S1258/2020	EPI_ISL_477494	2020-02-07	Europe / Belgium	Human	gisaid_meta_2020-21.xls
A/BELGIUM/S1258/2020	A/Belgium/S1258/2020	EPI_ISL_485728	2020-02-07	Europe / Belgium	Human	gisaid_meta_2020-21.xls
A/BELGOROD/2/2016	A/Belgorod/2/2016	EPI_ISL_248401	2016-12-13	Europe / Russian Federation	Human	gisaid_meta_2015-2016.xls
A/BELGRADE/1420/2012	A/Belgrade/1420/2012	EPI_ISL_128016	2012-03-26	Europe / Serbia	Human	gisaid_meta_2011-2014.xls
A/BELGRADE/1470/2012	A/Belgrade/1470/2012	EPI_ISL_128017	2012-03-27	Europe / Serbia	Human	gisaid_meta_2011-2014.xls
A/BELGRADE/1544/2012	A/Belgrade/1544/2012	EPI_ISL_128018	2012-03-30	Europe / Serbia	Human	gisaid_meta_2011-2014.xls
A/BELGRADE/1545/2012	A/Belgrade/1545/2012	EPI_ISL_128019	2012-03-30	Europe / Serbia	Human	gisaid_meta_2011-2014.xls
A/BELGRADE/1741/2012	A/Belgrade/1741/2012	EPI_ISL_128020	2012-04-11	Europe / Serbia	Human	gisaid_meta_2011-2014.xls
A/BELGRADE/449/2012	A/Belgrade/449/2012	EPI_ISL_128021	2012-02-02	Europe / Serbia	Human	gisaid_meta_2011-2014.xls
A/BELGRADE/898/2012	A/Belgrade/898/2012	EPI_ISL_128022	2012-03-06	Europe / Serbia	Human	gisaid_meta_2011-2014.xls
A/BEOGRAD/1549/2012	A/Beograd/1549/2012	EPI_ISL_128023	2012-04-02	Europe / Serbia	Human	gisaid_meta_2011-2014.xls
A/BEOGRAD/1607/2012	A/Beograd/1607/2012	EPI_ISL_128024	2012-04-04	Europe / Serbia	Human	gisaid_meta_2011-2014.xls
A/BERLIN/1/2015	A/Berlin/1/2015	EPI_ISL_170631	2015-01-06	Europe / Germany	Human	gisaid_meta_2015-2016.xls
A/BERLIN/165/2012	A/Berlin/165/2012	EPI_ISL_134159	2012-12-05	Europe / Germany	Human	gisaid_meta_2011-2014.xls
A/BERLIN/165/2012	A/Berlin/165/2012	EPI_ISL_141666	2012-12-05	Europe / Germany	Human	gisaid_meta_2011-2014.xls
A/BERLIN/165/2012	A/Berlin/165/2012	EPI_ISL_175501	2012-12-05	Europe / Germany	Human	gisaid_meta_2011-2014.xls
A/BERLIN/21/2020	A/Berlin/21/2020	EPI_ISL_413431	2020-01-28	Europe / Germany	Human	gisaid_meta_2020-21.xls
A/BERLIN/21/2020	A/Berlin/21/2020	EPI_ISL_426200	2020-01-28	Europe / Germany	Human	gisaid_meta_2020-21.xls
A/BERLIN/215/2013	A/Berlin/215/2013	EPI_ISL_153706	2013-12-10	Europe / Germany	Human	gisaid_meta_2011-2014.xls
A/BERLIN/215/2013	A/Berlin/215/2013	EPI_ISL_175533	2013-12-10	Europe / Germany	Human	gisaid_meta_2011-2014.xls
A/BERLIN/23/2019	A/Berlin/23/2019	EPI_ISL_347126	2019-01-31	Europe / Germany	Human	gisaid_meta_2019.xls
A/BERLIN/27/2016	A/Berlin/27/2016	EPI_ISL_212509	2016-01-23	Europe / Germany	Human	gisaid_meta_2015-2016.xls
A/BERLIN/27/2016	A/Berlin/27/2016	EPI_ISL_218925	2016-01-23	Europe / Germany	Human	gisaid_meta_2015-2016.xls
A/BERLIN/28/2016	A/Berlin/28/2016	EPI_ISL_212511	2016-01-28	Europe / Germany	Human	gisaid_meta_2015-2016.xls
A/BERLIN/28/2016	A/Berlin/28/2016	EPI_ISL_218926	2016-01-28	Europe / Germany	Human	gisaid_meta_2015-2016.xls
A/BERLIN/28/2019	A/Berlin/28/2019	EPI_ISL_355024	2019-02-11	Europe / Germany	Human	gisaid_meta_2019.xls
A/BERLIN/32/2006	A/Berlin/32/2006	EPI_ISL_22754	2006	Europe / Germany / Berlin	Human	gisaid_meta_2010.xls
A/BERLIN/37/2019	A/Berlin/37/2019	EPI_ISL_355025	2019-02-21	Europe / Germany	Human	gisaid_meta_2019.xls
A/BERLIN/4/2014	A/Berlin/4/2014	EPI_ISL_155892	2014-01-20	Europe / Germany	Human	gisaid_meta_2011-2014.xls
A/BERLIN/40/2015	A/Berlin/40/2015	EPI_ISL_173031	2015-01-21	Europe / Germany / Berlin	Human	gisaid_meta_2015-2016.xls
A/BERLIN/40/2015	A/Berlin/40/2015	EPI_ISL_174986	2015-01-21	Europe / Germany	Human	gisaid_meta_2015-2016.xls
A/BERLIN/48/2019	A/Berlin/48/2019	EPI_ISL_358023	2019-03-04	Europe / Germany	Human	gisaid_meta_2019.xls
A/BERLIN/5/2006	A/Berlin/5/2006	EPI_ISL_22749	2006	Europe / Germany / Berlin	Human	gisaid_meta_2010.xls
A/BERLIN/52/2016	A/Berlin/52/2016	EPI_ISL_218498	2016-02-10	Europe / Germany	Human	gisaid_meta_2015-2016.xls
A/BERLIN/52/2016	A/Berlin/52/2016	EPI_ISL_218927	2016-02-10	Europe / Germany	Human	gisaid_meta_2015-2016.xls
A/BERLIN/8/2014	A/Berlin/8/2014	EPI_ISL_175528	2014-01-21	Europe / Germany	Human	gisaid_meta_2011-2014.xls
A/BERLIN/80/2014	A/Berlin/80/2014	EPI_ISL_170280	2014-12-17	Europe / Germany	Human	gisaid_meta_2011-2014.xls
A/BERLIN/82/2014	A/Berlin/82/2014	EPI_ISL_172304	2014-12-18	Europe / Germany / Berlin	Human	gisaid_meta_2011-2014.xls
A/BERLIN/9/2017	A/Berlin/9/2017	EPI_ISL_253503	2017-01-16	Europe / Germany	Human	gisaid_meta_2017.xls
A/BERLIN/9/2017	A/Berlin/9/2017	EPI_ISL_273136	2017-01-16	Europe / Germany	Human	gisaid_meta_2017.xls
A/BITLIS/4351/2016	A/Bitlis/4351/2016	EPI_ISL_232839	2016-03-18	Asia / Turkey	Human	gisaid_meta_2015-2016.xls
A/BOBRUISK/1468/2019	A/Bobruisk/1468/2019	EPI_ISL_367752	2019-03-06	Europe / Belarus	Human	gisaid_meta_2019.xls
A/BOLU/3994/2016	A/Bolu/3994/2016	EPI_ISL_232840	2016-02-26	Asia / Turkey	Human	gisaid_meta_2015-2016.xls
A/BOLZANO/7/2016	A/Bolzano/7/2016	EPI_ISL_224530	2016-03-15	Europe / Italy	Human	gisaid_meta_2015-2016.xls
A/BOLZANO/9/2016	A/Bolzano/9/2016	EPI_ISL_224531	2016-03-27	Europe / Italy	Human	gisaid_meta_2015-2016.xls
A/BORAS/1/2017	A/Boras/1/2017	EPI_ISL_285989	2017-11-15	Europe / Sweden / Vastra Gotalands lan	Human	gisaid_meta_2017.xls
A/BORDEAUX/1276/2006	A/Bordeaux/1276/2006	EPI_ISL_20277	2006-11-30	Europe / France	Human	gisaid_meta_2010.xls
A/BORDEAUX/2456/2013	A/Bordeaux/2456/2013	EPI_ISL_153707	2013-08-27	Europe / France	Human	gisaid_meta_2011-2014.xls
A/BOSNIA AND HERZEGOVINA/107/2017	A/Bosnia and Herzegovina/107/2017	EPI_ISL_274093	2017-02-13	Europe / Bosnia and Herzegovina	Human	gisaid_meta_2017.xls
A/BOSNIA AND HERZEGOVINA/110/2017	A/Bosnia and Herzegovina/110/2017	EPI_ISL_274094	2017-02-15	Europe / Bosnia and Herzegovina	Human	gisaid_meta_2017.xls
A/BOSNIA AND HERZEGOVINA/119/2017	A/Bosnia and Herzegovina/119/2017	EPI_ISL_274095	2017-02-24	Europe / Bosnia and Herzegovina	Human	gisaid_meta_2017.xls
A/BOSNIA AND HERZEGOVINA/12/2016	A/Bosnia and Herzegovina/12/2016	EPI_ISL_259651	2016-12-14	Europe / Bosnia and Herzegovina	Human	gisaid_meta_2015-2016.xls
A/BOSNIA AND HERZEGOVINA/18294/2017	A/Bosnia and Herzegovina/18294/2017	EPI_ISL_280257	2017-02-01	Europe / Bosnia and Herzegovina	Human	gisaid_meta_2017.xls
A/BOSNIA AND HERZEGOVINA/318/2020	A/Bosnia and Herzegovina/318/2020	EPI_ISL_498295	2020-02-18	Europe / Bosnia and Herzegovina	Human	gisaid_meta_2020-21.xls
A/BOSNIA AND HERZEGOVINA/360/2020	A/Bosnia and Herzegovina/360/2020	EPI_ISL_498296	2020-02-25	Europe / Bosnia and Herzegovina	Human	gisaid_meta_2020-21.xls
A/BOSNIA AND HERZEGOVINA/84219/2019	A/Bosnia and Herzegovina/84219/2019	EPI_ISL_388769	2019-04-09	Europe / Bosnia and Herzegovina	Human	gisaid_meta_2019.xls
A/BOSNIA AND HERZEGOVINA/84219/2019	A/Bosnia and Herzegovina/84219/2019	EPI_ISL_393976	2019-04-09	Europe / Bosnia and Herzegovina	Human	gisaid_meta_2019.xls
A/BOSNIA AND HERZEGOVINA/87911/2019	A/Bosnia and Herzegovina/87911/2019	EPI_ISL_388770	2019-04-11	Europe / Bosnia and Herzegovina	Human	gisaid_meta_2019.xls
A/BOSNIA AND HERZEGOVINA/87911/2019	A/Bosnia and Herzegovina/87911/2019	EPI_ISL_393977	2019-04-11	Europe / Bosnia and Herzegovina	Human	gisaid_meta_2019.xls
A/BOSNIAANDHERZEGOVIA/119G/2019	A/Bosnia and Herzegovia/119G/2019	EPI_ISL_389182	2019-01-17	Europe / Bosnia and Herzegovina	Human	gisaid_meta_2019.xls
A/BOURGOGNE/1249/2020	A/Bourgogne/1249/2020	EPI_ISL_462108	2020-02-17	Europe / France	Human	gisaid_meta_2020-21.xls
A/BOURGOGNE/1249/2020	A/Bourgogne/1249/2020	EPI_ISL_485730	2020-02-17	Europe / France	Human	gisaid_meta_2020-21.xls
A/BOURGOGNE/2295/2014	A/Bourgogne/2295/2014	EPI_ISL_170011	2014-12-15	Europe / France / Bourgogne / Departement de Saone-et-Loire	Human	gisaid_meta_2011-2014.xls
A/BOURGOGNE/2295/2014	A/Bourgogne/2295/2014	EPI_ISL_172341	2014-12-15	Europe / France	Human	gisaid_meta_2011-2014.xls
A/BRAILA/89501/2012	A/Braila/89501/2012	EPI_ISL_107838	2012-01-04	Europe / Romania	Human	gisaid_meta_2011-2014.xls
A/BRANDENBURG/1/2012	A/Brandenburg/1/2012	EPI_ISL_107839	2012-01-16	Europe / Germany	Human	gisaid_meta_2011-2014.xls
A/BRANDENBURG/1/2012	A/Brandenburg/1/2012	EPI_ISL_175477	2012-01-16	Europe / Germany	Human	gisaid_meta_2011-2014.xls
A/BRANDENBURG/3/2012	A/Brandenburg/3/2012	EPI_ISL_175502	2012-12-21	Europe / Germany	Human	gisaid_meta_2011-2014.xls
A/BRANDENBURG/40/2017	A/Brandenburg/40/2017	EPI_ISL_267684	2017-03-10	Europe / Germany	Human	gisaid_meta_2017.xls
A/BRANDENBURG/40/2017	A/Brandenburg/40/2017	EPI_ISL_274101	2017-03-10	Europe / Germany	Human	gisaid_meta_2017.xls
A/BRANDENBURG/9/2020	A/Brandenburg/9/2020	EPI_ISL_434392	2020-02-23	Europe / Germany	Human	gisaid_meta_2020-21.xls
A/BRANDENBURG/9/2020	A/Brandenburg/9/2020	EPI_ISL_477500	2020-02-23	Europe / Germany	Human	gisaid_meta_2020-21.xls
A/BRATISLAVA/112/2016	A/Bratislava/112/2016	EPI_ISL_275492	2016-12-30	Europe / Slovakia	Human	gisaid_meta_2015-2016.xls
A/BRATISLAVA/184/2016	A/Bratislava/184/2016	EPI_ISL_224532	2016-02-22	Europe / Slovakia	Human	gisaid_meta_2015-2016.xls
A/BRATISLAVA/225/2020	A/Bratislava/225/2020	EPI_ISL_477501	2020-02-06	Europe / Slovakia	Human	gisaid_meta_2020-21.xls
A/BRATISLAVA/225/2020	A/Bratislava/225/2020	EPI_ISL_485731	2020-02-06	Europe / Slovakia	Human	gisaid_meta_2020-21.xls
A/BRATISLAVA/31/2011	A/Bratislava/31/2011	EPI_ISL_99869	2011-11-03	Europe / Slovakia	Human	gisaid_meta_2011-2014.xls
A/BRATISLAVA/31/2011	A/Bratislava/31/2011	EPI_ISL_99870	2011-11-03	Europe / Slovakia	Human	gisaid_meta_2011-2014.xls
A/BRATISLAVA/319/2020	A/Bratislava/319/2020	EPI_ISL_462109	2020-02-21	Europe / Slovakia	Human	gisaid_meta_2020-21.xls
A/BRATISLAVA/319/2020	A/Bratislava/319/2020	EPI_ISL_485732	2020-02-21	Europe / Slovakia	Human	gisaid_meta_2020-21.xls
A/BRATISLAVA/322/2017	A/Bratislava/322/2017	EPI_ISL_275494	2017-02-15	Europe / Slovakia	Human	gisaid_meta_2017.xls
A/BRATISLAVA/328/2019	A/Bratislava/328/2019	EPI_ISL_377295	2019-02-20	Europe / Slovakia	Human	gisaid_meta_2019.xls
A/BRATISLAVA/437/2015	A/Bratislava/437/2015	EPI_ISL_191767	2015-02-17	Europe / Slovakia	Human	gisaid_meta_2015-2016.xls
A/BRATISLAVA/446/2019	A/Bratislava/446/2019	EPI_ISL_377296	2019-03-08	Europe / Slovakia	Human	gisaid_meta_2019.xls
A/BREMEN/1/2009	A/Bremen/1/2009	EPI_ISL_175344	2009-01-05	Europe / Germany	Human	gisaid_meta_2010.xls
A/BREMEN/12/2019	A/Bremen/12/2019	EPI_ISL_355026	2019-02-18	Europe / Germany	Human	gisaid_meta_2019.xls
A/BREMEN/17/2019	A/Bremen/17/2019	EPI_ISL_358024	2019-03-11	Europe / Germany	Human	gisaid_meta_2019.xls
A/BREMEN/19/2012	A/Bremen/19/2012	EPI_ISL_175494	2012-12-17	Europe / Germany	Human	gisaid_meta_2011-2014.xls
A/BREMEN/20/2019	A/Bremen/20/2019	EPI_ISL_358025	2019-03-25	Europe / Germany	Human	gisaid_meta_2019.xls
A/BREMEN/24/2019	A/Bremen/24/2019	EPI_ISL_401782	2019-10-02	Europe / Germany	Human	gisaid_meta_2019.xls
A/BREMEN/24/2019	A/Bremen/24/2019	EPI_ISL_406271	2019-10-02	Europe / Germany	Human	gisaid_meta_2019.xls
A/BREMEN/27/2017	A/Bremen/27/2017	EPI_ISL_274102	2017-04-19	Europe / Germany	Human	gisaid_meta_2017.xls
A/BREMEN/7/2020	A/Bremen/7/2020	EPI_ISL_434393	2020-03-02	Europe / Germany	Human	gisaid_meta_2020-21.xls
A/BREMEN/7/2020	A/Bremen/7/2020	EPI_ISL_477502	2020-03-02	Europe / Germany	Human	gisaid_meta_2020-21.xls
A/BREST/1951/2017	A/Brest/1951/2017	EPI_ISL_303965	2017-10-22	Europe / France	Human	gisaid_meta_2017.xls
A/BREST/1998/2019	A/Brest/1998/2019	EPI_ISL_362078	2019-04-07	Europe / France / Bretagne	Human	gisaid_meta_2019.xls
A/BREST/1998/2019	A/Brest/1998/2019	EPI_ISL_388690	2019-04-07	Europe / France	Human	gisaid_meta_2019.xls
A/BREST/1999/2019	A/Brest/1999/2019	EPI_ISL_362079	2019-04-08	Europe / France / Bretagne	Human	gisaid_meta_2019.xls
A/BREST/1999/2019	A/Brest/1999/2019	EPI_ISL_388691	2019-04-08	Europe / France	Human	gisaid_meta_2019.xls
A/BREST/2001/2019	A/Brest/2001/2019	EPI_ISL_362080	2019-04-11	Europe / France / Bretagne	Human	gisaid_meta_2019.xls
A/BREST/2001/2019	A/Brest/2001/2019	EPI_ISL_388692	2019-04-11	Europe / France	Human	gisaid_meta_2019.xls
A/BREST/2002/2019	A/Brest/2002/2019	EPI_ISL_362081	2019-04-11	Europe / France / Bretagne	Human	gisaid_meta_2019.xls
A/BREST/2002/2019	A/Brest/2002/2019	EPI_ISL_388693	2019-04-11	Europe / France	Human	gisaid_meta_2019.xls
A/BRETAGNE/1323/2020	A/Bretagne/1323/2020	EPI_ISL_498297	2020-02-20	Europe / France	Human	gisaid_meta_2020-21.xls
A/BRETAGNE/1413/2017	A/Bretagne/1413/2017	EPI_ISL_283128	2017-10-09	Europe / France / Bretagne	Human	gisaid_meta_2017.xls
A/BRETAGNE/1413/2017	A/Bretagne/1413/2017	EPI_ISL_292377	2017-10-09	Europe / France	Human	gisaid_meta_2017.xls
A/BRETAGNE/1564/2015	A/Bretagne/1564/2015	EPI_ISL_191632	2015-03-19	Europe / France / Bretagne / Departement des Cotes-d'Armor	Human	gisaid_meta_2015-2016.xls
A/BRETAGNE/1564/2015	A/Bretagne/1564/2015	EPI_ISL_196598	2015-03-19	Europe / France	Human	gisaid_meta_2015-2016.xls
A/BRETAGNE/1565/2017	A/Bretagne/1565/2017	EPI_ISL_291159	2017-11-21	Europe / France / Bretagne	Human	gisaid_meta_2017.xls
A/BRETAGNE/1565/2017	A/Bretagne/1565/2017	EPI_ISL_292379	2017-11-27	Europe / France	Human	gisaid_meta_2017.xls
A/BRETAGNE/1565/2017	A/Bretagne/1565/2017	EPI_ISL_319714	2017-11-21	Europe / France	Human	gisaid_meta_2017.xls
A/BRETAGNE/1661/2015	A/Bretagne/1661/2015	EPI_ISL_191099	2015-04-01	Europe / France / Bretagne / Departement des Cotes-d'Armor	Human	gisaid_meta_2015-2016.xls
A/BRETAGNE/1661/2015	A/Bretagne/1661/2015	EPI_ISL_196600	2015-04-01	Europe / France	Human	gisaid_meta_2015-2016.xls
A/BRETAGNE/1913/2019	A/Bretagne/1913/2019	EPI_ISL_354681	2019-04-11	Europe / France / Bretagne	Human	gisaid_meta_2019.xls
A/BRETAGNE/1913/2019	A/Bretagne/1913/2019	EPI_ISL_388696	2019-04-11	Europe / France	Human	gisaid_meta_2019.xls
A/BRETAGNE/2836/2016	A/Bretagne/2836/2016	EPI_ISL_237256	2016-10-03	Europe / France / Bretagne	Human	gisaid_meta_2015-2016.xls
A/BRETAGNE/2836/2016	A/Bretagne/2836/2016	EPI_ISL_239753	2016-10-03	Europe / France	Human	gisaid_meta_2015-2016.xls
A/BRETAGNE/2845/2016	A/Bretagne/2845/2016	EPI_ISL_237263	2016-10-13	Europe / France / Bretagne	Human	gisaid_meta_2015-2016.xls
A/BRETAGNE/2845/2016	A/Bretagne/2845/2016	EPI_ISL_239755	2016-10-13	Europe / France	Human	gisaid_meta_2015-2016.xls
A/BRETAGNE/775/2020	A/Bretagne/775/2020	EPI_ISL_412048	2020-02-03	Europe / France / Bretagne	Human	gisaid_meta_2020-21.xls
A/BRETAGNE/775/2020	A/Bretagne/775/2020	EPI_ISL_462110	2020-02-03	Europe / France	Human	gisaid_meta_2020-21.xls
A/BRETAGNE/775/2020	A/Bretagne/775/2020	EPI_ISL_485733	2020-02-03	Europe / France	Human	gisaid_meta_2020-21.xls
A/BRISBANE/1/2012	A/BRISBANE/1/2012	EPI_ISL_121688	2012-01-06	Oceania / Australia / Queensland / Gold Coast	Human	gisaid_meta_2011-2014.xls
A/BRISBANE/1/2012	A/Brisbane/1/2012	EPI_ISL_129048	2012-01-06	Oceania / Australia	Human	gisaid_meta_2011-2014.xls
A/BRISBANE/1/2012	A/Brisbane/1/2012	EPI_ISL_222263	2012-01-06	Oceania / Australia / Queensland / Gold Coast	Human	gisaid_meta_2011-2014.xls
A/BRISBANE/1/2012	A/Brisbane/1/2012	EPI_ISL_288816	2012-01-06	Oceania / Australia	Human	gisaid_meta_2011-2014.xls
A/BRISBANE/1/2018	A/Brisbane/1/2018	EPI_ISL_396179	2018-01-02	Oceania / Australia	Human	gisaid_meta_2018.xls
A/BRISBANE/11/2010	A/Brisbane/11/2010	EPI_ISL_127628	2010	Oceania / Australia	Human	gisaid_meta_2010.xls
A/BRISBANE/11/2010	A/Brisbane/11/2010	EPI_ISL_187665	2010-05-26	Oceania / Australia / Queensland	Human	gisaid_meta_2010.xls
A/BRISBANE/11/2010	A/BRISBANE/11/2010	EPI_ISL_78688	2010-05-26	Oceania / Australia / Queensland / Airlie Beach	Human	gisaid_meta_2010.xls
A/BRISBANE/11/2010	A/Brisbane/11/2010	EPI_ISL_79234	2010-05-26	Oceania / Australia / Queensland / Airlie Beach	Human	gisaid_meta_2010.xls
A/BRISBANE/11/2010	A/Brisbane/11/2010	EPI_ISL_79674	2010-05-26	Oceania / Australia	Human	gisaid_meta_2010.xls
A/BRISBANE/11/2010	A/Brisbane/11/2010	EPI_ISL_84104	2010-05-26	Oceania / Australia	Human	gisaid_meta_2010.xls
A/BRISBANE/110/1999	A/Brisbane/110/1999	EPI_ISL_3663349	1999-07-31	Oceania / Australia / Queensland / Brisbane	Human	gisaid_meta_2010.xls
A/BRISBANE/190/2017	A/Brisbane/190/2017	EPI_ISL_293803	2017-10-18	Oceania / Australia / Queensland / Brisbane	Human	gisaid_meta_2017.xls
A/BRISBANE/190/2017	A/Brisbane/190/2017	EPI_ISL_305341	2017-10-18	Oceania / Australia / Queensland / Brisbane	Human	gisaid_meta_2017.xls
A/BRISBANE/190/2017	A/Brisbane/190/2017	EPI_ISL_309026	2017-10-18	Oceania / Australia	Human	gisaid_meta_2017.xls
A/BRISBANE/190/2017	A/Brisbane/190/2017	EPI_ISL_313655	2017-10-18	Oceania / Australia	Human	gisaid_meta_2017.xls
A/BRISBANE/202/2007	A/Brisbane/202/2007	EPI_ISL_356907	2007-07-15	Oceania / Australia / Queensland / Ayr	Human	gisaid_meta_2010.xls
A/BRISBANE/229/2007	A/Brisbane/229/2007	EPI_ISL_356910	2007-07-23	Oceania / Australia / Queensland / Townsville	Human	gisaid_meta_2010.xls
A/BRISBANE/23/2005	A/Brisbane/23/2005	EPI_ISL_10656139	2005-06-22	Oceania / Australia / Queensland / Rockhampton	Human	gisaid_meta_2010.xls
A/BRISBANE/299/2011	A/Brisbane/299/2011	EPI_ISL_102462	2011-08-13	Oceania / Australia	Human	gisaid_meta_2011-2014.xls
A/BRISBANE/299/2011	A/Brisbane/299/2011	EPI_ISL_106108	2011-08-13	Oceania / Australia	Human	gisaid_meta_2011-2014.xls
A/BRISBANE/299/2011	A/BRISBANE/299/2011	EPI_ISL_108294	2011-08-13	Oceania / Australia / Queensland / Gold Coast	Human	gisaid_meta_2011-2014.xls
A/BRISBANE/299/2011	A/Brisbane/299/2011	EPI_ISL_119890	2011-08-13	Oceania / Australia	Human	gisaid_meta_2011-2014.xls
A/BRISBANE/299/2011	A/BRISBANE/299/2011	EPI_ISL_99750	2011-08-13	Oceania / Australia / Queensland / Gold Coast	Human	gisaid_meta_2011-2014.xls
A/BRISBANE/3/2005	A/Brisbane/3/2005	EPI_ISL_14284805	2005-01-13	Oceania / Australia / Queensland / Brisbane	Human	gisaid_meta_2010.xls
A/BRISBANE/3/2005	A/BRISBANE/3/2005	EPI_ISL_167297	2005	Oceania / Australia	Human	gisaid_meta_2010.xls
A/BRISBANE/3/2005	A/Brisbane/3/2005	EPI_ISL_177754	2005	Oceania / Australia	Human	gisaid_meta_2010.xls
A/BRISBANE/3/2005	A/Brisbane/3/2005	EPI_ISL_177755	2005	Oceania / Australia	Human	gisaid_meta_2010.xls
A/BRISBANE/3/2005	A/Brisbane/3/2005	EPI_ISL_21256	2005-01-13	Oceania / Australia / Queensland / Brisbane	Human	gisaid_meta_2010.xls
A/BRISBANE/34/2018	A/Brisbane/34/2018	EPI_ISL_313820	2018-03-17	Oceania / Australia / Queensland / Wooloowin	Human	gisaid_meta_2018.xls
A/BRISBANE/34/2018	A/Brisbane/34/2018	EPI_ISL_314712	2018-03-17	Oceania / Australia / Queensland / Wooloowin	Human	gisaid_meta_2018.xls
A/BRISBANE/34/2018	A/Brisbane/34/2018	EPI_ISL_330022	2018-03-17	Oceania / Australia	Human	gisaid_meta_2018.xls
A/BRISBANE/34/2018	A/Brisbane/34/2018	EPI_ISL_396266	2018-03-17	Oceania / Australia	Human	gisaid_meta_2018.xls
A/BRISBANE/341/2014	A/Brisbane/341/2014	EPI_ISL_15146376	2014-10-03	Oceania / Australia / Queensland / Beenleigh	Human	gisaid_meta_2011-2014.xls
A/BRISBANE/341/2014	A/Brisbane/341/2014	EPI_ISL_171807	2014-10-03	Oceania / Australia / Queensland / Beenleigh	Human	gisaid_meta_2011-2014.xls
A/BRISBANE/341/2014	A/Brisbane/341/2014	EPI_ISL_174989	2014	Oceania / Australia	Human	gisaid_meta_2011-2014.xls
A/BRISBANE/341/2014	A/Brisbane/341/2014	EPI_ISL_219046	2014-10-03	Oceania / Australia / Queensland / Beenleigh	Human	gisaid_meta_2011-2014.xls
A/BRISBANE/341/2014	A/Brisbane/341/2014	EPI_ISL_288172	2014-10-03	Oceania / Australia	Human	gisaid_meta_2011-2014.xls
A/BRISBANE/43/2018	A/Brisbane/43/2018	EPI_ISL_314600	2018-04-07	Oceania / Australia / Queensland / Sunshine Coast	Human	gisaid_meta_2018.xls
A/BRISBANE/43/2018	A/Brisbane/43/2018	EPI_ISL_320962	2018-04-07	Oceania / Australia / Queensland / Sunshine Coast	Human	gisaid_meta_2018.xls
A/BRISBANE/43/2018	A/Brisbane/43/2018	EPI_ISL_330023	2018-04-07	Oceania / Australia	Human	gisaid_meta_2018.xls
A/BRISBANE/43/2018	A/Brisbane/43/2018	EPI_ISL_396270	2018-04-07	Oceania / Australia	Human	gisaid_meta_2018.xls
A/BRISBANE/47/2015	A/Brisbane/47/2015	EPI_ISL_193145	2015-03-18	Oceania / Australia	Human	gisaid_meta_2015-2016.xls
A/BRISBANE/47/2015	A/Brisbane/47/2015	EPI_ISL_194172	2015-03-18	Oceania / Australia	Human	gisaid_meta_2015-2016.xls
A/BRISBANE/47/2015	A/Brisbane/47/2015	EPI_ISL_194491	2015-03-18	Oceania / Australia / Queensland / Sunshine Coast	Human	gisaid_meta_2015-2016.xls
A/BRISBANE/47/2015	A/BRISBANE/47/2015	EPI_ISL_195753	2015-03-18	Oceania / Australia / Queensland	Human	gisaid_meta_2015-2016.xls
A/BRISBANE/47/2015	A/Brisbane/47/2015	EPI_ISL_219027	2015-03-18	Oceania / Australia / Queensland / Sunshine Coast	Human	gisaid_meta_2015-2016.xls
A/BRISBANE/47/2015	A/Brisbane/47/2015	EPI_ISL_288125	2015-03-18	Oceania / Australia	Human	gisaid_meta_2015-2016.xls
A/BRISBANE/53/2009	A/Brisbane/53/2009	EPI_ISL_187908	2009-04-28	Oceania / Australia / Queensland	Human	gisaid_meta_2010.xls
A/BRISBANE/53/2009	A/Brisbane/53/2009	EPI_ISL_33596	2009-04-28	Oceania / Australia / Queensland	Human	gisaid_meta_2010.xls
A/BRISBANE/54/2009	A/Brisbane/54/2009	EPI_ISL_186119	2009-05-07	Oceania / Australia / Queensland	Human	gisaid_meta_2010.xls
A/BRISBANE/54/2009	A/BRISBANE/54/2009	EPI_ISL_60149	2009-05-07	Oceania / Australia / Queensland	Human	gisaid_meta_2010.xls
A/BRISBANE/65/1999	A/Brisbane/65/1999	EPI_ISL_3663358	1999-07-08	Oceania / Australia / Queensland / Brisbane	Human	gisaid_meta_2010.xls
A/BRISBANE/8/1999	A/Brisbane/8/1999	EPI_ISL_3663362	1999-03-08	Oceania / Australia / Queensland / Brisbane	Human	gisaid_meta_2010.xls
A/BRISBANE/82/2015	A/Brisbane/82/2015	EPI_ISL_194494	2015-04-22	Oceania / Australia / Queensland / Brisbane	Human	gisaid_meta_2015-2016.xls
A/BRISBANE/82/2015	A/Brisbane/82/2015	EPI_ISL_196601	2015-04-22	Oceania / Australia	Human	gisaid_meta_2015-2016.xls
A/BRISBANE/82/2015	A/Brisbane/82/2015	EPI_ISL_200719	2015-04-22	Oceania / Australia	Human	gisaid_meta_2015-2016.xls
A/BRISBANE/82/2015	A/Brisbane/82/2015	EPI_ISL_201244	2015-04-22	Oceania / Australia	Human	gisaid_meta_2015-2016.xls
A/BRISBANE/82/2015	A/Brisbane/82/2015	EPI_ISL_201682	2015-04-22	Oceania / Australia	Human	gisaid_meta_2015-2016.xls
A/BRISBANE/82/2015	A/Brisbane/82/2015	EPI_ISL_207121	2015-04-22	Oceania / Australia	Human	gisaid_meta_2015-2016.xls
A/BRISBANE/82/2015	A/Brisbane/82/2015	EPI_ISL_219029	2015-04-22	Oceania / Australia / Queensland / Brisbane	Human	gisaid_meta_2015-2016.xls
A/BRISBANE/82/2015	A/Brisbane/82/2015	EPI_ISL_288079	2015-04-22	Oceania / Australia	Human	gisaid_meta_2015-2016.xls
A/BUCURESTI/179471/2015	A/Bucuresti/179471/2015	EPI_ISL_182168	2015-03-18	Europe / Romania / Municipiul Bucuresti	Human	gisaid_meta_2015-2016.xls
A/BUCURESTI/179471/2015	A/Bucuresti/179471/2015	EPI_ISL_190906	2015-03-18	Europe / Romania	Human	gisaid_meta_2015-2016.xls
A/BUCURESTI/191366/2016	A/Bucuresti/191366/2016	EPI_ISL_223631	2016-02-10	Europe / Romania	Human	gisaid_meta_2015-2016.xls
A/BUCURESTI/193605/2016	A/Bucuresti/193605/2016	EPI_ISL_216510	2016-04-02	Europe / Romania / Municipiul Bucuresti	Human	gisaid_meta_2015-2016.xls
A/BUCURESTI/193605/2016	A/Bucuresti/193605/2016	EPI_ISL_223632	2016-03-08	Europe / Romania	Human	gisaid_meta_2015-2016.xls
A/BUENOS AIRES/1004423/2012	A/Buenos Aires/1004423/2012	EPI_ISL_132002	2012-07-24	South America / Argentina	Human	gisaid_meta_2011-2014.xls
A/BUENOS AIRES/1004423/2012	A/Buenos Aires/1004423/2012	EPI_ISL_132534	2012-07-24	South America / Argentina / Provincia de Buenos Aires	Human	gisaid_meta_2011-2014.xls
A/BUENOS AIRES/10435982/2012	A/Buenos Aires/10435982/2012	EPI_ISL_132003	2012-07-27	South America / Argentina	Human	gisaid_meta_2011-2014.xls
A/BUENOS AIRES/10435982/2012	A/Buenos Aires/10435982/2012	EPI_ISL_132533	2012-07-27	South America / Argentina / Provincia de Buenos Aires	Human	gisaid_meta_2011-2014.xls
A/BUENOS AIRES/10955529/2014	A/Buenos Aires/10955529/2014	EPI_ISL_166712	2014-07-02	South America / Argentina	Human	gisaid_meta_2011-2014.xls
A/BUENOS AIRES/1108887/2014	A/Buenos Aires/1108887/2014	EPI_ISL_166714	2014-07-01	South America / Argentina	Human	gisaid_meta_2011-2014.xls
A/BUENOS AIRES/14156/2014	A/Buenos Aires/14156/2014	EPI_ISL_166715	2014-06-19	South America / Argentina	Human	gisaid_meta_2011-2014.xls
A/BUENOS AIRES/2274881/2014	A/Buenos Aires/2274881/2014	EPI_ISL_166716	2014-07-01	South America / Argentina	Human	gisaid_meta_2011-2014.xls
A/BUENOS AIRES/2274920/2014	A/Buenos Aires/2274920/2014	EPI_ISL_166717	2014-07-07	South America / Argentina	Human	gisaid_meta_2011-2014.xls
A/BUENOS AIRES/R16/2014	A/Buenos Aires/R16/2014	EPI_ISL_166719	2014-06-03	South America / Argentina	Human	gisaid_meta_2011-2014.xls
A/BULGARIA/1008/2020	A/Bulgaria/1008/2020	EPI_ISL_434394	2020-02-17	Europe / Bulgaria	Human	gisaid_meta_2020-21.xls
A/BULGARIA/1008/2020	A/Bulgaria/1008/2020	EPI_ISL_477503	2020-02-17	Europe / Bulgaria	Human	gisaid_meta_2020-21.xls
A/BULGARIA/1009/2020	A/Bulgaria/1009/2020	EPI_ISL_434395	2020-02-17	Europe / Bulgaria	Human	gisaid_meta_2020-21.xls
A/BULGARIA/1009/2020	A/Bulgaria/1009/2020	EPI_ISL_477504	2020-02-17	Europe / Bulgaria	Human	gisaid_meta_2020-21.xls
A/BULGARIA/1024/2020	A/Bulgaria/1024/2020	EPI_ISL_434396	2020-02-16	Europe / Bulgaria	Human	gisaid_meta_2020-21.xls
A/BULGARIA/1024/2020	A/Bulgaria/1024/2020	EPI_ISL_477505	2020-02-16	Europe / Bulgaria	Human	gisaid_meta_2020-21.xls
A/BULGARIA/1051/2019	A/Bulgaria/1051/2019	EPI_ISL_363149	2019-02-06	Europe / Bulgaria	Human	gisaid_meta_2019.xls
A/BULGARIA/1051/2020	A/Bulgaria/1051/2020	EPI_ISL_527198	2020-02-21	Europe / Bulgaria	Human	gisaid_meta_2020-21.xls
A/BULGARIA/1051/2020	A/Bulgaria/1051/2020	EPI_ISL_527199	2020-02-21	Europe / Bulgaria	Human	gisaid_meta_2020-21.xls
A/BULGARIA/1051/2020	A/Bulgaria/1051/2020	EPI_ISL_609911	2020-02-21	Europe / Bulgaria	Human	gisaid_meta_2020-21.xls
A/BULGARIA/1052/2019	A/Bulgaria/1052/2019	EPI_ISL_364775	2019-02-05	Europe / Bulgaria	Human	gisaid_meta_2019.xls
A/BULGARIA/1052/2020	A/Bulgaria/1052/2020	EPI_ISL_434397	2020-02-21	Europe / Bulgaria	Human	gisaid_meta_2020-21.xls
A/BULGARIA/1052/2020	A/Bulgaria/1052/2020	EPI_ISL_477506	2020-02-21	Europe / Bulgaria	Human	gisaid_meta_2020-21.xls
A/BULGARIA/1129/2019	A/Bulgaria/1129/2019	EPI_ISL_363073	2019-02-16	Europe / Bulgaria	Human	gisaid_meta_2019.xls
A/BULGARIA/1134/2019	A/Bulgaria/1134/2019	EPI_ISL_363075	2019-02-12	Europe / Bulgaria	Human	gisaid_meta_2019.xls
A/BULGARIA/1153/2019	A/Bulgaria/1153/2019	EPI_ISL_363076	2019-02-21	Europe / Bulgaria	Human	gisaid_meta_2019.xls
A/BULGARIA/1153/2019	A/Bulgaria/1153/2019	EPI_ISL_391200	2019-02-21	Europe / Bulgaria	Human	gisaid_meta_2019.xls
A/BULGARIA/132/2017	A/Bulgaria/132/2017	EPI_ISL_274518	2017-01-06	Europe / Bulgaria	Human	gisaid_meta_2017.xls
A/BULGARIA/1575/2019	A/Bulgaria/1575/2019	EPI_ISL_407466	2019-12-23	Europe / Bulgaria	Human	gisaid_meta_2019.xls
A/BULGARIA/1575/2019	A/Bulgaria/1575/2019	EPI_ISL_426203	2019-12-23	Europe / Bulgaria	Human	gisaid_meta_2019.xls
A/BULGARIA/1772/2020	A/Bulgaria/1772/2020	EPI_ISL_434398	2020-03-09	Europe / Bulgaria	Human	gisaid_meta_2020-21.xls
A/BULGARIA/182/2017	A/Bulgaria/182/2017	EPI_ISL_274520	2017-01-10	Europe / Bulgaria	Human	gisaid_meta_2017.xls
A/BULGARIA/2/2017	A/Bulgaria/2/2017	EPI_ISL_274522	2017-01-02	Europe / Bulgaria	Human	gisaid_meta_2017.xls
A/BULGARIA/243/2015	A/Bulgaria/243/2015	EPI_ISL_181569	2015-02-02	Europe / Bulgaria	Human	gisaid_meta_2015-2016.xls
A/BULGARIA/243/2018	A/Bulgaria/243/2018	EPI_ISL_312260	2018-01-16	Europe / Bulgaria	Human	gisaid_meta_2018.xls
A/BULGARIA/249/2018	A/Bulgaria/249/2018	EPI_ISL_312261	2018-01-12	Europe / Bulgaria	Human	gisaid_meta_2018.xls
A/BULGARIA/252/2015	A/Bulgaria/252/2015	EPI_ISL_179282	2015-01-26	Europe / Bulgaria	Human	gisaid_meta_2015-2016.xls
A/BULGARIA/252/2017	A/Bulgaria/252/2017	EPI_ISL_274528	2017-01-12	Europe / Bulgaria	Human	gisaid_meta_2017.xls
A/BULGARIA/253/2015	A/Bulgaria/253/2015	EPI_ISL_179284	2015-01-27	Europe / Bulgaria	Human	gisaid_meta_2015-2016.xls
A/BULGARIA/301/2017	A/Bulgaria/301/2017	EPI_ISL_274530	2017-01-09	Europe / Bulgaria	Human	gisaid_meta_2017.xls
A/BULGARIA/353/2015	A/Bulgaria/353/2015	EPI_ISL_179288	2015-02-10	Europe / Bulgaria	Human	gisaid_meta_2015-2016.xls
A/BULGARIA/373/2017	A/Bulgaria/373/2017	EPI_ISL_274537	2017-01-24	Europe / Bulgaria	Human	gisaid_meta_2017.xls
A/BULGARIA/414/2017	A/Bulgaria/414/2017	EPI_ISL_274543	2017-02-01	Europe / Bulgaria	Human	gisaid_meta_2017.xls
A/BULGARIA/427/2017	A/Bulgaria/427/2017	EPI_ISL_274545	2017-01-30	Europe / Bulgaria	Human	gisaid_meta_2017.xls
A/BULGARIA/56/2017	A/Bulgaria/56/2017	EPI_ISL_274547	2017-01-04	Europe / Bulgaria	Human	gisaid_meta_2017.xls
A/BULGARIA/896/2019	A/Bulgaria/896/2019	EPI_ISL_364776	2019-02-01	Europe / Bulgaria	Human	gisaid_meta_2019.xls
A/BULGARIA/900/2019	A/Bulgaria/900/2019	EPI_ISL_364777	2019-02-01	Europe / Bulgaria	Human	gisaid_meta_2019.xls
A/BULGARIA/902/2019	A/Bulgaria/902/2019	EPI_ISL_364778	2019-02-01	Europe / Bulgaria	Human	gisaid_meta_2019.xls
A/BULGARIA/906/2020	A/Bulgaria/906/2020	EPI_ISL_434402	2020-02-04	Europe / Bulgaria	Human	gisaid_meta_2020-21.xls
A/BULGARIA/906/2020	A/Bulgaria/906/2020	EPI_ISL_477507	2020-02-04	Europe / Bulgaria	Human	gisaid_meta_2020-21.xls
A/BULGARIA/909/2019	A/Bulgaria/909/2019	EPI_ISL_364779	2019-02-03	Europe / Bulgaria	Human	gisaid_meta_2019.xls
A/BULGARIA/912/2020	A/Bulgaria/912/2020	EPI_ISL_434403	2020-02-06	Europe / Bulgaria	Human	gisaid_meta_2020-21.xls
A/BULGARIA/912/2020	A/Bulgaria/912/2020	EPI_ISL_477508	2020-02-06	Europe / Bulgaria	Human	gisaid_meta_2020-21.xls
A/BULGARIA/927/2020	A/Bulgaria/927/2020	EPI_ISL_434404	2020-02-07	Europe / Bulgaria	Human	gisaid_meta_2020-21.xls
A/BULGARIA/947/2019	A/Bulgaria/947/2019	EPI_ISL_364781	2019-02-03	Europe / Bulgaria	Human	gisaid_meta_2019.xls
A/BULGARIA/949/2019	A/Bulgaria/949/2019	EPI_ISL_364782	2019-02-01	Europe / Bulgaria	Human	gisaid_meta_2019.xls
A/BULGARIA/958/2019	A/Bulgaria/958/2019	EPI_ISL_364783	2019-02-01	Europe / Bulgaria	Human	gisaid_meta_2019.xls
A/BULGARIA/962/2020	A/Bulgaria/962/2020	EPI_ISL_434405	2020-02-11	Europe / Bulgaria	Human	gisaid_meta_2020-21.xls
A/BULGARIA/962/2020	A/Bulgaria/962/2020	EPI_ISL_477509	2020-02-11	Europe / Bulgaria	Human	gisaid_meta_2020-21.xls
A/BULGARIA/969/2020	A/Bulgaria/969/2020	EPI_ISL_434406	2020-02-12	Europe / Bulgaria	Human	gisaid_meta_2020-21.xls
A/BULGARIA/969/2020	A/Bulgaria/969/2020	EPI_ISL_477510	2020-02-12	Europe / Bulgaria	Human	gisaid_meta_2020-21.xls
A/BURGOS/207/2015	A/Burgos/207/2015	EPI_ISL_181570	2015-02-10	Europe / Spain	Human	gisaid_meta_2015-2016.xls
A/BURGOS/262/2014	A/Burgos/262/2014	EPI_ISL_174990	2014-12-19	Europe / Spain	Human	gisaid_meta_2011-2014.xls
A/BURGOS/31/2019	A/Burgos/31/2019	EPI_ISL_341931	2019-01-15	Europe / Spain	Human	gisaid_meta_2019.xls
A/BURSA/108/2011	A/Bursa/108/2011	EPI_ISL_107840	2011-11-22	Asia / Turkey	Human	gisaid_meta_2011-2014.xls
A/BURSA/176/2013	A/Bursa/176/2013	EPI_ISL_154023	2013-12-02	Asia / Turkey	Human	gisaid_meta_2011-2014.xls
A/BURSA/177/2013	A/Bursa/177/2013	EPI_ISL_153941	2013-12-02	Asia / Turkey	Human	gisaid_meta_2011-2014.xls
A/BURSA/246/2013	A/Bursa/246/2013	EPI_ISL_153942	2013-12-16	Asia / Turkey	Human	gisaid_meta_2011-2014.xls
A/BURSA/247/2013	A/Bursa/247/2013	EPI_ISL_153943	2013-12-16	Asia / Turkey	Human	gisaid_meta_2011-2014.xls
A/BURSA/250/2011	A/Bursa/250/2011	EPI_ISL_107843	2011-12-29	Asia / Turkey	Human	gisaid_meta_2011-2014.xls
A/CAEN/2343/2014	A/Caen/2343/2014	EPI_ISL_170208	2014-12-16	Europe / France / Basse-Normandie / Departement du Calvados	Human	gisaid_meta_2011-2014.xls
A/CAEN/2343/2014	A/Caen/2343/2014	EPI_ISL_172342	2014-12-16	Europe / France	Human	gisaid_meta_2011-2014.xls
A/CAEN/2354/2014	A/Caen/2354/2014	EPI_ISL_170212	2014-12-14	Europe / France / Basse-Normandie / Departement du Calvados	Human	gisaid_meta_2011-2014.xls
A/CAEN/2354/2014	A/Caen/2354/2014	EPI_ISL_172344	2014-12-14	Europe / France	Human	gisaid_meta_2011-2014.xls
A/CAEN/241/2002	A/CAEN/241/2002	EPI_ISL_187838	2002	Europe / France	Human	gisaid_meta_2010.xls
A/CAEN/241/2002	A/CAEN/241/2002	EPI_ISL_67618	2002	Europe / France	Human	gisaid_meta_2010.xls
A/CAEN/406/2002	A/CAEN/406/2002	EPI_ISL_186298	2002	Europe / France	Human	gisaid_meta_2010.xls
A/CAEN/406/2002	A/CAEN/406/2002	EPI_ISL_67619	2002	Europe / France	Human	gisaid_meta_2010.xls
A/CAEN/574/2002	A/CAEN/574/2002	EPI_ISL_185853	2002	Europe / France	Human	gisaid_meta_2010.xls
A/CAEN/574/2002	A/CAEN/574/2002	EPI_ISL_67620	2002	Europe / France	Human	gisaid_meta_2010.xls
A/CAGNESSURMER/1850/2019	A/Cagnes sur Mer/1850/2019	EPI_ISL_406272	2019-09-11	Europe / France	Human	gisaid_meta_2019.xls
A/CAIRO/140/2012	A/Cairo/140/2012	EPI_ISL_134330	2012-12-27	Africa / Egypt	Human	gisaid_meta_2011-2014.xls
A/CAIRO/93/2012	A/Cairo/93/2012	EPI_ISL_140328	2012-12-13	Africa / Egypt	Human	gisaid_meta_2011-2014.xls
A/CALIFORNIA/55/2020	A/California/55/2020	EPI_ISL_1296489	2020-10-12	North America / United States / California	Human	gisaid_meta_2020-21.xls
A/CALIFORNIA/55/2020	A/California/55/2020	EPI_ISL_16947009	2020-10-12	North America / United States / California	Human	gisaid_meta_2020-21.xls
A/CALIFORNIA/55/2020	A/California/55/2020	EPI_ISL_5332899	2020-10-12	North America / United States / California	Human	gisaid_meta_2020-21.xls
A/CALIFORNIA/55/2020	A/California/55/2020	EPI_ISL_717646	2020-10-12	North America / United States / California	Human	gisaid_meta_2020-21.xls
A/CALIFORNIA/55/2020	A/California/55/2020	EPI_ISL_717647	2020-10-12	North America / United States / California	Human	gisaid_meta_2020-21.xls
A/CALIFORNIA/55/2020	A/California/55/2020	EPI_ISL_883863	2020-10-12	North America / United States / California	Human	gisaid_meta_2020-21.xls
A/CAMBODIA/923251/2020	A/Cambodia/923251/2020	EPI_ISL_732319	2020-09-22	Asia / Cambodia	Human	gisaid_meta_2020-21.xls
A/CAMBODIA/925256/2020	A/Cambodia/925256/2020	EPI_ISL_732316	2020-09-25	Asia / Cambodia	Human	gisaid_meta_2020-21.xls
A/CAMBODIA/925256/2020	A/Cambodia/925256/2020	EPI_ISL_732333	2020-09-25	Asia / Cambodia	Human	gisaid_meta_2020-21.xls
A/CAMBODIA/E0826360/2020	A/Cambodia/E0826360/2020	EPI_ISL_1015490	2020-07-16	Asia / Cambodia	Human	gisaid_meta_2020-21.xls
A/CAMBODIA/E0826360/2020	A/Cambodia/E0826360/2020	EPI_ISL_1296486	2020-07-16	Asia / Cambodia	Human	gisaid_meta_2020-21.xls
A/CAMBODIA/E0826360/2020	A/Cambodia/E0826360/2020	EPI_ISL_1296487	2020-07-16	Asia / Cambodia	Human	gisaid_meta_2020-21.xls
A/CAMBODIA/E0826360/2020	A/Cambodia/E0826360/2020	EPI_ISL_1367566	2020-07-16	Asia / Cambodia	Human	gisaid_meta_2020-21.xls
A/CAMBODIA/E0826360/2020	A/Cambodia/e0826360/2020	EPI_ISL_17668122	2020-12-31	Asia / Cambodia	Human	gisaid_meta_2020-21.xls
A/CAMBODIA/E0826360/2020	A/Cambodia/e0826360/2020	EPI_ISL_710475	2020-07-16	Asia / Cambodia / Battambang	Human	gisaid_meta_2020-21.xls
A/CAMBODIA/E0826360/2020	A/Cambodia/e0826360/2020	EPI_ISL_806547	2020-07-16	Asia / Cambodia / Battambang	Human	gisaid_meta_2020-21.xls
A/CAMBODIA/E0826360/2020	A/Cambodia/e0826360/2020	EPI_ISL_906787	2020-07-16	Asia / Cambodia / Battambang	Human	gisaid_meta_2020-21.xls
A/CAMBODIA/E0826360/2020	A/Cambodia/e0826360/2020	EPI_ISL_944639	2020-07-16	Asia / Cambodia / Battambang	Human	gisaid_meta_2020-21.xls
A/CAMEROON/10V4729/2010	A/Cameroon/10v-4729/2010	EPI_ISL_90593	2010-11-24	Africa / Cameroon	Human	gisaid_meta_2010.xls
A/CAMEROON/12V2580/2012	A/Cameroon/12V-2580/2012	EPI_ISL_140329	2012-05-29	Africa / Cameroon	Human	gisaid_meta_2011-2014.xls
A/CAMEROON/12V4093/2012	A/Cameroon/12V-4093/2012	EPI_ISL_138457	2012-09-05	Africa / Cameroon	Human	gisaid_meta_2011-2014.xls
A/CAMEROON/12V4222/2012	A/Cameroon/12V-4222/2012	EPI_ISL_140330	2012-09-17	Africa / Cameroon	Human	gisaid_meta_2011-2014.xls
A/CAMEROON/12V4223/2012	A/Cameroon/12V-4223/2012	EPI_ISL_140331	2012-09-15	Africa / Cameroon	Human	gisaid_meta_2011-2014.xls
A/CAMEROON/12V4272/2012	A/Cameroon/12V-4272/2012	EPI_ISL_138458	2012-09-25	Africa / Cameroon	Human	gisaid_meta_2011-2014.xls
A/CAMEROON/12V4580/2012	A/Cameroon/12V-4580/2012	EPI_ISL_138459	2012-10-10	Africa / Cameroon	Human	gisaid_meta_2011-2014.xls
A/CAMEROON/12V4660/2012	A/Cameroon/12V-4660/2012	EPI_ISL_138460	2012-10-02	Africa / Cameroon	Human	gisaid_meta_2011-2014.xls
A/CAMEROON/12V4664/2012	A/Cameroon/12V-4664/2012	EPI_ISL_138461	2012-10-02	Africa / Cameroon	Human	gisaid_meta_2011-2014.xls
A/CAMEROON/12V4685/2012	A/Cameroon/12V-4685/2012	EPI_ISL_138462	2012-10-05	Africa / Cameroon	Human	gisaid_meta_2011-2014.xls
A/CAMEROON/12V4989/2012	A/Cameroon/12V-4989/2012	EPI_ISL_138463	2012-10-19	Africa / Cameroon	Human	gisaid_meta_2011-2014.xls
A/CAMEROON/12V5054/2012	A/Cameroon/12V-5054/2012	EPI_ISL_138483	2012-10-11	Africa / Cameroon	Human	gisaid_meta_2011-2014.xls
A/CAMEROON/12V5056/2012	A/Cameroon/12V-5056/2012	EPI_ISL_140355	2012-10-15	Africa / Cameroon	Human	gisaid_meta_2011-2014.xls
A/CAMEROON/12V5058/2012	A/Cameroon/12V-5058/2012	EPI_ISL_138484	2012-10-19	Africa / Cameroon	Human	gisaid_meta_2011-2014.xls
A/CAMEROON/12V5062/2012	A/Cameroon/12V-5062/2012	EPI_ISL_138485	2012-10-16	Africa / Cameroon	Human	gisaid_meta_2011-2014.xls
A/CAMEROON/12V5136/2012	A/Cameroon/12V-5136/2012	EPI_ISL_138464	2012-10-31	Africa / Cameroon	Human	gisaid_meta_2011-2014.xls
A/CAMEROON/12V5316/2012	A/Cameroon/12V-5316/2012	EPI_ISL_140332	2012-11-01	Africa / Cameroon	Human	gisaid_meta_2011-2014.xls
A/CAMEROON/12V5334/2012	A/Cameroon/12V-5334/2012	EPI_ISL_138465	2012-11-05	Africa / Cameroon	Human	gisaid_meta_2011-2014.xls
A/CAMEROON/12V5498/2012	A/Cameroon/12V-5498/2012	EPI_ISL_140333	2012-11-08	Africa / Cameroon	Human	gisaid_meta_2011-2014.xls
A/CAMEROON/12V5507/2012	A/Cameroon/12V-5507/2012	EPI_ISL_138466	2012-11-08	Africa / Cameroon	Human	gisaid_meta_2011-2014.xls
A/CAMEROON/12V5655/2012	A/Cameroon/12V-5655/2012	EPI_ISL_140334	2012-11-19	Africa / Cameroon	Human	gisaid_meta_2011-2014.xls
A/CAMEROON/12V5657/2012	A/Cameroon/12V-5657/2012	EPI_ISL_140335	2012-11-18	Africa / Cameroon	Human	gisaid_meta_2011-2014.xls
A/CAMEROON/12V5918/2012	A/Cameroon/12V-5918/2012	EPI_ISL_140336	2012-11-28	Africa / Cameroon	Human	gisaid_meta_2011-2014.xls
A/CAMEROON/15V2465/2015	A/Cameroon/15V-2465/2015	EPI_ISL_193146	2015-03-23	Africa / Cameroon	Human	gisaid_meta_2015-2016.xls
A/CAMEROON/15V6741/2015	A/Cameroon/15V-6741/2015	EPI_ISL_218932	2015-09-21	Africa / Cameroon	Human	gisaid_meta_2015-2016.xls
A/CAMEROON/15V7134/2015	A/Cameroon/15V-7134/2015	EPI_ISL_218933	2015-10-02	Africa / Cameroon	Human	gisaid_meta_2015-2016.xls
A/CAMEROON/15V8163/2015	A/Cameroon/15V-8163/2015	EPI_ISL_218935	2015-11-05	Africa / Cameroon	Human	gisaid_meta_2015-2016.xls
A/CAMEROON/15V8793/2015	A/Cameroon/15V-8793/2015	EPI_ISL_218937	2015-11-26	Africa / Cameroon	Human	gisaid_meta_2015-2016.xls
A/CAMEROON/16996/2020	A/Cameroon/16996/2020	EPI_ISL_1519354	2020-12-15	Africa / Cameroon	Human	gisaid_meta_2020-21.xls
A/CAMEROON/16996/2020	A/Cameroon/16996/2020	EPI_ISL_2932738	2020-12-15	Africa / Cameroon	Human	gisaid_meta_2020-21.xls
A/CAMEROON/3262/2014	A/Cameroon/3262/2014	EPI_ISL_166720	2014-05-16	Africa / Cameroon	Human	gisaid_meta_2011-2014.xls
A/CAMEROON/333/2009	A/Cameroon/333/2009	EPI_ISL_61695	2009-07-24	Africa / Cameroon	Human	gisaid_meta_2010.xls
A/CAMEROON/350/2009	A/Cameroon/350/2009	EPI_ISL_61696	2009-08-05	Africa / Cameroon	Human	gisaid_meta_2010.xls
A/CAMEROON/3878/2014	A/Cameroon/3878/2014	EPI_ISL_166721	2014-06-11	Africa / Cameroon	Human	gisaid_meta_2011-2014.xls
A/CAMEROON/3888/2014	A/Cameroon/3888/2014	EPI_ISL_166722	2014-06-11	Africa / Cameroon	Human	gisaid_meta_2011-2014.xls
A/CAMEROON/3893/2014	A/Cameroon/3893/2014	EPI_ISL_166723	2014-06-11	Africa / Cameroon	Human	gisaid_meta_2011-2014.xls
A/CAMEROON/3967/2014	A/Cameroon/3967/2014	EPI_ISL_166724	2014-06-12	Africa / Cameroon	Human	gisaid_meta_2011-2014.xls
A/CAMEROON/658/2009	A/Cameroon/658/2009	EPI_ISL_77110	2009-11-10	Africa / Cameroon	Human	gisaid_meta_2010.xls
A/CAMEROON/675/2009	A/Cameroon/675/2009	EPI_ISL_77111	2009-11-11	Africa / Cameroon	Human	gisaid_meta_2010.xls
A/CAMEROON/704/2009	A/Cameroon/704/2009	EPI_ISL_77112	2009-11-24	Africa / Cameroon	Human	gisaid_meta_2010.xls
A/CAMEROON/8600/2018	A/Cameroon/8600/2018	EPI_ISL_358026	2018-10-17	Africa / Cameroon	Human	gisaid_meta_2018.xls
A/CAMEROON/8607/2018	A/Cameroon/8607/2018	EPI_ISL_358027	2018-10-11	Africa / Cameroon	Human	gisaid_meta_2018.xls
A/CAMEROON/8767/2016	A/Cameroon/8767/2016	EPI_ISL_262193	2016-10-12	Africa / Cameroon	Human	gisaid_meta_2015-2016.xls
A/CAMEROON/9008/2018	A/Cameroon/9008/2018	EPI_ISL_358029	2018-10-23	Africa / Cameroon	Human	gisaid_meta_2018.xls
A/CAMEROON/9199/2018	A/Cameroon/9199/2018	EPI_ISL_358030	2018-10-09	Africa / Cameroon	Human	gisaid_meta_2018.xls
A/CAMEROON/9207/2018	A/Cameroon/9207/2018	EPI_ISL_358031	2018-11-02	Africa / Cameroon	Human	gisaid_meta_2018.xls
A/CAMEROON/9264/2018	A/Cameroon/9264/2018	EPI_ISL_358032	2018-11-12	Africa / Cameroon	Human	gisaid_meta_2018.xls
A/CAMEROON/9272/2018	A/Cameroon/9272/2018	EPI_ISL_358033	2018-11-02	Africa / Cameroon	Human	gisaid_meta_2018.xls
A/CAMEROON/9402/2017	A/Cameroon/9402/2017	EPI_ISL_301383	2017-09-19	Africa / Cameroon	Human	gisaid_meta_2017.xls
A/CAMEROON/9402/2017	A/Cameroon/9402/2017	EPI_ISL_309286	2017-09-19	Africa / Cameroon	Human	gisaid_meta_2017.xls
A/CAMEROON/9661/2018	A/Cameroon/9661/2018	EPI_ISL_358034	2018-11-14	Africa / Cameroon	Human	gisaid_meta_2018.xls
A/CAMEROON/9678/2018	A/Cameroon/9678/2018	EPI_ISL_341946	2018-11-19	Africa / Cameroon	Human	gisaid_meta_2018.xls
A/CAMEROON/9678/2018	A/Cameroon/9678/2018	EPI_ISL_358035	2018-11-19	Africa / Cameroon	Human	gisaid_meta_2018.xls
A/CAMEROON/9680/2018	A/Cameroon/9680/2018	EPI_ISL_358036	2018-11-06	Africa / Cameroon	Human	gisaid_meta_2018.xls
A/CAMEROON/9760/2017	A/Cameroon/9760/2017	EPI_ISL_302478	2017-10-10	Africa / Cameroon	Human	gisaid_meta_2017.xls
A/CAMEROON/9760/2017	A/Cameroon/9760/2017	EPI_ISL_309289	2017-10-10	Africa / Cameroon	Human	gisaid_meta_2017.xls
A/CANADA/578/2004	A/CANADA/578/2004	EPI_ISL_17155	2004-05-09	North America / Canada	Human	gisaid_meta_2010.xls
A/CANADA/578/2004	A/Canada/578/2004	EPI_ISL_21872	2004-05-09	North America / Canada	Human	gisaid_meta_2010.xls
A/CANAKKALE/10/2017	A/Canakkale/10/2017	EPI_ISL_267704	2016-12-29	Asia / Turkey	Human	gisaid_meta_2015-2016.xls
A/CANAKKALE/10/2017	A/Canakkale/10/2017	EPI_ISL_275171	2016-12-29	Asia / Turkey	Human	gisaid_meta_2015-2016.xls
A/CANAKKALE/7/2017	A/Canakkale/7/2017	EPI_ISL_267707	2016-12-29	Asia / Turkey	Human	gisaid_meta_2015-2016.xls
A/CANARIAS/1689/2014	A/Canarias/1689/2014	EPI_ISL_165542	2014-04-08	Europe / Spain	Human	gisaid_meta_2011-2014.xls
A/CANBERRA/82/2014	A/CANBERRA/82/2014	EPI_ISL_168899	2014-07-31	Oceania / Australia / Australian Capital Territory / Canberra	Human	gisaid_meta_2011-2014.xls
A/CANBERRA/82/2014	A/Canberra/82/2014	EPI_ISL_169520	2014-07-31	Oceania / Australia / Australian Capital Territory	Human	gisaid_meta_2011-2014.xls
A/CANBERRA/82/2014	A/Canberra/82/2014	EPI_ISL_172345	2014-07-31	Oceania / Australia	Human	gisaid_meta_2011-2014.xls
A/CANBERRA/82/2014	A/CANBERRA/82/2014	EPI_ISL_173953	2014-07-31	Oceania / Australia	Human	gisaid_meta_2011-2014.xls
A/CANBERRA/82/2014	A/CANBERRA/82/2014	EPI_ISL_173954	2014-07-31	Oceania / Australia	Human	gisaid_meta_2011-2014.xls
A/CANBERRA/82/2014	A/Canberra/82/2014	EPI_ISL_174194	2014-07-31	Oceania / Australia	Human	gisaid_meta_2011-2014.xls
A/CANBERRA/82/2014	A/Canberra/82/2014	EPI_ISL_288184	2014-07-31	Oceania / Australia	Human	gisaid_meta_2011-2014.xls
A/CANBERRA/9/1997	A/Canberra/9/1997	EPI_ISL_14284811	1997-07-02	Oceania / Australia / Australian Capital Territory / Woden	Human	gisaid_meta_2010.xls
A/CANBERRA/9/1997	A/Canberra/9/1997	EPI_ISL_167269	1997	Oceania / Australia	Human	gisaid_meta_2010.xls
A/CANNES/1846/2019	A/Cannes/1846/2019	EPI_ISL_395048	2019-09-12	Europe / France	Human	gisaid_meta_2019.xls
A/CANNES/1846/2019	A/Cannes/1846/2019	EPI_ISL_406273	2019-09-12	Europe / France	Human	gisaid_meta_2019.xls
A/CASTILLA LA MANCHA/155/2014	A/Castilla La Mancha/155/2014	EPI_ISL_155893	2014-01-10	Europe / Spain	Human	gisaid_meta_2011-2014.xls
A/CASTILLA LA MANCHA/242/2019	A/CastillaLaMancha/242/2019	EPI_ISL_338995	2019-01-17	Europe / Spain / Castille-La Mancha	Human	gisaid_meta_2019.xls
A/CASTILLA LA MANCHA/242/2019	A/CastillaLaMancha/242/2019	EPI_ISL_355030	2019-01-17	Europe / Spain	Human	gisaid_meta_2019.xls
A/CASTILLA LA MANCHA/242/2019	A/CastillaLaMancha/242/2019	EPI_ISL_355086	2018-01-17	Europe / Spain	Human	gisaid_meta_2018.xls
A/CASTILLA LA MANCHA/337/2019	A/CastillaLaMancha/337/2019	EPI_ISL_342082	2019-01-21	Europe / Spain	Human	gisaid_meta_2019.xls
A/CASTILLA LA MANCHA/337/2019	A/CastillaLaMancha/337/2019	EPI_ISL_355031	2019-01-21	Europe / Spain	Human	gisaid_meta_2019.xls
A/CASTILLA LA MANCHA/513/2015	A/CastillaLaMancha/513/2015	EPI_ISL_181571	2015-01-27	Europe / Spain	Human	gisaid_meta_2015-2016.xls
A/CASTILLA LA MANCHA/527/2015	A/CastillaLaMancha/527/2015	EPI_ISL_190290	2015-01-24	Europe / Spain / Castille-La Mancha	Human	gisaid_meta_2015-2016.xls
A/CASTILLA LA MANCHA/646/2015	A/CastillaLaMancha/646/2015	EPI_ISL_181573	2015-02-05	Europe / Spain	Human	gisaid_meta_2015-2016.xls
A/CASTILLA LA MANCHA/659/2015	A/CastillaLaMancha/659/2015	EPI_ISL_179296	2015-02-05	Europe / Spain	Human	gisaid_meta_2015-2016.xls
A/CASTILLA LA MANCHA/660/2015	A/CastillaLaMancha/660/2015	EPI_ISL_181574	2015-02-04	Europe / Spain	Human	gisaid_meta_2015-2016.xls
A/CASTILLA LA MANCHA/7/2015	A/Castilla La Mancha/7/2015	EPI_ISL_170635	2015-01-02	Europe / Spain	Human	gisaid_meta_2015-2016.xls
A/CASTILLA LA MANCHA/718/2015	A/CastillaLaMancha/718/2015	EPI_ISL_179297	2015-02-10	Europe / Spain	Human	gisaid_meta_2015-2016.xls
A/CASTILLA LA MANCHA/76/2015	A/CastillaLaMancha/76/2015	EPI_ISL_170006	2015-01-08	Europe / Spain / Castille-La Mancha	Human	gisaid_meta_2015-2016.xls
A/CASTILLA LA MANCHA/76/2015	A/CastillaLaMancha/76/2015	EPI_ISL_172349	2015-01-08	Europe / Spain	Human	gisaid_meta_2015-2016.xls
A/CATALONIA/0684834S/2015	A/Catalonia/0684834S/2015	EPI_ISL_173165	2015-01-07	Europe / Spain / Catalonia / Barcelona	Human	gisaid_meta_2015-2016.xls
A/CATALONIA/11960S/2019	A/Catalonia/11960S/2019	EPI_ISL_416183	2019-11-27	Europe / Spain	Human	gisaid_meta_2019.xls
A/CATALONIA/2235376NS/2015	A/Catalonia/2235376NS/2015	EPI_ISL_173166	2015-01-08	Europe / Spain / Catalonia / Barcelona	Human	gisaid_meta_2015-2016.xls
A/CATALONIA/2235376NS/2015	A/Catalonia/2235376NS/2015	EPI_ISL_174992	2015-01-08	Europe / Spain	Human	gisaid_meta_2015-2016.xls
A/CATALONIA/2235968NS/2015	A/Catalonia/2235968NS/2015	EPI_ISL_173167	2015-01-10	Europe / Spain / Catalonia / Barcelona	Human	gisaid_meta_2015-2016.xls
A/CATALONIA/2235968NS/2015	A/Catalonia/2235968NS/2015	EPI_ISL_174993	2015-01-10	Europe / Spain	Human	gisaid_meta_2015-2016.xls
A/CATALONIA/3509691NS/2017	A/Catalonia/3509691NS/2017	EPI_ISL_267957	2017-02-02	Europe / Spain	Human	gisaid_meta_2017.xls
A/CATALONIA/8396S/2015	A/Catalonia/8396S/2015	EPI_ISL_218938	2015-11-25	Europe / Spain	Human	gisaid_meta_2015-2016.xls
A/CATALONIA/9305S/2016	A/Catalonia/9305S/2016	EPI_ISL_268039	2016-11-24	Europe / Spain	Human	gisaid_meta_2015-2016.xls
A/CATALONIA/9415S/2017	A/Catalonia/9415S/2017	EPI_ISL_267958	2016-12-21	Europe / Spain	Human	gisaid_meta_2015-2016.xls
A/CATALONIA/S4320/2011	A/Catalonia/S4320/2011	EPI_ISL_101392	2011-12-27	Europe / Spain / Catalonia	Human	gisaid_meta_2011-2014.xls
A/CATALONIA/S4345/2011	A/Catalonia/S4345/2011	EPI_ISL_101393	2011-12-28	Europe / Spain / Catalonia	Human	gisaid_meta_2011-2014.xls
A/CENTRE/1846/2019	A/Centre/1846/2019	EPI_ISL_353959	2019-03-30	Europe / France / Region Centre	Human	gisaid_meta_2019.xls
A/CENTRE/1846/2019	A/Centre/1846/2019	EPI_ISL_388697	2019-03-30	Europe / France	Human	gisaid_meta_2019.xls
A/CENTRE/2293/2020	A/Centre/2293/2020	EPI_ISL_498298	2020-03-09	Europe / France	Human	gisaid_meta_2020-21.xls
A/CENTRE/2293/2020	A/Centre/2293/2020	EPI_ISL_515540	2020-03-09	Europe / France / Region Centre	Human	gisaid_meta_2020-21.xls
A/CHACO/4257/2014	A/Chaco/4257/2014	EPI_ISL_166729	2014-07-07	South America / Argentina	Human	gisaid_meta_2011-2014.xls
A/CHACO/5525/2014	A/Chaco/5525/2014	EPI_ISL_166730	2014-07-07	South America / Argentina	Human	gisaid_meta_2011-2014.xls
A/CHACO/6199/2014	A/Chaco/6199/2014	EPI_ISL_166731	2014-07-02	South America / Argentina	Human	gisaid_meta_2011-2014.xls
A/CHIBA/61/2014	A/CHIBA/61/2014	EPI_ISL_169797	2014-11-13	Asia / Japan	Human	gisaid_meta_2011-2014.xls
A/CHIBA/61/2014	A/Chiba/61/2014	EPI_ISL_197521	2015-01-15	Asia / Japan	Human	gisaid_meta_2015-2016.xls
A/CHIBA/61/2014	A/Chiba/61/2014	EPI_ISL_197545	2015-01-15	Asia / Japan	Human	gisaid_meta_2015-2016.xls
A/CHIBA/61/2014	A/Chiba/61/2014	EPI_ISL_201687	2014-11-13	Asia / Japan	Human	gisaid_meta_2011-2014.xls
A/CHILE/64/2011	A/Chile/64/2011	EPI_ISL_93775	2011-05-05	South America / Chile	Human	gisaid_meta_2011-2014.xls
A/CHILE/64/2011	A/Chile/64/2011	EPI_ISL_96086	2011-05-05	South America / Chile	Human	gisaid_meta_2011-2014.xls
A/CHILE/64/2011	A/Chile/64/2011	EPI_ISL_99062	2011-05-05	South America / Chile	Human	gisaid_meta_2011-2014.xls
A/CHILE/64/2011	A/Chile/64/2011	EPI_ISL_99063	2011-05-05	South America / Chile	Human	gisaid_meta_2011-2014.xls
A/CHILE/72/2011	A/Chile/72/2011	EPI_ISL_93776	2011-05-16	South America / Chile	Human	gisaid_meta_2011-2014.xls
A/CHILE/72/2011	A/Chile/72/2011	EPI_ISL_99064	2011-05-16	South America / Chile	Human	gisaid_meta_2011-2014.xls
A/CHILE/72/2011	A/Chile/72/2011	EPI_ISL_99065	2011-05-16	South America / Chile	Human	gisaid_meta_2011-2014.xls
A/CHILE/9920/2011	A/Chile/9920/2011	EPI_ISL_93777	2011-05-17	South America / Chile	Human	gisaid_meta_2011-2014.xls
A/CHITA/257/2014	A/Chita/257/2014	EPI_ISL_174994	2014-12-18	Europe / Russian Federation	Human	gisaid_meta_2011-2014.xls
A/CHITA/259/2014	A/Chita/259/2014	EPI_ISL_174995	2014-12-19	Europe / Russian Federation	Human	gisaid_meta_2011-2014.xls
A/CHITA/261/2014	A/Chita/261/2014	EPI_ISL_174996	2014-12-12	Europe / Russian Federation	Human	gisaid_meta_2011-2014.xls
A/CHITA/267/2014	A/Chita/267/2014	EPI_ISL_174997	2014-12-03	Europe / Russian Federation	Human	gisaid_meta_2011-2014.xls
A/CHRISTCHURCH/28/2011	A/Christchurch/28/2011	EPI_ISL_101919	2011-08-05	Oceania / New Zealand	Human	gisaid_meta_2011-2014.xls
A/CHRISTCHURCH/28/2011	A/Christchurch/28/2011	EPI_ISL_103761	2011-08-05	Oceania / New Zealand	Human	gisaid_meta_2011-2014.xls
A/CHRISTCHURCH/28/2011	A/CHRISTCHURCH/28/2011	EPI_ISL_106832	2011-08-05	Oceania / New Zealand / Canterbury	Human	gisaid_meta_2011-2014.xls
A/CHRISTCHURCH/28/2011	A/Christchurch/28/2011	EPI_ISL_13871177	2011-08-05	Oceania / New Zealand / Canterbury / Christchurch	Human	gisaid_meta_2011-2014.xls
A/CHRISTCHURCH/28/2011	A/Christchurch/28/2011	EPI_ISL_13871178	2011-08-05	Oceania / New Zealand / Canterbury / Christchurch	Human	gisaid_meta_2011-2014.xls
A/CHRISTCHURCH/28/2011	A/CHRISTCHURCH/28/2011	EPI_ISL_99754	2011-08-05	Oceania / New Zealand / Canterbury / South Island	Human	gisaid_meta_2011-2014.xls
A/CHRISTCHURCH/37/2001	A/Christchurch/37/2001	EPI_ISL_188214	2001-07-09	Oceania / New Zealand	Human	gisaid_meta_2010.xls
A/CHRISTCHURCH/37/2001	A/Christchurch/37/2001	EPI_ISL_5632494	2001-07-09	Oceania / New Zealand / Canterbury	Human	gisaid_meta_2010.xls
A/CHRISTCHURCH/512/2012	A/Christchurch/512/2012	EPI_ISL_135832	2012-07-05	Oceania / New Zealand	Human	gisaid_meta_2011-2014.xls
A/CHRISTCHURCH/512/2012	A/Christchurch/512/2012	EPI_ISL_138467	2012-07-05	Oceania / Australia	Human	gisaid_meta_2011-2014.xls
A/CHRISTCHURCH/512/2012	A/Christchurch/512/2012	EPI_ISL_14284815	2012-07-05	Oceania / New Zealand / Canterbury	Human	gisaid_meta_2011-2014.xls
A/CHRISTCHURCH/512/2012	A/Christchurch/512/2012	EPI_ISL_14284816	2012-07-05	Oceania / New Zealand / Canterbury	Human	gisaid_meta_2011-2014.xls
A/CHRISTCHURCH/516/2019	A/Christchurch/516/2019	EPI_ISL_363270	2019-04-03	Oceania / New Zealand / Canterbury / Taranaki	Human	gisaid_meta_2019.xls
A/CHRISTCHURCH/516/2019	A/Christchurch/516/2019	EPI_ISL_364623	2019-04-03	Oceania / New Zealand / Taranaki	Human	gisaid_meta_2019.xls
A/CHRISTCHURCH/64/2005	A/Christchurch/64/2005	EPI_ISL_10656151	2005-06-18	Oceania / New Zealand / Canterbury	Human	gisaid_meta_2010.xls
A/CHRISTCHURCH/64/2005	A/CHRISTCHURCH/64/2005	EPI_ISL_186330	2005-06-18	Oceania / New Zealand	Human	gisaid_meta_2010.xls
A/CHRISTCHURCH/64/2005	A/CHRISTCHURCH/64/2005	EPI_ISL_64620	2005	Oceania / New Zealand	Human	gisaid_meta_2010.xls
A/CHUBUT/R153/2014	A/Chubut/R153/2014	EPI_ISL_166732	2014-06-28	South America / Argentina	Human	gisaid_meta_2011-2014.xls
A/CLERMONTFERRAND/1459/2018	A/Clermont Ferrand/1459/2018	EPI_ISL_314660	2018-03-24	Europe / France	Human	gisaid_meta_2018.xls
A/CLERMONTFERRAND/2062/2018	A/Clermont-Ferrand/2062/2018	EPI_ISL_336076	2018-11-07	Europe / France	Human	gisaid_meta_2018.xls
A/CLERMONTFERRAND/2062/2018	A/Clermont-Ferrand/2062/2018	EPI_ISL_345751	2018-11-07	Europe / France / Clermont-Ferrand	Human	gisaid_meta_2018.xls
A/CLERMONTFERRAND/2227/2016	A/Clermont-Ferrand/2227/2016	EPI_ISL_247441	2016-11-02	Europe / France / Clermont-Ferrand	Human	gisaid_meta_2015-2016.xls
A/CLERMONTFERRAND/2227/2016	A/Clermont Ferrand/2227/2016	EPI_ISL_259658	2016-11-02	Europe / France	Human	gisaid_meta_2015-2016.xls
A/COLOMBIA/227/2009	A/Colombia/227/2009	EPI_ISL_187814	2009-05-01	South America / Colombia	Human	gisaid_meta_2010.xls
A/COLOMBIA/227/2009	A/Colombia/227/2009	EPI_ISL_34965	2009-05-01	North America / United States / South Carolina / Columbia	Human	gisaid_meta_2010.xls
A/COLOMBIA/227/2009	A/Colombia/227/2009	EPI_ISL_34966	2009-05-01	North America / United States / South Carolina / Columbia	Human	gisaid_meta_2010.xls
A/CONSTANTA/239165/2018	A/Constanta/239165/2018	EPI_ISL_344081	2018-12-07	Europe / Romania	Human	gisaid_meta_2018.xls
A/COSTARICA/4700/2013	A/Costa Rica/4700/2013	EPI_ISL_150049	2013-07-26	North America / Costa Rica	Human	gisaid_meta_2011-2014.xls
A/COSTARICA/4700/2013	A/Costa Rica/4700/2013	EPI_ISL_150050	2013-07-26	North America / Costa Rica	Human	gisaid_meta_2011-2014.xls
A/COSTARICA/4700/2013	A/Costa Rica/4700/2013	EPI_ISL_151795	2013-07-26	North America / Costa Rica	Human	gisaid_meta_2011-2014.xls
A/COSTARICA/4700/2013	A/Costa Rica/4700/2013	EPI_ISL_153944	2013-07-01	North America / United States	Human	gisaid_meta_2011-2014.xls
A/COSTARICA/4700/2013	A/Costa Rica/4700/2013	EPI_ISL_153945	2013-07-01	North America / United States	Human	gisaid_meta_2011-2014.xls
A/COSTARICA/4700/2013	A/Costa Rica/4700/2013	EPI_ISL_156453	2013-07-26	North America / Costa Rica	Human	gisaid_meta_2011-2014.xls
A/COSTARICA/4700/2013	A/Costa Rica/4700/2013	EPI_ISL_158724	2013-07-26	North America / Costa Rica	Human	gisaid_meta_2011-2014.xls
A/COTE DIVOIRE/1021/2019	A/Cote d'Ivoire/1021/2019	EPI_ISL_395362	2019-06-14	Africa / Cote d'Ivoire	Human	gisaid_meta_2019.xls
A/COTE DIVOIRE/1024/2019	A/Cote d'Ivoire/1024/2019	EPI_ISL_395363	2019-06-14	Africa / Cote d'Ivoire	Human	gisaid_meta_2019.xls
A/COTE DIVOIRE/1038/2019	A/Cote d'Ivoire/1038/2019	EPI_ISL_395338	2019-06-16	Africa / Cote d'Ivoire	Human	gisaid_meta_2019.xls
A/COTE DIVOIRE/1040/2017	A/Cote D'Ivoire/1040/2017	EPI_ISL_288759	2017-07-28	Africa / Cote d'Ivoire	Human	gisaid_meta_2017.xls
A/COTE DIVOIRE/1045/2017	A/Cote D'Ivoire/1045/2017	EPI_ISL_288760	2017-07-31	Africa / Cote d'Ivoire	Human	gisaid_meta_2017.xls
A/COTE DIVOIRE/1093/2019	A/Cote d'Ivoire/1093/2019	EPI_ISL_395343	2019-06-26	Africa / Cote d'Ivoire	Human	gisaid_meta_2019.xls
A/COTE DIVOIRE/1116/2019	A/Cote d'Ivoire/1116/2019	EPI_ISL_395333	2019-06-26	Africa / Cote d'Ivoire	Human	gisaid_meta_2019.xls
A/COTE DIVOIRE/1126/2019	A/Cote d'Ivoire/1126/2019	EPI_ISL_395332	2019-06-28	Africa / Cote d'Ivoire	Human	gisaid_meta_2019.xls
A/COTE DIVOIRE/1132/2019	A/Cote d'Ivoire/1132/2019	EPI_ISL_395331	2019-06-28	Africa / Cote d'Ivoire	Human	gisaid_meta_2019.xls
A/COTE DIVOIRE/1155/2019	A/Cote d'Ivoire/1155/2019	EPI_ISL_395323	2019-06-30	Africa / Cote d'Ivoire	Human	gisaid_meta_2019.xls
A/COTE DIVOIRE/1171/2019	A/Cote d'Ivoire/1171/2019	EPI_ISL_395329	2019-07-03	Africa / Cote d'Ivoire	Human	gisaid_meta_2019.xls
A/COTE DIVOIRE/1278/2019	A/Cote d'Ivoire/1278/2019	EPI_ISL_395327	2019-07-14	Africa / Cote d'Ivoire	Human	gisaid_meta_2019.xls
A/COTE DIVOIRE/1279/2019	A/Cote d'Ivoire/1279/2019	EPI_ISL_395324	2019-07-15	Africa / Cote d'Ivoire	Human	gisaid_meta_2019.xls
A/COTE DIVOIRE/1299/2019	A/Cote d'Ivoire/1299/2019	EPI_ISL_395328	2019-07-17	Africa / Cote d'Ivoire	Human	gisaid_meta_2019.xls
A/COTE DIVOIRE/1301/2019	A/Cote d'Ivoire/1301/2019	EPI_ISL_395335	2019-07-18	Africa / Cote d'Ivoire	Human	gisaid_meta_2019.xls
A/COTE DIVOIRE/1339/2019	A/Cote d'Ivoire/1339/2019	EPI_ISL_395336	2019-07-18	Africa / Cote d'Ivoire	Human	gisaid_meta_2019.xls
A/COTE DIVOIRE/1417/2019	A/Cote d'Ivoire/1417/2019	EPI_ISL_395345	2019-07-23	Africa / Cote d'Ivoire	Human	gisaid_meta_2019.xls
A/COTE DIVOIRE/1422/2019	A/Cote d'Ivoire/1422/2019	EPI_ISL_395344	2019-07-25	Africa / Cote d'Ivoire	Human	gisaid_meta_2019.xls
A/COTE DIVOIRE/1438/2019	A/Cote d'Ivoire/1438/2019	EPI_ISL_395342	2019-07-27	Africa / Cote d'Ivoire	Human	gisaid_meta_2019.xls
A/COTE DIVOIRE/1442/2019	A/Cote d'Ivoire/1442/2019	EPI_ISL_395334	2019-07-08	Africa / Cote d'Ivoire	Human	gisaid_meta_2019.xls
A/COTE DIVOIRE/1458/2019	A/Cote d'Ivoire/1458/2019	EPI_ISL_395341	2019-07-30	Africa / Cote d'Ivoire	Human	gisaid_meta_2019.xls
A/COTE DIVOIRE/1521/2019	A/Cote d'Ivoire/1521/2019	EPI_ISL_395340	2019-08-10	Africa / Cote d'Ivoire	Human	gisaid_meta_2019.xls
A/COTE DIVOIRE/1984/2013	A/Cote d'Ivoire/1984/2013	EPI_ISL_156897	2013-11-20	Africa / Cote d'Ivoire	Human	gisaid_meta_2011-2014.xls
A/COTE DIVOIRE/1984/2013	A/Cote d'Ivoire/1984/2013	EPI_ISL_158829	2013-11-20	Africa / Cote d'Ivoire	Human	gisaid_meta_2011-2014.xls
A/COTE DIVOIRE/2038/2013	A/Cote d'Ivoire/2038/2013	EPI_ISL_156898	2013-11-27	Africa / Cote d'Ivoire	Human	gisaid_meta_2011-2014.xls
A/COTE DIVOIRE/2038/2013	A/Cote d'Ivoire/2038/2013	EPI_ISL_158830	2013-11-27	Africa / Cote d'Ivoire	Human	gisaid_meta_2011-2014.xls
A/COTE DIVOIRE/2165/2013	A/Cote d'Ivoire/2165/2013	EPI_ISL_156899	2013-12-11	Africa / Cote d'Ivoire	Human	gisaid_meta_2011-2014.xls
A/COTE DIVOIRE/2165/2013	A/Cote d'Ivoire/2165/2013	EPI_ISL_158831	2013-12-11	Africa / Cote d'Ivoire	Human	gisaid_meta_2011-2014.xls
A/COTE DIVOIRE/2202/2013	A/Cote d'Ivoire/2202/2013	EPI_ISL_156900	2013-12-12	Africa / Cote d'Ivoire	Human	gisaid_meta_2011-2014.xls
A/COTE DIVOIRE/2202/2013	A/Cote d'Ivoire/2202/2013	EPI_ISL_158832	2013-12-12	Africa / Cote d'Ivoire	Human	gisaid_meta_2011-2014.xls
A/COTE DIVOIRE/2207/2013	A/Cote d'Ivoire/2207/2013	EPI_ISL_156901	2013-12-13	Africa / Cote d'Ivoire	Human	gisaid_meta_2011-2014.xls
A/COTE DIVOIRE/2207/2013	A/Cote d'Ivoire/2207/2013	EPI_ISL_158833	2013-12-13	Africa / Cote d'Ivoire	Human	gisaid_meta_2011-2014.xls
A/COTE DIVOIRE/544/2016	A/Cote D'Ivoire/544/2016	EPI_ISL_226075	2016-04-06	Africa / Cote d'Ivoire	Human	gisaid_meta_2015-2016.xls
A/COTE DIVOIRE/595/2016	A/Cote D'Ivoire/595/2016	EPI_ISL_226077	2016-04-15	Africa / Cote d'Ivoire	Human	gisaid_meta_2015-2016.xls
A/COTE DIVOIRE/599/2016	A/Cote D'Ivoire/599/2016	EPI_ISL_226078	2016-04-15	Africa / Cote d'Ivoire	Human	gisaid_meta_2015-2016.xls
A/COTE DIVOIRE/651/2016	A/Cote D'Ivoire/651/2016	EPI_ISL_226081	2016-04-25	Africa / Cote d'Ivoire	Human	gisaid_meta_2015-2016.xls
A/COTE DIVOIRE/695/2016	A/Cote D'Ivoire/695/2016	EPI_ISL_226084	2016-05-06	Africa / Cote d'Ivoire	Human	gisaid_meta_2015-2016.xls
A/COTE DIVOIRE/752/2019	A/Cote d'Ivoire/752/2019	EPI_ISL_395359	2019-05-03	Africa / Cote d'Ivoire	Human	gisaid_meta_2019.xls
A/COTE DIVOIRE/830/2019	A/Cote d'Ivoire/830/2019	EPI_ISL_395361	2019-05-13	Africa / Cote d'Ivoire	Human	gisaid_meta_2019.xls
A/COTE DIVOIRE/870/2017	A/Cote D'Ivoire/870/2017	EPI_ISL_288764	2017-06-30	Africa / Cote d'Ivoire	Human	gisaid_meta_2017.xls
A/COTE DIVOIRE/960/2017	A/Cote D'Ivoire/960/2017	EPI_ISL_288766	2017-07-20	Africa / Cote d'Ivoire	Human	gisaid_meta_2017.xls
A/CROATIA/1923/2014	A/Croatia/1923/2014	EPI_ISL_172352	2014-12-16	Europe / Croatia	Human	gisaid_meta_2011-2014.xls
A/CROATIA/2561/2013	A/Croatia/2561/2013	EPI_ISL_154745	2013-12-15	Europe / Croatia	Human	gisaid_meta_2011-2014.xls
A/CROATIA/2624/2013	A/Croatia/2624/2013	EPI_ISL_154746	2013-12-29	Europe / Croatia	Human	gisaid_meta_2011-2014.xls
A/CROATIA/3608/2017	A/Croatia/3608/2017	EPI_ISL_297331	2017-12-12	Europe / Croatia	Human	gisaid_meta_2017.xls
A/CUPRIJA/1212/2012	A/Cuprija/1212/2012	EPI_ISL_128029	2012-03-15	Europe / Serbia	Human	gisaid_meta_2011-2014.xls
A/CUPRIJA/1214/2012	A/Cuprija/1214/2012	EPI_ISL_128030	2012-03-16	Europe / Serbia	Human	gisaid_meta_2011-2014.xls
A/CYPRUS/F1108/2020	A/Cyprus/F1108/2020	EPI_ISL_486676	2020-02-16	Europe / Cyprus	Human	gisaid_meta_2020-21.xls
A/CYPRUS/F1123/2020	A/Cyprus/F1123/2020	EPI_ISL_500720	2020-02-17	Europe / Cyprus	Human	gisaid_meta_2020-21.xls
A/CYPRUS/F1149/2020	A/Cyprus/F1149/2020	EPI_ISL_486679	2020-02-23	Europe / Cyprus	Human	gisaid_meta_2020-21.xls
A/CYPRUS/F1149/2020	A/Cyprus/F1149/2020	EPI_ISL_500721	2020-02-23	Europe / Cyprus	Human	gisaid_meta_2020-21.xls
A/CYPRUS/F1165/2020	A/Cyprus/F1165/2020	EPI_ISL_500722	2020-02-23	Europe / Cyprus	Human	gisaid_meta_2020-21.xls
A/CYPRUS/F1190/2020	A/Cyprus/F1190/2020	EPI_ISL_486681	2020-02-23	Europe / Cyprus	Human	gisaid_meta_2020-21.xls
A/CYPRUS/F1190/2020	A/Cyprus/F1190/2020	EPI_ISL_500723	2020-02-23	Europe / Cyprus	Human	gisaid_meta_2020-21.xls
A/CYPRUS/F1218/2020	A/Cyprus/F1218/2020	EPI_ISL_486682	2020-02-25	Europe / Cyprus	Human	gisaid_meta_2020-21.xls
A/CYPRUS/F1218/2020	A/Cyprus/F1218/2020	EPI_ISL_500724	2020-02-25	Europe / Cyprus	Human	gisaid_meta_2020-21.xls
A/CYPRUS/F1267/2020	A/Cyprus/F1267/2020	EPI_ISL_486683	2020-02-27	Europe / Cyprus	Human	gisaid_meta_2020-21.xls
A/CYPRUS/F1267/2020	A/Cyprus/F1267/2020	EPI_ISL_500725	2020-02-27	Europe / Cyprus	Human	gisaid_meta_2020-21.xls
A/CYPRUS/F1305/2020	A/Cyprus/F1305/2020	EPI_ISL_500726	2020-03-03	Europe / Cyprus	Human	gisaid_meta_2020-21.xls
A/CYPRUS/F148/2017	A/Cyprus/F148/2017	EPI_ISL_268047	2017-01-26	Europe / Cyprus	Human	gisaid_meta_2017.xls
A/CYPRUS/F16/2016	A/Cyprus/F16/2016	EPI_ISL_218940	2016-01-15	Europe / Cyprus	Human	gisaid_meta_2015-2016.xls
A/CYPRUS/F19/2015	A/Cyprus/F19/2015	EPI_ISL_179302	2015-01-22	Europe / Cyprus	Human	gisaid_meta_2015-2016.xls
A/CYPRUS/F33/2015	A/Cyprus/F33/2015	EPI_ISL_179303	2015-01-23	Europe / Cyprus	Human	gisaid_meta_2015-2016.xls
A/CYPRUS/F411/2020	A/Cyprus/F411/2020	EPI_ISL_486685	2020-01-21	Europe / Cyprus	Human	gisaid_meta_2020-21.xls
A/CYPRUS/F411/2020	A/Cyprus/F411/2020	EPI_ISL_500727	2020-01-21	Europe / Cyprus	Human	gisaid_meta_2020-21.xls
A/CYPRUS/F49/2017	A/Cyprus/F49/2017	EPI_ISL_268052	2017-01-12	Europe / Cyprus	Human	gisaid_meta_2017.xls
A/CYPRUS/F52/2015	A/Cyprus/F52/2015	EPI_ISL_179305	2015-02-02	Europe / Cyprus	Human	gisaid_meta_2015-2016.xls
A/CYPRUS/F7/2015	A/Cyprus/F7/2015	EPI_ISL_179306	2015-01-16	Europe / Cyprus	Human	gisaid_meta_2015-2016.xls
A/CYPRUS/F835/2020	A/Cyprus/F835/2020	EPI_ISL_486686	2020-02-02	Europe / Cyprus	Human	gisaid_meta_2020-21.xls
A/CYPRUS/F913/2020	A/Cyprus/F913/2020	EPI_ISL_486687	2020-02-04	Europe / Cyprus	Human	gisaid_meta_2020-21.xls
A/CYPRUS/F926/2020	A/Cyprus/F926/2020	EPI_ISL_486688	2020-02-05	Europe / Cyprus	Human	gisaid_meta_2020-21.xls
A/CYPRUS/F960/2020	A/Cyprus/F960/2020	EPI_ISL_434422	2020-02-07	Europe / Cyprus	Human	gisaid_meta_2020-21.xls
A/CYPRUS/F960/2020	A/Cyprus/F960/2020	EPI_ISL_486689	2020-02-07	Europe / Cyprus	Human	gisaid_meta_2020-21.xls
A/CYPRUS/F968/2020	A/Cyprus/F968/2020	EPI_ISL_486690	2020-02-10	Europe / Cyprus	Human	gisaid_meta_2020-21.xls
A/CYPRUS/F968/2020	A/Cyprus/F968/2020	EPI_ISL_500728	2020-02-10	Europe / Cyprus	Human	gisaid_meta_2020-21.xls
A/CZECHREP/20/2014	A/Czech Rep/20/2014	EPI_ISL_175002	2014-12-31	Europe / Czech Republic	Human	gisaid_meta_2011-2014.xls
A/CZECHREPUBLIC/1031/2019	A/Czech Republic/1031/2019	EPI_ISL_388700	2019-03-06	Europe / Czech Republic	Human	gisaid_meta_2019.xls
A/CZECHREPUBLIC/122/2016	A/Czech Republic/122/2016	EPI_ISL_224681	2016-03-21	Europe / Czech Republic	Human	gisaid_meta_2015-2016.xls
A/CZECHREPUBLIC/1275/2019	A/Czech Republic/1275/2019	EPI_ISL_388703	2019-04-10	Europe / Czech Republic	Human	gisaid_meta_2019.xls
A/CZECHREPUBLIC/1454/2019	A/Czech Republic/1454/2019	EPI_ISL_399938	2019-09-18	Europe / Czech Republic / Hlavni mesto Praha / Okres Praha	Human	gisaid_meta_2019.xls
A/CZECHREPUBLIC/1454/2019	A/Czech Republic/1454/2019	EPI_ISL_406274	2019-09-18	Europe / Czech Republic	Human	gisaid_meta_2019.xls
A/CZECHREPUBLIC/1633/2019	A/Czech Republic/1633/2019	EPI_ISL_416200	2019-11-19	Europe / Czech Republic	Human	gisaid_meta_2019.xls
A/CZECHREPUBLIC/1670/2019	A/Czech Republic/1670/2019	EPI_ISL_405412	2019-11-28	Europe / Czech Republic / Liberecky Kraj / Okres Liberec	Human	gisaid_meta_2019.xls
A/CZECHREPUBLIC/1670/2019	A/Czech Republic/1670/2019	EPI_ISL_416201	2019-11-28	Europe / Czech Republic	Human	gisaid_meta_2019.xls
A/CZECHREPUBLIC/169/2016	A/Czech Republic/169/2016	EPI_ISL_257363	2016-12-14	Europe / Czech Republic	Human	gisaid_meta_2015-2016.xls
A/CZECHREPUBLIC/176/2016	A/Czech Republic/176/2016	EPI_ISL_257364	2016-12-19	Europe / Czech Republic	Human	gisaid_meta_2015-2016.xls
A/CZECHREPUBLIC/178/2017	A/Czech Republic/178/2017	EPI_ISL_257365	2017	Europe / Czech Republic	Human	gisaid_meta_2017.xls
A/DAKAR/10/2018	A/Dakar/10/2018	EPI_ISL_347133	2018-08-03	Africa / Senegal	Human	gisaid_meta_2018.xls
A/DAKAR/10/2019	A/Dakar/10/2019	EPI_ISL_393985	2019-05-24	Africa / Senegal	Human	gisaid_meta_2019.xls
A/DAKAR/10B/2020	A/Dakar/10B/2020	EPI_ISL_1519402	2020-10-16	Africa / Senegal	Human	gisaid_meta_2020-21.xls
A/DAKAR/10B/2020	A/Dakar/10B/2020	EPI_ISL_996023	2020-10-16	Africa / Senegal	Human	gisaid_meta_2020-21.xls
A/DAKAR/11/2019	A/Dakar/11/2019	EPI_ISL_393986	2019-03-21	Africa / Senegal	Human	gisaid_meta_2019.xls
A/DAKAR/12/2019	A/Dakar/12/2019	EPI_ISL_393987	2019-03-27	Africa / Senegal	Human	gisaid_meta_2019.xls
A/DAKAR/13/2019	A/Dakar/13/2019	EPI_ISL_393988	2019-03-27	Africa / Senegal	Human	gisaid_meta_2019.xls
A/DAKAR/15/2014	A/Dakar/15/2014	EPI_ISL_165624	2014-07-11	Africa / Senegal	Human	gisaid_meta_2011-2014.xls
A/DAKAR/16/2014	A/Dakar/16/2014	EPI_ISL_165625	2014-07-11	Africa / Senegal	Human	gisaid_meta_2011-2014.xls
A/DAKAR/17/2019	A/Dakar/17/2019	EPI_ISL_406166	2019-09-04	Africa / Senegal	Human	gisaid_meta_2019.xls
A/DAKAR/18/2014	A/DAKAR/18/2014	EPI_ISL_175004	2014-07-17	Africa / Senegal	Human	gisaid_meta_2011-2014.xls
A/DAKAR/18/2019	A/Dakar/18/2019	EPI_ISL_406167	2019-09-13	Africa / Senegal	Human	gisaid_meta_2019.xls
A/DAKAR/19/2019	A/Dakar/19/2019	EPI_ISL_406168	2019-09-13	Africa / Senegal	Human	gisaid_meta_2019.xls
A/DAKAR/20/2014	A/DAKAR/20/2014	EPI_ISL_172357	2014-08-21	Africa / Senegal	Human	gisaid_meta_2011-2014.xls
A/DAKAR/21/2011	A/Dakar/21/2011	EPI_ISL_117464	2011-09-29	Africa / Senegal	Human	gisaid_meta_2011-2014.xls
A/DAKAR/21/2019	A/Dakar/21/2019	EPI_ISL_406169	2019-09-11	Africa / Senegal	Human	gisaid_meta_2019.xls
A/DAKAR/23/2011	A/Dakar/23/2011	EPI_ISL_117466	2011-10-03	Africa / Senegal	Human	gisaid_meta_2011-2014.xls
A/DAKAR/23/2014	A/DAKAR/23/2014	EPI_ISL_172358	2014-08-21	Africa / Senegal	Human	gisaid_meta_2011-2014.xls
A/DAKAR/24/2014	A/DAKAR/24/2014	EPI_ISL_175005	2014-08-25	Africa / Senegal	Human	gisaid_meta_2011-2014.xls
A/DAKAR/24/2019	A/Dakar/24/2019	EPI_ISL_406172	2019-09-18	Africa / Senegal	Human	gisaid_meta_2019.xls
A/DAKAR/25/2018	A/Dakar/25/2018	EPI_ISL_347136	2018-06-12	Africa / Senegal	Human	gisaid_meta_2018.xls
A/DAKAR/26/2014	A/DAKAR/26/2014	EPI_ISL_175006	2014-09-18	Africa / Senegal	Human	gisaid_meta_2011-2014.xls
A/DAKAR/27/2014	A/DAKAR/27/2014	EPI_ISL_175007	2014-09-23	Africa / Senegal	Human	gisaid_meta_2011-2014.xls
A/DAKAR/28/2018	A/Dakar/28/2018	EPI_ISL_347137	2018-06-12	Africa / Senegal	Human	gisaid_meta_2018.xls
A/DAKAR/29/2014	A/Dakar/29/2014	EPI_ISL_171745	2014-10-02	Africa / Senegal	Human	gisaid_meta_2011-2014.xls
A/DAKAR/29/2018	A/Dakar/29/2018	EPI_ISL_347138	2018-06-12	Africa / Senegal	Human	gisaid_meta_2018.xls
A/DAKAR/30/2014	A/Dakar/30/2014	EPI_ISL_171746	2014-10-07	Africa / Senegal	Human	gisaid_meta_2011-2014.xls
A/DAKAR/31/2014	A/Dakar/31/2014	EPI_ISL_171747	2014-10-16	Africa / Senegal	Human	gisaid_meta_2011-2014.xls
A/DAKAR/32/2014	A/DAKAR/32/2014	EPI_ISL_175008	2014-08-08	Africa / Senegal	Human	gisaid_meta_2011-2014.xls
A/DAKAR/68/2004	A/Dakar/68/2004	EPI_ISL_100376	2004-08-11	Africa / Senegal	Human	gisaid_meta_2010.xls
A/DAKAR/74/2004	A/Dakar/74/2004	EPI_ISL_100378	2004-08-17	Africa / Senegal	Human	gisaid_meta_2010.xls
A/DARWIN/12/1999	A/Darwin/12/1999	EPI_ISL_3663370	1999-07-20	Oceania / Australia / Northern Territory / Darwin	Human	gisaid_meta_2010.xls
A/DARWIN/6/2021	A/Darwin/6/2021	EPI_ISL_15427385	2021-03-16	Oceania / Australia / Northern Territory / Casuarina	Human	gisaid_meta_2020-21.xls
A/DARWIN/6/2021	A/Darwin/6/2021	EPI_ISL_1563628	2021-03-16	Oceania / Australia / Northern Territory / Darwin	Human	gisaid_meta_2020-21.xls
A/DARWIN/6/2021	A/Darwin/6/2021	EPI_ISL_17832065	2021-03-16	Oceania / Australia	Human	gisaid_meta_2020-21.xls
A/DARWIN/6/2021	A/Darwin/6/2021	EPI_ISL_18879343	2021-03-16	Oceania / Australia	Human	gisaid_meta_2020-21.xls
A/DARWIN/6/2021	A/Darwin/6/2021	EPI_ISL_20142966	2021-03-16	Oceania / Australia / Northern Territory / Darwin	Human	gisaid_meta_2020-21.xls
A/DARWIN/6/2021	A/Darwin/6/2021	EPI_ISL_2233236	2021-03-16	Oceania / Australia / Northern Territory / Darwin	Human	gisaid_meta_2020-21.xls
A/DARWIN/6/2021	A/Darwin/6/2021	EPI_ISL_2233238	2021-03-16	Oceania / Australia / Northern Territory / Darwin	Human	gisaid_meta_2020-21.xls
A/DARWIN/6/2021	A/Darwin/6/2021	EPI_ISL_2233239	2021-03-16	Oceania / Australia / Northern Territory / Darwin	Human	gisaid_meta_2020-21.xls
A/DARWIN/6/2021	A/Darwin/6/2021	EPI_ISL_2377072	2021-03-16	Oceania / Australia / Northern Territory / Darwin	Human	gisaid_meta_2020-21.xls
A/DARWIN/6/2021	A/Darwin/6/2021	EPI_ISL_2932601	2021-03-16	Oceania / Australia / Northern Territory / Darwin	Human	gisaid_meta_2020-21.xls
A/DARWIN/6/2021	A/Darwin/6/2021	EPI_ISL_3534319	2021-03-16	Oceania / Australia	Human	gisaid_meta_2020-21.xls
A/DARWIN/6/2021	A/Darwin/6/2021	EPI_ISL_5332906	2021-03-16	Oceania / Australia	Human	gisaid_meta_2020-21.xls
A/DARWIN/6/2021	A/Darwin/6/2021	EPI_ISL_5980164	2021-03-16	Oceania / Australia	Human	gisaid_meta_2020-21.xls
A/DARWIN/7/1999	A/Darwin/7/1999	EPI_ISL_3663373	1999-05-05	Oceania / Australia / Northern Territory / Darwin	Human	gisaid_meta_2010.xls
A/DARWIN/9/2021	A/Darwin/9/2021	EPI_ISL_12109641	2021-04-17	Oceania / Australia	Human	gisaid_meta_2020-21.xls
A/DARWIN/9/2021	A/Darwin/9/2021	EPI_ISL_16998754	2021-04-17	Oceania / Australia	Human	gisaid_meta_2020-21.xls
A/DARWIN/9/2021	A/Darwin/9/2021	EPI_ISL_20142977	2021-04-17	Oceania / Australia / Northern Territory / Darwin	Human	gisaid_meta_2020-21.xls
A/DARWIN/9/2021	A/Darwin/9/2021	EPI_ISL_2233240	2021-04-17	Oceania / Australia / Northern Territory / Darwin	Human	gisaid_meta_2020-21.xls
A/DARWIN/9/2021	A/Darwin/9/2021	EPI_ISL_3100998	2021-04-17	Oceania / Australia / Northern Territory / Darwin	Human	gisaid_meta_2020-21.xls
A/DARWIN/9/2021	A/Darwin/9/2021	EPI_ISL_3801278	2021-04-17	Oceania / Australia / Northern Territory / Darwin	Human	gisaid_meta_2020-21.xls
A/DELAWARE/15/2012	A/Delaware/15/2012	EPI_ISL_132114	2012-11-12	North America / United States / Delaware	Human	gisaid_meta_2011-2014.xls
A/DELAWARE/15/2012	A/Delaware/15/2012	EPI_ISL_134451	2012-11-12	North America / United States / Delaware	Human	gisaid_meta_2011-2014.xls
A/DENIZLI/3801/2016	A/Denizli/3801/2016	EPI_ISL_232842	2016-02-19	Asia / Turkey	Human	gisaid_meta_2015-2016.xls
A/DENMARK/103/2013	A/Denmark/103/2013	EPI_ISL_153119	2013-12-30	Europe / Denmark / Region Syddanmark / Odense Kommune	Human	gisaid_meta_2011-2014.xls
A/DENMARK/103/2013	A/Denmark/103/2013	EPI_ISL_154024	2013-12-30	Europe / Denmark	Human	gisaid_meta_2011-2014.xls
A/DENMARK/104/2013	A/Denmark/104/2013	EPI_ISL_154025	2013-12-23	Europe / Denmark	Human	gisaid_meta_2011-2014.xls
A/DENMARK/1090/2020	A/Denmark/1090/2020	EPI_ISL_477512	2020-02-13	Europe / Denmark	Human	gisaid_meta_2020-21.xls
A/DENMARK/1090/2020	A/Denmark/1090/2020	EPI_ISL_486691	2020-02-13	Europe / Denmark	Human	gisaid_meta_2020-21.xls
A/DENMARK/1138/2020	A/Denmark/1138/2020	EPI_ISL_477514	2020-02-18	Europe / Denmark	Human	gisaid_meta_2020-21.xls
A/DENMARK/1138/2020	A/Denmark/1138/2020	EPI_ISL_486692	2020-02-18	Europe / Denmark	Human	gisaid_meta_2020-21.xls
A/DENMARK/114/2017	A/Denmark/114/2017	EPI_ISL_303920	2017-12-28	Europe / Denmark	Human	gisaid_meta_2017.xls
A/DENMARK/12/2012	A/Denmark/12/2012	EPI_ISL_117389	2012-02-14	Europe / Denmark / 3400  HILLEROED	Human	gisaid_meta_2011-2014.xls
A/DENMARK/1262/2020	A/Denmark/1262/2020	EPI_ISL_477515	2020-02-17	Europe / Denmark	Human	gisaid_meta_2020-21.xls
A/DENMARK/1262/2020	A/Denmark/1262/2020	EPI_ISL_486693	2020-02-17	Europe / Denmark	Human	gisaid_meta_2020-21.xls
A/DENMARK/1295/2020	A/Denmark/1295/2020	EPI_ISL_477517	2020-02-18	Europe / Denmark	Human	gisaid_meta_2020-21.xls
A/DENMARK/2/2012	A/Denmark/2/2012	EPI_ISL_117386	2012-01-30	Europe / Denmark / 1620  KOEBENHAVN V	Human	gisaid_meta_2011-2014.xls
A/DENMARK/24/2012	A/Denmark/24/2012	EPI_ISL_117414	2012-03-11	Europe / Denmark / 5000  ODENSE C	Human	gisaid_meta_2011-2014.xls
A/DENMARK/25/2012	A/Denmark/25/2012	EPI_ISL_117401	2012-03-13	Europe / Denmark / Region Hovedstaden	Human	gisaid_meta_2011-2014.xls
A/DENMARK/26/2012	A/Denmark/26/2012	EPI_ISL_117415	2012-03-14	Europe / Denmark / Region Hovedstaden	Human	gisaid_meta_2011-2014.xls
A/DENMARK/2785/2019	A/Denmark/2785/2019	EPI_ISL_367765	2019-03-13	Europe / Denmark	Human	gisaid_meta_2019.xls
A/DENMARK/28/2012	A/Denmark/28/2012	EPI_ISL_117417	2012-03-14	Europe / Denmark / 2000  FREDERIKSBERG	Human	gisaid_meta_2011-2014.xls
A/DENMARK/3/2012	A/Denmark/3/2012	EPI_ISL_122643	2012-02-06	Europe / Denmark	Human	gisaid_meta_2011-2014.xls
A/DENMARK/3264/2019	A/Denmark/3264/2019	EPI_ISL_400748	2019-10-25	Europe / Denmark	Human	gisaid_meta_2019.xls
A/DENMARK/3264/2019	A/Denmark/3264/2019	EPI_ISL_406276	2019-10-25	Europe / Denmark	Human	gisaid_meta_2019.xls
A/DENMARK/3275/2019	A/Denmark/3275/2019	EPI_ISL_400749	2019-11-06	Europe / Denmark	Human	gisaid_meta_2019.xls
A/DENMARK/3275/2019	A/Denmark/3275/2019	EPI_ISL_406277	2019-11-06	Europe / Denmark	Human	gisaid_meta_2019.xls
A/DENMARK/3292/2019	A/Denmark/3292/2019	EPI_ISL_406278	2019-11-13	Europe / Denmark	Human	gisaid_meta_2019.xls
A/DENMARK/3331/2019	A/Denmark/3331/2019	EPI_ISL_406281	2019-11-21	Europe / Denmark	Human	gisaid_meta_2019.xls
A/DENMARK/36/2012	A/Denmark/36/2012	EPI_ISL_117407	2012-03-26	Europe / Denmark / 2000  FREDERIKSBERG	Human	gisaid_meta_2011-2014.xls
A/DENMARK/36/2012	A/Denmark/36/2012	EPI_ISL_122644	2012-03-26	Europe / Denmark	Human	gisaid_meta_2011-2014.xls
A/DENMARK/42/2012	A/Denmark/42/2012	EPI_ISL_122645	2012-04-21	Europe / Denmark	Human	gisaid_meta_2011-2014.xls
A/DENMARK/44/2014	A/Denmark/44/2014	EPI_ISL_175009	2014-10-03	Europe / Denmark	Human	gisaid_meta_2011-2014.xls
A/DENMARK/45/2014	A/Denmark/45/2014	EPI_ISL_175010	2014-10-20	Europe / Denmark	Human	gisaid_meta_2011-2014.xls
A/DENMARK/6/2012	A/Denmark/6/2012	EPI_ISL_122647	2012-02-07	Europe / Denmark	Human	gisaid_meta_2011-2014.xls
A/DENMARK/67/2017	A/Denmark/67/2017	EPI_ISL_293067	2017-10-08	Europe / Denmark	Human	gisaid_meta_2017.xls
A/DENMARK/67/2017	A/Denmark/67/2017	EPI_ISL_303922	2017-10-08	Europe / Denmark	Human	gisaid_meta_2017.xls
A/DENMARK/86/2017	A/Denmark/86/2017	EPI_ISL_293072	2017-12-11	Europe / Denmark	Human	gisaid_meta_2017.xls
A/DENMARK/86/2017	A/Denmark/86/2017	EPI_ISL_303925	2017-12-11	Europe / Denmark	Human	gisaid_meta_2017.xls
A/DENMARK/87/2011	A/Denmark/87/2011	EPI_ISL_107844	2011-09-04	Europe / Denmark	Human	gisaid_meta_2011-2014.xls
A/DENMARK/90/2011	A/Denmark/90/2011	EPI_ISL_107845	2011-11-28	Europe / Denmark	Human	gisaid_meta_2011-2014.xls
A/DENMARK/90/2011	A/Denmark/90/2011	EPI_ISL_117385	2011-11-28	Europe / Denmark / 7400  HERNING	Human	gisaid_meta_2011-2014.xls
A/DENMARK/90/2011	A/Denmark/90/2011	EPI_ISL_122648	2011-11-28	Europe / Denmark	Human	gisaid_meta_2011-2014.xls
A/DENMARK/96/2013	A/Denmark/96/2013	EPI_ISL_153117	2013-11-03	Europe / Denmark / Region Sjaland / Roskilde Kommune	Human	gisaid_meta_2011-2014.xls
A/DESGENETTES/1941/2017	A/Desgenettes/1941/2017	EPI_ISL_301384	2017-10-08	Europe / France	Human	gisaid_meta_2017.xls
A/DIJON/1176/2017	A/Dijon/1176/2017	EPI_ISL_258413	2017-03-14	Europe / France / Bourgogne	Human	gisaid_meta_2017.xls
A/DIJON/1176/2017	A/Dijon/1176/2017	EPI_ISL_276889	2017-03-14	Europe / France	Human	gisaid_meta_2017.xls
A/DIJON/1484/2015	A/Dijon/1484/2015	EPI_ISL_177461	2015-03-09	Europe / France / Bourgogne / Departement de la Cote-d'Or	Human	gisaid_meta_2015-2016.xls
A/DIJON/1484/2015	A/Dijon/1484/2015	EPI_ISL_196602	2015-03-09	Europe / France	Human	gisaid_meta_2015-2016.xls
A/DIJON/1723/2018	A/Dijon/1723/2018	EPI_ISL_310231	2018-04-02	Europe / France / Bourgogne	Human	gisaid_meta_2018.xls
A/DIJON/1723/2018	A/Dijon/1723/2018	EPI_ISL_314661	2018-04-02	Europe / France	Human	gisaid_meta_2018.xls
A/DIJON/1771/2018	A/Dijon/1771/2018	EPI_ISL_314286	2018-04-10	Europe / France / Bourgogne	Human	gisaid_meta_2018.xls
A/DIJON/1771/2018	A/Dijon/1771/2018	EPI_ISL_314662	2018-04-10	Europe / France	Human	gisaid_meta_2018.xls
A/DIYARBAKIR/1208/2018	A/Diyarbakir/1208/2018	EPI_ISL_363082	2018-11-23	Asia / Turkey	Human	gisaid_meta_2018.xls
A/DIYARBAKIR/1847/2016	A/Diyarbakir/1847/2016	EPI_ISL_267710	2016-11-23	Asia / Turkey	Human	gisaid_meta_2015-2016.xls
A/DIYARBAKIR/1847/2016	A/Diyarbakir/1847/2016	EPI_ISL_275117	2016-11-19	Asia / Turkey	Human	gisaid_meta_2015-2016.xls
A/DIYARBAKIR/1905/2016	A/Diyarbakir/1905/2016	EPI_ISL_267712	2016-12-07	Asia / Turkey	Human	gisaid_meta_2015-2016.xls
A/DIYARBAKIR/211/2014	A/Diyarbakir/211/2014	EPI_ISL_155894	2014-01-10	Asia / Turkey	Human	gisaid_meta_2011-2014.xls
A/DIYARBAKIR/4107/2013	A/Diyarbakir/4107/2013	EPI_ISL_156902	2013-12-21	Asia / Turkey	Human	gisaid_meta_2011-2014.xls
A/DIYARBAKIR/4212/2013	A/Diyarbakir/4212/2013	EPI_ISL_156903	2013-12-27	Asia / Turkey	Human	gisaid_meta_2011-2014.xls
A/DIYARBAKIR/65/2014	A/Diyarbakir/65/2014	EPI_ISL_155895	2014-01-04	Asia / Turkey	Human	gisaid_meta_2011-2014.xls
A/DNIPROPETROVSK/361/2013	A/Dnipropetrovsk/361/2013	EPI_ISL_144017	2013-03-06	Europe / Ukraine	Human	gisaid_meta_2011-2014.xls
A/DNIPROPETROVSK/364/2013	A/Dnipropetrovsk/364/2013	EPI_ISL_144018	2013-03-15	Europe / Ukraine	Human	gisaid_meta_2011-2014.xls
A/DNIPROPETROVSK/390/2013	A/Dnipropetrovsk/390/2013	EPI_ISL_144019	2013-03-15	Europe / Ukraine	Human	gisaid_meta_2011-2014.xls
A/DNIPROPETROVSK/429/2007	A/Dnipropetrovsk/429/2007	EPI_ISL_186001	2007-02-27	Europe / Ukraine	Human	gisaid_meta_2010.xls
A/DNIPROPETROVSK/429/2007	A/Dnipropetrovsk/429/2007	EPI_ISL_20533	2007-02-27	Europe / Ukraine	Human	gisaid_meta_2010.xls
A/DUNAJSKASTREDA/232/2017	A/Dunajska Streda/232/2017	EPI_ISL_275499	2017-01-24	Europe / Slovakia	Human	gisaid_meta_2017.xls
A/EGYPT/278/2018	A/Egypt/278/2018	EPI_ISL_314917	2018-01-09	Africa / Egypt	Human	gisaid_meta_2018.xls
A/EGYPT/293/2018	A/Egypt/293/2018	EPI_ISL_314918	2018-01-08	Africa / Egypt	Human	gisaid_meta_2018.xls
A/EGYPT/7113/2019	A/Egypt/7113/2019	EPI_ISL_2932739	2019-12-21	Africa / Egypt	Human	gisaid_meta_2019.xls
A/EGYPT/8070/2016	A/Egypt/8070/2016	EPI_ISL_273138	2016-12-05	Africa / Egypt	Human	gisaid_meta_2015-2016.xls
A/EGYPT/8123/2016	A/Egypt/8123/2016	EPI_ISL_273139	2016-12-08	Africa / Egypt	Human	gisaid_meta_2015-2016.xls
A/EGYPT/8200/2016	A/Egypt/8200/2016	EPI_ISL_273140	2016-12-08	Africa / Egypt	Human	gisaid_meta_2015-2016.xls
A/EGYPT/8375/2016	A/Egypt/8375/2016	EPI_ISL_273142	2016-12-16	Africa / Egypt	Human	gisaid_meta_2015-2016.xls
A/EGYPT/8437/2016	A/Egypt/8437/2016	EPI_ISL_273143	2016-12-12	Africa / Egypt	Human	gisaid_meta_2015-2016.xls
A/EGYPT/8619/2016	A/Egypt/8619/2016	EPI_ISL_273144	2016-12-26	Africa / Egypt	Human	gisaid_meta_2015-2016.xls
A/EGYPT/GAB3911/2014	A/Egypt/GAB3911/2014	EPI_ISL_168369	2014	Africa / Egypt	Human	gisaid_meta_2011-2014.xls
A/EGYPT/GAB3932/2014	A/Egypt/GAB3932/2014	EPI_ISL_168370	2014	Africa / Egypt	Human	gisaid_meta_2011-2014.xls
A/EGYPT/IMB3452/2014	A/Egypt/IMB3452/2014	EPI_ISL_168371	2014	Africa / Egypt	Human	gisaid_meta_2011-2014.xls
A/EGYPT/MEN4372/2014	A/Egypt/Men4372/2014	EPI_ISL_168372	2014	Africa / Egypt	Human	gisaid_meta_2011-2014.xls
A/EHPAD/MONTPELLIER/2320/2018	A/EHPAD/Montpellier/2320/2018	EPI_ISL_355032	2018-12-21	Europe / France	Human	gisaid_meta_2018.xls
A/EKATERINBURG/9/2005	A/EKATERINBURG/9/2005	EPI_ISL_17396	2005-03-03	Europe / Russian Federation / Sverdlovsk Oblast / Yekaterinburg	Human	gisaid_meta_2010.xls
A/ENGLAND/1/2003	A/ENGLAND/1/2003	EPI_ISL_17025	2003-01-08	Europe / United Kingdom	Human	gisaid_meta_2010.xls
A/ENGLAND/1/2014	A/England/1/2014	EPI_ISL_154747	2014-01-03	Europe / United Kingdom	Human	gisaid_meta_2011-2014.xls
A/ENGLAND/102/2019	A/England/102/2019	EPI_ISL_364744	2019-02-12	Europe / United Kingdom / HASLEMERE	Human	gisaid_meta_2019.xls
A/ENGLAND/102/2019	A/England/102/2019	EPI_ISL_389197	2019-02-12	Europe / United Kingdom	Human	gisaid_meta_2019.xls
A/ENGLAND/103/2020	A/England/103/2020	EPI_ISL_477526	2020-02-05	Europe / United Kingdom	Human	gisaid_meta_2020-21.xls
A/ENGLAND/107/2020	A/England/107/2020	EPI_ISL_477527	2020-02-11	Europe / United Kingdom	Human	gisaid_meta_2020-21.xls
A/ENGLAND/12/2012	A/England/12/2012	EPI_ISL_107846	2012-01-10	Europe / United Kingdom	Human	gisaid_meta_2011-2014.xls
A/ENGLAND/138/2019	A/England/138/2019	EPI_ISL_364713	2019-01-28	Europe / United Kingdom / MANCHESTER	Human	gisaid_meta_2019.xls
A/ENGLAND/138/2019	A/England/138/2019	EPI_ISL_389198	2019-01-28	Europe / United Kingdom	Human	gisaid_meta_2019.xls
A/ENGLAND/154/2019	A/England/154/2019	EPI_ISL_364733	2019-02-07	Europe / United Kingdom / BRISTOL	Human	gisaid_meta_2019.xls
A/ENGLAND/154/2019	A/England/154/2019	EPI_ISL_389199	2019-02-07	Europe / United Kingdom	Human	gisaid_meta_2019.xls
A/ENGLAND/155/2019	A/England/155/2019	EPI_ISL_364734	2019-02-08	Europe / United Kingdom / LEICESTER	Human	gisaid_meta_2019.xls
A/ENGLAND/155/2019	A/England/155/2019	EPI_ISL_389200	2019-02-08	Europe / United Kingdom	Human	gisaid_meta_2019.xls
A/ENGLAND/156/2019	A/England/156/2019	EPI_ISL_364755	2019-02-26	Europe / United Kingdom / LEICESTER	Human	gisaid_meta_2019.xls
A/ENGLAND/156/2019	A/England/156/2019	EPI_ISL_389201	2019-02-26	Europe / United Kingdom	Human	gisaid_meta_2019.xls
A/ENGLAND/157/2019	A/England/157/2019	EPI_ISL_364757	2019-02-25	Europe / United Kingdom / LIVERPOOL	Human	gisaid_meta_2019.xls
A/ENGLAND/157/2019	A/England/157/2019	EPI_ISL_389202	2019-02-25	Europe / United Kingdom	Human	gisaid_meta_2019.xls
A/ENGLAND/185/2019	A/England/185/2019	EPI_ISL_364739	2019-02-08	Europe / United Kingdom / SOUTHAMPTON	Human	gisaid_meta_2019.xls
A/ENGLAND/185/2019	A/England/185/2019	EPI_ISL_389203	2019-02-08	Europe / United Kingdom	Human	gisaid_meta_2019.xls
A/ENGLAND/19/2017	A/England/19/2017	EPI_ISL_270527	2017-01-31	Europe / United Kingdom / CAMBRIDGE	Human	gisaid_meta_2017.xls
A/ENGLAND/19/2017	A/England/19/2017	EPI_ISL_276264	2017-01-31	Europe / United Kingdom	Human	gisaid_meta_2017.xls
A/ENGLAND/194660616/2019	A/England/194660616/2019	EPI_ISL_418451	2019-11-12	Europe / United Kingdom	Human	gisaid_meta_2019.xls
A/ENGLAND/194820759/2019	A/England/194820759/2019	EPI_ISL_405233	2019-11-17	Europe / United Kingdom / SOUTHAMPTON	Human	gisaid_meta_2019.xls
A/ENGLAND/194820759/2019	A/England/194820759/2019	EPI_ISL_418452	2019-11-17	Europe / United Kingdom	Human	gisaid_meta_2019.xls
A/ENGLAND/194840192/2019	A/England/194840192/2019	EPI_ISL_408057	2019-11-25	Europe / United Kingdom / DUDLEY	Human	gisaid_meta_2019.xls
A/ENGLAND/194840192/2019	A/England/194840192/2019	EPI_ISL_416203	2019-11-25	Europe / United Kingdom	Human	gisaid_meta_2019.xls
A/ENGLAND/194840298/2019	A/England/194840298/2019	EPI_ISL_405243	2019-11-24	Europe / United Kingdom / LEICESTER	Human	gisaid_meta_2019.xls
A/ENGLAND/194840298/2019	A/England/194840298/2019	EPI_ISL_416204	2019-11-24	Europe / United Kingdom	Human	gisaid_meta_2019.xls
A/ENGLAND/2/2014	A/England/2/2014	EPI_ISL_154748	2014-01-03	Europe / United Kingdom	Human	gisaid_meta_2011-2014.xls
A/ENGLAND/222/2019	A/England/222/2019	EPI_ISL_364760	2019-02-20	Europe / United Kingdom / CAMBRIDGE	Human	gisaid_meta_2019.xls
A/ENGLAND/232/2009	A/England/232/2009	EPI_ISL_60046	2009-07-01	Europe / United Kingdom	Human	gisaid_meta_2010.xls
A/ENGLAND/233/2009	A/England/233/2009	EPI_ISL_60047	2009-07-01	Europe / United Kingdom	Human	gisaid_meta_2010.xls
A/ENGLAND/294/2012	A/England/294/2012	EPI_ISL_121907	2012-02-20	Europe / United Kingdom	Human	gisaid_meta_2011-2014.xls
A/ENGLAND/3/2019	A/England/3/2019	EPI_ISL_338432	2019-01-07	Europe / United Kingdom / NEWCASTLE-UPON-TYNE	Human	gisaid_meta_2019.xls
A/ENGLAND/3/2019	A/England/3/2019	EPI_ISL_347140	2019-01-07	Europe / United Kingdom	Human	gisaid_meta_2019.xls
A/ENGLAND/307/2019	A/England/307/2019	EPI_ISL_399811	2019-10-05	Europe / United Kingdom / MANCHESTER	Human	gisaid_meta_2019.xls
A/ENGLAND/307/2019	A/England/307/2019	EPI_ISL_401543	2019-10-05	Europe / United Kingdom	Human	gisaid_meta_2019.xls
A/ENGLAND/308/2013	A/England/308/2013	EPI_ISL_141675	2013-02-15	Europe / United Kingdom	Human	gisaid_meta_2011-2014.xls
A/ENGLAND/309/2019	A/England/309/2019	EPI_ISL_399818	2019-10-15	Europe / United Kingdom / KNARESBOROUGH	Human	gisaid_meta_2019.xls
A/ENGLAND/309/2019	A/England/309/2019	EPI_ISL_401544	2019-10-15	Europe / United Kingdom	Human	gisaid_meta_2019.xls
A/ENGLAND/316/2012	A/England/316/2012	EPI_ISL_121908	2012-02-28	Europe / United Kingdom	Human	gisaid_meta_2011-2014.xls
A/ENGLAND/320/2019	A/England/320/2019	EPI_ISL_399810	2019-10-07	Europe / United Kingdom / MANCHESTER	Human	gisaid_meta_2019.xls
A/ENGLAND/320/2019	A/England/320/2019	EPI_ISL_401545	2019-10-07	Europe / United Kingdom	Human	gisaid_meta_2019.xls
A/ENGLAND/323/2019	A/England/323/2019	EPI_ISL_399822	2019-10-14	Europe / United Kingdom / MANCHESTER	Human	gisaid_meta_2019.xls
A/ENGLAND/323/2019	A/England/323/2019	EPI_ISL_401546	2019-10-14	Europe / United Kingdom	Human	gisaid_meta_2019.xls
A/ENGLAND/325/2019	A/England/325/2019	EPI_ISL_399825	2019-10-16	Europe / United Kingdom / MANCHESTER	Human	gisaid_meta_2019.xls
A/ENGLAND/325/2019	A/England/325/2019	EPI_ISL_401547	2019-10-16	Europe / United Kingdom	Human	gisaid_meta_2019.xls
A/ENGLAND/330/2019	A/England/330/2019	EPI_ISL_399836	2019-10-24	Europe / United Kingdom / MANCHESTER	Human	gisaid_meta_2019.xls
A/ENGLAND/330/2019	A/England/330/2019	EPI_ISL_401548	2019-10-24	Europe / United Kingdom	Human	gisaid_meta_2019.xls
A/ENGLAND/331/2019	A/England/331/2019	EPI_ISL_399837	2019-10-25	Europe / United Kingdom / MANCHESTER	Human	gisaid_meta_2019.xls
A/ENGLAND/331/2019	A/England/331/2019	EPI_ISL_401549	2019-10-25	Europe / United Kingdom	Human	gisaid_meta_2019.xls
A/ENGLAND/333/2015	A/England/333/2015	EPI_ISL_202802	2015-09-04	Europe / United Kingdom	Human	gisaid_meta_2015-2016.xls
A/ENGLAND/333/2015	A/England/333/2015	EPI_ISL_203391	2015-09-04	Europe / United Kingdom / LONDON	Human	gisaid_meta_2015-2016.xls
A/ENGLAND/334/2015	A/England/334/2015	EPI_ISL_202801	2015-09-06	Europe / United Kingdom	Human	gisaid_meta_2015-2016.xls
A/ENGLAND/334/2015	A/England/334/2015	EPI_ISL_203370	2015-09-06	Europe / United Kingdom / LONDON	Human	gisaid_meta_2015-2016.xls
A/ENGLAND/335/2015	A/England/335/2015	EPI_ISL_202803	2015-09-29	Europe / United Kingdom	Human	gisaid_meta_2015-2016.xls
A/ENGLAND/335/2019	A/England/335/2019	EPI_ISL_399841	2019-10-28	Europe / United Kingdom / MANCHESTER	Human	gisaid_meta_2019.xls
A/ENGLAND/335/2019	A/England/335/2019	EPI_ISL_401550	2019-10-28	Europe / United Kingdom	Human	gisaid_meta_2019.xls
A/ENGLAND/344/2019	A/England/344/2019	EPI_ISL_399831	2019-10-21	Europe / United Kingdom / NEWCASTLE-UPON-TYNE	Human	gisaid_meta_2019.xls
A/ENGLAND/344/2019	A/England/344/2019	EPI_ISL_401551	2019-10-21	Europe / United Kingdom	Human	gisaid_meta_2019.xls
A/ENGLAND/347/2019	A/England/347/2019	EPI_ISL_399844	2019-10-30	Europe / United Kingdom / MANCHESTER	Human	gisaid_meta_2019.xls
A/ENGLAND/347/2019	A/England/347/2019	EPI_ISL_401552	2019-10-30	Europe / United Kingdom	Human	gisaid_meta_2019.xls
A/ENGLAND/350/2019	A/England/350/2019	EPI_ISL_401553	2019-11-11	Europe / United Kingdom	Human	gisaid_meta_2019.xls
A/ENGLAND/350/2019	A/England/350/2019	EPI_ISL_405130	2019-11-11	Europe / United Kingdom / NEWCASTLE-UPON-TYNE	Human	gisaid_meta_2019.xls
A/ENGLAND/387/2019	A/England/387/2019	EPI_ISL_405144	2019-11-13	Europe / United Kingdom / MANCHESTER	Human	gisaid_meta_2019.xls
A/ENGLAND/387/2019	A/England/387/2019	EPI_ISL_418454	2019-11-13	Europe / United Kingdom	Human	gisaid_meta_2019.xls
A/ENGLAND/400/2014	A/England/400/2014	EPI_ISL_164215	2014-03-21	Europe / United Kingdom	Human	gisaid_meta_2011-2014.xls
A/ENGLAND/42/1972	A/England/42/1972	EPI_ISL_113863	1972	Europe / United Kingdom	Human	gisaid_meta_2010.xls
A/ENGLAND/42/1972	A/England/42/1972	EPI_ISL_123229	1972	Europe / United Kingdom	Human	gisaid_meta_2010.xls
A/ENGLAND/427/1988	A/England/427/1988	EPI_ISL_114296	1988	Europe / United Kingdom	Human	gisaid_meta_2010.xls
A/ENGLAND/449/2002	A/England/449/2002	EPI_ISL_107731	2002	Europe / United Kingdom	Human	gisaid_meta_2010.xls
A/ENGLAND/455/2002	A/England/455/2002	EPI_ISL_107732	2002	Europe / United Kingdom	Human	gisaid_meta_2010.xls
A/ENGLAND/476/2012	A/England/476/2012	EPI_ISL_121909	2012-03-19	Europe / United Kingdom	Human	gisaid_meta_2011-2014.xls
A/ENGLAND/476/2019	A/England/476/2019	EPI_ISL_405251	2019-11-20	Europe / United Kingdom / NEWCASTLE-UPON-TYNE	Human	gisaid_meta_2019.xls
A/ENGLAND/476/2019	A/England/476/2019	EPI_ISL_418457	2019-11-20	Europe / United Kingdom	Human	gisaid_meta_2019.xls
A/ENGLAND/49/2012	A/England/49/2012	EPI_ISL_121910	2012-02-26	Europe / United Kingdom	Human	gisaid_meta_2011-2014.xls
A/ENGLAND/513/2019	A/England/513/2019	EPI_ISL_408099	2019-11-26	Europe / United Kingdom / LEICESTER	Human	gisaid_meta_2019.xls
A/ENGLAND/513/2019	A/England/513/2019	EPI_ISL_416205	2019-11-26	Europe / United Kingdom	Human	gisaid_meta_2019.xls
A/ENGLAND/516/2014	A/England/516/2014	EPI_ISL_170284	2014-10-24	Europe / United Kingdom	Human	gisaid_meta_2011-2014.xls
A/ENGLAND/516/2014	A/England/516/2014	EPI_ISL_186566	2014-10-24	Europe / United Kingdom / CIRENCESTER	Human	gisaid_meta_2011-2014.xls
A/ENGLAND/517/2012	A/England/517/2012	EPI_ISL_121911	2012-04-05	Europe / United Kingdom	Human	gisaid_meta_2011-2014.xls
A/ENGLAND/521/2019	A/England/521/2019	EPI_ISL_408109	2019-11-29	Europe / United Kingdom / YORK	Human	gisaid_meta_2019.xls
A/ENGLAND/521/2019	A/England/521/2019	EPI_ISL_416206	2019-11-29	Europe / United Kingdom	Human	gisaid_meta_2019.xls
A/ENGLAND/527/2014	A/England/527/2014	EPI_ISL_170285	2014-11-18	Europe / United Kingdom	Human	gisaid_meta_2011-2014.xls
A/ENGLAND/528/2014	A/England/528/2014	EPI_ISL_170286	2014-11-20	Europe / United Kingdom	Human	gisaid_meta_2011-2014.xls
A/ENGLAND/528/2014	A/England/528/2014	EPI_ISL_188762	2014-11-20	Europe / United Kingdom / MANCHESTER	Human	gisaid_meta_2011-2014.xls
A/ENGLAND/530/2014	A/England/530/2014	EPI_ISL_170288	2014-11-26	Europe / United Kingdom	Human	gisaid_meta_2011-2014.xls
A/ENGLAND/530/2014	A/England/530/2014	EPI_ISL_188769	2014-11-26	Europe / United Kingdom / MANCHESTER	Human	gisaid_meta_2011-2014.xls
A/ENGLAND/530/2019	A/England/530/2019	EPI_ISL_428522	2019-12-02	Europe / United Kingdom / SHEFFIELD	Human	gisaid_meta_2019.xls
A/ENGLAND/531/2012	A/England/531/2012	EPI_ISL_121912	2012-04-16	Europe / United Kingdom	Human	gisaid_meta_2011-2014.xls
A/ENGLAND/531/2019	A/England/531/2019	EPI_ISL_416207	2019-11-25	Europe / United Kingdom	Human	gisaid_meta_2019.xls
A/ENGLAND/531/2019	A/England/531/2019	EPI_ISL_428494	2019-11-25	Europe / United Kingdom / YORK	Human	gisaid_meta_2019.xls
A/ENGLAND/535/2018	A/England/535/2018	EPI_ISL_314158	2018-02-21	Europe / United Kingdom	Human	gisaid_meta_2018.xls
A/ENGLAND/538/2018	A/England/538/2018	EPI_ISL_312041	2018-02-26	Europe / United Kingdom / LONDON	Human	gisaid_meta_2018.xls
A/ENGLAND/538/2018	A/England/538/2018	EPI_ISL_314159	2018-02-26	Europe / United Kingdom	Human	gisaid_meta_2018.xls
A/ENGLAND/540/2018	A/England/540/2018	EPI_ISL_312052	2018-03-07	Europe / United Kingdom / HIGH WYCOMBE	Human	gisaid_meta_2018.xls
A/ENGLAND/540/2018	A/England/540/2018	EPI_ISL_314160	2018-03-07	Europe / United Kingdom	Human	gisaid_meta_2018.xls
A/ENGLAND/551/2018	A/England/551/2018	EPI_ISL_314161	2018-02-09	Europe / United Kingdom	Human	gisaid_meta_2018.xls
A/ENGLAND/551/2019	A/England/551/2019	EPI_ISL_408294	2019-11-29	Europe / United Kingdom / NEWCASTLE-UPON-TYNE	Human	gisaid_meta_2019.xls
A/ENGLAND/551/2019	A/England/551/2019	EPI_ISL_416208	2019-11-29	Europe / United Kingdom	Human	gisaid_meta_2019.xls
A/ENGLAND/553/2018	A/England/553/2018	EPI_ISL_314162	2018-02-09	Europe / United Kingdom	Human	gisaid_meta_2018.xls
A/ENGLAND/554/2012	A/England/554/2012	EPI_ISL_132006	2012-03-10	Europe / United Kingdom	Human	gisaid_meta_2011-2014.xls
A/ENGLAND/555/2012	A/England/555/2012	EPI_ISL_132007	2012-05-09	Europe / United Kingdom	Human	gisaid_meta_2011-2014.xls
A/ENGLAND/565/2012	A/England/565/2012	EPI_ISL_132008	2012-05-31	Europe / United Kingdom	Human	gisaid_meta_2011-2014.xls
A/ENGLAND/568/2012	A/England/568/2012	EPI_ISL_132009	2012-08-18	Europe / United Kingdom	Human	gisaid_meta_2011-2014.xls
A/ENGLAND/569/2012	A/England/569/2012	EPI_ISL_132010	2012-08-18	Europe / United Kingdom	Human	gisaid_meta_2011-2014.xls
A/ENGLAND/575/2012	A/England/575/2012	EPI_ISL_132899	2012-10-23	Europe / United Kingdom	Human	gisaid_meta_2011-2014.xls
A/ENGLAND/586/2012	A/England/586/2012	EPI_ISL_132900	2012-11-02	Europe / United Kingdom	Human	gisaid_meta_2011-2014.xls
A/ENGLAND/587/2012	A/England/587/2012	EPI_ISL_132901	2012-10-31	Europe / United Kingdom	Human	gisaid_meta_2011-2014.xls
A/ENGLAND/593/2012	A/England/593/2012	EPI_ISL_132902	2012-11-12	Europe / United Kingdom	Human	gisaid_meta_2011-2014.xls
A/ENGLAND/599/2019	A/England/599/2019	EPI_ISL_405148	2019-11-13	Europe / United Kingdom / NEWCASTLE-UPON-TYNE	Human	gisaid_meta_2019.xls
A/ENGLAND/599/2019	A/England/599/2019	EPI_ISL_418458	2019-11-13	Europe / United Kingdom	Human	gisaid_meta_2019.xls
A/ENGLAND/601/2019	A/England/601/2019	EPI_ISL_408090	2019-11-24	Europe / United Kingdom / NEWCASTLE-UPON-TYNE	Human	gisaid_meta_2019.xls
A/ENGLAND/612/2019	A/England/612/2019	EPI_ISL_408352	2019-11-29	Europe / United Kingdom / MANCHESTER	Human	gisaid_meta_2019.xls
A/ENGLAND/612/2019	A/England/612/2019	EPI_ISL_416209	2019-11-29	Europe / United Kingdom	Human	gisaid_meta_2019.xls
A/ENGLAND/617/2013	A/England/617/2013	EPI_ISL_153156	2013-09-15	Europe / United Kingdom	Human	gisaid_meta_2011-2014.xls
A/ENGLAND/620/2013	A/England/620/2013	EPI_ISL_153157	2013-10-16	Europe / United Kingdom	Human	gisaid_meta_2011-2014.xls
A/ENGLAND/630/2018	A/England/630/2018	EPI_ISL_335397	2018-11-23	Europe / United Kingdom / TRURO	Human	gisaid_meta_2018.xls
A/ENGLAND/630/2018	A/England/630/2018	EPI_ISL_347141	2018-11-23	Europe / United Kingdom	Human	gisaid_meta_2018.xls
A/ENGLAND/645/2019	A/England/645/2019	EPI_ISL_408376	2019-12-05	Europe / United Kingdom / MANCHESTER	Human	gisaid_meta_2019.xls
A/ENGLAND/645/2019	A/England/645/2019	EPI_ISL_416210	2019-12-05	Europe / United Kingdom	Human	gisaid_meta_2019.xls
A/ENGLAND/64520167/2016	A/England/64520167/2016	EPI_ISL_239765	2016-11-02	Europe / United Kingdom	Human	gisaid_meta_2015-2016.xls
A/ENGLAND/64520167/2016	A/England/64520167/2016	EPI_ISL_270390	2016-11-02	Europe / United Kingdom / BRIGHTON	Human	gisaid_meta_2015-2016.xls
A/ENGLAND/64580215/2016	A/England/64580215/2016	EPI_ISL_239768	2016-11-08	Europe / United Kingdom	Human	gisaid_meta_2015-2016.xls
A/ENGLAND/64580215/2016	A/England/64580215/2016	EPI_ISL_269788	2016-11-08	Europe / United Kingdom / BRISTOL	Human	gisaid_meta_2015-2016.xls
A/ENGLAND/646/2018	A/England/646/2018	EPI_ISL_335424	2018-11-28	Europe / United Kingdom / LEICESTER	Human	gisaid_meta_2018.xls
A/ENGLAND/646/2018	A/England/646/2018	EPI_ISL_347142	2018-11-28	Europe / United Kingdom	Human	gisaid_meta_2018.xls
A/ENGLAND/648/2019	A/England/648/2019	EPI_ISL_408020	2019-12-07	Europe / United Kingdom / CAMBRIDGE	Human	gisaid_meta_2019.xls
A/ENGLAND/648/2019	A/England/648/2019	EPI_ISL_416211	2019-12-07	Europe / United Kingdom	Human	gisaid_meta_2019.xls
A/ENGLAND/651/2013	A/England/651/2013	EPI_ISL_154749	2013-12-18	Europe / United Kingdom	Human	gisaid_meta_2011-2014.xls
A/ENGLAND/651/2019	A/England/651/2019	EPI_ISL_416212	2019-12-05	Europe / United Kingdom	Human	gisaid_meta_2019.xls
A/ENGLAND/651/2019	A/England/651/2019	EPI_ISL_459737	2019-12-05	Europe / United Kingdom / GATESHEAD	Human	gisaid_meta_2019.xls
A/ENGLAND/675/2019	A/England/675/2019	EPI_ISL_416213	2019-12-08	Europe / United Kingdom	Human	gisaid_meta_2019.xls
A/ENGLAND/675/2019	A/England/675/2019	EPI_ISL_428562	2019-12-08	Europe / United Kingdom / NEWCASTLE-UPON-TYNE	Human	gisaid_meta_2019.xls
A/ENGLAND/700/2009	A/England/700/2009	EPI_ISL_187597	2009-09-08	Europe / United Kingdom	Human	gisaid_meta_2010.xls
A/ENGLAND/700/2009	A/England/700/2009	EPI_ISL_77113	2009-09-08	Europe / United Kingdom	Human	gisaid_meta_2010.xls
A/ENGLAND/754/2018	A/England/754/2018	EPI_ISL_347143	2018-12-13	Europe / United Kingdom	Human	gisaid_meta_2018.xls
A/ENGLAND/815/2009	A/England/815/2009	EPI_ISL_187194	2009-09-15	Europe / United Kingdom	Human	gisaid_meta_2010.xls
A/ENGLAND/815/2009	A/England/815/2009	EPI_ISL_77116	2009-09-15	Europe / United Kingdom	Human	gisaid_meta_2010.xls
A/ENGLAND/929/2016	A/England/929/2016	EPI_ISL_237604	2016-04-22	Europe / United Kingdom	Human	gisaid_meta_2015-2016.xls
A/ENGLAND/93/2019	A/England/93/2019	EPI_ISL_389204	2019-01-31	Europe / United Kingdom	Human	gisaid_meta_2019.xls
A/ENGLAND/94540758/2019	A/England/94540758/2019	EPI_ISL_401559	2019-10-25	Europe / United Kingdom	Human	gisaid_meta_2019.xls
A/ENGLAND/95/2019	A/England/95/2019	EPI_ISL_389205	2019-02-04	Europe / United Kingdom	Human	gisaid_meta_2019.xls
A/ENGLAND/962/2016	A/England/962/2016	EPI_ISL_239773	2016-08-30	Europe / United Kingdom	Human	gisaid_meta_2015-2016.xls
A/ENGLAND/99/2019	A/England/99/2019	EPI_ISL_364723	2019-02-07	Europe / United Kingdom / LEEDS	Human	gisaid_meta_2019.xls
A/ENGLAND/99/2019	A/England/99/2019	EPI_ISL_389206	2019-02-07	Europe / United Kingdom	Human	gisaid_meta_2019.xls
A/ENGLAND/EWLSYW9MYWXLAQ/2019	A/England/eWlsYW9mYWxlaQ/2019	EPI_ISL_389209	2019-02-08	Europe / United Kingdom	Human	gisaid_meta_2019.xls
A/ENGLAND/FMHWY2NXZM9PZG/2018	A/England/fmhwY2NxZm9pZg/2018	EPI_ISL_389210	2018-12-19	Europe / United Kingdom	Human	gisaid_meta_2018.xls
A/ERZURUM/4165/2013	A/Erzurum/4165/2013	EPI_ISL_156904	2013-12-26	Asia / Turkey	Human	gisaid_meta_2011-2014.xls
A/ERZURUM/6/2014	A/Erzurum/6/2014	EPI_ISL_155896	2014-01-02	Asia / Turkey	Human	gisaid_meta_2011-2014.xls
A/ERZURUM/99/2014	A/Erzurum/99/2014	EPI_ISL_155897	2014-01-08	Asia / Turkey	Human	gisaid_meta_2011-2014.xls
A/ERZURUM/TR47/2010	A/Erzurum/TR-47/2010	EPI_ISL_94723	2010-12-08	Asia / Turkey	Human	gisaid_meta_2010.xls
A/ESKILSTUNA/6/2019	A/Eskilstuna/6/2019	EPI_ISL_343381	2019-02-13	Europe / Sweden / Sodermanlands lan	Human	gisaid_meta_2019.xls
A/ESKILSTUNA/6/2019	A/Eskilstuna/6/2019	EPI_ISL_367773	2019-02-13	Europe / Sweden	Human	gisaid_meta_2019.xls
A/ESTONIA/119303/2019	A/Estonia/119303/2019	EPI_ISL_388711	2019-02-11	Europe / Estonia	Human	gisaid_meta_2019.xls
A/ESTONIA/126086/2020	A/Estonia/126086/2020	EPI_ISL_498303	2020-01-30	Europe / Estonia	Human	gisaid_meta_2020-21.xls
A/ESTONIA/126086/2020	A/Estonia/126086/2020	EPI_ISL_500729	2020-01-30	Europe / Estonia	Human	gisaid_meta_2020-21.xls
A/ESTONIA/126096/2020	A/Estonia/126096/2020	EPI_ISL_498304	2020-02-01	Europe / Estonia	Human	gisaid_meta_2020-21.xls
A/ESTONIA/126096/2020	A/Estonia/126096/2020	EPI_ISL_500730	2020-02-01	Europe / Estonia	Human	gisaid_meta_2020-21.xls
A/ESTONIA/126500/2020	A/Estonia/126500/2020	EPI_ISL_498315	2020-02-19	Europe / Estonia	Human	gisaid_meta_2020-21.xls
A/ESTONIA/126500/2020	A/Estonia/126500/2020	EPI_ISL_500731	2020-02-19	Europe / Estonia	Human	gisaid_meta_2020-21.xls
A/ESTONIA/126846/2020	A/Estonia/126846/2020	EPI_ISL_500732	2020-03-02	Europe / Estonia	Human	gisaid_meta_2020-21.xls
A/ESTONIA/127241/2020	A/Estonia/127241/2020	EPI_ISL_500733	2020-03-05	Europe / Estonia	Human	gisaid_meta_2020-21.xls
A/ESTONIA/29546/2009	A/Estonia/29546/2009	EPI_ISL_60030	2009-02-04	Europe / Estonia	Human	gisaid_meta_2010.xls
A/ESTONIA/65266/2012	A/Estonia/65266/2012	EPI_ISL_121913	2012-02-13	Europe / Estonia	Human	gisaid_meta_2011-2014.xls
A/ESTONIA/65858/2012	A/Estonia/65858/2012	EPI_ISL_121914	2012-02-28	Europe / Estonia	Human	gisaid_meta_2011-2014.xls
A/ESTONIA/76614/2013	A/Estonia/76614/2013	EPI_ISL_145478	2013-03-11	Europe / Estonia	Human	gisaid_meta_2011-2014.xls
A/ESTONIA/76663/2013	A/Estonia/76663/2013	EPI_ISL_145479	2013-03-13	Europe / Estonia	Human	gisaid_meta_2011-2014.xls
A/ESTONIA/76676/2013	A/Estonia/76676/2013	EPI_ISL_145480	2013-03-13	Europe / Estonia	Human	gisaid_meta_2011-2014.xls
A/ESTONIA/91229/2015	A/Estonia/91229/2015	EPI_ISL_179317	2015-01-21	Europe / Estonia	Human	gisaid_meta_2015-2016.xls
A/ESTONIA/91299/2015	A/Estonia/91299/2015	EPI_ISL_179315	2015-01-23	Europe / Estonia	Human	gisaid_meta_2015-2016.xls
A/EXTREMADURA/1749/2014	A/Extremadura/1749/2014	EPI_ISL_163806	2014-04-23	Europe / Spain / Extremadura	Human	gisaid_meta_2011-2014.xls
A/EXTREMADURA/1749/2014	A/Extremadura/1749/2014	EPI_ISL_165543	2014-04-23	Europe / Spain	Human	gisaid_meta_2011-2014.xls
A/EXTREMADURA/1752/2014	A/Extremadura/1752/2014	EPI_ISL_163807	2014-04-10	Europe / Spain / Extremadura	Human	gisaid_meta_2011-2014.xls
A/EXTREMADURA/2061/2014	A/Extremadura/2061/2014	EPI_ISL_169382	2014-11-25	Europe / Spain / Extremadura	Human	gisaid_meta_2011-2014.xls
A/EXTREMADURA/2061/2014	A/Extremadura/2061/2014	EPI_ISL_170289	2014-11-25	Europe / Spain	Human	gisaid_meta_2011-2014.xls
A/EXTREMADURA/283/2019	A/Extremadura/283/2019	EPI_ISL_338999	2019-01-06	Europe / Spain / Extremadura	Human	gisaid_meta_2019.xls
A/EXTREMADURA/283/2019	A/Extremadura/283/2019	EPI_ISL_355033	2019-01-06	Europe / Spain	Human	gisaid_meta_2019.xls
A/EXTREMADURA/729/2015	A/Extremadura/729/2015	EPI_ISL_181576	2015-02-03	Europe / Spain	Human	gisaid_meta_2015-2016.xls
A/EXTREMADURA/731/2015	A/Extremadura/731/2015	EPI_ISL_179318	2015-02-03	Europe / Spain	Human	gisaid_meta_2015-2016.xls
A/FES/1440/2018	A/Fes/1440/2018	EPI_ISL_314165	2018-02-26	Africa / Morocco	Human	gisaid_meta_2018.xls
A/FES/67/2016	A/Fes/67/2016	EPI_ISL_262200	2016-11-08	Africa / Morocco	Human	gisaid_meta_2015-2016.xls
A/FIJI/2/2015	A/Fiji/2/2015	EPI_ISL_15146385	2015-03-02	Oceania / Fiji / Rewa	Human	gisaid_meta_2015-2016.xls
A/FIJI/2/2015	A/Fiji/2/2015	EPI_ISL_193166	2015-03-03	Oceania / Australia	Human	gisaid_meta_2015-2016.xls
A/FIJI/2/2015	A/Fiji/2/2015	EPI_ISL_194628	2015-03-02	Oceania / Fiji / Samabula	Human	gisaid_meta_2015-2016.xls
A/FIJI/2/2015	A/Fiji/2/2015	EPI_ISL_219047	2015-03-02	Oceania / Fiji / Samabula	Human	gisaid_meta_2015-2016.xls
A/FIJI/60/2016	A/Fiji/60/2016	EPI_ISL_232828	2016-05-27	Oceania / Fiji / Rewa	Human	gisaid_meta_2015-2016.xls
A/FIJI/60/2016	A/Fiji/60/2016	EPI_ISL_233270	2016-05-27	Oceania / Fiji / Vitu Levu	Human	gisaid_meta_2015-2016.xls
A/FIJI/60/2016	A/Fiji/60/2016	EPI_ISL_237438	2016-05-27	Oceania / Fiji	Human	gisaid_meta_2015-2016.xls
A/FIJI/60/2016	A/Fiji/60/2016	EPI_ISL_275563	2016-05-27	Oceania / Fiji / Suva	Human	gisaid_meta_2015-2016.xls
A/FINLAND/104/2019	A/Finland/104/2019	EPI_ISL_357714	2019-04-03	Europe / Finland	Human	gisaid_meta_2019.xls
A/FINLAND/104/2019	A/Finland/104/2019	EPI_ISL_367845	2019-04-03	Europe / Finland	Human	gisaid_meta_2019.xls
A/FINLAND/105/2019	A/Finland/105/2019	EPI_ISL_357772	2019-04-09	Europe / Finland	Human	gisaid_meta_2019.xls
A/FINLAND/105/2019	A/Finland/105/2019	EPI_ISL_367774	2019-04-09	Europe / Finland	Human	gisaid_meta_2019.xls
A/FINLAND/114/2019	A/Finland/114/2019	EPI_ISL_357711	2019-04-30	Europe / Finland	Human	gisaid_meta_2019.xls
A/FINLAND/114/2019	A/Finland/114/2019	EPI_ISL_367846	2019-04-30	Europe / Finland	Human	gisaid_meta_2019.xls
A/FINLAND/12/2002	A/Finland/12/2002	EPI_ISL_9552	2002	Europe / Finland	Human	gisaid_meta_2010.xls
A/FINLAND/130/2019	A/Finland/130/2019	EPI_ISL_399942	2019-09-13	Europe / Finland	Human	gisaid_meta_2019.xls
A/FINLAND/130/2019	A/Finland/130/2019	EPI_ISL_406284	2019-09-13	Europe / Finland	Human	gisaid_meta_2019.xls
A/FINLAND/136/2019	A/Finland/136/2019	EPI_ISL_399948	2019-10-25	Europe / Finland	Human	gisaid_meta_2019.xls
A/FINLAND/136/2019	A/Finland/136/2019	EPI_ISL_410043	2019-10-25	Europe / Finland	Human	gisaid_meta_2019.xls
A/FINLAND/171/2020	A/Finland/171/2020	EPI_ISL_407239	2020-01-02	Europe / Finland	Human	gisaid_meta_2020-21.xls
A/FINLAND/171/2020	A/Finland/171/2020	EPI_ISL_485735	2020-01-02	Europe / Finland	Human	gisaid_meta_2020-21.xls
A/FINLAND/171/2020	A/Finland/171/2020	EPI_ISL_486696	2020-01-02	Europe / Finland	Human	gisaid_meta_2020-21.xls
A/FINLAND/180/2003	A/Finland/180/2003	EPI_ISL_9557	2003	Europe / Finland	Human	gisaid_meta_2010.xls
A/FINLAND/180/2020	A/Finland/180/2020	EPI_ISL_467017	2020-01-14	Europe / Finland / Lansi-Suomen Laani	Human	gisaid_meta_2020-21.xls
A/FINLAND/180/2020	A/Finland/180/2020	EPI_ISL_485738	2020-01-14	Europe / Finland	Human	gisaid_meta_2020-21.xls
A/FINLAND/180/2020	A/Finland/180/2020	EPI_ISL_486699	2020-01-14	Europe / Finland	Human	gisaid_meta_2020-21.xls
A/FINLAND/181/2020	A/Finland/181/2020	EPI_ISL_467018	2020-02-01	Europe / Finland / Lapin Laeaeni	Human	gisaid_meta_2020-21.xls
A/FINLAND/181/2020	A/Finland/181/2020	EPI_ISL_485739	2020-02-01	Europe / Finland	Human	gisaid_meta_2020-21.xls
A/FINLAND/181/2020	A/Finland/181/2020	EPI_ISL_486700	2020-02-01	Europe / Finland	Human	gisaid_meta_2020-21.xls
A/FINLAND/183/2020	A/Finland/183/2020	EPI_ISL_1064133	2020-03-02	Europe / Finland	Human	gisaid_meta_2020-21.xls
A/FINLAND/183/2020	A/Finland/183/2020	EPI_ISL_468165	2020-03-02	Europe / Finland / Etela-Suomen Laani	Human	gisaid_meta_2020-21.xls
A/FINLAND/183/2020	A/Finland/183/2020	EPI_ISL_485740	2020-03-02	Europe / Finland	Human	gisaid_meta_2020-21.xls
A/FINLAND/183/2020	A/Finland/183/2020	EPI_ISL_486701	2020-03-02	Europe / Finland	Human	gisaid_meta_2020-21.xls
A/FINLAND/183/2020	A/Finland/183/2020	EPI_ISL_732327	2020-03-02	Europe / Finland	Human	gisaid_meta_2020-21.xls
A/FINLAND/183/2020	A/Finland/183/2020	EPI_ISL_882653	2020-03-02	Europe / Finland	Human	gisaid_meta_2020-21.xls
A/FINLAND/184/2020	A/Finland/184/2020	EPI_ISL_467019	2020-03-16	Europe / Finland / Lansi-Suomen Laani	Human	gisaid_meta_2020-21.xls
A/FINLAND/184/2020	A/Finland/184/2020	EPI_ISL_485741	2020-03-16	Europe / Finland	Human	gisaid_meta_2020-21.xls
A/FINLAND/184/2020	A/Finland/184/2020	EPI_ISL_486702	2020-03-16	Europe / Finland	Human	gisaid_meta_2020-21.xls
A/FINLAND/196/2012	A/Finland/196/2012	EPI_ISL_104008	2012-01-09	Europe / Finland / Lapin Laeaeni	Human	gisaid_meta_2011-2014.xls
A/FINLAND/196/2012	A/Finland/196/2012	EPI_ISL_107847	2012-01-09	Europe / Finland	Human	gisaid_meta_2011-2014.xls
A/FINLAND/197/2012	A/Finland/197/2012	EPI_ISL_104010	2012-01-12	Europe / Finland / Lansi-Suomen Laani	Human	gisaid_meta_2011-2014.xls
A/FINLAND/2/2002	A/Finland/2/2002	EPI_ISL_9551	2002	Europe / Finland	Human	gisaid_meta_2010.xls
A/FINLAND/300/2003	A/Finland/300/2003	EPI_ISL_9563	2003	Europe / Finland	Human	gisaid_meta_2010.xls
A/FINLAND/323/2003	A/Finland/323/2003	EPI_ISL_9579	2003	Europe / Finland	Human	gisaid_meta_2010.xls
A/FINLAND/338/2003	A/Finland/338/2003	EPI_ISL_9580	2003	Europe / Finland	Human	gisaid_meta_2010.xls
A/FINLAND/462/2014	A/Finland/462/2014	EPI_ISL_170222	2014-10-08	Europe / Finland / Etela-Suomen Laani	Human	gisaid_meta_2011-2014.xls
A/FINLAND/462/2014	A/Finland/462/2014	EPI_ISL_175021	2014-10-08	Europe / Finland	Human	gisaid_meta_2011-2014.xls
A/FINLAND/494/2015	A/Finland/494/2015	EPI_ISL_181692	2015-02-11	Europe / Finland / Lansi-Suomen Laani	Human	gisaid_meta_2015-2016.xls
A/FINLAND/506/2015	A/Finland/506/2015	EPI_ISL_181694	2015-02-02	Europe / Finland / Etela-Suomen Laani	Human	gisaid_meta_2015-2016.xls
A/FINLAND/506/2015	A/Finland/506/2015	EPI_ISL_190908	2015-02-02	Europe / Finland	Human	gisaid_meta_2015-2016.xls
A/FINLAND/525/2015	A/Finland/525/2015	EPI_ISL_181696	2015-04-13	Europe / Finland / Lansi-Suomen Laani	Human	gisaid_meta_2015-2016.xls
A/FINLAND/525/2015	A/Finland/525/2015	EPI_ISL_190909	2015-04-13	Europe / Finland	Human	gisaid_meta_2015-2016.xls
A/FINLAND/586/2016	A/Finland/586/2016	EPI_ISL_221329	2016-02-15	Europe / Finland / Lansi-Suomen Laani	Human	gisaid_meta_2015-2016.xls
A/FINLAND/586/2016	A/Finland/586/2016	EPI_ISL_226086	2016-02-15	Europe / Finland	Human	gisaid_meta_2015-2016.xls
A/FINLAND/618/2005	A/FINLAND/618/2005	EPI_ISL_18232	2005-03-12	Europe / Finland	Human	gisaid_meta_2010.xls
A/FINLAND/618/2005	A/FINLAND/618/2005	EPI_ISL_187309	2005-03-12	Europe / Finland	Human	gisaid_meta_2010.xls
A/FINLAND/92/2019	A/Finland/92/2019	EPI_ISL_357721	2019-03-06	Europe / Finland	Human	gisaid_meta_2019.xls
A/FINLAND/92/2019	A/Finland/92/2019	EPI_ISL_367850	2019-03-06	Europe / Finland	Human	gisaid_meta_2019.xls
A/FINLAND/99/2019	A/Finland/99/2019	EPI_ISL_357712	2019-03-26	Europe / Finland	Human	gisaid_meta_2019.xls
A/FINLAND/99/2019	A/Finland/99/2019	EPI_ISL_367851	2019-03-26	Europe / Finland	Human	gisaid_meta_2019.xls
A/FRIULIVENEZIAGIULIA/10/2016	A/Friuli-Venezia Giulia/10/2016	EPI_ISL_224537	2016-02-25	Europe / Italy	Human	gisaid_meta_2015-2016.xls
A/FRIULIVENEZIAGIULIA/14/2016	A/Friuli-Venezia Giulia/14/2016	EPI_ISL_224538	2016-03-01	Europe / Italy	Human	gisaid_meta_2015-2016.xls
A/FRIULIVENEZIAGIULIA/228/2020	A/Friuli Venezia Giulia/228/2020	EPI_ISL_486708	2020-02-10	Europe / Italy	Human	gisaid_meta_2020-21.xls
A/FRIULIVENEZIAGIULIA/228/2020	A/Friuli Venezia Giulia/228/2020	EPI_ISL_486709	2020-02-10	Europe / Italy	Human	gisaid_meta_2020-21.xls
A/FRIULIVENEZIAGIULIA/229/2020	A/Friuli Venezia Giulia/229/2020	EPI_ISL_486710	2020-02-10	Europe / Italy	Human	gisaid_meta_2020-21.xls
A/FRIULIVENEZIAGIULIA/229/2020	A/Friuli Venezia Giulia/229/2020	EPI_ISL_486711	2020-02-10	Europe / Italy	Human	gisaid_meta_2020-21.xls
A/FRIULIVENEZIAGIULIA/233/2019	A/Friuli Venezia Giulia/233/2019	EPI_ISL_416221	2019-11-28	Europe / Italy	Human	gisaid_meta_2019.xls
A/FRIULIVENEZIAGIULIA/240/2020	A/Friuli Venezia Giulia/240/2020	EPI_ISL_486714	2020-02-08	Europe / Italy	Human	gisaid_meta_2020-21.xls
A/FRIULIVENEZIAGIULIA/240/2020	A/Friuli Venezia Giulia/240/2020	EPI_ISL_486715	2020-02-08	Europe / Italy	Human	gisaid_meta_2020-21.xls
A/FRIULIVENEZIAGIULIA/244/2020	A/Friuli Venezia Giulia/244/2020	EPI_ISL_486716	2020-02-11	Europe / Italy	Human	gisaid_meta_2020-21.xls
A/FRIULIVENEZIAGIULIA/244/2020	A/Friuli Venezia Giulia/244/2020	EPI_ISL_486717	2020-02-11	Europe / Italy	Human	gisaid_meta_2020-21.xls
A/FRIULIVENEZIAGIULIA/257/2020	A/Friuli Venezia Giulia/257/2020	EPI_ISL_486718	2020-02-11	Europe / Italy	Human	gisaid_meta_2020-21.xls
A/FRIULIVENEZIAGIULIA/257/2020	A/Friuli Venezia Giulia/257/2020	EPI_ISL_486719	2020-02-11	Europe / Italy	Human	gisaid_meta_2020-21.xls
A/FRIULIVENEZIAGIULIA/59/2017	A/Friuli-Venezia Giulia/59/2017	EPI_ISL_275500	2017-02-01	Europe / Italy	Human	gisaid_meta_2017.xls
A/FUJIANLICHENG/1729/2017	A/Fujian-Licheng/1729/2017	EPI_ISL_290625	2017-09-11	Asia / China / Fujian	Human	gisaid_meta_2017.xls
A/FUJIANLICHENG/1729/2017	A/Fujian-Licheng/1729/2017	EPI_ISL_303156	2017-09-11	Asia / China	Human	gisaid_meta_2017.xls
A/FUKUI/78/2015	A/FUKUI/78/2015	EPI_ISL_191936	2015-03-02	Asia / Japan	Human	gisaid_meta_2015-2016.xls
A/FUKUI/78/2015	A/Fukui/78/2015	EPI_ISL_197512	2015-03-02	Asia / Japan	Human	gisaid_meta_2015-2016.xls
A/FUKUI/78/2015	A/Fukui/78/2015	EPI_ISL_197541	2015-03-02	Asia / Japan	Human	gisaid_meta_2015-2016.xls
A/FUKUI/78/2015	A/Fukui/78/2015	EPI_ISL_201689	2015-03-02	Asia / Japan	Human	gisaid_meta_2015-2016.xls
A/FUKUOKA/15/2002	A/FUKUOKA/15/2002	EPI_ISL_186546	2002-02-23	Asia / Japan / Fukuoka	Human	gisaid_meta_2010.xls
A/FUKUOKA/15/2002	A/Fukuoka/15/2002	EPI_ISL_6314519	2002-02-23	Asia / Japan	Human	gisaid_meta_2010.xls
A/FUKUOKA/15/2002	A/FUKUOKA/15/2002	EPI_ISL_67628	2002-02-23	Asia / Japan	Human	gisaid_meta_2010.xls
A/FUKUSHIMA/127/2001	A/Fukushima/127/2001	EPI_ISL_185703	2001-03-14	Asia / Japan / Fukushima	Human	gisaid_meta_2010.xls
A/FUKUSHIMA/69/2015	A/FUKUSHIMA/69/2015	EPI_ISL_191759	2015-04-24	Asia / Japan	Human	gisaid_meta_2015-2016.xls
A/FUKUSHIMA/69/2015	A/Fukushima/69/2015	EPI_ISL_197542	2015-04-24	Asia / Japan	Human	gisaid_meta_2015-2016.xls
A/FUKUSHIMA/69/2015	A/Fukushima/69/2015	EPI_ISL_197550	2015-04-24	Asia / Japan	Human	gisaid_meta_2015-2016.xls
A/FUKUSHIMA/69/2015	A/Fukushima/69/2015	EPI_ISL_201684	2015-04-24	Asia / Japan	Human	gisaid_meta_2015-2016.xls
A/GALANTA/473/2019	A/Galanta/473/2019	EPI_ISL_377297	2019-03-12	Europe / Slovakia	Human	gisaid_meta_2019.xls
A/GALATI/88977/2012	A/Galati/88977/2012	EPI_ISL_107849	2011-12-27	Europe / Romania	Human	gisaid_meta_2011-2014.xls
A/GALICIA/2054/2014	A/Galicia/2054/2014	EPI_ISL_169249	2014-11-24	Europe / Spain / Galicia	Human	gisaid_meta_2011-2014.xls
A/GALICIA/2054/2014	A/Galicia/2054/2014	EPI_ISL_170291	2014-11-24	Europe / Spain	Human	gisaid_meta_2011-2014.xls
A/GALICIA/2055/2014	A/Galicia/2055/2014	EPI_ISL_169250	2014-11-20	Europe / Spain / Galicia	Human	gisaid_meta_2011-2014.xls
A/GALICIA/760/2015	A/Galicia/760/2015	EPI_ISL_173321	2015-01-20	Europe / Spain / Galicia	Human	gisaid_meta_2015-2016.xls
A/GALICIA/RR9911/2012	A/Galicia/RR9911/2012	EPI_ISL_136408	2012-04-18	Europe / Spain	Human	gisaid_meta_2011-2014.xls
A/GAMBIA/G0063940/2012	A/Gambia/G0063940/2012	EPI_ISL_164219	2012-10-21	Africa / Gambia	Human	gisaid_meta_2011-2014.xls
A/GAMBIA/G0065236/2012	A/Gambia/G0065236/2012	EPI_ISL_164220	2012-10-29	Africa / Gambia	Human	gisaid_meta_2011-2014.xls
A/GAMBIA/G0065240/2012	A/Gambia/G0065240/2012	EPI_ISL_164221	2012-10-29	Africa / Gambia	Human	gisaid_meta_2011-2014.xls
A/GAMBIA/G0065736/2012	A/Gambia/G0065736/2012	EPI_ISL_164222	2012-10-30	Africa / Gambia	Human	gisaid_meta_2011-2014.xls
A/GAMBIA/G0069636/2012	A/Gambia/G0069636/2012	EPI_ISL_166217	2012-11-08	Africa / Gambia	Human	gisaid_meta_2011-2014.xls
A/GAMBIA/G0069636/2012	A/Gambia/G0069636/2012	EPI_ISL_166218	2012-11-08	Africa / Gambia	Human	gisaid_meta_2011-2014.xls
A/GAMBIA/G0069640/2012	A/Gambia/G0069640/2012	EPI_ISL_164223	2012-11-08	Africa / Gambia	Human	gisaid_meta_2011-2014.xls
A/GAMBIA/G0070336/2012	A/Gambia/G0070336/2012	EPI_ISL_164224	2012-11-12	Africa / Gambia	Human	gisaid_meta_2011-2014.xls
A/GAMBIA/G0071436/2012	A/Gambia/G0071436/2012	EPI_ISL_164225	2012-11-13	Africa / Gambia	Human	gisaid_meta_2011-2014.xls
A/GAROUA/19V1937/2019	A/Garoua/19V-1937/2019	EPI_ISL_388771	2019-03-22	Africa / Cameroon	Human	gisaid_meta_2019.xls
A/GAROUA/19V1937/2019	A/Garoua/19V-1937/2019	EPI_ISL_393989	2019-03-22	Africa / Cameroon	Human	gisaid_meta_2019.xls
A/GAZIANTEP/1950/2016	A/Gaziantep/1950/2016	EPI_ISL_267716	2016-12-14	Asia / Turkey	Human	gisaid_meta_2015-2016.xls
A/GENOVA/1614/2014	A/Genova/1614/2014	EPI_ISL_170638	2014-12-09	Europe / Italy	Human	gisaid_meta_2011-2014.xls
A/GEORGIA/1041/2016	A/Georgia/1041/2016	EPI_ISL_223628	2016-04-07	Asia / Georgia	Human	gisaid_meta_2015-2016.xls
A/GEORGIA/15/2010	A/Georgia/15/2010	EPI_ISL_136633	2010-09-20	North America / United States	Human	gisaid_meta_2010.xls
A/GEORGIA/15/2010	A/Georgia/15/2010	EPI_ISL_83167	2010-09-20	North America / United States / Georgia / USA	Human	gisaid_meta_2010.xls
A/GEORGIA/1819/2016	A/Georgia/1819/2016	EPI_ISL_248425	2016-12-23	Asia / Georgia	Human	gisaid_meta_2015-2016.xls
A/GEORGIA/532/2015	A/Georgia/532/2015	EPI_ISL_179321	2015-03-09	Asia / Georgia	Human	gisaid_meta_2015-2016.xls
A/GEORGIA/532/2015	A/Georgia/532/2015	EPI_ISL_195324	2015-03-09	Asia / Georgia	Human	gisaid_meta_2015-2016.xls
A/GEORGIA/658/2019	A/Georgia/658/2019	EPI_ISL_367776	2019-03-13	Asia / Georgia	Human	gisaid_meta_2019.xls
A/GEORGIA/699/2014	A/Georgia/699/2014	EPI_ISL_162112	2014-03-26	Asia / Georgia	Human	gisaid_meta_2011-2014.xls
A/GEORGIA/864/2016	A/Georgia/864/2016	EPI_ISL_223627	2016-03-02	Asia / Georgia	Human	gisaid_meta_2015-2016.xls
A/GHANA/1041/2019	A/Ghana/1041/2019	EPI_ISL_393990	2019-01-04	Africa / Ghana	Human	gisaid_meta_2019.xls
A/GHANA/1050/2019	A/Ghana/1050/2019	EPI_ISL_393991	2019-04-04	Africa / Ghana	Human	gisaid_meta_2019.xls
A/GHANA/154/2019	A/Ghana/154/2019	EPI_ISL_393992	2019-04-04	Africa / Ghana	Human	gisaid_meta_2019.xls
A/GHANA/1841/2017	A/Ghana/1841/2017	EPI_ISL_280260	2017-06-24	Africa / Ghana	Human	gisaid_meta_2017.xls
A/GHANA/2717/2017	A/Ghana/2717/2017	EPI_ISL_292905	2017-09-15	Africa / Ghana	Human	gisaid_meta_2017.xls
A/GHANA/312/2019	A/Ghana/312/2019	EPI_ISL_393993	2019-06-06	Africa / Ghana	Human	gisaid_meta_2019.xls
A/GHANA/3361/2019	A/Ghana/3361/2019	EPI_ISL_406174	2019-10-28	Africa / Ghana	Human	gisaid_meta_2019.xls
A/GHANA/3532/2019	A/Ghana/3532/2019	EPI_ISL_406176	2019-11-04	Africa / Ghana	Human	gisaid_meta_2019.xls
A/GHANA/3532/2019	A/Ghana/3532/2019	EPI_ISL_416230	2019-11-04	Africa / Ghana	Human	gisaid_meta_2019.xls
A/GHANA/758/2018	A/Ghana/758/2018	EPI_ISL_347145	2018-10-29	Africa / Ghana	Human	gisaid_meta_2018.xls
A/GHANA/DARI0063/2013	A/Ghana/DARI-0063/2013	EPI_ISL_145465	2013-04-04	Africa / Ghana	Human	gisaid_meta_2011-2014.xls
A/GHANA/DARI0098/2013	A/Ghana/DARI-0098/2013	EPI_ISL_145461	2013-07-04	Africa / Ghana	Human	gisaid_meta_2011-2014.xls
A/GHANA/DARI0101/2014	A/Ghana/DARI-0101/2014	EPI_ISL_166219	2014-05-19	Africa / Ghana	Human	gisaid_meta_2011-2014.xls
A/GHANA/DARI0104/2014	A/Ghana/DARI-0104/2014	EPI_ISL_166220	2014-05-27	Africa / Ghana	Human	gisaid_meta_2011-2014.xls
A/GHANA/DARI13111/2013	A/Ghana/DARI-13-111/2013	EPI_ISL_153158	2013-07-19	Africa / Ghana	Human	gisaid_meta_2011-2014.xls
A/GHANA/DILI0319/2013	A/Ghana/DILI-0319/2013	EPI_ISL_145464	2013-04-19	Africa / Ghana	Human	gisaid_meta_2011-2014.xls
A/GHANA/DILI0321/2013	A/Ghana/DILI-0321/2013	EPI_ISL_145466	2013-04-22	Africa / Ghana	Human	gisaid_meta_2011-2014.xls
A/GHANA/DILI0405/2012	A/Ghana/DILI-0405/2012	EPI_ISL_136374	2012-08-02	Africa / Ghana	Human	gisaid_meta_2011-2014.xls
A/GHANA/DILI0428/2014	A/Ghana/DILI-0428/2014	EPI_ISL_166221	2014-05-02	Africa / Ghana	Human	gisaid_meta_2011-2014.xls
A/GHANA/DILI0443/2013	A/Ghana/DILI-0443/2013	EPI_ISL_145463	2013-06-13	Africa / Ghana	Human	gisaid_meta_2011-2014.xls
A/GHANA/DILI0467/2013	A/Ghana/DILI-0467/2013	EPI_ISL_145462	2013-06-20	Africa / Ghana	Human	gisaid_meta_2011-2014.xls
A/GHANA/DILI0479/2014	A/Ghana/DILI-0479/2014	EPI_ISL_166222	2014-05-19	Africa / Ghana	Human	gisaid_meta_2011-2014.xls
A/GHANA/DILI0483/2014	A/Ghana/DILI-0483/2014	EPI_ISL_166223	2014-05-20	Africa / Ghana	Human	gisaid_meta_2011-2014.xls
A/GHANA/DILI0522/2014	A/Ghana/DILI-0522/2014	EPI_ISL_166224	2014-06-02	Africa / Ghana	Human	gisaid_meta_2011-2014.xls
A/GHANA/DILI0658/2014	A/Ghana/DILI-0658/2014	EPI_ISL_166225	2014-07-22	Africa / Ghana	Human	gisaid_meta_2011-2014.xls
A/GHANA/DILI0659/2014	A/Ghana/DILI-0659/2014	EPI_ISL_166226	2014-07-22	Africa / Ghana	Human	gisaid_meta_2011-2014.xls
A/GHANA/DILI13619/2013	A/Ghana/DILI-13-619/2013	EPI_ISL_153159	2013-08-14	Africa / Ghana	Human	gisaid_meta_2011-2014.xls
A/GHANA/DILI13620/2013	A/Ghana/DILI-13-620/2013	EPI_ISL_153160	2013-08-14	Africa / Ghana	Human	gisaid_meta_2011-2014.xls
A/GHANA/DILI13694/2013	A/Ghana/DILI-13-694/2013	EPI_ISL_153162	2013-09-18	Africa / Ghana	Human	gisaid_meta_2011-2014.xls
A/GHANA/DILI13701/2013	A/Ghana/DILI-13-701/2013	EPI_ISL_153163	2013-09-20	Africa / Ghana	Human	gisaid_meta_2011-2014.xls
A/GHANA/DILI13702/2013	A/Ghana/DILI-13-702/2013	EPI_ISL_153164	2013-09-23	Africa / Ghana	Human	gisaid_meta_2011-2014.xls
A/GHANA/DILI13704/2013	A/Ghana/DILI-13-704/2013	EPI_ISL_153165	2013-09-24	Africa / Ghana	Human	gisaid_meta_2011-2014.xls
A/GHANA/DILI13726/2013	A/Ghana/DILI-13-726/2013	EPI_ISL_153166	2013-09-24	Africa / Ghana	Human	gisaid_meta_2011-2014.xls
A/GHANA/DILI13775/2013	A/Ghana/DILI-13-775/2013	EPI_ISL_153168	2013-10-08	Africa / Ghana	Human	gisaid_meta_2011-2014.xls
A/GHANA/DILI140659/2014	A/Ghana/DILI-14-0659/2014	EPI_ISL_175023	2014-07-22	Africa / Ghana	Human	gisaid_meta_2011-2014.xls
A/GHANA/DILI141010/2014	A/Ghana/DILI-14-1010/2014	EPI_ISL_175024	2014-10-30	Africa / Ghana	Human	gisaid_meta_2011-2014.xls
A/GHANA/DILI141014/2014	A/Ghana/DILI-14-1014/2014	EPI_ISL_175025	2014-11-04	Africa / Ghana	Human	gisaid_meta_2011-2014.xls
A/GHANA/DILI141152/2014	A/Ghana/DILI-14-1152/2014	EPI_ISL_175026	2014-12-10	Africa / Ghana	Human	gisaid_meta_2011-2014.xls
A/GHANA/DILI150233/2015	A/Ghana/DILI-15-0233/2015	EPI_ISL_191771	2015-03-16	Africa / Ghana	Human	gisaid_meta_2015-2016.xls
A/GHANA/DILI495/2013	A/Ghana/DILI-495/2013	EPI_ISL_145483	2013-06-28	Africa / Ghana	Human	gisaid_meta_2011-2014.xls
A/GHANA/DILI498/2013	A/Ghana/DILI-498/2013	EPI_ISL_145484	2013-07-01	Africa / Ghana	Human	gisaid_meta_2011-2014.xls
A/GHANA/DILI515/2013	A/Ghana/DILI-515/2013	EPI_ISL_145460	2013-07-08	Africa / Ghana	Human	gisaid_meta_2011-2014.xls
A/GHANA/DILI518/2013	A/Ghana/DILI-518/2013	EPI_ISL_145459	2013-07-09	Africa / Ghana	Human	gisaid_meta_2011-2014.xls
A/GHANA/FS0373/2013	A/Ghana/FS-0373/2013	EPI_ISL_145485	2013-04-04	Africa / Ghana	Human	gisaid_meta_2011-2014.xls
A/GHANA/FS0514/2014	A/Ghana/FS-0514/2014	EPI_ISL_166227	2014-05-17	Africa / Ghana	Human	gisaid_meta_2011-2014.xls
A/GHANA/FS104723/2010	A/Ghana/FS-10-4723/2010	EPI_ISL_90604	2010-02-12	Africa / Ghana	Human	gisaid_meta_2010.xls
A/GHANA/FS104745/2010	A/Ghana/FS-10-4745/2010	EPI_ISL_90605	2010-10-12	Africa / Ghana	Human	gisaid_meta_2010.xls
A/GHANA/FS11041/2011	A/Ghana/FS-11-041/2011	EPI_ISL_90646	2011-01-12	Africa / Ghana	Human	gisaid_meta_2011-2014.xls
A/GHANA/FS111037/2011	A/Ghana/FS-11-1037/2011	EPI_ISL_94718	2011-06-22	Africa / Ghana	Human	gisaid_meta_2011-2014.xls
A/GHANA/FS11132/2011	A/Ghana/FS-11-132/2011	EPI_ISL_90603	2011-01-17	Africa / Ghana	Human	gisaid_meta_2011-2014.xls
A/GHANA/FS111981/2011	A/Ghana/FS-11-1981/2011	EPI_ISL_103275	2011-11-22	Africa / Ghana	Human	gisaid_meta_2011-2014.xls
A/GHANA/FS120677/2012	A/Ghana/FS-12-0677/2012	EPI_ISL_128048	2012-05-28	Africa / Ghana	Human	gisaid_meta_2011-2014.xls
A/GHANA/FS131065/2013	A/Ghana/FS-13-1065/2013	EPI_ISL_153171	2013-11-05	Africa / Ghana	Human	gisaid_meta_2011-2014.xls
A/GHANA/FS13951/2013	A/Ghana/FS-13-951/2013	EPI_ISL_153172	2013-09-20	Africa / Ghana	Human	gisaid_meta_2011-2014.xls
A/GHANA/FS13951/2013	A/Ghana/FS-13-951/2013	EPI_ISL_158834	2013-09-20	Africa / Ghana	Human	gisaid_meta_2011-2014.xls
A/GHANA/FS150185/2015	A/Ghana/FS-15-0185/2015	EPI_ISL_191774	2015-03-20	Africa / Ghana	Human	gisaid_meta_2015-2016.xls
A/GHANA/FS1633/2012	A/Ghana/FS-1633/2012	EPI_ISL_138470	2012-12-12	Africa / Ghana	Human	gisaid_meta_2011-2014.xls
A/GHAZIVIN/9/2009	A/Ghazivin/9/2009	EPI_ISL_60038	2008-12-25	Asia / Iran, Islamic Republic of	Human	gisaid_meta_2010.xls
A/GIBRALTAR/SB226/2009	A/Gibraltar/SB226/2009	EPI_ISL_186281	2009-09-22	Europe / Gibraltar	Human	gisaid_meta_2010.xls
A/GIBRALTAR/SB226/2009	A/Gibraltar/SB226/2009	EPI_ISL_77114	2009-09-22	Europe / United Kingdom	Human	gisaid_meta_2010.xls
A/GIBRALTAR/SB252/2009	A/Gibraltar/SB252/2009	EPI_ISL_186851	2009-10-07	Europe / Gibraltar	Human	gisaid_meta_2010.xls
A/GIBRALTAR/SB252/2009	A/Gibraltar/SB252/2009	EPI_ISL_77115	2009-10-07	Europe / United Kingdom	Human	gisaid_meta_2010.xls
A/GIFU/46/2014	A/GIFU/46/2014	EPI_ISL_169186	2014-09-09	Asia / Japan	Human	gisaid_meta_2011-2014.xls
A/GIFU/46/2014	A/Gifu/46/2014	EPI_ISL_197499	2014-12-12	Asia / Japan	Human	gisaid_meta_2011-2014.xls
A/GIFU/46/2014	A/Gifu/46/2014	EPI_ISL_197540	2014-12-12	Asia / Japan	Human	gisaid_meta_2011-2014.xls
A/GIFU/46/2014	A/Gifu/46/2014	EPI_ISL_201686	2014-09-09	Asia / Japan	Human	gisaid_meta_2011-2014.xls
A/GLASGOW/400097/2015	A/Glasgow/400097/2015	EPI_ISL_175028	2015-01-02	Europe / United Kingdom	Human	gisaid_meta_2015-2016.xls
A/GLASGOW/401678/2015	A/Glasgow/401678/2015	EPI_ISL_175032	2015-01-07	Europe / United Kingdom	Human	gisaid_meta_2015-2016.xls
A/GLASGOW/RVL2/2012	A/Glasgow/RVL2/2012	EPI_ISL_138471	2012-12-19	Europe / United Kingdom	Human	gisaid_meta_2011-2014.xls
A/GLASGOW/RVL6/2012	A/Glasgow/RVL6/2012	EPI_ISL_138472	2012-12-21	Europe / United Kingdom	Human	gisaid_meta_2011-2014.xls
A/GLASGOW/RVL7/2012	A/Glasgow/RVL7/2012	EPI_ISL_138473	2012-12-21	Europe / United Kingdom	Human	gisaid_meta_2011-2014.xls
A/GLASGOW/RVL8/2012	A/Glasgow/RVL8/2012	EPI_ISL_138474	2012-12-21	Europe / United Kingdom	Human	gisaid_meta_2011-2014.xls
A/GORNOALTAYSK/1/2016	A/Gorno-Altaysk/1/2016	EPI_ISL_256069	2016-12-13	Europe / Russian Federation	Human	gisaid_meta_2015-2016.xls
A/GRANADA/1420/2003	A/GRANADA/1420/2003	EPI_ISL_18226	2003	Europe / Spain / Andalusia / Granada	Human	gisaid_meta_2010.xls
A/GREECE/1/2014	A/Greece/1/2014	EPI_ISL_172368	2014-12-28	Europe / Greece	Human	gisaid_meta_2011-2014.xls
A/GREECE/1430/2018	A/Greece/1430/2018	EPI_ISL_355040	2018	Europe / Greece	Human	gisaid_meta_2018.xls
A/GREECE/145119/2019	A/Greece/1451/19/2019	EPI_ISL_355041	2019-03-15	Europe / Greece	Human	gisaid_meta_2019.xls
A/GREECE/17/2015	A/Greece/17/2015	EPI_ISL_179323	2015-01-02	Europe / Greece	Human	gisaid_meta_2015-2016.xls
A/GREECE/2263/2014	A/Greece/2263/2014	EPI_ISL_179325	2014	Europe / Greece	Human	gisaid_meta_2011-2014.xls
A/GREECE/261/2015	A/Greece/261/2015	EPI_ISL_179326	2015-01-20	Europe / Greece	Human	gisaid_meta_2015-2016.xls
A/GREECE/327/2015	A/Greece/327/2015	EPI_ISL_179328	2015-01-21	Europe / Greece	Human	gisaid_meta_2015-2016.xls
A/GREECE/35/2017	A/Greece/35/2017	EPI_ISL_16706697	2017	Europe / Greece	Human	gisaid_meta_2017.xls
A/GREECE/35/2017	A/Greece/35/2017	EPI_ISL_16891363	2017	Europe / Greece	Human	gisaid_meta_2017.xls
A/GREECE/35/2017	A/Greece/35/2017	EPI_ISL_256023	2017-01-10	Europe / Greece	Human	gisaid_meta_2017.xls
A/GREECE/35/2017	A/Greece/35/2017	EPI_ISL_259660	2017-01-10	Europe / Greece	Human	gisaid_meta_2017.xls
A/GREECE/357/2019	A/Greece/357/2019	EPI_ISL_355045	2019-02-04	Europe / Greece	Human	gisaid_meta_2019.xls
A/GREECE/4/2017	A/Greece/4/2017	EPI_ISL_257379	2017-01-02	Europe / Greece	Human	gisaid_meta_2017.xls
A/GREECE/4/2017	A/Greece/4/2017	EPI_ISL_273134	2017-01-02	Europe / Greece	Human	gisaid_meta_2017.xls
A/GREECE/4/2017	A/Greece/4/2017	EPI_ISL_275853	2017-01-02	Europe / Greece	Human	gisaid_meta_2017.xls
A/GREECE/4/2017	A/Greece/4/2017	EPI_ISL_275855	2017	Europe / Greece	Human	gisaid_meta_2017.xls
A/GREECE/4/2017	A/Greece/4/2017	EPI_ISL_277878	2017	Europe / Greece	Human	gisaid_meta_2017.xls
A/GREECE/4/2017	A/Greece/4/2017	EPI_ISL_291278	2017	Europe / Greece	Human	gisaid_meta_2017.xls
A/GREECE/726/2016	A/Greece/726/2016	EPI_ISL_257380	2016-12-19	Europe / Greece	Human	gisaid_meta_2015-2016.xls
A/GRENOBLE/1500/2018	A/Grenoble/1500/2018	EPI_ISL_314664	2018-03-19	Europe / France	Human	gisaid_meta_2018.xls
A/GRENOBLE/185/2020	A/Grenoble/185/2020	EPI_ISL_498323	2020-01-10	Europe / France	Human	gisaid_meta_2020-21.xls
A/GRENOBLE/185/2020	A/Grenoble/185/2020	EPI_ISL_498324	2020-01-10	Europe / France	Human	gisaid_meta_2020-21.xls
A/GROZNY/RII3/2019	A/Grozny/RII-3/2019	EPI_ISL_364785	2019-02-18	Europe / Russian Federation	Human	gisaid_meta_2019.xls
A/GUADELOUPE/202/2010	A/GUADELOUPE/202/2010	EPI_ISL_88048	2010-11-30	North America / Guadeloupe	Human	gisaid_meta_2010.xls
A/GUADELOUPE/202/2010	A/Guadeloupe/202/2010	EPI_ISL_90607	2010-11-30	North America / Guadeloupe	Human	gisaid_meta_2010.xls
A/GUADELOUPE/202/2010	A/Guadeloupe/202/2010	EPI_ISL_99047	2010-11-30	North America / Guadeloupe	Human	gisaid_meta_2010.xls
A/GUADELOUPE/202/2010	A/Guadeloupe/202/2010	EPI_ISL_99048	2010-11-30	North America / Guadeloupe	Human	gisaid_meta_2010.xls
A/GUADELOUPE/202/2010	A/Guadeloupe/202/2010	EPI_ISL_99049	2010-11-30	North America / Guadeloupe	Human	gisaid_meta_2010.xls
A/GUANGDONGHAIZHU/1510/2014	A/Guangdong-Haizhu/1510/2014	EPI_ISL_168373	2014-06-25	Asia / China	Human	gisaid_meta_2011-2014.xls
A/GUANGXIBABU/1913/2018	A/Guangxi-Babu/1913/2018	EPI_ISL_334504	2018-10-29	Asia / China / Guangxi	Human	gisaid_meta_2018.xls
A/GUANGXIBABU/1913/2018	A/Guangxi-Babu/1913/2018	EPI_ISL_342260	2018-10-29	Asia / China	Human	gisaid_meta_2018.xls
A/GUANGXIQINNAN/1590/2019	A/Guangxi-Qinnan/1590/2019	EPI_ISL_13497568	2019-04-29	Asia / China / Guangxi	Human	gisaid_meta_2019.xls
A/GUANGXIQINNAN/1590/2019	A/Guangxi-Qinnan/1590/2019	EPI_ISL_367025	2019-04-29	Asia / China / Guangxi	Human	gisaid_meta_2019.xls
A/GUANGXIQINNAN/1590/2019	A/Guangxi-Qinnan/1590/2019	EPI_ISL_390035	2019-04-29	Asia / China	Human	gisaid_meta_2019.xls
A/GUANGXIQINNAN/1590/2019	A/Guangxi-Qinnan/1590/2019	EPI_ISL_391017	2019-04-29	Asia / China / Guangxi	Human	gisaid_meta_2019.xls
A/GUATEMALA/199/2011	A/Guatemala/199/2011	EPI_ISL_93779	2011-05-25	North America / Guatemala	Human	gisaid_meta_2011-2014.xls
A/GUIZHOUNANMING/1958/2018	A/Guizhou-Nanming/1958/2018	EPI_ISL_330015	2018-04-02	Asia / China	Human	gisaid_meta_2018.xls
A/GUIZHOUNANMING/1958/2018	A/Guizhou-Nanming/1958/2018	EPI_ISL_330930	2018-04-02	Asia / China	Human	gisaid_meta_2018.xls
A/GUIZHOUNANMING/1958/2018	A/Guizhou-Nanming/1958/2018	EPI_ISL_335009	2018-04-02	Asia / China / Guizhou	Human	gisaid_meta_2018.xls
A/GUIZHOUQINGZHEN/1968/2016	A/Guizhou-Qingzhen/1968/2016	EPI_ISL_242492	2016-12-06	Asia / China / Guizhou	Human	gisaid_meta_2015-2016.xls
A/GUIZHOUQINGZHEN/1968/2016	A/Guizhou-Qingzhen/1968/2016	EPI_ISL_255328	2016-12-06	Asia / China	Human	gisaid_meta_2015-2016.xls
A/GUIZHOUXINYI/1799/2014	A/Guizhou-Xinyi/1799/2014	EPI_ISL_168731	2014-10-07	Asia / China / Guizhou	Human	gisaid_meta_2011-2014.xls
A/GUIZHOUXINYI/1799/2014	A/Guizhou-Xinyi/1799/2014	EPI_ISL_171401	2014-10-07	Asia / China	Human	gisaid_meta_2011-2014.xls
A/GUMUSHANE/150/2014	A/Gumushane/150/2014	EPI_ISL_155898	2014-01-08	Asia / Turkey	Human	gisaid_meta_2011-2014.xls
A/GUNMA/16/2005	A/GUNMA/16/2005	EPI_ISL_17404	2005-01-17	Asia / Japan	Human	gisaid_meta_2010.xls
A/GUYANE/1742/2015	A/Guyane/1742/2015	EPI_ISL_191734	2015-01-23	South America / French Guiana	Human	gisaid_meta_2015-2016.xls
A/GUYANE/1742/2015	A/Guyane/1742/2015	EPI_ISL_196603	2015-01-23	Europe / France	Human	gisaid_meta_2015-2016.xls
A/GUYANE/1749/2015	A/Guyane/1749/2015	EPI_ISL_191736	2015-03-20	South America / French Guiana	Human	gisaid_meta_2015-2016.xls
A/GUYANE/1749/2015	A/Guyane/1749/2015	EPI_ISL_196604	2015-03-20	Europe / France	Human	gisaid_meta_2015-2016.xls
A/GUYANE/1750/2015	A/Guyane/1750/2015	EPI_ISL_191737	2015-03-23	South America / French Guiana	Human	gisaid_meta_2015-2016.xls
A/GUYANE/1750/2015	A/Guyane/1750/2015	EPI_ISL_196605	2015-03-23	Europe / France	Human	gisaid_meta_2015-2016.xls
A/GYEONGBUK/1039/2018	A/Gyeongbuk/1039/2018	EPI_ISL_321846	2018-02-13	Asia / Korea, Republic of	Human	gisaid_meta_2018.xls
A/HAMBURG/1/2012	A/Hamburg/1/2012	EPI_ISL_107850	2012-01-09	Europe / Germany	Human	gisaid_meta_2011-2014.xls
A/HANNOVER/154/2003	A/HANNOVER/154/2003	EPI_ISL_67185	2003-03-07	Europe / Germany / Lower Saxony	Human	gisaid_meta_2010.xls
A/HANNOVER/31/2002	A/HANNOVER/31/2002	EPI_ISL_187310	2002	Europe / Germany	Human	gisaid_meta_2010.xls
A/HANNOVER/31/2002	A/HANNOVER/31/2002	EPI_ISL_67633	2002	Europe / Germany / Lower Saxony	Human	gisaid_meta_2010.xls
A/HANNOVER/8/2002	A/HANNOVER/8/2002	EPI_ISL_188211	2002	Europe / Germany	Human	gisaid_meta_2010.xls
A/HANNOVER/8/2002	A/HANNOVER/8/2002	EPI_ISL_67634	2002	Europe / Germany / Lower Saxony	Human	gisaid_meta_2010.xls
A/HATAY/367/2014	A/Hatay/367/2014	EPI_ISL_156905	2014-01-17	Asia / Turkey	Human	gisaid_meta_2011-2014.xls
A/HENAN/JINSHUI/147/2007	A/Henan/Jinshui/147/2007	EPI_ISL_20561	2007-01-28	Asia / China	Unknown	gisaid_meta_2010.xls
A/HENAN/JINSHUI/147/2007	A/Henan/Jinshui/147/2007	EPI_ISL_20562	2007-01-28	Asia / China	Unknown	gisaid_meta_2010.xls
A/HENANXIGONG/11041/2014	A/Henan-Xigong/11041/2014	EPI_ISL_169683	2014-11-11	Asia / China / Henan	Human	gisaid_meta_2011-2014.xls
A/HENANXIGONG/11041/2014	A/Henan-Xigong/11041/2014	EPI_ISL_170296	2014-11-11	Asia / China	Human	gisaid_meta_2011-2014.xls
A/HENANXIGONG/11041/2014	A/Henan-Xigong/11041/2014	EPI_ISL_172767	2014-11-11	Asia / China	Human	gisaid_meta_2011-2014.xls
A/HESSEN/14/2017	A/Hessen/14/2017	EPI_ISL_253526	2017-01-26	Europe / Germany	Human	gisaid_meta_2017.xls
A/HESSEN/14/2017	A/Hessen/14/2017	EPI_ISL_273145	2017-01-26	Europe / Germany	Human	gisaid_meta_2017.xls
A/HESSEN/34/2019	A/Hessen/34/2019	EPI_ISL_355050	2019-02-18	Europe / Germany	Human	gisaid_meta_2019.xls
A/HESSEN/42/2019	A/Hessen/42/2019	EPI_ISL_358037	2019-02-27	Europe / Germany	Human	gisaid_meta_2019.xls
A/HESSEN/5/2010	A/Hessen/5/2010	EPI_ISL_187864	2010-12-13	Europe / Germany	Human	gisaid_meta_2010.xls
A/HESSEN/5/2010	A/Hessen/5/2010	EPI_ISL_86052	2010-12-13	Europe / Germany	Human	gisaid_meta_2010.xls
A/HESSEN/56/2019	A/Hessen/56/2019	EPI_ISL_353322	2019-03-20	Europe / Germany	Human	gisaid_meta_2019.xls
A/HESSEN/56/2019	A/Hessen/56/2019	EPI_ISL_358039	2019-03-20	Europe / Germany	Human	gisaid_meta_2019.xls
A/HIROSHIMA/182/2000	A/Hiroshima/182/2000	EPI_ISL_187231	2000	Asia / Japan / Hiroshima	Human	gisaid_meta_2010.xls
A/HIROSHIMA/39/2004	A/HIROSHIMA/39/2004	EPI_ISL_17186	2004-01-26	Asia / Japan / Hiroshima	Human	gisaid_meta_2010.xls
A/HIROSHIMA/39/2004	A/HIROSHIMA/39/2004	EPI_ISL_185483	2004-01-26	Asia / Japan / Hiroshima	Human	gisaid_meta_2010.xls
A/HIROSHIMAC/53/2011	A/HIROSHIMA-C/53/2011	EPI_ISL_100521	2011-10-29	Asia / Japan	Human	gisaid_meta_2011-2014.xls
A/HIROSHIMAC/53/2011	A/HIROSHIMA-C/53/2011	EPI_ISL_103620	2011-10-29	Asia / Japan	Human	gisaid_meta_2011-2014.xls
A/HOKKAIDO/6/2015	A/HOKKAIDO/6/2015	EPI_ISL_191939	2015-02-09	Asia / Japan	Human	gisaid_meta_2015-2016.xls
A/HOKKAIDO/6/2015	A/Hokkaido/6/2015	EPI_ISL_201690	2015-02-09	Asia / Japan	Human	gisaid_meta_2015-2016.xls
A/HONG KONG/1/1968	A/Hong Kong/1/1968	EPI_ISL_69274	1968	Asia / Hong Kong (SAR)	Human	gisaid_meta_2010.xls
A/HONG KONG/1100/2018	A/Hong Kong/1100/2018	EPI_ISL_320631	2018-06-12	Asia / Hong Kong (SAR)	Human	gisaid_meta_2018.xls
A/HONG KONG/1110/2018	A/Hong Kong/1110/2018	EPI_ISL_320632	2018-06-10	Asia / Hong Kong (SAR)	Human	gisaid_meta_2018.xls
A/HONG KONG/1143/2002	A/Hong Kong/1143/2002	EPI_ISL_186545	2002-06-06	Asia / Hong Kong (SAR)	Human	gisaid_meta_2010.xls
A/HONG KONG/1143/2002	A/Hong Kong/1143/2002	EPI_ISL_67641	2002-06-06	Asia / China	Human	gisaid_meta_2010.xls
A/HONG KONG/1159/2003	A/Hong Kong/1159/2003	EPI_ISL_67189	2003-06-16	Asia / Hong Kong (SAR)	Human	gisaid_meta_2010.xls
A/HONG KONG/1173/2003	A/Hong Kong/1173/2003	EPI_ISL_188370	2003-06-20	Asia / Hong Kong (SAR)	Human	gisaid_meta_2010.xls
A/HONG KONG/1173/2003	A/Hong Kong/1173/2003	EPI_ISL_67190	2003-06-20	Asia / Hong Kong (SAR)	Human	gisaid_meta_2010.xls
A/HONG KONG/11743/2015	A/Hong Kong/11743/2015	EPI_ISL_193169	2015-06-09	Asia / Hong Kong (SAR)	Human	gisaid_meta_2015-2016.xls
A/HONG KONG/1186/2003	A/Hong Kong/1186/2003	EPI_ISL_357706	2003-09-12	Asia / Hong Kong (SAR)	Human	gisaid_meta_2010.xls
A/HONG KONG/120/2017	A/Hong Kong/120/2017	EPI_ISL_253105	2017-01-04	Asia / Hong Kong (SAR)	Human	gisaid_meta_2017.xls
A/HONG KONG/1251/2001	A/Hong Kong/1251/2001	EPI_ISL_187727	2001-08-25	Asia / Hong Kong (SAR)	Human	gisaid_meta_2010.xls
A/HONG KONG/1256/2003	A/Hong Kong/1256/2003	EPI_ISL_67191	2003-07-15	Asia / Hong Kong (SAR)	Human	gisaid_meta_2010.xls
A/HONG KONG/1269/2001	A/Hong Kong/1269/2001	EPI_ISL_186639	2001-08-29	Asia / Hong Kong (SAR)	Human	gisaid_meta_2010.xls
A/HONG KONG/1399/2000	A/Hong Kong/1399/2000	EPI_ISL_186636	2000-06-10	Asia / Hong Kong (SAR)	Human	gisaid_meta_2010.xls
A/HONG KONG/1418/2000	A/Hong Kong/1418/2000	EPI_ISL_186472	2000-06-19	Asia / Hong Kong (SAR)	Human	gisaid_meta_2010.xls
A/HONG KONG/1573/2000	A/Hong Kong/1573/2000	EPI_ISL_188121	2000-07-27	Asia / Hong Kong (SAR)	Human	gisaid_meta_2010.xls
A/HONG KONG/1585/2000	A/Hong Kong/1585/2000	EPI_ISL_187772	2000-07-19	Asia / Hong Kong (SAR)	Human	gisaid_meta_2010.xls
A/HONG KONG/1710/2005	A/Hong Kong/1710/2005	EPI_ISL_64659	2005-04-25	Asia / China	Human	gisaid_meta_2010.xls
A/HONG KONG/201/2005	A/Hong Kong/201/2005	EPI_ISL_64660	2005-02-23	Asia / China	Human	gisaid_meta_2010.xls
A/HONG KONG/2019/1999	A/Hong Kong/2019/1999	EPI_ISL_5522620	1999	Asia / Hong Kong (SAR) / Mill Hill	Human	gisaid_meta_2010.xls
A/HONG KONG/2180/2010	A/Hong Kong/2180/2010	EPI_ISL_187958	2010-07-09	Asia / Hong Kong (SAR)	Human	gisaid_meta_2010.xls
A/HONG KONG/2180/2010	A/Hong Kong2180//2010	EPI_ISL_79618	2010-07-09	Asia / Hong Kong (SAR)	Human	gisaid_meta_2010.xls
A/HONG KONG/223/2005	A/Hong Kong/223/2005	EPI_ISL_64661	2005-02-24	Asia / China	Human	gisaid_meta_2010.xls
A/HONG KONG/2262/2016	A/Hong Kong/2262/2016	EPI_ISL_237574	2016-07-28	Asia / Hong Kong (SAR)	Human	gisaid_meta_2015-2016.xls
A/HONG KONG/2267/2017	A/Hong Kong/2267/2017	EPI_ISL_269008	2017-05-19	Asia / Hong Kong (SAR)	Human	gisaid_meta_2017.xls
A/HONG KONG/2267/2017	A/Hong Kong/2267/2017	EPI_ISL_280265	2017-05-19	Asia / Hong Kong (SAR)	Human	gisaid_meta_2017.xls
A/HONG KONG/2268/2006	A/Hong Kong/2268/2006	EPI_ISL_13561	2006	Asia / Hong Kong (SAR)	Human	gisaid_meta_2010.xls
A/HONG KONG/2271/2016	A/Hong Kong/2271/2016	EPI_ISL_237575	2016-07-28	Asia / Hong Kong (SAR)	Human	gisaid_meta_2015-2016.xls
A/HONG KONG/2273/2017	A/Hong Kong/2273/2017	EPI_ISL_269013	2017-05-21	Asia / Hong Kong (SAR)	Human	gisaid_meta_2017.xls
A/HONG KONG/2273/2017	A/Hong Kong/2273/2017	EPI_ISL_280268	2017-05-21	Asia / Hong Kong (SAR)	Human	gisaid_meta_2017.xls
A/HONG KONG/2274/2017	A/Hong Kong/2274/2017	EPI_ISL_269014	2017-05-20	Asia / Hong Kong (SAR)	Human	gisaid_meta_2017.xls
A/HONG KONG/2274/2017	A/Hong Kong/2274/2017	EPI_ISL_274779	2017-05-20	Asia / Hong Kong (SAR)	Human	gisaid_meta_2017.xls
A/HONG KONG/2274/2017	A/Hong Kong/2274/2017	EPI_ISL_280269	2017-05-20	Asia / Hong Kong (SAR)	Human	gisaid_meta_2017.xls
A/HONG KONG/2277/2017	A/Hong Kong/2277/2017	EPI_ISL_16706698	2017	Asia / Hong Kong (SAR)	Human	gisaid_meta_2017.xls
A/HONG KONG/2277/2017	A/Hong Kong/2277/2017	EPI_ISL_16891346	2017	Asia / Hong Kong (SAR)	Human	gisaid_meta_2017.xls
A/HONG KONG/2277/2017	A/Hong Kong/2277/2017	EPI_ISL_269017	2017-05-19	Asia / Hong Kong (SAR)	Human	gisaid_meta_2017.xls
A/HONG KONG/2277/2017	A/Hong Kong/2277/2017	EPI_ISL_274780	2017-05-19	Asia / Hong Kong (SAR)	Human	gisaid_meta_2017.xls
A/HONG KONG/2277/2017	A/Hong Kong/2277/2017	EPI_ISL_280270	2017-05-19	Asia / Hong Kong (SAR)	Human	gisaid_meta_2017.xls
A/HONG KONG/2277/2017	A/Hong Kong/2277/2017	EPI_ISL_289024	2017-05-19	Asia / Hong Kong (SAR)	Human	gisaid_meta_2017.xls
A/HONG KONG/2277/2017	A/Hong Kong/2277/2017	EPI_ISL_289715	2017	Asia / Hong Kong (SAR)	Human	gisaid_meta_2017.xls
A/HONG KONG/2277/2017	A/Hong Kong/2277/2017	EPI_ISL_290663	2017	Asia / Hong Kong (SAR)	Human	gisaid_meta_2017.xls
A/HONG KONG/2277/2017	A/Hong Kong/2277/2017	EPI_ISL_291282	2017	Asia / Hong Kong (SAR)	Human	gisaid_meta_2017.xls
A/HONG KONG/2279/2017	A/Hong Kong/2279/2017	EPI_ISL_269018	2017-05-21	Asia / Hong Kong (SAR)	Human	gisaid_meta_2017.xls
A/HONG KONG/2279/2017	A/Hong Kong/2279/2017	EPI_ISL_274781	2017-05-21	Asia / Hong Kong (SAR)	Human	gisaid_meta_2017.xls
A/HONG KONG/2279/2017	A/Hong Kong/2279/2017	EPI_ISL_280271	2017-05-21	Asia / Hong Kong (SAR)	Human	gisaid_meta_2017.xls
A/HONG KONG/2283/2017	A/Hong Kong/2283/2017	EPI_ISL_269021	2017-05-23	Asia / Hong Kong (SAR)	Human	gisaid_meta_2017.xls
A/HONG KONG/2283/2017	A/Hong Kong/2283/2017	EPI_ISL_280273	2017-05-23	Asia / Hong Kong (SAR)	Human	gisaid_meta_2017.xls
A/HONG KONG/2284/2017	A/Hong Kong/2284/2017	EPI_ISL_269022	2017-05-23	Asia / Hong Kong (SAR)	Human	gisaid_meta_2017.xls
A/HONG KONG/2284/2017	A/Hong Kong/2284/2017	EPI_ISL_280274	2017-05-23	Asia / Hong Kong (SAR)	Human	gisaid_meta_2017.xls
A/HONG KONG/2285/2017	A/Hong Kong/2285/2017	EPI_ISL_269023	2017-05-23	Asia / Hong Kong (SAR)	Human	gisaid_meta_2017.xls
A/HONG KONG/2285/2017	A/Hong Kong/2285/2017	EPI_ISL_274782	2017-05-23	Asia / Hong Kong (SAR)	Human	gisaid_meta_2017.xls
A/HONG KONG/2285/2017	A/Hong Kong/2285/2017	EPI_ISL_280275	2017-05-23	Asia / Hong Kong (SAR)	Human	gisaid_meta_2017.xls
A/HONG KONG/2286/2017	A/Hong Kong/2286/2017	EPI_ISL_16706699	2017	Asia / Hong Kong (SAR)	Human	gisaid_meta_2017.xls
A/HONG KONG/2286/2017	A/Hong Kong/2286/2017	EPI_ISL_16891324	2017	Asia / Hong Kong (SAR)	Human	gisaid_meta_2017.xls
A/HONG KONG/2286/2017	A/Hong Kong/2286/2017	EPI_ISL_269024	2017-05-23	Asia / Hong Kong (SAR)	Human	gisaid_meta_2017.xls
A/HONG KONG/2286/2017	A/Hong Kong/2286/2017	EPI_ISL_274783	2017-05-23	Asia / Hong Kong (SAR)	Human	gisaid_meta_2017.xls
A/HONG KONG/2286/2017	A/Hong Kong/2286/2017	EPI_ISL_280276	2017-05-23	Asia / Hong Kong (SAR)	Human	gisaid_meta_2017.xls
A/HONG KONG/2286/2017	A/Hong Kong/2286/2017	EPI_ISL_289025	2017-05-23	Asia / Hong Kong (SAR)	Human	gisaid_meta_2017.xls
A/HONG KONG/2286/2017	A/Hong Kong/2286/2017	EPI_ISL_289716	2017	Asia / Hong Kong (SAR)	Human	gisaid_meta_2017.xls
A/HONG KONG/2286/2017	A/Hong Kong/2286/2017	EPI_ISL_290662	2017	Asia / Hong Kong (SAR)	Human	gisaid_meta_2017.xls
A/HONG KONG/2286/2017	A/Hong Kong/2286/2017	EPI_ISL_291281	2017	Asia / Hong Kong (SAR)	Human	gisaid_meta_2017.xls
A/HONG KONG/2286/2017	A/Hong Kong/2286/2017	EPI_ISL_298548	2017	Asia / Hong Kong (SAR)	Human	gisaid_meta_2017.xls
A/HONG KONG/2287/2005	A/Hong Kong/2287/2005	EPI_ISL_64662	2005-05-09	Asia / China	Human	gisaid_meta_2010.xls
A/HONG KONG/2291/2017	A/Hong Kong/2291/2017	EPI_ISL_269029	2017-05-23	Asia / Hong Kong (SAR)	Human	gisaid_meta_2017.xls
A/HONG KONG/2291/2017	A/Hong Kong/2291/2017	EPI_ISL_274784	2017-05-23	Asia / Hong Kong (SAR)	Human	gisaid_meta_2017.xls
A/HONG KONG/2291/2017	A/Hong Kong/2291/2017	EPI_ISL_280278	2017-05-23	Asia / Hong Kong (SAR)	Human	gisaid_meta_2017.xls
A/HONG KONG/2293/2017	A/Hong Kong/2293/2017	EPI_ISL_269031	2017-05-23	Asia / Hong Kong (SAR)	Human	gisaid_meta_2017.xls
A/HONG KONG/255/2005	A/Hong Kong/255/2005	EPI_ISL_64663	2005-03-04	Asia / China	Human	gisaid_meta_2010.xls
A/HONG KONG/2669/2019	A/Hong Kong/2669/2019	EPI_ISL_377300	2019-06-18	Asia / Hong Kong (SAR)	Human	gisaid_meta_2019.xls
A/HONG KONG/2669/2019	A/Hong Kong/2669/2019	EPI_ISL_387029	2019-06-18	Asia / Hong Kong (SAR)	Human	gisaid_meta_2019.xls
A/HONG KONG/2670/2019	A/Hong Kong/2670/2019	EPI_ISL_377301	2019-06-17	Asia / Hong Kong (SAR)	Human	gisaid_meta_2019.xls
A/HONG KONG/2670/2019	A/Hong Kong/2670/2019	EPI_ISL_387030	2019-06-17	Asia / Hong Kong (SAR)	Human	gisaid_meta_2019.xls
A/HONG KONG/2671/2019	A/Hong Kong/2671/2019	EPI_ISL_17668124	2019-12-31	Asia / China	Human	gisaid_meta_2019.xls
A/HONG KONG/2671/2019	A/Hong Kong/2671/2019	EPI_ISL_20303879	2019-06-17	Asia / Hong Kong (SAR)	Human	gisaid_meta_2019.xls
A/HONG KONG/2671/2019	A/Hong Kong/2671/2019	EPI_ISL_377302	2019-06-17	Asia / Hong Kong (SAR)	Human	gisaid_meta_2019.xls
A/HONG KONG/2671/2019	A/Hong Kong/2671/2019	EPI_ISL_387031	2019-06-17	Asia / Hong Kong (SAR)	Human	gisaid_meta_2019.xls
A/HONG KONG/2671/2019	A/Hong Kong/2671/2019	EPI_ISL_391201	2019-06-17	Asia / Hong Kong (SAR)	Human	gisaid_meta_2019.xls
A/HONG KONG/2671/2019	A/Hong Kong/2671/2019	EPI_ISL_400888	2019-06-17	Asia / Hong Kong (SAR)	Human	gisaid_meta_2019.xls
A/HONG KONG/2671/2019	A/Hong Kong/2671/2019	EPI_ISL_410989	2019-06-17	Asia / Hong Kong (SAR)	Human	gisaid_meta_2019.xls
A/HONG KONG/2671/2019	A/Hong Kong/2671/2019	EPI_ISL_412381	2019-06-17	Asia / Hong Kong (SAR)	Human	gisaid_meta_2019.xls
A/HONG KONG/2671/2019	A/Hong Kong/2671/2019	EPI_ISL_882915	2019-06-17	Asia / Hong Kong (SAR)	Human	gisaid_meta_2019.xls
A/HONG KONG/2672/2019	A/Hong Kong/2672/2019	EPI_ISL_377303	2019-06-17	Asia / Hong Kong (SAR)	Human	gisaid_meta_2019.xls
A/HONG KONG/2672/2019	A/Hong Kong/2672/2019	EPI_ISL_387032	2019-06-17	Asia / Hong Kong (SAR)	Human	gisaid_meta_2019.xls
A/HONG KONG/2673/2019	A/Hong Kong/2673/2019	EPI_ISL_377304	2019-06-18	Asia / Hong Kong (SAR)	Human	gisaid_meta_2019.xls
A/HONG KONG/2673/2019	A/Hong Kong/2673/2019	EPI_ISL_387033	2019-06-18	Asia / Hong Kong (SAR)	Human	gisaid_meta_2019.xls
A/HONG KONG/2675/2019	A/Hong Kong/2675/2019	EPI_ISL_377306	2019-06-18	Asia / Hong Kong (SAR)	Human	gisaid_meta_2019.xls
A/HONG KONG/2675/2019	A/Hong Kong/2675/2019	EPI_ISL_387035	2019-06-18	Asia / Hong Kong (SAR)	Human	gisaid_meta_2019.xls
A/HONG KONG/2676/2019	A/Hong Kong/2676/2019	EPI_ISL_377307	2019-06-19	Asia / Hong Kong (SAR)	Human	gisaid_meta_2019.xls
A/HONG KONG/2676/2019	A/Hong Kong/2676/2019	EPI_ISL_387036	2019-06-19	Asia / Hong Kong (SAR)	Human	gisaid_meta_2019.xls
A/HONG KONG/2676/2019	A/Hong Kong/2676/2019	EPI_ISL_391198	2019-06-19	Asia / Hong Kong (SAR)	Human	gisaid_meta_2019.xls
A/HONG KONG/2679/2019	A/Hong Kong/2679/2019	EPI_ISL_377309	2019-06-18	Asia / Hong Kong (SAR)	Human	gisaid_meta_2019.xls
A/HONG KONG/2679/2019	A/Hong Kong/2679/2019	EPI_ISL_387039	2019-06-18	Asia / Hong Kong (SAR)	Human	gisaid_meta_2019.xls
A/HONG KONG/2831/2005	A/Hong Kong/2831/2005	EPI_ISL_64664	2005-05-25	Asia / China	Human	gisaid_meta_2010.xls
A/HONG KONG/2845/2005	A/Hong Kong/2845/2005	EPI_ISL_22800	2005-05-26	Asia / China	Human	gisaid_meta_2010.xls
A/HONG KONG/2851/2005	A/Hong Kong/2851/2005	EPI_ISL_22011	2005-05-27	Asia / China	Human	gisaid_meta_2010.xls
A/HONG KONG/2851/2005	A/Hong Kong/2851/2005	EPI_ISL_64665	2005-05-27	Asia / China	Human	gisaid_meta_2010.xls
A/HONG KONG/2874/2004	A/Hong Kong/2874/2004	EPI_ISL_22012	2004	Asia / China	Human	gisaid_meta_2010.xls
A/HONG KONG/2874/2004	A/Hong Kong/2874/2004	EPI_ISL_65536	2004	Asia / China	Human	gisaid_meta_2010.xls
A/HONG KONG/2897/2005	A/Hong Kong/2897/2005	EPI_ISL_22013	2005-05-19	Asia / China	Human	gisaid_meta_2010.xls
A/HONG KONG/2897/2005	A/Hong Kong/2897/2005	EPI_ISL_64666	2005-05-19	Asia / China	Human	gisaid_meta_2010.xls
A/HONG KONG/2946/2018	A/Hong Kong/2946/2018	EPI_ISL_341965	2018-11-27	Asia / Hong Kong (SAR)	Human	gisaid_meta_2018.xls
A/HONG KONG/2971/2005	A/Hong Kong/2971/2005	EPI_ISL_64667	2005-05-26	Asia / China	Human	gisaid_meta_2010.xls
A/HONG KONG/2982/2004	A/Hong Kong/2982/2004	EPI_ISL_21234	2004-07-09	Asia / China	Human	gisaid_meta_2010.xls
A/HONG KONG/3159/2017	A/Hong Kong/3159/2017	EPI_ISL_274756	2017-07-03	Asia / Hong Kong (SAR)	Human	gisaid_meta_2017.xls
A/HONG KONG/3160/2017	A/Hong Kong/3160/2017	EPI_ISL_274757	2017-07-04	Asia / Hong Kong (SAR)	Human	gisaid_meta_2017.xls
A/HONG KONG/3160/2017	A/Hong Kong/3160/2017	EPI_ISL_280280	2017-07-04	Asia / Hong Kong (SAR)	Human	gisaid_meta_2017.xls
A/HONG KONG/3162/2017	A/Hong Kong/3162/2017	EPI_ISL_274759	2017-07-04	Asia / Hong Kong (SAR)	Human	gisaid_meta_2017.xls
A/HONG KONG/3162/2017	A/Hong Kong/3162/2017	EPI_ISL_280282	2017-07-04	Asia / Hong Kong (SAR)	Human	gisaid_meta_2017.xls
A/HONG KONG/4018/2017	A/Hong Kong/4018/2017	EPI_ISL_293085	2017-07-28	Asia / Hong Kong (SAR)	Human	gisaid_meta_2017.xls
A/HONG KONG/4085/2017	A/Hong Kong/4085/2017	EPI_ISL_293089	2017-07-28	Asia / Hong Kong (SAR)	Human	gisaid_meta_2017.xls
A/HONG KONG/4119/2017	A/Hong Kong/4119/2017	EPI_ISL_293099	2017-07-28	Asia / Hong Kong (SAR)	Human	gisaid_meta_2017.xls
A/HONG KONG/4244/2014	A/Hong Kong/4244/2014	EPI_ISL_168966	2014-02-16	Asia / Hong Kong (SAR)	Human	gisaid_meta_2011-2014.xls
A/HONG KONG/4325/2019	A/Hong Kong/4325/2019	EPI_ISL_406295	2019-11-20	Asia / Hong Kong (SAR)	Human	gisaid_meta_2019.xls
A/HONG KONG/4357/2019	A/Hong Kong/4357/2019	EPI_ISL_406296	2019-11-28	Asia / Hong Kong (SAR)	Human	gisaid_meta_2019.xls
A/HONG KONG/4377/2019	A/Hong Kong/4377/2019	EPI_ISL_406297	2019-11-29	Asia / Hong Kong (SAR)	Human	gisaid_meta_2019.xls
A/HONG KONG/4398/2019	A/Hong Kong/4398/2019	EPI_ISL_406298	2019-12-01	Asia / Hong Kong (SAR)	Human	gisaid_meta_2019.xls
A/HONG KONG/4399/2019	A/Hong Kong/4399/2019	EPI_ISL_406299	2019-12-02	Asia / Hong Kong (SAR)	Human	gisaid_meta_2019.xls
A/HONG KONG/4434/2019	A/Hong Kong/4434/2019	EPI_ISL_406300	2019-11-29	Asia / Hong Kong (SAR)	Human	gisaid_meta_2019.xls
A/HONG KONG/4435/2019	A/Hong Kong/4435/2019	EPI_ISL_406301	2019-11-29	Asia / Hong Kong (SAR)	Human	gisaid_meta_2019.xls
A/HONG KONG/4436/2019	A/Hong Kong/4436/2019	EPI_ISL_406302	2019-12-01	Asia / Hong Kong (SAR)	Human	gisaid_meta_2019.xls
A/HONG KONG/4437/2019	A/Hong Kong/4437/2019	EPI_ISL_406303	2019-12-03	Asia / Hong Kong (SAR)	Human	gisaid_meta_2019.xls
A/HONG KONG/4439/2019	A/Hong Kong/4439/2019	EPI_ISL_406304	2019-12-03	Asia / Hong Kong (SAR)	Human	gisaid_meta_2019.xls
A/HONG KONG/4440/2019	A/Hong Kong/4440/2019	EPI_ISL_406305	2019-12-03	Asia / Hong Kong (SAR)	Human	gisaid_meta_2019.xls
A/HONG KONG/45/2019	A/Hong Kong/45/2019	EPI_ISL_347938	2018-12-24	Asia / Hong Kong (SAR)	Human	gisaid_meta_2018.xls
A/HONG KONG/45/2019	A/Hong Kong/45/2019	EPI_ISL_349926	2018-12-24	Asia / Hong Kong (SAR)	Human	gisaid_meta_2018.xls
A/HONG KONG/45/2019	A/Hong Kong/45/2019	EPI_ISL_390308	2018-12-24	Asia / Hong Kong (SAR)	Human	gisaid_meta_2018.xls
A/HONG KONG/45/2019	A/HongKong/45/2019	EPI_ISL_410589	2018-12-24	Asia / China	Human	gisaid_meta_2018.xls
A/HONG KONG/4614/2004	A/Hong Kong/4614/2004	EPI_ISL_65537	2004-12-03	Asia / China	Human	gisaid_meta_2010.xls
A/HONG KONG/5576/2014	A/Hong Kong/5576/2014	EPI_ISL_168967	2014-04-05	Asia / Hong Kong (SAR)	Human	gisaid_meta_2011-2014.xls
A/HONG KONG/5643/2013	A/Hong Kong/5643/2013	EPI_ISL_150279	2013-10-12	Asia / Hong Kong (SAR)	Human	gisaid_meta_2011-2014.xls
A/HONG KONG/5643/2013	A/Hong Kong/5643/2013	EPI_ISL_153537	2013-10-12	Asia / Hong Kong (SAR)	Human	gisaid_meta_2011-2014.xls
A/HONG KONG/568/2002	A/Hong Kong/568/2002	EPI_ISL_187313	2002-03-25	Asia / Hong Kong (SAR)	Human	gisaid_meta_2010.xls
A/HONG KONG/568/2002	A/Hong Kong/568/2002	EPI_ISL_67646	2002-03-25	Asia / China	Human	gisaid_meta_2010.xls
A/HONG KONG/6013/2014	A/Hong Kong/6013/2014	EPI_ISL_168968	2014-06-05	Asia / Hong Kong (SAR)	Human	gisaid_meta_2011-2014.xls
A/HONG KONG/6033/2014	A/Hong Kong/6033/2014	EPI_ISL_168969	2014-06-05	Asia / Hong Kong (SAR)	Human	gisaid_meta_2011-2014.xls
A/HONG KONG/6315/2014	A/Hong Kong/6315/2014	EPI_ISL_168970	2014-06-14	Asia / Hong Kong (SAR)	Human	gisaid_meta_2011-2014.xls
A/HONG KONG/639/2018	A/Hong Kong/639/2018	EPI_ISL_312264	2018-04-01	Asia / Hong Kong (SAR)	Human	gisaid_meta_2018.xls
A/HONG KONG/6421/2014	A/Hong Kong/6421/2014	EPI_ISL_168971	2014-06-19	Asia / Hong Kong (SAR)	Human	gisaid_meta_2011-2014.xls
A/HONG KONG/656/2018	A/Hong Kong/656/2018	EPI_ISL_312267	2018-04-07	Asia / Hong Kong (SAR)	Human	gisaid_meta_2018.xls
A/HONG KONG/664/2003	A/Hong Kong/664/2003	EPI_ISL_185944	2003-02-28	Asia / Hong Kong (SAR)	Human	gisaid_meta_2010.xls
A/HONG KONG/664/2003	A/Hong Kong/664/2003	EPI_ISL_67193	2003-02-28	Asia / Hong Kong (SAR)	Human	gisaid_meta_2010.xls
A/HONG KONG/674/2018	A/Hong Kong/674/2018	EPI_ISL_312268	2018-04-10	Asia / Hong Kong (SAR)	Human	gisaid_meta_2018.xls
A/HONG KONG/674/2018	A/Hong Kong/674/2018	EPI_ISL_391197	2018-04-10	Asia / Hong Kong (SAR)	Human	gisaid_meta_2018.xls
A/HONG KONG/675/2018	A/Hong Kong/675/2018	EPI_ISL_312269	2018-04-10	Asia / Hong Kong (SAR)	Human	gisaid_meta_2018.xls
A/HONG KONG/675/2018	A/Hong Kong/675/2018	EPI_ISL_330511	2018	Asia / Hong Kong (SAR)	Human	gisaid_meta_2018.xls
A/HONG KONG/675/2018	A/Hong Kong/675/2018	EPI_ISL_330944	2018	Asia / Hong Kong (SAR)	Human	gisaid_meta_2018.xls
A/HONG KONG/676/2018	A/Hong Kong/676/2018	EPI_ISL_312270	2018-04-09	Asia / Hong Kong (SAR)	Human	gisaid_meta_2018.xls
A/HONG KONG/681/2018	A/Hong Kong/681/2018	EPI_ISL_312272	2018-04-09	Asia / Hong Kong (SAR)	Human	gisaid_meta_2018.xls
A/HONG KONG/681/2018	A/Hong Kong/681/2018	EPI_ISL_334100	2018-04-09	Asia / Hong Kong (SAR)	Human	gisaid_meta_2018.xls
A/HONG KONG/681/2018	A/Hong Kong/681/2018	EPI_ISL_336555	2018-04-09	Asia / Hong Kong (SAR)	Human	gisaid_meta_2018.xls
A/HONG KONG/681/2018	A/Hong Kong/681/2018	EPI_ISL_344857	2018-04-09	Asia / Hong Kong (SAR)	Human	gisaid_meta_2018.xls
A/HONG KONG/699/2020	A/Hong Kong/699/2020	EPI_ISL_732336	2020-03-09	Asia / Hong Kong (SAR)	Human	gisaid_meta_2020-21.xls
A/HONG KONG/701/2020	A/Hong Kong/701/2020	EPI_ISL_732326	2020-03-10	Asia / Hong Kong (SAR)	Human	gisaid_meta_2020-21.xls
A/HONG KONG/702/2020	A/Hong Kong/702/2020	EPI_ISL_732318	2020-03-10	Asia / Hong Kong (SAR)	Human	gisaid_meta_2020-21.xls
A/HONG KONG/703/2020	A/Hong Kong/703/2020	EPI_ISL_732324	2020-03-07	Asia / Hong Kong (SAR)	Human	gisaid_meta_2020-21.xls
A/HONG KONG/705/2020	A/Hong Kong/705/2020	EPI_ISL_732328	2020-03-12	Asia / Hong Kong (SAR)	Human	gisaid_meta_2020-21.xls
A/HONG KONG/706/2020	A/Hong Kong/706/2020	EPI_ISL_732330	2020-03-16	Asia / Hong Kong (SAR)	Human	gisaid_meta_2020-21.xls
A/HONG KONG/709/2020	A/Hong Kong/709/2020	EPI_ISL_732329	2020-03-15	Asia / Hong Kong (SAR)	Human	gisaid_meta_2020-21.xls
A/HONG KONG/711/2003	A/Hong Kong/711/2003	EPI_ISL_187162	2003-03-07	Asia / Hong Kong (SAR)	Human	gisaid_meta_2010.xls
A/HONG KONG/711/2003	A/Hong Kong/711/2003	EPI_ISL_67194	2003-03-07	Asia / Hong Kong (SAR)	Human	gisaid_meta_2010.xls
A/HONG KONG/711/2020	A/Hong Kong/711/2020	EPI_ISL_732331	2020-03-20	Asia / Hong Kong (SAR)	Human	gisaid_meta_2020-21.xls
A/HONG KONG/7127/2014	A/Hong Kong/7127/2014	EPI_ISL_15146393	2014	Asia / Hong Kong (SAR)	Human	gisaid_meta_2011-2014.xls
A/HONG KONG/7127/2014	A/Hong Kong/7127/2014	EPI_ISL_168972	2014-07-29	Asia / Hong Kong (SAR)	Human	gisaid_meta_2011-2014.xls
A/HONG KONG/7127/2014	A/Hong Kong/7127/2014	EPI_ISL_176514	2014	Asia / Hong Kong (SAR)	Human	gisaid_meta_2011-2014.xls
A/HONG KONG/7127/2014	A/Hong Kong/7127/2014	EPI_ISL_189813	2014	Asia / Hong Kong (SAR)	Human	gisaid_meta_2011-2014.xls
A/HONG KONG/7127/2014	A/Hong Kong/7127/2014	EPI_ISL_213987	2014-07-29	Asia / Hong Kong (SAR)	Human	gisaid_meta_2011-2014.xls
A/HONG KONG/7127/2014	A/Hong Kong/7127/2014	EPI_ISL_259080	2014-07-29	Asia / Hong Kong (SAR)	Human	gisaid_meta_2011-2014.xls
A/HONG KONG/7229/2014	A/Hong Kong/7229/2014	EPI_ISL_168973	2014-07-31	Asia / Hong Kong (SAR)	Human	gisaid_meta_2011-2014.xls
A/HONG KONG/7243/2014	A/Hong Kong/7243/2014	EPI_ISL_168974	2014-08-02	Asia / Hong Kong (SAR)	Human	gisaid_meta_2011-2014.xls
A/HONG KONG/7272/2014	A/Hong Kong/7272/2014	EPI_ISL_168975	2014-08-04	Asia / Hong Kong (SAR)	Human	gisaid_meta_2011-2014.xls
A/HONG KONG/7276/2014	A/Hong Kong/7276/2014	EPI_ISL_168976	2014-08-02	Asia / Hong Kong (SAR)	Human	gisaid_meta_2011-2014.xls
A/HONG KONG/7278/2014	A/Hong Kong/7278/2014	EPI_ISL_168977	2014-08-01	Asia / Hong Kong (SAR)	Human	gisaid_meta_2011-2014.xls
A/HONG KONG/7295/2014	A/Hong Kong/7295/2014	EPI_ISL_168978	2014-08-07	Asia / Hong Kong (SAR)	Human	gisaid_meta_2011-2014.xls
A/HONG KONG/7313/2014	A/Hong Kong/7313/2014	EPI_ISL_168979	2014-08-07	Asia / Hong Kong (SAR)	Human	gisaid_meta_2011-2014.xls
A/HONG KONG/7329/2014	A/Hong Kong/7329/2014	EPI_ISL_168980	2014-08-11	Asia / Hong Kong (SAR)	Human	gisaid_meta_2011-2014.xls
A/HONG KONG/7347/2014	A/Hong Kong/7347/2014	EPI_ISL_168981	2014-08-14	Asia / Hong Kong (SAR)	Human	gisaid_meta_2011-2014.xls
A/HONG KONG/7364/2014	A/Hong Kong/7364/2014	EPI_ISL_168982	2014-08-18	Asia / Hong Kong (SAR)	Human	gisaid_meta_2011-2014.xls
A/HONG KONG/762/2001	A/Hong Kong/762/2001	EPI_ISL_186970	2001-06-06	Asia / Hong Kong (SAR)	Human	gisaid_meta_2010.xls
A/HONG KONG/7622/2014	A/Hong Kong/7622/2014	EPI_ISL_170298	2014-11-30	Asia / Hong Kong (SAR)	Human	gisaid_meta_2011-2014.xls
A/HONG KONG/7624/2014	A/Hong Kong/7624/2014	EPI_ISL_170300	2014-12-01	Asia / Hong Kong (SAR)	Human	gisaid_meta_2011-2014.xls
A/HONG KONG/995/2003	A/Hong Kong/995/2003	EPI_ISL_67199	2003-03-29	Asia / Hong Kong (SAR)	Human	gisaid_meta_2010.xls
A/HUBEIDONGBAO/1205/2015	A/Hubei-Dongbao/1205/2015	EPI_ISL_201702	2015-04-09	Asia / China	Human	gisaid_meta_2015-2016.xls
A/HUBEIDONGBAO/1205/2015	A/Hubei-Dongbao/1205/2015	EPI_ISL_205632	2015-04-09	Asia / China	Human	gisaid_meta_2015-2016.xls
A/HUNANWULING/11088/2015	A/Hunan-Wuling/11088/2015	EPI_ISL_201697	2015-06-15	Asia / China	Human	gisaid_meta_2015-2016.xls
A/HUNANWULING/11088/2015	A/Hunan-Wuling/11088/2015	EPI_ISL_202846	2015-06-15	Asia / China	Human	gisaid_meta_2015-2016.xls
A/HUNGARY/104/2020	A/Hungary/104/2020	EPI_ISL_527220	2020-01-27	Europe / Hungary	Human	gisaid_meta_2020-21.xls
A/HUNGARY/108/2020	A/Hungary/108/2020	EPI_ISL_527221	2020-03-06	Europe / Hungary	Human	gisaid_meta_2020-21.xls
A/HUNGARY/175/2016	A/Hungary/175/2016	EPI_ISL_241112	2016-12-09	Europe / Hungary / Jasz-Nagykun-Szolnok / Jászapáti	Human	gisaid_meta_2015-2016.xls
A/HUNGARY/175/2016	A/Hungary/175/2016	EPI_ISL_259664	2016-12-02	Europe / Hungary	Human	gisaid_meta_2015-2016.xls
A/HUNGARY/188/2016	A/Hungary/188/2016	EPI_ISL_242380	2016-12-13	Europe / Hungary / Jasz-Nagykun-Szolnok / Jászapáti	Human	gisaid_meta_2015-2016.xls
A/HUNGARY/188/2016	A/Hungary/188/2016	EPI_ISL_259665	2016-12-13	Europe / Hungary	Human	gisaid_meta_2015-2016.xls
A/HUNGARY/191/2016	A/Hungary/191/2016	EPI_ISL_259666	2016-12-13	Europe / Hungary	Human	gisaid_meta_2015-2016.xls
A/HUNGARY/192/2016	A/Hungary/192/2016	EPI_ISL_248834	2016-12-14	Europe / Hungary	Human	gisaid_meta_2015-2016.xls
A/HUNGARY/195/2016	A/Hungary/195/2016	EPI_ISL_248835	2016-12-15	Europe / Hungary	Human	gisaid_meta_2015-2016.xls
A/HUNGARY/197/2016	A/Hungary/197/2016	EPI_ISL_248836	2016-12-19	Europe / Hungary	Human	gisaid_meta_2015-2016.xls
A/HUNGARY/198/2016	A/Hungary/198/2016	EPI_ISL_248837	2016-12-19	Europe / Hungary	Human	gisaid_meta_2015-2016.xls
A/HUNGARY/202/2016	A/Hungary/202/2016	EPI_ISL_259668	2016-12-14	Europe / Hungary	Human	gisaid_meta_2015-2016.xls
A/HUNGARY/203/2016	A/Hungary/203/2016	EPI_ISL_248838	2016-12-19	Europe / Hungary	Human	gisaid_meta_2015-2016.xls
A/HUNGARY/26/2019	A/Hungary/26/2019	EPI_ISL_340497	2018-12-28	Europe / Hungary / Budapest fovaros / Budapest	Human	gisaid_meta_2018.xls
A/HUNGARY/26/2019	A/Hungary/26/2019	EPI_ISL_342086	2019-01-07	Europe / Hungary	Human	gisaid_meta_2019.xls
A/HUNGARY/28/2019	A/Hungary/28/2019	EPI_ISL_340498	2019-01-03	Europe / Hungary / Bacs-Kiskun	Human	gisaid_meta_2019.xls
A/HUNGARY/28/2019	A/Hungary/28/2019	EPI_ISL_342087	2019-01-03	Europe / Hungary	Human	gisaid_meta_2019.xls
A/HUNGARY/423/2015	A/Hungary/423/2015	EPI_ISL_201679	2015-02-09	Europe / Hungary	Human	gisaid_meta_2015-2016.xls
A/HUNGARY/436/2015	A/Hungary/436/2015	EPI_ISL_201681	2015-02-09	Europe / Hungary	Human	gisaid_meta_2015-2016.xls
A/HUNGARY/438/2015	A/Hungary/438/2015	EPI_ISL_201680	2015-02-09	Europe / Hungary	Human	gisaid_meta_2015-2016.xls
A/HUNGARY/5/2019	A/Hungary/5/2019	EPI_ISL_340495	2018-12-19	Europe / Hungary / Budapest fovaros / Budapest	Human	gisaid_meta_2018.xls
A/HUNGARY/5/2019	A/Hungary/5/2019	EPI_ISL_342088	2018-12-19	Europe / Hungary	Human	gisaid_meta_2018.xls
A/HUNGARY/61/2020	A/Hungary/61/2020	EPI_ISL_527222	2020-02-05	Europe / Hungary	Human	gisaid_meta_2020-21.xls
A/HUNGARY/64/2020	A/Hungary/64/2020	EPI_ISL_527223	2020-02-08	Europe / Hungary	Human	gisaid_meta_2020-21.xls
A/HUNGARY/64/2020	A/Hungary/64/2020	EPI_ISL_732323	2020-02-08	Europe / Hungary	Human	gisaid_meta_2020-21.xls
A/HUNGARY/91/2020	A/Hungary/91/2020	EPI_ISL_529041	2020-02-18	Europe / Hungary	Human	gisaid_meta_2020-21.xls
A/HYOGO/4001/2014	A/HYOGO/4001/2014	EPI_ISL_170089	2014-12-08	Asia / Japan	Human	gisaid_meta_2011-2014.xls
A/HYOGO/4001/2014	A/Hyogo/4001/2014	EPI_ISL_197505	2015-01-22	Asia / Japan	Human	gisaid_meta_2015-2016.xls
A/HYOGO/4001/2014	A/Hyogo/4001/2014	EPI_ISL_197565	2015-01-22	Asia / Japan	Human	gisaid_meta_2015-2016.xls
A/HYOGO/4001/2014	A/Hyogo/4001/2014	EPI_ISL_201688	2014-12-08	Asia / Japan	Human	gisaid_meta_2011-2014.xls
A/IASI/157785/2014	A/Iasi/157785/2014	EPI_ISL_154750	2014-01-13	Europe / Romania	Human	gisaid_meta_2011-2014.xls
A/IASI/162712/2014	A/Iasi/162712/2014	EPI_ISL_159433	2014-03-24	Europe / Romania / Judetul Iasi	Human	gisaid_meta_2011-2014.xls
A/IASI/176654/2015	A/Iasi/176654/2015	EPI_ISL_190911	2015-01-27	Europe / Romania	Human	gisaid_meta_2015-2016.xls
A/IASI/177049/2015	A/Iasi/177049/2015	EPI_ISL_190912	2015-02-04	Europe / Romania	Human	gisaid_meta_2015-2016.xls
A/IASI/177050/2015	A/Iasi/177050/2015	EPI_ISL_190913	2015-02-04	Europe / Romania	Human	gisaid_meta_2015-2016.xls
A/IASI/239836/2019	A/Iasi/239836/2019	EPI_ISL_335686	2019-01-11	Europe / Romania / Judetul Iasi	Human	gisaid_meta_2019.xls
A/IASI/239836/2019	A/Iasi/239836/2019	EPI_ISL_347148	2019-01-09	Europe / Romania	Human	gisaid_meta_2019.xls
A/IASI/47704/2011	A/Iasi/47704/2011	EPI_ISL_88038	2011-01-03	Europe / Romania	Human	gisaid_meta_2011-2014.xls
A/IASI/89451/2012	A/Iasi/89451/2012	EPI_ISL_107852	2012-01-04	Europe / Romania	Human	gisaid_meta_2011-2014.xls
A/IASI/89451/2012	A/Iasi/89451/2012	EPI_ISL_118754	2012-01-04	Europe / Romania	Human	gisaid_meta_2011-2014.xls
A/ICELAND/100/2018	A/Iceland/100/2018	EPI_ISL_337894	2018-11-01	Europe / Iceland	Human	gisaid_meta_2018.xls
A/ICELAND/101/2018	A/Iceland/101/2018	EPI_ISL_337895	2018-11-01	Europe / Iceland	Human	gisaid_meta_2018.xls
A/ICELAND/102/2018	A/Iceland/102/2018	EPI_ISL_337896	2018-11-02	Europe / Iceland	Human	gisaid_meta_2018.xls
A/ICELAND/103/2018	A/Iceland/103/2018	EPI_ISL_337897	2018-11-03	Europe / Iceland	Human	gisaid_meta_2018.xls
A/ICELAND/107/2018	A/Iceland/107/2018	EPI_ISL_336086	2018-11-09	Europe / Iceland	Human	gisaid_meta_2018.xls
A/ICELAND/108/2018	A/Iceland/108/2018	EPI_ISL_336087	2018-11-13	Europe / Iceland	Human	gisaid_meta_2018.xls
A/ICELAND/12621/2019	A/Iceland/12621/2019	EPI_ISL_387041	2019-06-15	Europe / Iceland	Human	gisaid_meta_2019.xls
A/ICELAND/127/2017	A/Iceland/127/2017	EPI_ISL_303929	2017-12-01	Europe / Iceland	Human	gisaid_meta_2017.xls
A/ICELAND/128/2017	A/Iceland/128/2017	EPI_ISL_303930	2017-12-11	Europe / Iceland	Human	gisaid_meta_2017.xls
A/ICELAND/136/2017	A/Iceland/136/2017	EPI_ISL_297337	2017-12-27	Europe / Iceland	Human	gisaid_meta_2017.xls
A/ICELAND/18/2020	A/Iceland/18/2020	EPI_ISL_477534	2020-02-29	Europe / Iceland	Human	gisaid_meta_2020-21.xls
A/ICELAND/18/2020	A/Iceland/18/2020	EPI_ISL_485756	2020-02-29	Europe / Iceland	Human	gisaid_meta_2020-21.xls
A/ICELAND/22/2003	A/ICELAND/22/2003	EPI_ISL_18199	2003-03-19	Europe / Iceland	Human	gisaid_meta_2010.xls
A/ICELAND/22/2003	A/ICELAND/22/2003	EPI_ISL_187751	2003-03-19	Europe / Iceland	Human	gisaid_meta_2010.xls
A/ICELAND/23/2017	A/Iceland/23/2017	EPI_ISL_273147	2017-02-16	Europe / Iceland	Human	gisaid_meta_2017.xls
A/ICELAND/23/2020	A/Iceland/23/2020	EPI_ISL_529043	2020-03-09	Europe / Iceland	Human	gisaid_meta_2020-21.xls
A/ICELAND/25/2020	A/Iceland/25/2020	EPI_ISL_477537	2020-03-12	Europe / Iceland	Human	gisaid_meta_2020-21.xls
A/ICELAND/26/2020	A/Iceland/26/2020	EPI_ISL_477538	2020-03-13	Europe / Iceland	Human	gisaid_meta_2020-21.xls
A/ICELAND/26/2020	A/Iceland/26/2020	EPI_ISL_485759	2020-03-13	Europe / Iceland	Human	gisaid_meta_2020-21.xls
A/ICELAND/27/2017	A/Iceland/27/2017	EPI_ISL_273148	2017-02-16	Europe / Iceland	Human	gisaid_meta_2017.xls
A/ICELAND/29/2020	A/Iceland/29/2020	EPI_ISL_477539	2020-03-16	Europe / Iceland	Human	gisaid_meta_2020-21.xls
A/ICELAND/29/2020	A/Iceland/29/2020	EPI_ISL_485760	2020-03-16	Europe / Iceland	Human	gisaid_meta_2020-21.xls
A/ICELAND/30/2020	A/Iceland/30/2020	EPI_ISL_477540	2020-03-13	Europe / Iceland	Human	gisaid_meta_2020-21.xls
A/ICELAND/30/2020	A/Iceland/30/2020	EPI_ISL_485761	2020-03-13	Europe / Iceland	Human	gisaid_meta_2020-21.xls
A/ICELAND/31/2017	A/Iceland/31/2017	EPI_ISL_273149	2017-02-19	Europe / Iceland	Human	gisaid_meta_2017.xls
A/ICELAND/36/2017	A/Iceland/36/2017	EPI_ISL_273150	2017-02-21	Europe / Iceland	Human	gisaid_meta_2017.xls
A/ICELAND/37/2017	A/Iceland/37/2017	EPI_ISL_273151	2017-02-21	Europe / Iceland	Human	gisaid_meta_2017.xls
A/ICELAND/37/2020	A/Iceland/37/2020	EPI_ISL_477543	2020-03-26	Europe / Iceland	Human	gisaid_meta_2020-21.xls
A/ICELAND/37/2020	A/Iceland/37/2020	EPI_ISL_485764	2020-03-26	Europe / Iceland	Human	gisaid_meta_2020-21.xls
A/ICELAND/4/2019	A/Iceland/4/2019	EPI_ISL_377311	2019-03-04	Europe / Iceland	Human	gisaid_meta_2019.xls
A/ICELAND/4/2019	A/Iceland/4/2019	EPI_ISL_391199	2019-03-04	Europe / Iceland	Human	gisaid_meta_2019.xls
A/ICELAND/40/2017	A/Iceland/40/2017	EPI_ISL_268059	2017-02-22	Europe / Iceland	Human	gisaid_meta_2017.xls
A/ICELAND/59/2019	A/Iceland/59/2019	EPI_ISL_377313	2019-04-15	Europe / Iceland	Human	gisaid_meta_2019.xls
A/ICELAND/6/2005	A/ICELAND/6/2005	EPI_ISL_18234	2005-01-07	Europe / Iceland	Human	gisaid_meta_2010.xls
A/ICELAND/6/2005	A/ICELAND/6/2005	EPI_ISL_185204	2005-01-07	Europe / Iceland	Human	gisaid_meta_2010.xls
A/ICELAND/63/2018	A/Iceland/63/2018	EPI_ISL_315969	2018-03-20	Europe / Iceland	Human	gisaid_meta_2018.xls
A/ICELAND/64/2017	A/Iceland/64/2017	EPI_ISL_268064	2017-03-08	Europe / Iceland	Human	gisaid_meta_2017.xls
A/ICELAND/65/2016	A/Iceland/65/2016	EPI_ISL_259543	2016-12-12	Europe / Iceland	Human	gisaid_meta_2015-2016.xls
A/ICELAND/66/2016	A/Iceland/66/2016	EPI_ISL_259544	2016-12-14	Europe / Iceland	Human	gisaid_meta_2015-2016.xls
A/ICELAND/68/2016	A/Iceland/68/2016	EPI_ISL_259546	2016-12-15	Europe / Iceland	Human	gisaid_meta_2015-2016.xls
A/ICELAND/69/2017	A/Iceland/69/2017	EPI_ISL_268065	2017-03-09	Europe / Iceland	Human	gisaid_meta_2017.xls
A/ICELAND/70/2016	A/Iceland/70/2016	EPI_ISL_259548	2016-12-19	Europe / Iceland	Human	gisaid_meta_2015-2016.xls
A/ICELAND/71/2019	A/Iceland/71/2019	EPI_ISL_377315	2019-05-19	Europe / Iceland	Human	gisaid_meta_2019.xls
A/ICELAND/72/2016	A/Iceland/72/2016	EPI_ISL_259550	2016-12-19	Europe / Iceland	Human	gisaid_meta_2015-2016.xls
A/ICELAND/74/2016	A/Iceland/74/2016	EPI_ISL_259552	2016-12-21	Europe / Iceland	Human	gisaid_meta_2015-2016.xls
A/ICELAND/76/2016	A/Iceland/76/2016	EPI_ISL_259554	2016-12-24	Europe / Iceland	Human	gisaid_meta_2015-2016.xls
A/ICELAND/77/2019	A/Iceland/77/2019	EPI_ISL_406306	2019-10-08	Europe / Iceland	Human	gisaid_meta_2019.xls
A/ICELAND/78/2016	A/Iceland/78/2016	EPI_ISL_259556	2016-12-26	Europe / Iceland	Human	gisaid_meta_2015-2016.xls
A/ICELAND/78/2019	A/Iceland/78/2019	EPI_ISL_406307	2019-10-08	Europe / Iceland	Human	gisaid_meta_2019.xls
A/ICELAND/79/2019	A/Iceland/79/2019	EPI_ISL_406308	2019-10-09	Europe / Iceland	Human	gisaid_meta_2019.xls
A/ICELAND/81/2016	A/Iceland/81/2016	EPI_ISL_248429	2016-12-28	Europe / Iceland	Human	gisaid_meta_2015-2016.xls
A/ICELAND/81/2019	A/Iceland/81/2019	EPI_ISL_406310	2019-10-15	Europe / Iceland	Human	gisaid_meta_2019.xls
A/ICELAND/84/2016	A/Iceland/84/2016	EPI_ISL_248432	2016-12-29	Europe / Iceland	Human	gisaid_meta_2015-2016.xls
A/ICELAND/87/2002	A/ICELAND/87/2002	EPI_ISL_18181	2002	Europe / Iceland	Human	gisaid_meta_2010.xls
A/ICELAND/87/2002	A/ICELAND/87/2002	EPI_ISL_186543	2002	Europe / Iceland	Human	gisaid_meta_2010.xls
A/ICELAND/88/2018	A/Iceland/88/2018	EPI_ISL_315973	2018-05-09	Europe / Iceland	Human	gisaid_meta_2018.xls
A/ICELAND/90/2018	A/Iceland/90/2018	EPI_ISL_315974	2018-05-13	Europe / Iceland	Human	gisaid_meta_2018.xls
A/ICELAND/93/2002	A/ICELAND/93/2002	EPI_ISL_18191	2002	Europe / Iceland	Human	gisaid_meta_2010.xls
A/ICELAND/93/2002	A/ICELAND/93/2002	EPI_ISL_186559	2002	Europe / Iceland	Human	gisaid_meta_2010.xls
A/ICELAND/95/2018	A/Iceland/95/2018	EPI_ISL_315976	2018-05-20	Europe / Iceland	Human	gisaid_meta_2018.xls
A/INDONESIA/22/2003	A/Indonesia/22/2003	EPI_ISL_357572	2003-03-25	Asia / Indonesia / Bandung	Human	gisaid_meta_2010.xls
A/INDONESIA/3277/2002	A/Indonesia/3277/2002	EPI_ISL_186912	2002-02-25	Asia / Indonesia	Human	gisaid_meta_2010.xls
A/INDONESIA/3277/2002	A/Indonesia/3277/2002	EPI_ISL_6314521	2002-02-25	Asia / Indonesia / West Java / Bandung	Human	gisaid_meta_2010.xls
A/INVERNESS/5824117/2002	A/Inverness/5824117/2002	EPI_ISL_67648	2002	Europe / United Kingdom	Human	gisaid_meta_2010.xls
A/INVERNESS/5824157/2002	A/Inverness/5824157/2002	EPI_ISL_67649	2002	Europe / United Kingdom	Human	gisaid_meta_2010.xls
A/IOANNINAGR/81/2012	A/Ioannina.GR/81/2012	EPI_ISL_104500	2012-01-26	Europe / Greece / Nomos Ioanninon	Human	gisaid_meta_2011-2014.xls
A/IRAN/167623/2019	A/Iran/167623/2019	EPI_ISL_361870	2019-02-16	Asia / Iran, Islamic Republic of	Human	gisaid_meta_2019.xls
A/IRAN/167623/2019	A/Iran/167623/2019	EPI_ISL_361982	2019-02-16	Asia / Iran, Islamic Republic of	Human	gisaid_meta_2019.xls
A/IRAN/167623/2019	A/Iran/167623/2019	EPI_ISL_364786	2019-02-16	Asia / Iran, Islamic Republic of	Human	gisaid_meta_2019.xls
A/IRAN/168206/2019	A/Iran/168206/2019	EPI_ISL_361871	2019-02-19	Asia / Iran, Islamic Republic of	Human	gisaid_meta_2019.xls
A/IRAN/168206/2019	A/Iran/168206/2019	EPI_ISL_361983	2019-02-19	Asia / Iran, Islamic Republic of	Human	gisaid_meta_2019.xls
A/IRAN/168206/2019	A/Iran/168206/2019	EPI_ISL_364787	2019-02-19	Asia / Iran, Islamic Republic of	Human	gisaid_meta_2019.xls
A/IRAN/168336/2019	A/Iran/168336/2019	EPI_ISL_361872	2019-03-07	Asia / Iran, Islamic Republic of	Human	gisaid_meta_2019.xls
A/IRAN/168336/2019	A/Iran/168336/2019	EPI_ISL_361984	2019-03-07	Asia / Iran, Islamic Republic of	Human	gisaid_meta_2019.xls
A/IRAN/168336/2019	A/Iran/168336/2019	EPI_ISL_364788	2019-03-07	Asia / Iran, Islamic Republic of	Human	gisaid_meta_2019.xls
A/IRAN/168359/2019	A/Iran/168359/2019	EPI_ISL_361873	2019-03-11	Asia / Iran, Islamic Republic of	Human	gisaid_meta_2019.xls
A/IRAN/168359/2019	A/Iran/168359/2019	EPI_ISL_361985	2019-03-11	Asia / Iran, Islamic Republic of	Human	gisaid_meta_2019.xls
A/IRAN/168359/2019	A/Iran/168359/2019	EPI_ISL_364789	2019-03-11	Asia / Iran, Islamic Republic of	Human	gisaid_meta_2019.xls
A/IRAN/168555/2019	A/Iran/168555/2019	EPI_ISL_361874	2019-03-15	Asia / Iran, Islamic Republic of	Human	gisaid_meta_2019.xls
A/IRAN/168555/2019	A/Iran/168555/2019	EPI_ISL_361986	2019-03-15	Asia / Iran, Islamic Republic of	Human	gisaid_meta_2019.xls
A/IRAN/168555/2019	A/Iran/168555/2019	EPI_ISL_364790	2019-03-15	Asia / Iran, Islamic Republic of	Human	gisaid_meta_2019.xls
A/IRAN/171909/2019	A/Iran/171909/2019	EPI_ISL_361875	2019-04-12	Asia / Iran, Islamic Republic of	Human	gisaid_meta_2019.xls
A/IRAN/171909/2019	A/Iran/171909/2019	EPI_ISL_361987	2019-04-12	Asia / Iran, Islamic Republic of	Human	gisaid_meta_2019.xls
A/IRAN/171909/2019	A/Iran/171909/2019	EPI_ISL_364791	2019-04-12	Asia / Iran, Islamic Republic of	Human	gisaid_meta_2019.xls
A/IRAN/55457/2016	A/Iran/55457/2016	EPI_ISL_259669	2016-10-01	Asia / Iran, Islamic Republic of	Human	gisaid_meta_2015-2016.xls
A/IRELAND/10108/2003	A/IRELAND/10108/2003	EPI_ISL_18227	2003-09-16	Europe / Ireland	Human	gisaid_meta_2010.xls
A/IRELAND/1215/2003	A/IRELAND/1215/2003	EPI_ISL_18220	2003-01-24	Europe / Ireland	Human	gisaid_meta_2010.xls
A/IRELAND/14M00149/2013	A/Ireland/14M00149/2013	EPI_ISL_155899	2013-12-10	Europe / Ireland	Human	gisaid_meta_2011-2014.xls
A/IRELAND/14M00149/2013	A/Ireland/14M00149/2013	EPI_ISL_158837	2013-12-10	Europe / Ireland	Human	gisaid_meta_2011-2014.xls
A/IRELAND/14M02879/2014	A/Ireland/14M02879/2014	EPI_ISL_154751	2014-01-02	Europe / Ireland	Human	gisaid_meta_2011-2014.xls
A/IRELAND/14M02879/2014	A/Ireland/14M02879/2014	EPI_ISL_158838	2014-01-02	Europe / Ireland	Human	gisaid_meta_2011-2014.xls
A/IRELAND/14M03520/2014	A/Ireland/14M03520/2014	EPI_ISL_154752	2014-01-06	Europe / Ireland	Human	gisaid_meta_2011-2014.xls
A/IRELAND/21550/2014	A/Ireland/21550/2014	EPI_ISL_164230	2014-04-04	Europe / Ireland	Human	gisaid_meta_2011-2014.xls
A/IRELAND/22041/2014	A/Ireland/22041/2014	EPI_ISL_164231	2014-04-08	Europe / Ireland	Human	gisaid_meta_2011-2014.xls
A/IRELAND/22350/2014	A/Ireland/22350/2014	EPI_ISL_164232	2014-04-07	Europe / Ireland	Human	gisaid_meta_2011-2014.xls
A/IRELAND/22716/2019	A/Ireland/22716/2019	EPI_ISL_389211	2019-02-26	Europe / Ireland	Human	gisaid_meta_2019.xls
A/IRELAND/22878/2014	A/Ireland/22878/2014	EPI_ISL_164233	2014-04-09	Europe / Ireland	Human	gisaid_meta_2011-2014.xls
A/IRELAND/23296/2020	A/Ireland/23296/2020	EPI_ISL_527231	2020-03-09	Europe / Ireland	Human	gisaid_meta_2020-21.xls
A/IRELAND/23414/2019	A/Ireland/23414/2019	EPI_ISL_393996	2019-02-26	Europe / Ireland	Human	gisaid_meta_2019.xls
A/IRELAND/26207/2019	A/Ireland/26207/2019	EPI_ISL_356555	2019-03-13	Europe / Ireland	Human	gisaid_meta_2019.xls
A/IRELAND/26207/2019	A/Ireland/26207/2019	EPI_ISL_393999	2019-03-13	Europe / Ireland	Human	gisaid_meta_2019.xls
A/IRELAND/26826/2019	A/Ireland/26826/2019	EPI_ISL_394000	2019-03-13	Europe / Ireland	Human	gisaid_meta_2019.xls
A/IRELAND/28223/2019	A/Ireland/28223/2019	EPI_ISL_356558	2019-03-19	Europe / Ireland	Human	gisaid_meta_2019.xls
A/IRELAND/28223/2019	A/Ireland/28223/2019	EPI_ISL_394002	2019-03-19	Europe / Ireland	Human	gisaid_meta_2019.xls
A/IRELAND/28663/2019	A/Ireland/28663/2019	EPI_ISL_394003	2019-03-20	Europe / Ireland	Human	gisaid_meta_2019.xls
A/IRELAND/29431/2019	A/Ireland/29431/2019	EPI_ISL_356562	2019-03-21	Europe / Ireland	Human	gisaid_meta_2019.xls
A/IRELAND/29431/2019	A/Ireland/29431/2019	EPI_ISL_394005	2019-03-21	Europe / Ireland	Human	gisaid_meta_2019.xls
A/IRELAND/30256/2019	A/Ireland/30256/2019	EPI_ISL_356563	2019-03-26	Europe / Ireland	Human	gisaid_meta_2019.xls
A/IRELAND/30256/2019	A/Ireland/30256/2019	EPI_ISL_394050	2019-03-26	Europe / Ireland	Human	gisaid_meta_2019.xls
A/IRELAND/32103/2019	A/Ireland/32103/2019	EPI_ISL_356564	2019-04-02	Europe / Ireland	Human	gisaid_meta_2019.xls
A/IRELAND/32103/2019	A/Ireland/32103/2019	EPI_ISL_394006	2019-04-02	Europe / Ireland	Human	gisaid_meta_2019.xls
A/IRELAND/72254/2016	A/Ireland/72254/2016	EPI_ISL_267719	2016-11-12	Europe / Ireland	Human	gisaid_meta_2015-2016.xls
A/IRELAND/72703/2016	A/Ireland/72703/2016	EPI_ISL_267720	2016-11-14	Europe / Ireland	Human	gisaid_meta_2015-2016.xls
A/IRELAND/76255/2016	A/Ireland/76255/2016	EPI_ISL_267721	2016-11-29	Europe / Ireland	Human	gisaid_meta_2015-2016.xls
A/IRELAND/78717/2016	A/Ireland/78717/2016	EPI_ISL_267722	2016-12-06	Europe / Ireland	Human	gisaid_meta_2015-2016.xls
A/IRELAND/80971/2016	A/Ireland/80971/2016	EPI_ISL_267725	2016-12-15	Europe / Ireland	Human	gisaid_meta_2015-2016.xls
A/IRELAND/81104/2016	A/Ireland/81104/2016	EPI_ISL_267726	2016-12-15	Europe / Ireland	Human	gisaid_meta_2015-2016.xls
A/IRELAND/81180/2016	A/Ireland/81180/2016	EPI_ISL_267727	2016-12-19	Europe / Ireland	Human	gisaid_meta_2015-2016.xls
A/IRELAND/81354/2016	A/Ireland/81354/2016	EPI_ISL_267728	2016-12-17	Europe / Ireland	Human	gisaid_meta_2015-2016.xls
A/IRELAND/81920/2016	A/Ireland/81920/2016	EPI_ISL_267729	2016-12-21	Europe / Ireland	Human	gisaid_meta_2015-2016.xls
A/IRELAND/82326/2016	A/Ireland/82326/2016	EPI_ISL_267730	2016-12-21	Europe / Ireland	Human	gisaid_meta_2015-2016.xls
A/IRELAND/82745/2016	A/Ireland/82745/2016	EPI_ISL_267732	2016-12-22	Europe / Ireland	Human	gisaid_meta_2015-2016.xls
A/IRELAND/85561/2019	A/Ireland/85561/2019	EPI_ISL_406190	2019-10-24	Europe / Ireland	Human	gisaid_meta_2019.xls
A/IRELAND/85561/2019	A/Ireland/85561/2019	EPI_ISL_426207	2019-10-24	Europe / Ireland	Human	gisaid_meta_2019.xls
A/IRELAND/86110/2016	A/Ireland/86110/2016	EPI_ISL_256030	2016-12-29	Europe / Ireland	Human	gisaid_meta_2015-2016.xls
A/IRELAND/88070/2019	A/Ireland/88070/2019	EPI_ISL_406193	2019-11-02	Europe / Ireland	Human	gisaid_meta_2019.xls
A/IRELAND/88070/2019	A/Ireland/88070/2019	EPI_ISL_426208	2019-11-02	Europe / Ireland	Human	gisaid_meta_2019.xls
A/IRELAND/89141/2019	A/Ireland/89141/2019	EPI_ISL_426210	2019-11-06	Europe / Ireland	Human	gisaid_meta_2019.xls
A/IRELAND/91453/2019	A/Ireland/91453/2019	EPI_ISL_403290	2019-11-17	Europe / Ireland	Human	gisaid_meta_2019.xls
A/IRELAND/91453/2019	A/Ireland/91453/2019	EPI_ISL_426212	2019-11-17	Europe / Ireland	Human	gisaid_meta_2019.xls
A/IRELAND/91781/2019	A/Ireland/91781/2019	EPI_ISL_403291	2019-11-17	Europe / Ireland	Human	gisaid_meta_2019.xls
A/IRELAND/91781/2019	A/Ireland/91781/2019	EPI_ISL_426213	2019-11-17	Europe / Ireland	Human	gisaid_meta_2019.xls
A/IRELAND/9742/2003	A/IRELAND/9742/2003	EPI_ISL_18224	2003-09-04	Europe / Ireland	Human	gisaid_meta_2010.xls
A/IRELAND/9742/2003	A/IRELAND/9742/2003	EPI_ISL_186400	2003-09-04	Europe / Ireland	Human	gisaid_meta_2010.xls
A/ISHIKAWA/102/2002	A/Ishikawa/102/2002	EPI_ISL_11491	2002-11-26	Asia / Japan / Ishikawa-gun	Human	gisaid_meta_2010.xls
A/ISHIKAWA/102/2002	A/Ishikawa/102/2002	EPI_ISL_188220	2002-11-26	Asia / Japan / Ishikawa	Human	gisaid_meta_2010.xls
A/ISHIKAWA/102/2002	A/Ishikawa/102/2002	EPI_ISL_21215	2002-11-26	Asia / Japan / Ishikawa-gun	Human	gisaid_meta_2010.xls
A/ISRAEL/1/11/2011	A/Israel/1/11/2011	EPI_ISL_90615	2011-01-10	Asia / Israel	Human	gisaid_meta_2011-2014.xls
A/ISRAEL/10422/2018	A/Israel/10422/2018	EPI_ISL_347149	2018-12-20	Asia / Israel	Human	gisaid_meta_2018.xls
A/ISRAEL/10464/2018	A/Israel/10464/2018	EPI_ISL_341967	2018-12-21	Asia / Israel	Human	gisaid_meta_2018.xls
A/ISRAEL/10480/2018	A/Israel/10480/2018	EPI_ISL_347151	2018-11-23	Asia / Israel	Human	gisaid_meta_2018.xls
A/ISRAEL/10481/2018	A/Israel/10481/2018	EPI_ISL_347152	2018-11-23	Asia / Israel	Human	gisaid_meta_2018.xls
A/ISRAEL/133/2018	A/Israel/133/2018	EPI_ISL_347153	2018-11-04	Asia / Israel	Human	gisaid_meta_2018.xls
A/ISRAEL/14/11/2011	A/Israel/14/11/2011	EPI_ISL_90616	2011-01-10	Asia / Israel	Human	gisaid_meta_2011-2014.xls
A/ISRAEL/144/2018	A/Israel/144/2018	EPI_ISL_347154	2018-11-04	Asia / Israel	Human	gisaid_meta_2018.xls
A/ISRAEL/177/2018	A/Israel/177/2018	EPI_ISL_347155	2018-11-13	Asia / Israel	Human	gisaid_meta_2018.xls
A/ISRAEL/178/2018	A/Israel/178/2018	EPI_ISL_347156	2018-11-13	Asia / Israel	Human	gisaid_meta_2018.xls
A/ISRAEL/18/11/2011	A/Israel/18/11/2011	EPI_ISL_90617	2011-01-21	Asia / Israel	Human	gisaid_meta_2011-2014.xls
A/ISRAEL/19/2013	A/Israel/19/2013	EPI_ISL_136382	2013-01-15	Asia / Israel	Human	gisaid_meta_2011-2014.xls
A/ISRAEL/24/2009	A/Israel/24/2009	EPI_ISL_77132	2009-11	Asia / Israel	Human	gisaid_meta_2010.xls
A/ISRAEL/338/2019	A/Israel/338/2019	EPI_ISL_407490	2019-12-04	Asia / Israel	Human	gisaid_meta_2019.xls
A/ISRAEL/4/11/2011	A/Israel/4/11/2011	EPI_ISL_90618	2011-01-09	Asia / Israel	Human	gisaid_meta_2011-2014.xls
A/ISRAEL/5/11/2011	A/Israel/5/11/2011	EPI_ISL_90619	2011-01-15	Asia / Israel	Human	gisaid_meta_2011-2014.xls
A/ISRAEL/590/2018	A/Israel/590/2018	EPI_ISL_347157	2018-12-18	Asia / Israel	Human	gisaid_meta_2018.xls
A/ISRAEL/603/2018	A/Israel/603/2018	EPI_ISL_341969	2018-12-23	Asia / Israel	Human	gisaid_meta_2018.xls
A/ISRAEL/604/2018	A/Israel/604/2018	EPI_ISL_341970	2018-12-25	Asia / Israel	Human	gisaid_meta_2018.xls
A/ISRAEL/8701/2018	A/Israel/8701/2018	EPI_ISL_347158	2018-11-06	Asia / Israel	Human	gisaid_meta_2018.xls
A/ISRAEL/8989/2018	A/Israel/8989/2018	EPI_ISL_347159	2018-11-18	Asia / Israel	Human	gisaid_meta_2018.xls
A/ISRAEL/C558/2017	A/Israel/C-558/2017	EPI_ISL_253111	2017-01-09	Asia / Israel	Human	gisaid_meta_2017.xls
A/ISRAEL/C7213/2017	A/Israel/C7213/2017	EPI_ISL_303933	2017-10-17	Asia / Israel	Human	gisaid_meta_2017.xls
A/ISRAEL/C791/2017	A/Israel/C-791/2017	EPI_ISL_253114	2017-01-13	Asia / Israel	Human	gisaid_meta_2017.xls
A/ISRAEL/O6286/2014	A/Israel/O-6286/2014	EPI_ISL_175037	2014-11-10	Asia / Israel	Human	gisaid_meta_2011-2014.xls
A/ISRAEL/O6994/2014	A/Israel/O-6994/2014	EPI_ISL_172371	2014-12-11	Asia / Israel	Human	gisaid_meta_2011-2014.xls
A/ISRAEL/O7414/2014	A/Israel/O-7414/2014	EPI_ISL_172373	2014-12-28	Asia / Israel	Human	gisaid_meta_2011-2014.xls
A/ISRAEL/R742/2016	A/Israel/R-742/2016	EPI_ISL_263057	2016-12-29	Asia / Israel	Human	gisaid_meta_2015-2016.xls
A/ISRAEL/SK386/2017	A/Israel/SK386/2017	EPI_ISL_303936	2017-12-10	Asia / Israel	Human	gisaid_meta_2017.xls
A/ISRAEL/SK521/2017	A/Israel/SK521/2017	EPI_ISL_297347	2017-12-24	Asia / Israel	Human	gisaid_meta_2017.xls
A/ISRAEL/Z1035/2014	A/Israel/Z-1035/2014	EPI_ISL_165630	2014-01-30	Asia / Israel	Human	gisaid_meta_2011-2014.xls
A/ISRAEL/Z1048/2014	A/Israel/Z-1048/2014	EPI_ISL_165631	2014-02-01	Asia / Israel	Human	gisaid_meta_2011-2014.xls
A/ISRAEL/Z1213/2014	A/Israel/Z-1213/2014	EPI_ISL_165632	2014-02-10	Asia / Israel	Human	gisaid_meta_2011-2014.xls
A/ISRAEL/Z1225/2014	A/Israel/Z-1225/2014	EPI_ISL_165633	2014-02-11	Asia / Israel	Human	gisaid_meta_2011-2014.xls
A/ISRAEL/Z1227/2014	A/Israel/Z-1227/2014	EPI_ISL_165634	2014-02-17	Asia / Israel	Human	gisaid_meta_2011-2014.xls
A/ISRAEL/Z1263/2014	A/Israel/Z-1263/2014	EPI_ISL_165635	2014-02-15	Asia / Israel	Human	gisaid_meta_2011-2014.xls
A/ISRAEL/Z774/2014	A/Israel/Z774/2014	EPI_ISL_159625	2014-01-10	Asia / Israel	Human	gisaid_meta_2011-2014.xls
A/ISRAEL/Z941/2014	A/Israel/Z-941/2014	EPI_ISL_165636	2014-01-25	Asia / Israel	Human	gisaid_meta_2011-2014.xls
A/ISTANBUL/1946182/2016	A/Istanbul/1946182/2016	EPI_ISL_226087	2016-03-03	Asia / Turkey	Human	gisaid_meta_2015-2016.xls
A/ITALY/FVG/29/2014	A/Italy/FVG/29/2014	EPI_ISL_170357	2014	Europe / Italy	Human	gisaid_meta_2011-2014.xls
A/ITALY/FVG/31/2014	A/Italy/FVG/31/2014	EPI_ISL_170639	2014-12-12	Europe / Italy	Human	gisaid_meta_2011-2014.xls
A/IZMIR/1020/2016	A/Izmir/1020/2016	EPI_ISL_232846	2016-02-02	Asia / Turkey	Human	gisaid_meta_2015-2016.xls
A/IZMIR/1089/2016	A/Izmir/1089/2016	EPI_ISL_232847	2016-02-05	Asia / Turkey	Human	gisaid_meta_2015-2016.xls
A/IZMIR/3575/2016	A/Izmir/3575/2016	EPI_ISL_232849	2016-02-13	Asia / Turkey	Human	gisaid_meta_2015-2016.xls
A/IZMIR/6/2018	A/Izmir/6/2018	EPI_ISL_337167	2018-12-21	Asia / Turkey	Human	gisaid_meta_2018.xls
A/JIANGSUQINGPU/1660/2015	A/Jiangsu-Qingpu/1660/2015	EPI_ISL_13046467	2015-04-29	Asia / China	Human	gisaid_meta_2015-2016.xls
A/JIANGSUQINGPU/1660/2015	A/Jiangsu-Qingpu/1660/2015	EPI_ISL_201694	2015-04-29	Asia / China	Human	gisaid_meta_2015-2016.xls
A/JIANGSUQINGPU/1660/2015	A/Jiangsu-Qingpu/1660/2015	EPI_ISL_207120	2015-04-29	Asia / China	Human	gisaid_meta_2015-2016.xls
A/JIANGXIDONGHU/11101/2014	A/Jiangxi-Donghu/11101/2014	EPI_ISL_168374	2014-06-11	Asia / China	Human	gisaid_meta_2011-2014.xls
A/JIANGXIDONGHU/11101/2014	A/JiangxiDonghu/11101/2014	EPI_ISL_260968	2014-12-31	Asia / China	Human	gisaid_meta_2011-2014.xls
A/JIANGXIDONGHU/1218/2015	A/Jiangxi-Donghu/1218/2015	EPI_ISL_178026	2015-02-11	Asia / China / Jiangxi	Human	gisaid_meta_2015-2016.xls
A/JIANGXIDONGHU/1218/2015	A/Jiangxi-Donghu/1218/2015	EPI_ISL_201707	2015-02-11	Asia / China	Human	gisaid_meta_2015-2016.xls
A/JIANGXIDONGHU/1218/2015	A/Jiangxi-Donghu/1218/2015	EPI_ISL_202845	2015-02-11	Asia / China	Human	gisaid_meta_2015-2016.xls
A/JIANGXIDONGHU/1218/2015	A/Jiangxi-Donghu/1218/2015	EPI_ISL_203566	2015-02-11	Asia / China	Human	gisaid_meta_2015-2016.xls
A/JIANGXIDONGHU/1218/2015	A/JiangxiDonghu/1218/2015	EPI_ISL_260984	2015-12-31	Asia / China	Human	gisaid_meta_2015-2016.xls
A/JILINYANJI/1179/2015	A/Jilin-Yanji/1179/2015	EPI_ISL_201695	2015-03-03	Asia / China	Human	gisaid_meta_2015-2016.xls
A/JILINYANJI/1179/2015	A/Jilin-Yanji/1179/2015	EPI_ISL_202847	2015-03-03	Asia / China	Human	gisaid_meta_2015-2016.xls
A/JOHANNESBURG/66/2007	A/Johannesburg/66/2007	EPI_ISL_356948	2007-07-03	Africa / South Africa / Province of the Western Cape / Cape Town	Human	gisaid_meta_2010.xls
A/JOHANNESBURG/7/1998	A/Johannesburg/7/1998	EPI_ISL_3492411	1998-05-06	Africa / South Africa / ?Gauteng	Human	gisaid_meta_2010.xls
A/JOHANNESBURG/72/1999	A/Johannesburg/72/1999	EPI_ISL_3663378	1999-06-18	Africa / South Africa / Gauteng / Johannesburg	Human	gisaid_meta_2010.xls
A/JOHANNESBURG/74/2007	A/Johannesburg/74/2007	EPI_ISL_356950	2007-07-09	Africa / South Africa / Guanteng	Human	gisaid_meta_2010.xls
A/JORDAN/20110030655/2011	A/Jordan/20110030655/2011	EPI_ISL_107865	2011-10-31	Asia / Jordan	Human	gisaid_meta_2011-2014.xls
A/JORDAN/20110030687/2011	A/Jordan/20110030687/2011	EPI_ISL_107866	2011-11-22	Asia / Jordan	Human	gisaid_meta_2011-2014.xls
A/JORDAN/20110030706/2011	A/Jordan/20110030706/2011	EPI_ISL_107867	2011-12-03	Asia / Jordan	Human	gisaid_meta_2011-2014.xls
A/JORDAN/20110030732/2011	A/Jordan/20110030732/2011	EPI_ISL_107868	2011-12-08	Asia / Jordan	Human	gisaid_meta_2011-2014.xls
A/JORDAN/20110030749/2011	A/Jordan/20110030749/2011	EPI_ISL_107869	2011-12-11	Asia / Jordan	Human	gisaid_meta_2011-2014.xls
A/JORDAN/20110030780/2011	A/Jordan/20110030780/2011	EPI_ISL_107870	2011-12-21	Asia / Jordan	Human	gisaid_meta_2011-2014.xls
A/JORDAN/20157/2017	A/Jordan/20157/2017	EPI_ISL_274550	2017-04-22	Asia / Jordan	Human	gisaid_meta_2017.xls
A/JORDAN/20160020743/2016	A/Jordan/20160020743/2016	EPI_ISL_273154	2016-12-28	Asia / Jordan	Human	gisaid_meta_2015-2016.xls
A/JORDAN/20170020054/2017	A/Jordan/20170020054/2017	EPI_ISL_273160	2017-01-03	Asia / Jordan	Human	gisaid_meta_2017.xls
A/JORDAN/20170020076/2017	A/Jordan/20170020076/2017	EPI_ISL_273161	2017-01-12	Asia / Jordan	Human	gisaid_meta_2017.xls
A/JORDAN/30076/2019	A/Jordan/30076/2019	EPI_ISL_387052	2019-03-02	Asia / Jordan	Human	gisaid_meta_2019.xls
A/JORDAN/30076/2019	A/Jordan/30076/2019	EPI_ISL_388718	2019-03-02	Asia / Jordan	Human	gisaid_meta_2019.xls
A/JORDAN/30121/2019	A/Jordan/30121/2019	EPI_ISL_367785	2019-04-17	Asia / Jordan	Human	gisaid_meta_2019.xls
A/JORDAN/30121/2019	A/Jordan/30121/2019	EPI_ISL_387053	2019-04-17	Asia / Jordan	Human	gisaid_meta_2019.xls
A/JORDAN/30226/2015	A/Jordan/30226/2015	EPI_ISL_201648	2015-04-14	Asia / Jordan	Human	gisaid_meta_2015-2016.xls
A/JORDAN/30483/2014	A/Jordan/30483/2014	EPI_ISL_172381	2014-12-23	Asia / Jordan	Human	gisaid_meta_2011-2014.xls
A/JORDAN/4470/2016	A/Jordan/4470/2016	EPI_ISL_223668	2016-03-27	Asia / Jordan	Human	gisaid_meta_2015-2016.xls
A/JORDAN/IIIJ15447001NT/2016	A/Jordan/IIIj-15-4470-01NT/2016	EPI_ISL_237622	2016-03-27	Asia / Jordan	Human	gisaid_meta_2015-2016.xls
A/JORDAN/J164294/2017	A/Jordan/J-16-4294/2017	EPI_ISL_274551	2017-01-04	Asia / Jordan	Human	gisaid_meta_2017.xls
A/KALAMATAGR/540/2017	A/Kalamata GR/540/2017	EPI_ISL_253116	2017-01-19	Europe / Greece	Human	gisaid_meta_2017.xls
A/KALAMATAGR/540/2017	A/Kalamata GR/540/2017	EPI_ISL_289023	2017-01-19	Europe / Greece	Human	gisaid_meta_2017.xls
A/KALININGRAD/20/2006	A/KALININGRAD/20/2006	EPI_ISL_17695	2006-02-28	Europe / Russian Federation / Kaliningrad Oblast	Human	gisaid_meta_2010.xls
A/KALININGRAD/4/2015	A/Kaliningrad/4/2015	EPI_ISL_191775	2015-01-23	Europe / Russian Federation	Human	gisaid_meta_2015-2016.xls
A/KALININGRAD/41/2018	A/Kaliningrad/41/2018	EPI_ISL_315748	2018-03-14	Europe / Russian Federation	Human	gisaid_meta_2018.xls
A/KANAGAWA/AC1624/2017	A/KANAGAWA/AC1624/2017	EPI_ISL_248931	2017-01-23	Asia / Japan	Human	gisaid_meta_2017.xls
A/KANAGAWA/IC1618/2017	A/KANAGAWA/IC1618/2017	EPI_ISL_248928	2017-01-20	Asia / Japan	Human	gisaid_meta_2017.xls
A/KANAGAWA/IC1618/2017	A/Kanagawa/IC1618/2017	EPI_ISL_330955	2018	Asia / Japan	Human	gisaid_meta_2018.xls
A/KANAGAWA/IC1618/2017	A/Kanagawa/IC1618/2017	EPI_ISL_331214	2017-01-20	Asia / Japan	Human	gisaid_meta_2017.xls
A/KANAGAWA/ZC1617/2017	A/KANAGAWA/ZC1617/2017	EPI_ISL_257930	2017-02-23	Asia / Japan	Human	gisaid_meta_2017.xls
A/KANAGAWA/ZC1617/2017	A/KANAGAWA/ZC1617/2017	EPI_ISL_279062	2017-02-23	Asia / Japan	Human	gisaid_meta_2017.xls
A/KANAGAWA/ZC1617/2017	A/Kanagawa/ZC1617/2017	EPI_ISL_292540	2017-02-23	Asia / Japan	Human	gisaid_meta_2017.xls
A/KANAGAWA/ZC1617/2017	A/Kanagawa/ZC1617/2017	EPI_ISL_292542	2017-02-23	Asia / Japan	Human	gisaid_meta_2017.xls
A/KANAGAWA/ZC1617/2017	A/Kanagawa/ZC1617/2017	EPI_ISL_305340	2017-02-23	Asia / Japan	Human	gisaid_meta_2017.xls
A/KANSAS/14/2017	A/Kansas/14/2017	EPI_ISL_17668126	2017-12-31	North America / United States	Human	gisaid_meta_2017.xls
A/KANSAS/14/2017	A/Kansas/14/2017	EPI_ISL_20080394	2017	North America / United States	Human	gisaid_meta_2017.xls
A/KANSAS/14/2017	A/Kansas/14/2017	EPI_ISL_2454700	2017	North America / United States	Human	gisaid_meta_2017.xls
A/KANSAS/14/2017	A/Kansas/14/2017	EPI_ISL_292575	2017-12-14	North America / United States / Kansas	Human	gisaid_meta_2017.xls
A/KANSAS/14/2017	A/Kansas/14/2017	EPI_ISL_298310	2017-12-14	North America / United States / Kansas	Human	gisaid_meta_2017.xls
A/KANSAS/14/2017	A/Kansas/14/2017	EPI_ISL_312833	2017-12-14	North America / United States / Kansas	Human	gisaid_meta_2017.xls
A/KANSAS/14/2017	A/Kansas/14/2017	EPI_ISL_316455	2017-12-14	North America / United States / Kansas	Human	gisaid_meta_2017.xls
A/KANSAS/14/2017	A/Kansas/14/2017	EPI_ISL_321309	2017-12-14	North America / United States / Kansas	Human	gisaid_meta_2017.xls
A/KANSAS/14/2017	A/Kansas/14/2017	EPI_ISL_331213	2017-12-14	North America / United States / Kansas	Human	gisaid_meta_2017.xls
A/KANSAS/14/2017	A/Kansas/14/2017	EPI_ISL_367352	2017-12-14	Asia / China	Human	gisaid_meta_2017.xls
A/KANSAS/14/2017	A/Kansas/14/2017	EPI_ISL_403059	2017-12-14	North America / United States / Kansas	Human	gisaid_meta_2017.xls
A/KANSAS/14/2017	A/Kansas/14/2017	EPI_ISL_410604	2017-12-14	Asia / China	Human	gisaid_meta_2017.xls
A/KANSAS/14/2017	A/Kansas/14/2017	EPI_ISL_410605	2017-12-14	Asia / China	Human	gisaid_meta_2017.xls
A/KAWASAKI/262/2004	A/KAWASAKI/262/2004	EPI_ISL_17210	2004-01-15	Asia / Japan / Kawasaki-cho	Human	gisaid_meta_2010.xls
A/KAZAKHSTAN/2053/2011	A/Kazakhstan/2053/2011	EPI_ISL_99886	2011-01-14	Asia / Kazakhstan	Human	gisaid_meta_2011-2014.xls
A/KAZAKHSTAN/2140/2011	A/Kazakhstan/2140/2011	EPI_ISL_99884	2011-02-24	Asia / Kazakhstan	Human	gisaid_meta_2011-2014.xls
A/KAZAKHSTAN/2295/2011	A/Kazakhstan/2295/2011	EPI_ISL_99885	2011-02-18	Asia / Kazakhstan	Human	gisaid_meta_2011-2014.xls
A/KAZAKHSTAN/3281/2013	A/Kazakhstan/3281/2013	EPI_ISL_154753	2013-12-18	Asia / Kazakhstan	Human	gisaid_meta_2011-2014.xls
A/KAZAKHSTAN/3291/2013	A/Kazakhstan/3291/2013	EPI_ISL_154754	2013-11-12	Asia / Kazakhstan	Human	gisaid_meta_2011-2014.xls
A/KAZAKHSTAN/3318/2013	A/Kazakhstan/3318/2013	EPI_ISL_154755	2013-12-23	Asia / Kazakhstan	Human	gisaid_meta_2011-2014.xls
A/KAZAKHSTAN/3319/2013	A/Kazakhstan/3319/2013	EPI_ISL_154756	2013-12-23	Asia / Kazakhstan	Human	gisaid_meta_2011-2014.xls
A/KAZAKHSTAN/3370/2013	A/Kazakhstan/3370/2013	EPI_ISL_155900	2013-12-24	Asia / Kazakhstan	Human	gisaid_meta_2011-2014.xls
A/KAZAKHSTAN/3371/2013	A/Kazakhstan/3371/2013	EPI_ISL_154757	2013-12-15	Asia / Kazakhstan	Human	gisaid_meta_2011-2014.xls
A/KAZAKHSTAN/3371/2013	A/Kazakhstan/3371/2013	EPI_ISL_158845	2013-12-15	Asia / Kazakhstan	Human	gisaid_meta_2011-2014.xls
A/KAZAKHSTAN/3372/2013	A/Kazakhstan/3372/2013	EPI_ISL_154758	2013-12	Asia / Kazakhstan	Human	gisaid_meta_2011-2014.xls
A/KAZAKHSTAN/3782/2014	A/Kazakhstan/3782/2014	EPI_ISL_179353	2014-12-09	Asia / Kazakhstan	Human	gisaid_meta_2011-2014.xls
A/KAZAKHSTAN/3784/2014	A/Kazakhstan/3784/2014	EPI_ISL_179354	2014-11-25	Asia / Kazakhstan	Human	gisaid_meta_2011-2014.xls
A/KAZAKHSTAN/3791/2014	A/Kazakhstan/3791/2014	EPI_ISL_179355	2014-12-24	Asia / Kazakhstan	Human	gisaid_meta_2011-2014.xls
A/KAZAKHSTAN/4766/2016	A/Kazakhstan/4766/2016	EPI_ISL_226090	2016-02-29	Asia / Kazakhstan	Human	gisaid_meta_2015-2016.xls
A/KHABAROVSK/1/2016	A/Khabarovsk/1/2016	EPI_ISL_248444	2016-12-06	Europe / Russian Federation	Human	gisaid_meta_2015-2016.xls
A/KHABAROVSK/10/2008	A/Khabarovsk/10/2008	EPI_ISL_23311	2008-04-21	Europe / Russian Federation / Khabarovsk Krai / Khabarovsk	Human	gisaid_meta_2010.xls
A/KHABAROVSK/12/2015	A/Khabarovsk/12/2015	EPI_ISL_191776	2015-01-19	Europe / Russian Federation	Human	gisaid_meta_2015-2016.xls
A/KHABAROVSK/13/2003	A/KHABAROVSK/13/2003	EPI_ISL_17050	2003-11-23	Europe / Russian Federation / Khabarovsk Krai / Khabarovsk	Human	gisaid_meta_2010.xls
A/KHABAROVSK/3/2015	A/Khabarovsk/3/2015	EPI_ISL_191777	2015-01-16	Europe / Russian Federation	Human	gisaid_meta_2015-2016.xls
A/KHABAROVSK/41/2008	A/Khabarovsk/41/2008	EPI_ISL_23312	2008-04-21	Europe / Russian Federation / Khabarovsk Krai / Khabarovsk	Human	gisaid_meta_2010.xls
A/KHABAROVSK/470/2007	A/Khabarovsk/470/2007	EPI_ISL_20438	2007-04-02	Europe / Russian Federation / Khabarovsk Krai / Khabarovsk	Human	gisaid_meta_2010.xls
A/KHABAROVSK/9/2005	A/KHABAROVSK/9/2005	EPI_ISL_17450	2005-01-27	Europe / Russian Federation / Khabarovsk Krai / Khabarovsk	Human	gisaid_meta_2010.xls
A/KHARKIV/444/2018	A/Kharkiv/444/2018	EPI_ISL_347696	2018-11-23	Europe / Ukraine	Human	gisaid_meta_2018.xls
A/KHARKIV/446/2018	A/Kharkiv/446/2018	EPI_ISL_347695	2018-11-23	Europe / Ukraine	Human	gisaid_meta_2018.xls
A/KHMELNITSKY/138/2017	A/Khmelnitsky/138/2017	EPI_ISL_273251	2017-01-02	Europe / Ukraine	Human	gisaid_meta_2017.xls
A/KHMELNITSKY/143/2017	A/Khmelnitsky/143/2017	EPI_ISL_273253	2017-01-06	Europe / Ukraine	Human	gisaid_meta_2017.xls
A/KHMELNITSKY/145/2017	A/Khmelnitsky/145/2017	EPI_ISL_273254	2017-01-06	Europe / Ukraine	Human	gisaid_meta_2017.xls
A/KHMELNITSKY/147/2017	A/Khmelnitsky/147/2017	EPI_ISL_273255	2017-01-11	Europe / Ukraine	Human	gisaid_meta_2017.xls
A/KHMELNITSKY/148/2017	A/Khmelnitsky/148/2017	EPI_ISL_273256	2017-01-12	Europe / Ukraine	Human	gisaid_meta_2017.xls
A/KHMELNITSKY/150/2017	A/Khmelnitsky/150/2017	EPI_ISL_273257	2017-01-26	Europe / Ukraine	Human	gisaid_meta_2017.xls
A/KHMELNITSKY/1958/2016	A/Khmelnitsky/1958/2016	EPI_ISL_264069	2016-12-05	Europe / Ukraine	Human	gisaid_meta_2015-2016.xls
A/KHMELNITSKY/1981/2016	A/Khmelnitsky/1981/2016	EPI_ISL_264070	2016-12-05	Europe / Ukraine	Human	gisaid_meta_2015-2016.xls
A/KHMELNITSKY/1990/2016	A/Khmelnitsky/1990/2016	EPI_ISL_264071	2016-12-02	Europe / Ukraine	Human	gisaid_meta_2015-2016.xls
A/KHMELNITSKY/2245/2016	A/Khmelnitsky/2245/2016	EPI_ISL_248840	2016-12-16	Europe / Ukraine	Human	gisaid_meta_2015-2016.xls
A/KHMELNITSKY/2479/2016	A/Khmelnitsky/2479/2016	EPI_ISL_248842	2016-12-21	Europe / Ukraine	Human	gisaid_meta_2015-2016.xls
A/KHMELNITSKY/466/2015	A/Khmelnitsky/466/2015	EPI_ISL_190916	2015-03-26	Europe / Ukraine	Human	gisaid_meta_2015-2016.xls
A/KHMELNITSKY/467/2015	A/Khmelnitsky/467/2015	EPI_ISL_190917	2015-03-27	Europe / Ukraine	Human	gisaid_meta_2015-2016.xls
A/KHMELNYTSKYI/145/2019	A/Khmelnytskyi/145/2019	EPI_ISL_364792	2019-02-27	Europe / Ukraine	Human	gisaid_meta_2019.xls
A/KHMELNYTSKYI/148/2019	A/Khmelnytskyi/148/2019	EPI_ISL_364793	2019-02-16	Europe / Ukraine	Human	gisaid_meta_2019.xls
A/KHMELNYTSKYI/149/2019	A/Khmelnytskyi/149/2019	EPI_ISL_364794	2019-02-15	Europe / Ukraine	Human	gisaid_meta_2019.xls
A/KHMELNYTSKYI/155/2019	A/Khmelnytskyi/155/2019	EPI_ISL_364795	2019-02-01	Europe / Ukraine	Human	gisaid_meta_2019.xls
A/KHMELNYTSKYI/544/2018	A/Khmelnytskyi/544/2018	EPI_ISL_347701	2018-12-06	Europe / Ukraine	Human	gisaid_meta_2018.xls
A/KHMELNYTSKYI/545/2018	A/Khmelnytskyi/545/2018	EPI_ISL_347714	2018-12-08	Europe / Ukraine	Human	gisaid_meta_2018.xls
A/KHMELNYTSKYI/547/2018	A/Khmelnytskyi/547/2018	EPI_ISL_347713	2018-12-16	Europe / Ukraine	Human	gisaid_meta_2018.xls
A/KITAKYUSHU/2/2004	A/KITAKYUSHU/2/2004	EPI_ISL_17211	2004-01-19	Asia / Japan / Fukuoka / Kitakyushu	Human	gisaid_meta_2010.xls
A/KITAKYUSHU/2/2004	A/KITAKYUSHU/2/2004	EPI_ISL_186548	2004-01-19	Asia / Japan / Fukuoka	Human	gisaid_meta_2010.xls
A/KOBE/241/2011	A/KOBE/241/2011	EPI_ISL_100523	2011-10-21	Asia / Japan	Human	gisaid_meta_2011-2014.xls
A/KOBE/241/2011	A/KOBE/241/2011	EPI_ISL_103619	2011-10-21	Asia / Japan	Human	gisaid_meta_2011-2014.xls
A/KOMARNO/58/2018	A/Komarno/58/2018	EPI_ISL_377319	2018-12-28	Europe / Slovakia	Human	gisaid_meta_2018.xls
A/KOMARNO/618/2015	A/Komarno/618/2015	EPI_ISL_191778	2015-02-25	Europe / Slovakia	Human	gisaid_meta_2015-2016.xls
A/KOMARNO/93/2016	A/Komarno/93/2016	EPI_ISL_275502	2016-12-20	Europe / Slovakia	Human	gisaid_meta_2015-2016.xls
A/KOSICE/128/2015	A/Kosice/128/2015	EPI_ISL_191779	2015-01-15	Europe / Slovakia	Human	gisaid_meta_2015-2016.xls
A/KOSOVO/1130/2019	A/Kosovo/1130/2019	EPI_ISL_363089	2019-03-29	Europe / Kosovo	Human	gisaid_meta_2019.xls
A/KOSOVO/1188/2019	A/Kosovo/1188/2019	EPI_ISL_377321	2019-04-08	Europe / Kosovo	Human	gisaid_meta_2019.xls
A/KRASNOYARSK/RII07/2017	A/Krasnoyarsk/RII07/2017	EPI_ISL_274562	2017-02-15	Europe / Russian Federation	Human	gisaid_meta_2017.xls
A/KUMAMOTOC/36/2011	A/KUMAMOTO-C/36/2011	EPI_ISL_94351	2011-04-15	Asia / Japan	Human	gisaid_meta_2011-2014.xls
A/KURGAN/24/2016	A/Kurgan/24/2016	EPI_ISL_256070	2016	Europe / Russian Federation	Human	gisaid_meta_2015-2016.xls
A/KURGAN/24/2016	A/Kurgan/24/2016	EPI_ISL_256807	2016-12-30	Europe / Russian Federation / Kurgan Oblast	Human	gisaid_meta_2015-2016.xls
A/KUTAHYA/3503/2016	A/Kutahya/3503/2016	EPI_ISL_232852	2016-02-12	Asia / Turkey	Human	gisaid_meta_2015-2016.xls
A/KYIV/463/2018	A/Kyiv/463/2018	EPI_ISL_347693	2018-11-30	Europe / Ukraine	Human	gisaid_meta_2018.xls
A/KYIV/487/2018	A/Kyiv/487/2018	EPI_ISL_347702	2018-12-10	Europe / Ukraine	Human	gisaid_meta_2018.xls
A/KYIV/491/2018	A/Kyiv/491/2018	EPI_ISL_347715	2018-12-13	Europe / Ukraine	Human	gisaid_meta_2018.xls
A/KYIV/493/2018	A/Kyiv/493/2018	EPI_ISL_347722	2018-12-14	Europe / Ukraine	Human	gisaid_meta_2018.xls
A/KYIV/510/2018	A/Kyiv/510/2018	EPI_ISL_347697	2018-12-17	Europe / Ukraine	Human	gisaid_meta_2018.xls
A/KYIV/532/2018	A/Kyiv/532/2018	EPI_ISL_341980	2018-12-24	Europe / Ukraine	Human	gisaid_meta_2018.xls
A/KYIV/84/2017	A/Kyiv/84/2017	EPI_ISL_273259	2017-01-22	Europe / Ukraine	Human	gisaid_meta_2017.xls
A/KYIV/920/2016	A/Kyiv/920/2016	EPI_ISL_264073	2016-12-06	Europe / Ukraine	Human	gisaid_meta_2015-2016.xls
A/KYIV/923/2016	A/Kyiv/923/2016	EPI_ISL_264074	2016-12-08	Europe / Ukraine	Human	gisaid_meta_2015-2016.xls
A/KYIV/926/2016	A/Kyiv/926/2016	EPI_ISL_264075	2016-12-10	Europe / Ukraine	Human	gisaid_meta_2015-2016.xls
A/KYRGYZSTAN/11/2017	A/Kyrgyzstan/11/2017	EPI_ISL_248847	2016-11-30	Asia / Kyrgyzstan	Human	gisaid_meta_2015-2016.xls
A/KYRGYZSTAN/15/2017	A/Kyrgyzstan/15/2017	EPI_ISL_248849	2016-11-28	Asia / Kyrgyzstan	Human	gisaid_meta_2015-2016.xls
A/KYRGYZSTAN/166/2019	A/Kyrgyzstan/166/2019	EPI_ISL_426223	2019-12-16	Asia / Kyrgyzstan	Human	gisaid_meta_2019.xls
A/KYRGYZSTAN/168/2019	A/Kyrgyzstan/168/2019	EPI_ISL_426224	2019-12-16	Asia / Kyrgyzstan	Human	gisaid_meta_2019.xls
A/KYRGYZSTAN/21/2016	A/Kyrgyzstan/21/2016	EPI_ISL_248850	2016-11-29	Asia / Kyrgyzstan	Human	gisaid_meta_2015-2016.xls
A/KYRGYZSTAN/28/2016	A/Kyrgyzstan/28/2016	EPI_ISL_259564	2016-11-14	Asia / Kyrgyzstan	Human	gisaid_meta_2015-2016.xls
A/KYRGYZSTAN/29/2016	A/Kyrgyzstan/29/2016	EPI_ISL_259565	2016-11-14	Asia / Kyrgyzstan	Human	gisaid_meta_2015-2016.xls
A/KYRGYZSTAN/305/2019	A/Kyrgyzstan/305/2019	EPI_ISL_426225	2019-12-16	Asia / Kyrgyzstan	Human	gisaid_meta_2019.xls
A/KYRGYZSTANBISHKEK/63/2020	A/Kyrgyzstan Bishkek/63/2020	EPI_ISL_477556	2020-02-03	Asia / Kyrgyzstan	Human	gisaid_meta_2020-21.xls
A/KYRGYZSTANBISHKEK/63/2020	A/Kyrgyzstan Bishkek/63/2020	EPI_ISL_486720	2020-02-03	Asia / Kyrgyzstan	Human	gisaid_meta_2020-21.xls
A/KYRGYZSTANBISHKEK/65/2020	A/Kyrgyzstan Bishkek/65/2020	EPI_ISL_477557	2020-02-02	Asia / Kyrgyzstan	Human	gisaid_meta_2020-21.xls
A/KYRGYZSTANBISHKEK/65/2020	A/Kyrgyzstan Bishkek/65/2020	EPI_ISL_486721	2020-02-02	Asia / Kyrgyzstan	Human	gisaid_meta_2020-21.xls
A/LA REUNION/1523/2011	A/La Reunion/1523/2011	EPI_ISL_94713	2011-05-23	Europe / France	Human	gisaid_meta_2011-2014.xls
A/LA REUNION/1552/2011	A/La Reunion/1552/2011	EPI_ISL_94714	2011-06-08	Europe / France	Human	gisaid_meta_2011-2014.xls
A/LA REUNION/1967/2018	A/La Reunion/1967/2018	EPI_ISL_337907	2018-09-15	Europe / France	Human	gisaid_meta_2018.xls
A/LA REUNION/1970/2018	A/La Reunion/1970/2018	EPI_ISL_337908	2018-09-11	Europe / France	Human	gisaid_meta_2018.xls
A/LA RIOJA/2050/2014	A/LaRioja/2050/2014	EPI_ISL_169245	2014-11-15	Europe / Spain / La Rioja	Human	gisaid_meta_2011-2014.xls
A/LA RIOJA/2051/2014	A/LaRioja/2051/2014	EPI_ISL_169246	2014-10-29	Europe / Spain / La Rioja	Human	gisaid_meta_2011-2014.xls
A/LA RIOJA/2051/2014	A/La Rioja/2051/2014	EPI_ISL_170302	2014-10-29	Europe / Spain	Human	gisaid_meta_2011-2014.xls
A/LA RIOJA/2052/2014	A/LaRioja/2052/2014	EPI_ISL_169247	2014-10-22	Europe / Spain / La Rioja	Human	gisaid_meta_2011-2014.xls
A/LA RIOJA/2052/2014	A/La Rioja/2052/2014	EPI_ISL_170303	2014-10-22	Europe / Spain	Human	gisaid_meta_2011-2014.xls
A/LA RIOJA/2053/2014	A/LaRioja/2053/2014	EPI_ISL_169248	2014-10-08	Europe / Spain / La Rioja	Human	gisaid_meta_2011-2014.xls
A/LA RIOJA/2053/2014	A/La Rioja/2053/2014	EPI_ISL_170304	2014-10-08	Europe / Spain	Human	gisaid_meta_2011-2014.xls
A/LA RIOJA/2189/2018	A/LaRioja/2189/2018	EPI_ISL_312336	2018-03-20	Europe / Spain / La Rioja	Human	gisaid_meta_2018.xls
A/LA RIOJA/2189/2018	A/LaRioja/2189/2018	EPI_ISL_314920	2018-03-20	Europe / Spain	Human	gisaid_meta_2018.xls
A/LA RIOJA/2190/2018	A/LaRioja/2190/2018	EPI_ISL_312337	2018-03-23	Europe / Spain / La Rioja	Human	gisaid_meta_2018.xls
A/LA RIOJA/2190/2018	A/LaRioja/2190/2018	EPI_ISL_314921	2018-03-23	Europe / Spain	Human	gisaid_meta_2018.xls
A/LA RIOJA/2192/2018	A/LaRioja/2192/2018	EPI_ISL_312339	2018-03-08	Europe / Spain / La Rioja	Human	gisaid_meta_2018.xls
A/LA RIOJA/2192/2018	A/LaRioja/2192/2018	EPI_ISL_314923	2018-03-08	Europe / Spain	Human	gisaid_meta_2018.xls
A/LA RIOJA/2197/2018	A/LaRioja/2197/2018	EPI_ISL_312343	2018-03-08	Europe / Spain / La Rioja	Human	gisaid_meta_2018.xls
A/LA RIOJA/2197/2018	A/LaRioja/2197/2018	EPI_ISL_314924	2018-03-08	Europe / Spain	Human	gisaid_meta_2018.xls
A/LA RIOJA/2202/2018	A/LaRioja/2202/2018	EPI_ISL_312347	2018-04-02	Europe / Spain / La Rioja	Human	gisaid_meta_2018.xls
A/LA RIOJA/2202/2018	A/LaRioja/2202/2018	EPI_ISL_314925	2018-04-02	Europe / Spain	Human	gisaid_meta_2018.xls
A/LA RIOJA/2206/2018	A/LaRioja/2206/2018	EPI_ISL_312351	2018-03-19	Europe / Spain / La Rioja	Human	gisaid_meta_2018.xls
A/LA RIOJA/2206/2018	A/LaRioja/2206/2018	EPI_ISL_314928	2018-03-19	Europe / Spain	Human	gisaid_meta_2018.xls
A/LA RIOJA/RR3415/2008	A/LaRioja/RR3415/2008	EPI_ISL_32844	2008	Europe / Spain	Human	gisaid_meta_2010.xls
A/LAMIAGR/79/2014	A/Lamia.GR/79/2014	EPI_ISL_159632	2014-01-15	Europe / Greece	Human	gisaid_meta_2011-2014.xls
A/LAMIAGR/79/2014	A/Lamia.GR/79/2014	EPI_ISL_220378	2014-01-16	Europe / Greece / Phthiotis	Human	gisaid_meta_2011-2014.xls
A/LAOS/F2884/2016	A/Laos/F2884/2016	EPI_ISL_239612	2016-09-19	Asia / Lao, People's Democratic Republic	Human	gisaid_meta_2015-2016.xls
A/LAOS/F2884/2016	A/Laos/F2884/2016	EPI_ISL_259130	2016-09-19	Asia / Lao, People's Democratic Republic	Human	gisaid_meta_2015-2016.xls
A/LAOS/F2884/2016	A/Laos/F2884/2016	EPI_ISL_264438	2016-09-19	Asia / Lao, People's Democratic Republic	Human	gisaid_meta_2015-2016.xls
A/LAROCHELLE/85/2019	A/La Rochelle/85/2019	EPI_ISL_355056	2019-01-05	Europe / France	Human	gisaid_meta_2019.xls
A/LATVIA/11002559/2017	A/Latvia/11-002559/2017	EPI_ISL_292907	2017-11-01	Europe / Latvia	Human	gisaid_meta_2017.xls
A/LATVIA/11019324/2018	A/Latvia/11-019324/2018	EPI_ISL_336095	2018-11-07	Europe / Latvia	Human	gisaid_meta_2018.xls
A/LATVIA/11028714/2019	A/Latvia/11-028714/2019	EPI_ISL_406313	2019-11-12	Europe / Latvia	Human	gisaid_meta_2019.xls
A/LATVIA/11032248/2019	A/Latvia/11-032248/2019	EPI_ISL_406314	2019-11-12	Europe / Latvia	Human	gisaid_meta_2019.xls
A/LATVIA/11068832/2019	A/Latvia/11-068832/2019	EPI_ISL_406315	2019-11-26	Europe / Latvia	Human	gisaid_meta_2019.xls
A/LATVIA/11072125/2016	A/Latvia/11-072125/2016	EPI_ISL_257383	2016-11-28	Europe / Latvia	Human	gisaid_meta_2015-2016.xls
A/LATVIA/12005233/2018	A/Latvia/12-005233/2018	EPI_ISL_336097	2018-12-03	Europe / Latvia	Human	gisaid_meta_2018.xls
A/LATVIA/12019591/2013	A/Latvia/12019591/2013	EPI_ISL_154032	2013-12-10	Europe / Latvia	Human	gisaid_meta_2011-2014.xls
A/LATVIA/12020474/2016	A/Latvia/12-020474/2016	EPI_ISL_257384	2016-12-08	Europe / Latvia	Human	gisaid_meta_2015-2016.xls
A/LATVIA/12030846/2014	A/Latvia/12-030846/2014	EPI_ISL_172382	2014-12-10	Europe / Latvia	Human	gisaid_meta_2011-2014.xls
A/LATVIA/12051160/2014	A/Latvia/12-051160/2014	EPI_ISL_171749	2014-12-19	Europe / Latvia	Human	gisaid_meta_2011-2014.xls
A/LATVIA/12064825/2016	A/Latvia/12-064825/2016	EPI_ISL_248855	2016-12-27	Europe / Latvia	Human	gisaid_meta_2015-2016.xls
A/LATVIA/12066660/2014	A/Latvia/12-066660/2014	EPI_ISL_171751	2014-12-28	Europe / Latvia	Human	gisaid_meta_2011-2014.xls
A/LATVIA/1247890P/2011	A/Latvia/12-47890p/2011	EPI_ISL_107873	2011-12-28	Europe / Latvia	Human	gisaid_meta_2011-2014.xls
A/LATVIA/130021/2013	A/Latvia/1-30021/2013	EPI_ISL_136385	2013-01-01	Europe / Latvia	Human	gisaid_meta_2011-2014.xls
A/LATVIA/132593/2013	A/Latvia/1-32593/2013	EPI_ISL_136386	2013-01-06	Europe / Latvia	Human	gisaid_meta_2011-2014.xls
A/LATVIA/134462P/2012	A/Latvia/1-34462p/2012	EPI_ISL_107874	2012-01-09	Europe / Latvia	Human	gisaid_meta_2011-2014.xls
A/LATVIA/134610/2012	A/Latvia/1-34610/2012	EPI_ISL_107875	2012-01-09	Europe / Latvia	Human	gisaid_meta_2011-2014.xls
A/LATVIA/135583/2012	A/Latvia/1-35583/2012	EPI_ISL_107876	2012-01-10	Europe / Latvia	Human	gisaid_meta_2011-2014.xls
A/LATVIA/135583/2012	A/Latvia/1-35583/2012	EPI_ISL_122864	2012-01-10	Europe / Latvia / Riga	Human	gisaid_meta_2011-2014.xls
A/LATVIA/137023/2013	A/Latvia/1-37023/2013	EPI_ISL_136387	2013-01-13	Europe / Latvia	Human	gisaid_meta_2011-2014.xls
A/LATVIA/137528/2012	A/Latvia/1-37528/2012	EPI_ISL_107877	2012-01-13	Europe / Latvia	Human	gisaid_meta_2011-2014.xls
A/LATVIA/137528/2012	A/Latvia/1-37528/2012	EPI_ISL_122865	2012-01-13	Europe / Latvia / Riga	Human	gisaid_meta_2011-2014.xls
A/LATVIA/13794/2002	A/LATVIA/13794/2002	EPI_ISL_18189	2002-12-23	Europe / Latvia	Human	gisaid_meta_2010.xls
A/LATVIA/13794/2002	A/Latvia/13794/2002	EPI_ISL_185250	2002-12-23	Europe / Latvia	Human	gisaid_meta_2010.xls
A/LATVIA/139879P/2012	A/Latvia/1-39879p/2012	EPI_ISL_107879	2012-01-16	Europe / Latvia	Human	gisaid_meta_2011-2014.xls
A/LATVIA/1506/2003	A/LATVIA/1506/2003	EPI_ISL_18196	2003-02-10	Europe / Latvia	Human	gisaid_meta_2010.xls
A/LATVIA/1506/2003	A/Latvia/1506/2003	EPI_ISL_187634	2003-02-10	Europe / Latvia	Human	gisaid_meta_2010.xls
A/LATVIA/2754/2003	A/LATVIA/2754/2003	EPI_ISL_18198	2003-03-05	Europe / Latvia	Human	gisaid_meta_2010.xls
A/LATVIA/4742/2002	A/LATVIA/4742/2002	EPI_ISL_18202	2002	Europe / Latvia	Human	gisaid_meta_2010.xls
A/LATVIA/4742/2002	A/Latvia/4742/2002	EPI_ISL_186892	2002	Europe / Latvia	Human	gisaid_meta_2010.xls
A/LATVIA/4882/2002	A/LATVIA/4882/2002	EPI_ISL_18203	2002	Europe / Latvia	Human	gisaid_meta_2010.xls
A/LATVIA/4882/2002	A/Latvia/4882/2002	EPI_ISL_185340	2002	Europe / Latvia	Human	gisaid_meta_2010.xls
A/LEBANON/307/2019	A/Lebanon/307/2019	EPI_ISL_394011	2019-02-27	Asia / Lebanon	Human	gisaid_meta_2019.xls
A/LEBANON/307/2019	A/Lebanon/307/2019	EPI_ISL_397262	2019-02-27	Asia / Lebanon	Human	gisaid_meta_2019.xls
A/LEBANON/397/2019	A/Lebanon/397/2019	EPI_ISL_394014	2019-04-09	Asia / Lebanon	Human	gisaid_meta_2019.xls
A/LEBANON/397/2019	A/Lebanon/397/2019	EPI_ISL_397266	2019-04-09	Asia / Lebanon	Human	gisaid_meta_2019.xls
A/LEBANON/58/2018	A/Lebanon/58/2018	EPI_ISL_299048	2018-01-10	Asia / Lebanon	Human	gisaid_meta_2018.xls
A/LEBANON/58/2018	A/Lebanon/58/2018	EPI_ISL_309969	2018-01-10	Asia / Lebanon	Human	gisaid_meta_2018.xls
A/LEBANON/59/2018	A/Lebanon/59/2018	EPI_ISL_299049	2018-01-10	Asia / Lebanon	Human	gisaid_meta_2018.xls
A/LEBANON/59/2018	A/Lebanon/59/2018	EPI_ISL_309970	2018-01-10	Asia / Lebanon	Human	gisaid_meta_2018.xls
A/LEBANON/I471/2019	A/Lebanon/I 471/2019	EPI_ISL_394021	2019-03-15	Asia / Lebanon	Human	gisaid_meta_2019.xls
A/LEON/201/2015	A/Leon/201/2015	EPI_ISL_181580	2015-02-06	Europe / Spain	Human	gisaid_meta_2015-2016.xls
A/LEON/256/2014	A/Leon/256/2014	EPI_ISL_179357	2014-12-17	Europe / Spain	Human	gisaid_meta_2011-2014.xls
A/LESKOVAC/1701/2012	A/Leskovac/1701/2012	EPI_ISL_128056	2012-04-05	Europe / Serbia	Human	gisaid_meta_2011-2014.xls
A/LEVICE/133/2017	A/Levice/133/2017	EPI_ISL_275503	2017-01-04	Europe / Slovakia	Human	gisaid_meta_2017.xls
A/LEVICE/223/2014	A/Levice/223/2014	EPI_ISL_164239	2014-04-15	Europe / Slovakia	Human	gisaid_meta_2011-2014.xls
A/LEVICE/84/2015	A/Levice/84/2015	EPI_ISL_191780	2015-01-07	Europe / Slovakia	Human	gisaid_meta_2015-2016.xls
A/LIAONINGBAITA/1293/2015	A/Liaoning-Baita/1293/2015	EPI_ISL_201703	2015-05-06	Asia / China	Human	gisaid_meta_2015-2016.xls
A/LIAONINGBAITA/1293/2015	A/Liaoning-Baita/1293/2015	EPI_ISL_202844	2015-05-06	Asia / China	Human	gisaid_meta_2015-2016.xls
A/LIAONINGHEPING/1430/2014	A/Liaoning-Heping/1430/2014	EPI_ISL_169749	2014-10-12	Asia / China / Liaoning	Human	gisaid_meta_2011-2014.xls
A/LIAONINGHEPING/1430/2014	A/Liaoning-Heping/1430/2014	EPI_ISL_171346	2014-10-12	Asia / China	Human	gisaid_meta_2011-2014.xls
A/LIAONINGYINZHOU/1399/2017	A/Liaoning-Yinzhou/1399/2017	EPI_ISL_290628	2017-10-06	Asia / China / Liaoning	Human	gisaid_meta_2017.xls
A/LIAONINGYINZHOU/1399/2017	A/Liaoning-Yinzhou/1399/2017	EPI_ISL_303159	2017-10-06	Asia / China	Human	gisaid_meta_2017.xls
A/LIMOGES/2402/2003	A/LIMOGES/2402/2003	EPI_ISL_67218	2003-12-18	Europe / France	Human	gisaid_meta_2010.xls
A/LIMOGES/2402/2003	A/Limoges/2402/2003	EPI_ISL_6949613	2003	Europe / France / Region Limousin / Limoges	Human	gisaid_meta_2010.xls
A/LIMOGES/3105/2013	A/Limoges/3105/2013	EPI_ISL_154759	2013-12-30	Europe / France	Human	gisaid_meta_2011-2014.xls
A/LIMOGES/874/2002	A/LIMOGES/874/2002	EPI_ISL_186956	2002	Europe / France	Human	gisaid_meta_2010.xls
A/LIMOGES/874/2002	A/LIMOGES/874/2002	EPI_ISL_67652	2002	Europe / France	Human	gisaid_meta_2010.xls
A/LINKOPING/1/2017	A/Linkoping/1/2017	EPI_ISL_261644	2017-02-17	Europe / Sweden / Ostergotlands lan	Human	gisaid_meta_2017.xls
A/LINKOPING/1/2017	A/Linkoping/1/2017	EPI_ISL_274105	2017-02-17	Europe / Sweden	Human	gisaid_meta_2017.xls
A/LINKOPING/2/2017	A/Linkoping/2/2017	EPI_ISL_261656	2017-02-27	Europe / Sweden / Ostergotlands lan	Human	gisaid_meta_2017.xls
A/LINKOPING/2/2017	A/Linkoping/2/2017	EPI_ISL_274106	2017-02-27	Europe / Sweden	Human	gisaid_meta_2017.xls
A/LINKOPING/3/2017	A/Linkoping/3/2017	EPI_ISL_261658	2017-02-17	Europe / Sweden / Ostergotlands lan	Human	gisaid_meta_2017.xls
A/LINKOPING/3/2017	A/Linkoping/3/2017	EPI_ISL_274107	2017-02-17	Europe / Sweden	Human	gisaid_meta_2017.xls
A/LINKOPING/5/2016	A/Linkoping/5/2016	EPI_ISL_241918	2016-12-03	Europe / Sweden / Ostergotlands lan	Human	gisaid_meta_2015-2016.xls
A/LINKOPING/5/2016	A/Linkoping/5/2016	EPI_ISL_253118	2016-12-03	Europe / Sweden	Human	gisaid_meta_2015-2016.xls
A/LINKOPING/6/2017	A/Linkoping/6/2017	EPI_ISL_302171	2017-12-25	Europe / Sweden / Ostergotlands lan	Human	gisaid_meta_2017.xls
A/LINKOPING/6/2017	A/Linkoping/6/2017	EPI_ISL_314665	2017-12-25	Europe / Sweden	Human	gisaid_meta_2017.xls
A/LIPETSK/15/2004	A/LIPETSK/15/2004	EPI_ISL_17219	2004-01-17	Europe / Russian Federation / Lipetsk Oblast	Human	gisaid_meta_2010.xls
A/LISBOA/1/2014	A/Lisboa/1/2014	EPI_ISL_154760	2014-01-04	Europe / Portugal	Human	gisaid_meta_2011-2014.xls
A/LISBOA/1/2014	A/Lisboa/1/2014	EPI_ISL_155688	2014-01-04	Europe / Portugal / Distrito de Lisboa	Human	gisaid_meta_2011-2014.xls
A/LISBOA/100/2019	A/Lisboa/100/2019	EPI_ISL_367786	2019-01-28	Europe / Portugal	Human	gisaid_meta_2019.xls
A/LISBOA/12/2017	A/Lisboa/12/2017	EPI_ISL_276270	2017-01-05	Europe / Portugal	Human	gisaid_meta_2017.xls
A/LISBOA/147/2013	A/Lisboa/147/2013	EPI_ISL_154761	2013-12-15	Europe / Portugal	Human	gisaid_meta_2011-2014.xls
A/LISBOA/16/2017	A/Lisboa/16/2017	EPI_ISL_276275	2017-02-10	Europe / Portugal	Human	gisaid_meta_2017.xls
A/LISBOA/17/2017	A/Lisboa/17/2017	EPI_ISL_276276	2017-01-22	Europe / Portugal	Human	gisaid_meta_2017.xls
A/LISBOA/18/2018	A/Lisboa/18/2018	EPI_ISL_315978	2018-03-19	Europe / Portugal	Human	gisaid_meta_2018.xls
A/LISBOA/18/2018	A/Lisboa/18/2018	EPI_ISL_319996	2018-03-19	Europe / Portugal / Distrito de Lisboa	Human	gisaid_meta_2018.xls
A/LISBOA/2/2014	A/Lisboa/2/2014	EPI_ISL_154762	2014-01-06	Europe / Portugal	Human	gisaid_meta_2011-2014.xls
A/LISBOA/2/2017	A/Lisboa/2/2017	EPI_ISL_276277	2017-01-05	Europe / Portugal	Human	gisaid_meta_2017.xls
A/LISBOA/30/2012	A/Lisboa/30/2012	EPI_ISL_122237	2012-01-27	Europe / Portugal / Funchal	Human	gisaid_meta_2011-2014.xls
A/LISBOA/31/2012	A/Lisboa/31/2012	EPI_ISL_122238	2012-01-27	Europe / Portugal / Funchal	Human	gisaid_meta_2011-2014.xls
A/LISBOA/34/2008	A/Lisboa/34/2008	EPI_ISL_185569	2008-12-01	Europe / Portugal	Human	gisaid_meta_2010.xls
A/LISBOA/34/2008	A/Lisboa/34/2008	EPI_ISL_61714	2008-12-01	Europe / Portugal	Human	gisaid_meta_2010.xls
A/LISBOA/4/2017	A/Lisboa/4/2017	EPI_ISL_276278	2017-01-05	Europe / Portugal	Human	gisaid_meta_2017.xls
A/LISBOA/5/2017	A/Lisboa/5/2017	EPI_ISL_276279	2017-01-12	Europe / Portugal	Human	gisaid_meta_2017.xls
A/LISBOA/91/2019	A/Lisboa/91/2019	EPI_ISL_367787	2019-02-20	Europe / Portugal	Human	gisaid_meta_2019.xls
A/LISBOA/92/2019	A/Lisboa/92/2019	EPI_ISL_367788	2019-02-15	Europe / Portugal	Human	gisaid_meta_2019.xls
A/LISBOA/93/2019	A/Lisboa/93/2019	EPI_ISL_367789	2019-02-08	Europe / Portugal	Human	gisaid_meta_2019.xls
A/LISBOA/94/2019	A/Lisboa/94/2019	EPI_ISL_367790	2019-02-26	Europe / Portugal	Human	gisaid_meta_2019.xls
A/LISBOA/95/2019	A/Lisboa/95/2019	EPI_ISL_367791	2019-02-27	Europe / Portugal	Human	gisaid_meta_2019.xls
A/LISBOA/97/2019	A/Lisboa/97/2019	EPI_ISL_367792	2019-02-25	Europe / Portugal	Human	gisaid_meta_2019.xls
A/LISBOA/98/2019	A/Lisboa/98/2019	EPI_ISL_367793	2019-03-08	Europe / Portugal	Human	gisaid_meta_2019.xls
A/LISBOA/SU34/2014	A/Lisboa/SU34/2014	EPI_ISL_170644	2014-12-15	Europe / Portugal	Human	gisaid_meta_2011-2014.xls
A/LITHUANIA/10126/2018	A/Lithuania/10126/2018	EPI_ISL_316612	2018-03-29	Europe / Lithuania	Human	gisaid_meta_2018.xls
A/LITHUANIA/10126/2018	A/Lithuania/10126/2018	EPI_ISL_321445	2018-03-29	Europe / Lithuania	Human	gisaid_meta_2018.xls
A/LITHUANIA/142K/2009	A/Lithuania/142K/2009	EPI_ISL_61692	2009-07	Europe / Lithuania	Human	gisaid_meta_2010.xls
A/LITHUANIA/6165/2017	A/Lithuania/6165/2017	EPI_ISL_274552	2017-02-20	Europe / Lithuania	Human	gisaid_meta_2017.xls
A/LITHUANIA/6583/2017	A/Lithuania/6583/2017	EPI_ISL_275504	2017-02-21	Europe / Lithuania	Human	gisaid_meta_2017.xls
A/LITHUANIA/6735/2017	A/Lithuania/6735/2017	EPI_ISL_274567	2017	Europe / Lithuania	Human	gisaid_meta_2017.xls
A/LITHUANIA/7612/2017	A/Lithuania/7612/2017	EPI_ISL_274560	2017	Europe / Lithuania	Human	gisaid_meta_2017.xls
A/LITHUANIA/7703/2017	A/Lithuania/7703/2017	EPI_ISL_274554	2017-02-27	Europe / Lithuania	Human	gisaid_meta_2017.xls
A/LITHUANIA/7906/2017	A/Lithuania/7906/2017	EPI_ISL_274555	2017-03-06	Europe / Lithuania	Human	gisaid_meta_2017.xls
A/LITHUANIA/MB40700/2019	A/Lithuania/MB40700/2019	EPI_ISL_416250	2019-12-09	Europe / Lithuania	Human	gisaid_meta_2019.xls
A/LITHUANIA/MB40701/2019	A/Lithuania/MB40701/2019	EPI_ISL_416251	2019-12-07	Europe / Lithuania	Human	gisaid_meta_2019.xls
A/LITHUANIA/MB41185/2019	A/Lithuania/MB41185/2019	EPI_ISL_416252	2019-12-11	Europe / Lithuania	Human	gisaid_meta_2019.xls
A/LITHUANIA/MB41235/2019	A/Lithuania/MB41235/2019	EPI_ISL_416253	2019-12-13	Europe / Lithuania	Human	gisaid_meta_2019.xls
A/LITHUANIA/MB41285/2019	A/Lithuania/MB41285/2019	EPI_ISL_416254	2019-12-09	Europe / Lithuania	Human	gisaid_meta_2019.xls
A/LITHUANIA/MB41882/2019	A/Lithuania/MB41882/2019	EPI_ISL_416255	2019-12-18	Europe / Lithuania	Human	gisaid_meta_2019.xls
A/LITHUANIA/MB42123/2019	A/Lithuania/MB42123/2019	EPI_ISL_416257	2019-12-20	Europe / Lithuania	Human	gisaid_meta_2019.xls
A/LORRAINE/1589/2020	A/Lorraine/1589/2020	EPI_ISL_498346	2020-02-24	Europe / France	Human	gisaid_meta_2020-21.xls
A/LORRAINE/1641/2015	A/Lorraine/1641/2015	EPI_ISL_191102	2015-03-30	Europe / France / Region Lorraine / Departement de la Moselle	Human	gisaid_meta_2015-2016.xls
A/LORRAINE/1641/2015	A/Lorraine/1641/2015	EPI_ISL_196606	2015-03-30	Europe / France	Human	gisaid_meta_2015-2016.xls
A/LORRAINE/2056/2011	A/Lorraine/2056/2011	EPI_ISL_106643	2011-12-12	Europe / France / Region Lorraine	Human	gisaid_meta_2011-2014.xls
A/LORRAINE/2073/2011	A/Lorraine/2073/2011	EPI_ISL_106644	2011-12-08	Europe / France / Region Lorraine	Human	gisaid_meta_2011-2014.xls
A/LORRAINE/2355/2014	A/Lorraine/2355/2014	EPI_ISL_170213	2014-12-22	Europe / France / Region Lorraine / Departement de la Moselle	Human	gisaid_meta_2011-2014.xls
A/LORRAINE/2355/2014	A/Lorraine/2355/2014	EPI_ISL_172387	2014-12-22	Europe / France	Human	gisaid_meta_2011-2014.xls
A/LORRAINE/2365/2018	A/Lorraine/2365/2018	EPI_ISL_331648	2018-10-22	Europe / France / Region Lorraine	Human	gisaid_meta_2018.xls
A/LORRAINE/2365/2018	A/Lorraine/2365/2018	EPI_ISL_336098	2018-10-22	Europe / France	Human	gisaid_meta_2018.xls
A/LUBICA/132/2017	A/Lubica/132/2017	EPI_ISL_275505	2017-01-03	Europe / Slovakia	Human	gisaid_meta_2017.xls
A/LUBICA/314/2020	A/Lubica/314/2020	EPI_ISL_477581	2020-02-17	Europe / Slovakia	Human	gisaid_meta_2020-21.xls
A/LUBICA/315/2020	A/Lubica/315/2020	EPI_ISL_462123	2020-02-18	Europe / Slovakia	Human	gisaid_meta_2020-21.xls
A/LUBICA/315/2020	A/Lubica/315/2020	EPI_ISL_485766	2020-02-18	Europe / Slovakia	Human	gisaid_meta_2020-21.xls
A/LUXEMBOURG/1177/2019	A/Luxembourg/1177/2019	EPI_ISL_341988	2019-01-06	Europe / Luxembourg	Human	gisaid_meta_2019.xls
A/LUXEMBOURG/1177/2019	A/Luxembourg/1177/2019	EPI_ISL_347700	2019-01-06	Europe / Luxembourg	Human	gisaid_meta_2019.xls
A/LUXEMBOURG/14070685/2014	A/Luxembourg/14070685/2014	EPI_ISL_170648	2014-12-29	Europe / Luxembourg	Human	gisaid_meta_2011-2014.xls
A/LUXEMBOURG/2293/2019	A/Luxembourg/2293/2019	EPI_ISL_341991	2019-01-14	Europe / Luxembourg	Human	gisaid_meta_2019.xls
A/LUXEMBOURG/2293/2019	A/Luxembourg/2293/2019	EPI_ISL_347705	2019-01-14	Europe / Luxembourg	Human	gisaid_meta_2019.xls
A/LUXEMBOURG/341/2019	A/Luxembourg/341/2019	EPI_ISL_341996	2019-01-03	Europe / Luxembourg	Human	gisaid_meta_2019.xls
A/LUXEMBOURG/341/2019	A/Luxembourg/341/2019	EPI_ISL_347698	2019-01-03	Europe / Luxembourg	Human	gisaid_meta_2019.xls
A/LUXEMBOURG/62062/2016	A/Luxembourg/62062/2016	EPI_ISL_262227	2016-12-06	Europe / Luxembourg	Human	gisaid_meta_2015-2016.xls
A/LUXEMBOURG/63722/2016	A/Luxembourg/63722/2016	EPI_ISL_253121	2016-12-16	Europe / Luxembourg	Human	gisaid_meta_2015-2016.xls
A/LUXEMBOURG/638/2009	A/Luxembourg/638/2009	EPI_ISL_60029	2009-02-26	Europe / Luxembourg	Human	gisaid_meta_2010.xls
A/LUXEMBOURG/782/2009	A/Luxembourg/782/2009	EPI_ISL_60022	2009-05-08	Europe / Luxembourg	Human	gisaid_meta_2010.xls
A/LYON/108/2005	A/LYON/108/2005	EPI_ISL_185606	2005-01-12	Europe / France	Human	gisaid_meta_2010.xls
A/LYON/108/2005	A/LYON/108/2005	EPI_ISL_64702	2005-01-12	Europe / France	Human	gisaid_meta_2010.xls
A/LYON/1288/2006	A/Lyon/1288/2006	EPI_ISL_12700550	2006-12-16	Europe / France / Rhone-Alpes	Human	gisaid_meta_2010.xls
A/LYON/1288/2006	A/Lyon/1288/2006	EPI_ISL_20281	2006-12-16	Europe / France	Human	gisaid_meta_2010.xls
A/LYON/1292/2006	A/LYON/1292/2006	EPI_ISL_186059	2006-12-18	Europe / France	Human	gisaid_meta_2010.xls
A/LYON/1292/2006	A/Lyon/1292/2006	EPI_ISL_20282	2006-12-18	Europe / France / Rhone-Alpes / Departement du Rhone / Lyon	Human	gisaid_meta_2010.xls
A/LYON/1292/2006	A/LYON/1292/2006	EPI_ISL_64159	2006-12-18	Europe / France	Human	gisaid_meta_2010.xls
A/LYON/1305/2006	A/Lyon/1305/2006	EPI_ISL_20287	2006-12-19	Europe / France	Human	gisaid_meta_2010.xls
A/LYON/1312/2006	A/Lyon/1312/2006	EPI_ISL_20283	2006-12-20	Europe / France	Human	gisaid_meta_2010.xls
A/LYON/1320/2006	A/Lyon/1320/2006	EPI_ISL_20285	2006-12-12	Europe / France	Human	gisaid_meta_2010.xls
A/LYON/1324/2006	A/LYON/1324/2006	EPI_ISL_187113	2006-12-20	Europe / France	Human	gisaid_meta_2010.xls
A/LYON/1324/2006	A/Lyon/1324/2006	EPI_ISL_20286	2006-12-20	Europe / France / Rhone-Alpes / Departement du Rhone / Lyon	Human	gisaid_meta_2010.xls
A/LYON/1324/2006	A/LYON/1324/2006	EPI_ISL_64161	2006-12-20	Europe / France	Human	gisaid_meta_2010.xls
A/LYON/1331/2006	A/LYON/1331/2006	EPI_ISL_186547	2006-12-22	Europe / France	Human	gisaid_meta_2010.xls
A/LYON/1331/2006	A/Lyon/1331/2006	EPI_ISL_20288	2006-12-22	Europe / France / Rhone-Alpes / Departement du Rhone / Lyon	Human	gisaid_meta_2010.xls
A/LYON/1331/2006	A/LYON/1331/2006	EPI_ISL_64162	2006-12-22	Europe / France	Human	gisaid_meta_2010.xls
A/LYON/1332/2018	A/Lyon/1332/2018	EPI_ISL_314666	2018-03-12	Europe / France	Human	gisaid_meta_2018.xls
A/LYON/1359/2006	A/LYON/1359/2006	EPI_ISL_187312	2006-12-27	Europe / France	Human	gisaid_meta_2010.xls
A/LYON/1359/2006	A/Lyon/1359/2006	EPI_ISL_20289	2006-12-27	Europe / France / Rhone-Alpes / Departement du Rhone / Lyon	Human	gisaid_meta_2010.xls
A/LYON/1359/2006	A/LYON/1359/2006	EPI_ISL_64163	2006-12-27	Europe / France	Human	gisaid_meta_2010.xls
A/LYON/1373/1991	A/Lyon/1373/1991	EPI_ISL_114555	1991-12-16	Europe / France	Human	gisaid_meta_2010.xls
A/LYON/1381/2007	A/Lyon/1381/2007	EPI_ISL_19157	2007-12-18	Europe / France / Rhone-Alpes / Departement du Rhone / Lyon	Human	gisaid_meta_2010.xls
A/LYON/1407/2001	A/Lyon/1407/2001	EPI_ISL_186379	2001-12-26	Europe / France	Human	gisaid_meta_2010.xls
A/LYON/1493/2018	A/Lyon/1493/2018	EPI_ISL_314667	2018-03-30	Europe / France	Human	gisaid_meta_2018.xls
A/LYON/1560/2018	A/Lyon/1560/2018	EPI_ISL_314703	2018-04-17	Europe / France	Human	gisaid_meta_2018.xls
A/LYON/162/2020	A/Lyon/162/2020	EPI_ISL_498347	2020-01-16	Europe / France	Human	gisaid_meta_2020-21.xls
A/LYON/162/2020	A/Lyon/162/2020	EPI_ISL_498348	2020-01-16	Europe / France	Human	gisaid_meta_2020-21.xls
A/LYON/1631/2020	A/Lyon/1631/2020	EPI_ISL_498349	2020-03-01	Europe / France	Human	gisaid_meta_2020-21.xls
A/LYON/1631/2020	A/Lyon/1631/2020	EPI_ISL_498350	2020-03-01	Europe / France	Human	gisaid_meta_2020-21.xls
A/LYON/1631/2020	A/Lyon/1631/2020	EPI_ISL_671411	2020-03-02	Europe / France	Human	gisaid_meta_2020-21.xls
A/LYON/1670/1999	A/Lyon/1670/1999	EPI_ISL_5054215	1999	Europe / France	Human	gisaid_meta_2010.xls
A/LYON/19989/2002	A/LYON/19989/2002	EPI_ISL_187924	2002-10-15	Europe / France	Human	gisaid_meta_2010.xls
A/LYON/19989/2002	A/LYON/19989/2002	EPI_ISL_67653	2002-10-15	Europe / France	Human	gisaid_meta_2010.xls
A/LYON/2017/2019	A/Lyon/2017/2019	EPI_ISL_403000	2019-11-07	Europe / France	Human	gisaid_meta_2019.xls
A/LYON/2017/2019	A/Lyon/2017/2019	EPI_ISL_406317	2019-11-07	Europe / France	Human	gisaid_meta_2019.xls
A/LYON/21/2004	A/LYON/21/2004	EPI_ISL_188361	2004-01-04	Europe / France	Human	gisaid_meta_2010.xls
A/LYON/21/2004	A/LYON/21/2004	EPI_ISL_65552	2004-01-04	Europe / France	Human	gisaid_meta_2010.xls
A/LYON/2106/2018	A/Lyon/2106/2018	EPI_ISL_336099	2018-11-20	Europe / France	Human	gisaid_meta_2018.xls
A/LYON/2106/2018	A/Lyon/2106/2018	EPI_ISL_345756	2018-11-20	Europe / France / Lyon	Human	gisaid_meta_2018.xls
A/LYON/219/2020	A/Lyon/219/2020	EPI_ISL_498359	2020-01-20	Europe / France	Human	gisaid_meta_2020-21.xls
A/LYON/219/2020	A/Lyon/219/2020	EPI_ISL_498360	2020-01-20	Europe / France	Human	gisaid_meta_2020-21.xls
A/LYON/2207/2016	A/Lyon/2207/2016	EPI_ISL_259672	2016-10-24	Europe / France	Human	gisaid_meta_2015-2016.xls
A/LYON/2296/2018	A/Lyon/2296/2018	EPI_ISL_345766	2018-12-20	Europe / France / Lyon	Human	gisaid_meta_2018.xls
A/LYON/2296/2018	A/Lyon/2296/2018	EPI_ISL_355065	2018-12-20	Europe / France	Human	gisaid_meta_2018.xls
A/LYON/2335/2018	A/Lyon/2335/2018	EPI_ISL_345770	2018-12-27	Europe / France / Lyon	Human	gisaid_meta_2018.xls
A/LYON/2335/2018	A/Lyon/2335/2018	EPI_ISL_355066	2018-12-27	Europe / France	Human	gisaid_meta_2018.xls
A/LYON/2429/2014	A/Lyon/2429/2014	EPI_ISL_170305	2014-12-15	Europe / France	Human	gisaid_meta_2011-2014.xls
A/LYON/27/2007	A/Lyon/27/2007	EPI_ISL_186989	2007-01-04	Europe / France	Human	gisaid_meta_2010.xls
A/LYON/27/2007	A/Lyon/27/2007	EPI_ISL_19136	2007-01-04	Europe / France	Human	gisaid_meta_2010.xls
A/LYON/27/2007	A/Lyon/27/2007	EPI_ISL_20292	2007-01-04	Europe / France	Human	gisaid_meta_2010.xls
A/LYON/27/2007	A/Lyon/27/2007	EPI_ISL_356953	2007-01-04	Europe / France / Rhone-Alpes	Human	gisaid_meta_2010.xls
A/LYON/2959/2013	A/Lyon/2959/2013	EPI_ISL_155901	2013-12-07	Europe / France	Human	gisaid_meta_2011-2014.xls
A/LYON/37477/2013	A/Lyon/37.477/2013	EPI_ISL_153174	2013-09-13	Europe / France	Human	gisaid_meta_2011-2014.xls
A/LYON/476/2003	A/LYON/476/2003	EPI_ISL_67220	2003-02-05	Europe / France	Human	gisaid_meta_2010.xls
A/LYON/86/2020	A/Lyon/86/2020	EPI_ISL_498361	2020-01-09	Europe / France	Human	gisaid_meta_2020-21.xls
A/LYON/86/2020	A/Lyon/86/2020	EPI_ISL_498362	2020-01-09	Europe / France	Human	gisaid_meta_2020-21.xls
A/LYON/95/2019	A/Lyon/95/2019	EPI_ISL_355068	2019-01-09	Europe / France	Human	gisaid_meta_2019.xls
A/LYON/CHU/20526/2009	A/Lyon/CHU20526/2009	EPI_ISL_188187	2009-05-14	Europe / France	Human	gisaid_meta_2010.xls
A/LYON/CHU/20526/2009	A/Lyon/CHU/20.526/2009	EPI_ISL_60044	2009-05-14	Europe / France	Human	gisaid_meta_2010.xls
A/LYON/CHU/2199/2014	A/Lyon/CHU/21.99/2014	EPI_ISL_170306	2014-12-10	Europe / France	Human	gisaid_meta_2011-2014.xls
A/LYON/CHU/2311R8/2016	A/Lyon/CHU/23.11.R8/2016	EPI_ISL_244197	2016-11-23	Europe / France	Human	gisaid_meta_2015-2016.xls
A/LYON/CHU/51603/2012	A/Lyon/CHU/51.603/2012	EPI_ISL_134167	2012-12-21	Europe / France	Human	gisaid_meta_2011-2014.xls
A/LYON/CHU/51603/2012	A/Lyon/CHU/51.603/2012	EPI_ISL_134168	2012-12-21	Europe / France	Human	gisaid_meta_2011-2014.xls
A/LYON/CHU/52131/2012	A/Lyon/CHU/52.131/2012	EPI_ISL_134169	2012-12-24	Europe / France	Human	gisaid_meta_2011-2014.xls
A/LYON/CHU/52131/2012	A/Lyon/CHU/52.131/2012	EPI_ISL_140346	2012-12-24	Europe / France	Human	gisaid_meta_2011-2014.xls
A/LYON/CHU/52339/2006	A/Lyon/Chu/52.339/2006	EPI_ISL_20279	2006-12-30	Europe / France	Unknown	gisaid_meta_2010.xls
A/LYON/CHU/52384/2009	A/Lyon/CHU/52.384/2009	EPI_ISL_77124	2009	Europe / France	Human	gisaid_meta_2010.xls
A/LYON/CHU/5258/2006	A/Lyon/Chu/52.58/2006	EPI_ISL_20278	2006-12-25	Europe / France	Unknown	gisaid_meta_2010.xls
A/LYON/CHU/6614/2011	A/Lyon/CHU/6.614/2011	EPI_ISL_94716	2011-02-09	Europe / France	Human	gisaid_meta_2011-2014.xls
A/LYON/CHU/R175096/2017	A/Lyon/CHU/R17.50.96/2017	EPI_ISL_301385	2017-10-06	Europe / France	Human	gisaid_meta_2017.xls
A/LYON/CHU/R175295/2017	A/Lyon/CHU/R17.52.95/2017	EPI_ISL_301386	2017-10-06	Europe / France	Human	gisaid_meta_2017.xls
A/LYON/CHU/R1811667/2018	A/Lyon/CHU/R18.116.67/2018	EPI_ISL_355069	2018-11-26	Europe / France	Human	gisaid_meta_2018.xls
A/LYON/CHU/R181282/2018	A/Lyon/CHU/R18.128.2/2018	EPI_ISL_355070	2018-12-17	Europe / France	Human	gisaid_meta_2018.xls
A/LYON/CHU/R1813393/2018	A/Lyon/CHU/R18.133.93/2018	EPI_ISL_355071	2018-12-28	Europe / France	Human	gisaid_meta_2018.xls
A/LYON/CHU/R190377/2019	A/Lyon/CHU/R19.03.77/2019	EPI_ISL_355072	2019-01-04	Europe / France	Human	gisaid_meta_2019.xls
A/LYON/CHU/R1914685/2019	A/Lyon/CHU/R19.146.85/2019	EPI_ISL_498363	2019-12-19	Europe / France	Human	gisaid_meta_2019.xls
A/LYON/CHU/R1914685/2019	A/Lyon/CHU/R19.146.85/2019	EPI_ISL_498364	2019-12-19	Europe / France	Human	gisaid_meta_2019.xls
A/LYON/CHU/R1915450/2019	A/Lyon/CHU/R19.154.50/2019	EPI_ISL_498365	2019-12-31	Europe / France	Human	gisaid_meta_2019.xls
A/LYON/CHU/R1915450/2019	A/Lyon/CHU/R19.154.50/2019	EPI_ISL_498366	2019-12-31	Europe / France	Human	gisaid_meta_2019.xls
A/LYON/CHUR185047/2018	A/Lyon/CHU/R18.50.47/2018	EPI_ISL_314668	2018-03-02	Europe / France	Human	gisaid_meta_2018.xls
A/LYON/CHUR185448/2018	A/Lyon/CHU/R18.54.48/2018	EPI_ISL_314669	2018-03-08	Europe / France	Human	gisaid_meta_2018.xls
A/LYON/EHPAD/108/2019	A/Lyon/EHPAD/108/2019	EPI_ISL_355073	2019-01-09	Europe / France	Human	gisaid_meta_2019.xls
A/MACAU/214/2004	A/Macau/214/2004	EPI_ISL_11975	2004-04-08	Asia / China	Human	gisaid_meta_2010.xls
A/MACAU/214/2004	A/Macau/214/2004	EPI_ISL_7014403	2004-04-08	Asia / Macao	Human	gisaid_meta_2010.xls
A/MACAU/480/2004	A/Macau/480/2004	EPI_ISL_7014405	2004-09-10	Asia / Macao	Human	gisaid_meta_2010.xls
A/MACAU/557/2005	A/Macau/557/2005	EPI_ISL_12119	2005-05-13	Asia / China	Human	gisaid_meta_2010.xls
A/MACAU/76/2004	A/MACAU/76/2004	EPI_ISL_17222	2004-02-13	Asia / China	Human	gisaid_meta_2010.xls
A/MACAU/76/2004	A/Macau/76/2004	EPI_ISL_7014406	2004-02-13	Asia / Macao	Human	gisaid_meta_2010.xls
A/MACEDONIA/1283/2019	A/Macedonia/1283/2019	EPI_ISL_362161	2019-03-11	Europe / Macedonia, the former Yogoslav Republic of	Human	gisaid_meta_2019.xls
A/MACEDONIA/1283/2019	A/Macedonia/1283/2019	EPI_ISL_377324	2019-03-11	Europe / Macedonia, the former Yogoslav Republic of	Human	gisaid_meta_2019.xls
A/MACEDONIA/1283/2019	A/Macedonia/1283/2019	EPI_ISL_377689	2019-03-11	Europe / Macedonia, the former Yogoslav Republic of	Human	gisaid_meta_2019.xls
A/MACEDONIA/1350/2019	A/Macedonia/1350/2019	EPI_ISL_362166	2019-03-18	Europe / Macedonia, the former Yogoslav Republic of	Human	gisaid_meta_2019.xls
A/MACEDONIA/1350/2019	A/Macedonia/1350/2019	EPI_ISL_377325	2019-03-18	Europe / Macedonia, the former Yogoslav Republic of	Human	gisaid_meta_2019.xls
A/MACEDONIA/1402/2019	A/Macedonia/1402/2019	EPI_ISL_362164	2019-03-25	Europe / Macedonia, the former Yogoslav Republic of	Human	gisaid_meta_2019.xls
A/MACEDONIA/1402/2019	A/Macedonia/1402/2019	EPI_ISL_377327	2019-03-22	Europe / Macedonia, the former Yogoslav Republic of	Human	gisaid_meta_2019.xls
A/MACEDONIA/1402/2019	A/Macedonia/1402/2019	EPI_ISL_377717	2019-03-25	Europe / Macedonia, the former Yogoslav Republic of	Human	gisaid_meta_2019.xls
A/MACEDONIA/1462/2019	A/Macedonia/1462/2019	EPI_ISL_377329	2019-04-15	Europe / Macedonia, the former Yogoslav Republic of	Human	gisaid_meta_2019.xls
A/MACEDONIA/182/2016	A/Macedonia/182/2016	EPI_ISL_262237	2016-12-29	Europe / Macedonia, the former Yogoslav Republic of	Human	gisaid_meta_2015-2016.xls
A/MACEDONIA/450/2020	A/Macedonia/450/2020	EPI_ISL_477582	2020-02-10	Europe / Macedonia, the former Yogoslav Republic of	Human	gisaid_meta_2020-21.xls
A/MACEDONIA/450/2020	A/Macedonia/450/2020	EPI_ISL_498369	2020-02-10	Europe / Macedonia, the former Yogoslav Republic of	Human	gisaid_meta_2020-21.xls
A/MACEDONIA/465/2020	A/Macedonia/465/2020	EPI_ISL_498370	2020-02-10	Europe / Macedonia, the former Yogoslav Republic of	Human	gisaid_meta_2020-21.xls
A/MACEDONIA/501/2020	A/Macedonia/501/2020	EPI_ISL_477626	2020-02-17	Europe / Macedonia, the former Yogoslav Republic of	Human	gisaid_meta_2020-21.xls
A/MACEDONIA/501/2020	A/Macedonia/501/2020	EPI_ISL_498371	2020-02-17	Europe / Macedonia, the former Yogoslav Republic of	Human	gisaid_meta_2020-21.xls
A/MACEDONIA/505/2020	A/Macedonia/505/2020	EPI_ISL_477584	2020-02-17	Europe / Macedonia, the former Yogoslav Republic of	Human	gisaid_meta_2020-21.xls
A/MACEDONIA/505/2020	A/Macedonia/505/2020	EPI_ISL_498372	2020-02-17	Europe / Macedonia, the former Yogoslav Republic of	Human	gisaid_meta_2020-21.xls
A/MACEDONIA/509/2020	A/Macedonia/509/2020	EPI_ISL_477585	2020-02-17	Europe / Macedonia, the former Yogoslav Republic of	Human	gisaid_meta_2020-21.xls
A/MACEDONIA/509/2020	A/Macedonia/509/2020	EPI_ISL_498373	2020-02-17	Europe / Macedonia, the former Yogoslav Republic of	Human	gisaid_meta_2020-21.xls
A/MACEDONIA/593/2020	A/Macedonia/593/2020	EPI_ISL_477586	2020-02-21	Europe / Macedonia, the former Yogoslav Republic of	Human	gisaid_meta_2020-21.xls
A/MACEDONIA/593/2020	A/Macedonia/593/2020	EPI_ISL_498374	2020-02-21	Europe / Macedonia, the former Yogoslav Republic of	Human	gisaid_meta_2020-21.xls
A/MACEDONIA/607/2020	A/Macedonia/607/2020	EPI_ISL_498375	2020-02-24	Europe / Macedonia, the former Yogoslav Republic of	Human	gisaid_meta_2020-21.xls
A/MACEDONIA/648/2020	A/Macedonia/648/2020	EPI_ISL_498376	2020-02-27	Europe / Macedonia, the former Yogoslav Republic of	Human	gisaid_meta_2020-21.xls
A/MACEDONIA/650/2020	A/Macedonia/650/2020	EPI_ISL_498377	2020-02-27	Europe / Macedonia, the former Yogoslav Republic of	Human	gisaid_meta_2020-21.xls
A/MACEDONIA/723/2019	A/Macedonia/723/2019	EPI_ISL_342091	2019-01-28	Europe / Macedonia, the former Yogoslav Republic of	Human	gisaid_meta_2019.xls
A/MACEDONIA/723/2019	A/Macedonia/723/2019	EPI_ISL_355074	2019-01-28	Europe / Macedonia, the former Yogoslav Republic of	Human	gisaid_meta_2019.xls
A/MACEDONIA/IK80/2014	A/Macedonia/IK (80)/2014	EPI_ISL_159633	2014-02-11	Europe / Macedonia, the former Yogoslav Republic of	Human	gisaid_meta_2011-2014.xls
A/MADAGASCAR/2395/2014	A/Madagascar/2395/2014	EPI_ISL_175039	2014-08-25	Africa / Madagascar	Human	gisaid_meta_2011-2014.xls
A/MADAGASCAR/2572/2014	A/Madagascar/2572/2014	EPI_ISL_179358	2014-09-11	Africa / Madagascar	Human	gisaid_meta_2011-2014.xls
A/MADAGASCAR/2576/2014	A/Madagascar/2576/2014	EPI_ISL_179359	2014-09-08	Africa / Madagascar	Human	gisaid_meta_2011-2014.xls
A/MADAGASCAR/2632/2014	A/Madagascar/2632/2014	EPI_ISL_179360	2014-09-17	Africa / Madagascar	Human	gisaid_meta_2011-2014.xls
A/MADAGASCAR/2636/2014	A/Madagascar/2636/2014	EPI_ISL_179361	2014-09-15	Africa / Madagascar	Human	gisaid_meta_2011-2014.xls
A/MADAGASCAR/2676/2014	A/Madagascar/2676/2014	EPI_ISL_171752	2014-09-23	Africa / Madagascar	Human	gisaid_meta_2011-2014.xls
A/MADAGASCAR/269/2014	A/Madagascar/269/2014	EPI_ISL_179362	2014-01-27	Africa / Madagascar	Human	gisaid_meta_2011-2014.xls
A/MADAGASCAR/2694/2006	A/Madagascar/2694/2006	EPI_ISL_20367	2006-11-14	Africa / Madagascar	Human	gisaid_meta_2010.xls
A/MADAGASCAR/2699/2006	A/Madagascar/2699/2006	EPI_ISL_20368	2006-11-14	Africa / Madagascar	Human	gisaid_meta_2010.xls
A/MADAGASCAR/2714/2014	A/Madagascar/2714/2014	EPI_ISL_171753	2014-09-23	Africa / Madagascar	Human	gisaid_meta_2011-2014.xls
A/MADAGASCAR/2735/2014	A/Madagascar/2735/2014	EPI_ISL_171754	2014-09-29	Africa / Madagascar	Human	gisaid_meta_2011-2014.xls
A/MADAGASCAR/2739/2014	A/Madagascar/2739/2014	EPI_ISL_171755	2014-09-30	Africa / Madagascar	Human	gisaid_meta_2011-2014.xls
A/MADAGASCAR/3069/2014	A/Madagascar/3069/2014	EPI_ISL_171756	2014-10-22	Africa / Madagascar	Human	gisaid_meta_2011-2014.xls
A/MADAGASCAR/3615/2009	A/Madagascar/3615/2009	EPI_ISL_60034	2009-04-21	Africa / Madagascar	Human	gisaid_meta_2010.xls
A/MADAGASCAR/424/2009	A/Madagascar/424/2009	EPI_ISL_60035	2009-02-12	Africa / Madagascar	Human	gisaid_meta_2010.xls
A/MADAGASCAR/4286/2009	A/Madagascar/4286/2009	EPI_ISL_60036	2009-06-02	Africa / Madagascar	Human	gisaid_meta_2010.xls
A/MADAGASCAR/453/2009	A/Madagascar/453/2009	EPI_ISL_61700	2009-02-11	Africa / Madagascar	Human	gisaid_meta_2010.xls
A/MADAGASCAR/493/2014	A/Madagascar/493/2014	EPI_ISL_179363	2014-02-18	Africa / Madagascar	Human	gisaid_meta_2011-2014.xls
A/MADAGASCAR/878/2009	A/Madagascar/878/2009	EPI_ISL_61699	2009-03-12	Africa / Madagascar	Human	gisaid_meta_2010.xls
A/MADAGASCAR/897/2014	A/Madagascar/897/2014	EPI_ISL_179364	2014-03-07	Africa / Madagascar	Human	gisaid_meta_2011-2014.xls
A/MADEIRAPT/12/2013	A/Madeira_PT/12/2013	EPI_ISL_144804	2013-01-07	Europe / Portugal	Human	gisaid_meta_2011-2014.xls
A/MADRID/15042/2014	A/Madrid/15042/2014	EPI_ISL_170002	2014-10-24	Europe / Spain / Madrid	Human	gisaid_meta_2011-2014.xls
A/MADRID/15042/2014	A/Madrid/15042/2014	EPI_ISL_175040	2014-10-24	Europe / Spain	Human	gisaid_meta_2011-2014.xls
A/MADRID/15053/2014	A/Madrid/15053/2014	EPI_ISL_170413	2014-12-22	Europe / Spain / Madrid	Human	gisaid_meta_2011-2014.xls
A/MADRID/15053/2014	A/Madrid/15053/2014	EPI_ISL_170651	2014-12-22	Europe / Spain	Human	gisaid_meta_2011-2014.xls
A/MADRID/2169/2018	A/Madrid/2169/2018	EPI_ISL_312352	2018-03-15	Europe / Spain / Madrid	Human	gisaid_meta_2018.xls
A/MADRID/2169/2018	A/Madrid/2169/2018	EPI_ISL_315755	2018-03-15	Europe / Spain	Human	gisaid_meta_2018.xls
A/MADRID/2170/2018	A/Madrid/2170/2018	EPI_ISL_312353	2018-03-12	Europe / Spain / Madrid	Human	gisaid_meta_2018.xls
A/MADRID/2170/2018	A/Madrid/2170/2018	EPI_ISL_315987	2018-03-12	Europe / Spain	Human	gisaid_meta_2018.xls
A/MADRID/2173/2018	A/Madrid/2173/2018	EPI_ISL_312355	2018-03-09	Europe / Spain / Madrid	Human	gisaid_meta_2018.xls
A/MADRID/2173/2018	A/Madrid/2173/2018	EPI_ISL_315758	2018-03-12	Europe / Spain	Human	gisaid_meta_2018.xls
A/MADRID/2175/2018	A/Madrid/2175/2018	EPI_ISL_312356	2018-03-06	Europe / Spain / Madrid	Human	gisaid_meta_2018.xls
A/MADRID/2175/2018	A/Madrid/2175/2018	EPI_ISL_315988	2018-03-06	Europe / Spain	Human	gisaid_meta_2018.xls
A/MADRID/2178/2018	A/Madrid/2178/2018	EPI_ISL_312357	2018-03-08	Europe / Spain / Madrid	Human	gisaid_meta_2018.xls
A/MADRID/2178/2018	A/Madrid/2178/2018	EPI_ISL_315990	2018-03-08	Europe / Spain	Human	gisaid_meta_2018.xls
A/MADRID/SO12318/2014	A/Madrid/SO12318/2014	EPI_ISL_163805	2014-06-12	Europe / Spain / Madrid	Human	gisaid_meta_2011-2014.xls
A/MADRID/SO12318/2014	A/Madrid/SO12318/2014	EPI_ISL_165572	2014-06-12	Europe / Spain	Human	gisaid_meta_2011-2014.xls
A/MADRID/SO13031/2014	A/Madrid/SO13031/2014	EPI_ISL_170007	2014-12-22	Europe / Spain / Madrid	Human	gisaid_meta_2011-2014.xls
A/MAEVATANANA/172/2015	A/Maevatanana/172/2015	EPI_ISL_190920	2015-01-19	Africa / Madagascar	Human	gisaid_meta_2015-2016.xls
A/MAGADAN/187/2017	A/Magadan/187/2017	EPI_ISL_276284	2017-02-06	Europe / Russian Federation	Human	gisaid_meta_2017.xls
A/MAHAJANGA/3628/2012	A/Mahajanga/3628/2012	EPI_ISL_141688	2012-06-01	Africa / Madagascar	Human	gisaid_meta_2011-2014.xls
A/MAKHACHKALA/RII1/2019	A/Makhachkala/RII-1/2019	EPI_ISL_364800	2019-02-10	Europe / Russian Federation	Human	gisaid_meta_2019.xls
A/MAKHACHKALA/RII5/2019	A/Makhachkala/RII-5/2019	EPI_ISL_364373	2019-02-18	Europe / Russian Federation / Republic of Dagestan	Human	gisaid_meta_2019.xls
A/MAKHACHKALA/RII5/2019	A/Makhachkala/RII-5/2019	EPI_ISL_364801	2019-02-18	Europe / Russian Federation	Human	gisaid_meta_2019.xls
A/MALATYA/3872/2013	A/Malatya/3872/2013	EPI_ISL_156906	2013-12-03	Asia / Turkey	Human	gisaid_meta_2011-2014.xls
A/MALATYA/3946/2013	A/Malatya/3946/2013	EPI_ISL_156907	2013-12-10	Asia / Turkey	Human	gisaid_meta_2011-2014.xls
A/MALATYA/3946/2013	A/Malatya/3946/2013	EPI_ISL_156908	2013-12-10	Asia / Turkey	Human	gisaid_meta_2011-2014.xls
A/MALATYA/92/2014	A/Malatya/92/2014	EPI_ISL_155902	2014-01-07	Asia / Turkey	Human	gisaid_meta_2011-2014.xls
A/MALATYA/TR57/2011	A/MALATYA/TR-57/2011	EPI_ISL_96023	2011-01-25	Asia / Turkey	Human	gisaid_meta_2011-2014.xls
A/MALAYSIA/32/1998	A/Malaysia/32/1998	EPI_ISL_3492446	1998	Asia / Malaysia	Human	gisaid_meta_2010.xls
A/MALAYSIA/5/1999	A/Malaysia/5/1999	EPI_ISL_3663381	1999	Asia / Malaysia	Human	gisaid_meta_2010.xls
A/MALAYSIA/73/1998	A/Malaysia/73/1998	EPI_ISL_3492447	1998	Asia / Malaysia	Human	gisaid_meta_2010.xls
A/MALMO/3/2002	A/MALMO/3/2002	EPI_ISL_188352	2002	Europe / Sweden	Human	gisaid_meta_2010.xls
A/MALMO/3/2002	A/MALMO/3/2002	EPI_ISL_67655	2002	Europe / Sweden	Human	gisaid_meta_2010.xls
A/MALTA/32736/2018	A/Malta/32736/2018	EPI_ISL_300421	2018-01-05	Europe / Malta	Human	gisaid_meta_2018.xls
A/MALTA/32736/2018	A/Malta/32736/2018	EPI_ISL_309298	2018-01-05	Europe / Malta	Human	gisaid_meta_2018.xls
A/MALTA/53539/2019	A/Malta/53539/2019	EPI_ISL_347719	2019-01-23	Europe / Malta	Human	gisaid_meta_2019.xls
A/MALTA/53539/2019	A/Malta/53539/2019	EPI_ISL_355076	2019-01-23	Europe / Malta	Human	gisaid_meta_2019.xls
A/MALTA/MX001178/2014	A/Malta/MX001178/2014	EPI_ISL_175041	2014-10-21	Europe / Malta	Human	gisaid_meta_2011-2014.xls
A/MALTA/MX001759/2014	A/Malta/MX001759/2014	EPI_ISL_172389	2014-12-09	Europe / Malta	Human	gisaid_meta_2011-2014.xls
A/MALTA/MX502071/2015	A/Malta/MX502071/2015	EPI_ISL_172393	2015-01-05	Europe / Malta	Human	gisaid_meta_2015-2016.xls
A/MANJAKARAY/612/2015	A/Manjakaray/612/2015	EPI_ISL_190921	2015-02-23	Africa / Madagascar	Human	gisaid_meta_2015-2016.xls
A/MARAMURES/157552/2014	A/Maramures/157552/2014	EPI_ISL_154010	2014-01-07	Europe / Romania / Maramures County	Human	gisaid_meta_2011-2014.xls
A/MARAMURES/157552/2014	A/Maramures/157552/2014	EPI_ISL_154763	2014-01-07	Europe / Romania	Human	gisaid_meta_2011-2014.xls
A/MARDIN/2834/2016	A/Mardin/2834/2016	EPI_ISL_232854	2016-02-01	Asia / Turkey	Human	gisaid_meta_2015-2016.xls
A/MARSEILLE/1215/2006	A/MARSEILLE/1215/2006	EPI_ISL_185905	2006-11-22	Europe / France	Human	gisaid_meta_2010.xls
A/MARSEILLE/1215/2006	A/MARSEILLE/1215/2006	EPI_ISL_64167	2006-11-22	Europe / France	Human	gisaid_meta_2010.xls
A/MARSEILLE/2180/2014	A/Marseille/2180/2014	EPI_ISL_170309	2014-09-11	Europe / France	Human	gisaid_meta_2011-2014.xls
A/MARSEILLE/2195/2017	A/Marseille/2195/2017	EPI_ISL_300428	2017-11-16	Europe / France	Human	gisaid_meta_2017.xls
A/MARSEILLE/2588/2015	A/Marseille/2588/2015	EPI_ISL_237635	2015-11-30	Europe / France	Human	gisaid_meta_2015-2016.xls
A/MASSACHUSETTS/11/2013	A/Massachusetts/11/2013	EPI_ISL_144980	2013-07-10	North America / United States / Massachusetts	Human	gisaid_meta_2011-2014.xls
A/MASSACHUSETTS/11/2013	A/Massachusetts/11/2013	EPI_ISL_149685	2013-07-10	North America / United States / Massachusetts	Human	gisaid_meta_2011-2014.xls
A/MASSACHUSETTS/11/2013	A/Massachusetts/11/2013	EPI_ISL_151025	2013-07-10	North America / United States / Massachusetts	Human	gisaid_meta_2011-2014.xls
A/MASSACHUSETTS/11/2013	A/Massachusetts/11/2013	EPI_ISL_151794	2013-07-10	North America / United States / Massachusetts	Human	gisaid_meta_2011-2014.xls
A/MASSACHUSETTS/11/2013	A/Massachusetts/11/2013	EPI_ISL_153946	2013-07-01	North America / United States	Human	gisaid_meta_2011-2014.xls
A/MASSACHUSETTS/11/2013	A/Massachusetts/11/2013	EPI_ISL_153947	2013-07-01	North America / United States	Human	gisaid_meta_2011-2014.xls
A/MASSACHUSETTS/11/2013	A/Massachusetts/11/2013	EPI_ISL_156455	2013-07-10	North America / United States / Massachusetts	Human	gisaid_meta_2011-2014.xls
A/MAURITANIA/102019/2019	A/Mauritania/10-2019/2019	EPI_ISL_363091	2019-01-08	Africa / Mauritania	Human	gisaid_meta_2019.xls
A/MAURITANIA/102019/2019	A/Mauritania/10-2019/2019	EPI_ISL_367797	2019-01-08	Africa / Mauritania	Human	gisaid_meta_2019.xls
A/MAURITANIA/102019/2019	A/Mauritania/10-2019/2019	EPI_ISL_377337	2019-01-08	Africa / Mauritania	Human	gisaid_meta_2019.xls
A/MAURITANIA/152019/2019	A/Mauritania/15-2019/2019	EPI_ISL_363092	2019-01-07	Africa / Mauritania	Human	gisaid_meta_2019.xls
A/MAURITANIA/152019/2019	A/Mauritania/15-2019/2019	EPI_ISL_367798	2019-01-07	Africa / Mauritania	Human	gisaid_meta_2019.xls
A/MAURITANIA/2002018/2018	A/Mauritania/200-2018/2018	EPI_ISL_363094	2018-11-05	Africa / Mauritania	Human	gisaid_meta_2018.xls
A/MAURITANIA/2002018/2018	A/Mauritania/200-2018/2018	EPI_ISL_367800	2018-11-05	Africa / Mauritania	Human	gisaid_meta_2018.xls
A/MAURITANIA/2552018/2018	A/Mauritania/255-2018/2018	EPI_ISL_363096	2018-12-10	Africa / Mauritania	Human	gisaid_meta_2018.xls
A/MAURITANIA/2552018/2018	A/Mauritania/255-2018/2018	EPI_ISL_377339	2018-12-10	Africa / Mauritania	Human	gisaid_meta_2018.xls
A/MAURITIUS/1103/2017	A/Mauritius/1103/2017	EPI_ISL_314166	2017-06-12	Africa / Mauritius	Human	gisaid_meta_2017.xls
A/MAURITIUS/1115/2017	A/Mauritius/1115/2017	EPI_ISL_314167	2017-06-12	Africa / Mauritius	Human	gisaid_meta_2017.xls
A/MAURITIUS/1199/2017	A/Mauritius/1199/2017	EPI_ISL_314171	2017-06-14	Africa / Mauritius	Human	gisaid_meta_2017.xls
A/MAURITIUS/1369/2017	A/Mauritius/1369/2017	EPI_ISL_314174	2017-06-17	Africa / Mauritius	Human	gisaid_meta_2017.xls
A/MAURITIUS/2287/2018	A/Mauritius/2287/2018	EPI_ISL_320642	2018-05-10	Africa / Mauritius	Human	gisaid_meta_2018.xls
A/MAURITIUS/483/2014	A/Mauritius/483/2014	EPI_ISL_175042	2014-06-02	Africa / Mauritius	Human	gisaid_meta_2011-2014.xls
A/MAURITIUS/487/2009	A/Mauritius/487/2009	EPI_ISL_60055	2009-07-11	Africa / Mauritius	Human	gisaid_meta_2010.xls
A/MAURITIUS/621/2017	A/Mauritius/621/2017	EPI_ISL_288771	2017-06-24	Africa / Mauritius	Human	gisaid_meta_2017.xls
A/MAURITIUS/I1020/2018	A/Mauritius/I-1020/2018	EPI_ISL_355077	2018-11-15	Africa / Mauritius	Human	gisaid_meta_2018.xls
A/MAURITIUS/I1058/2018	A/Mauritius/I-1058/2018	EPI_ISL_355080	2018-11-30	Africa / Mauritius	Human	gisaid_meta_2018.xls
A/MAURITIUS/I1072/2018	A/Mauritius/I-1072/2018	EPI_ISL_355081	2018-12-07	Africa / Mauritius	Human	gisaid_meta_2018.xls
A/MAURITIUS/I1122/2018	A/Mauritius/I-1122/2018	EPI_ISL_355083	2018-12-26	Africa / Mauritius	Human	gisaid_meta_2018.xls
A/MAURITIUS/I19/2020	A/Mauritius/I-19/2020	EPI_ISL_411131	2020-01-02	Africa / Mauritius	Human	gisaid_meta_2020-21.xls
A/MAURITIUS/I19/2020	A/Mauritius/I-19/2020	EPI_ISL_416264	2020-01-02	Africa / Mauritius	Human	gisaid_meta_2020-21.xls
A/MAURITIUS/I1921/2019	A/Mauritius/I-1921/2019	EPI_ISL_401680	2019-07-12	Africa / Mauritius	Human	gisaid_meta_2019.xls
A/MAURITIUS/I2000/2019	A/Mauritius/I-2000/2019	EPI_ISL_416265	2019-07-18	Africa / Mauritius	Human	gisaid_meta_2019.xls
A/MAURITIUS/I203/2015	A/Mauritius/I-203/2015	EPI_ISL_193170	2015-02-25	Africa / Mauritius	Human	gisaid_meta_2015-2016.xls
A/MAURITIUS/I238/2015	A/Mauritius/I-238/2015	EPI_ISL_193171	2015-03-06	Africa / Mauritius	Human	gisaid_meta_2015-2016.xls
A/MAURITIUS/I240/2015	A/Mauritius/I-240/2015	EPI_ISL_193172	2015-03-09	Africa / Mauritius	Human	gisaid_meta_2015-2016.xls
A/MAURITIUS/I288/2015	A/Mauritius/I-288/2015	EPI_ISL_193173	2015-03-23	Africa / Mauritius	Human	gisaid_meta_2015-2016.xls
A/MAURITIUS/I3006/2019	A/Mauritius/I-3006/2019	EPI_ISL_411132	2019-11-21	Africa / Mauritius	Human	gisaid_meta_2019.xls
A/MAURITIUS/I3006/2019	A/Mauritius/I-3006/2019	EPI_ISL_416266	2019-11-21	Africa / Mauritius	Human	gisaid_meta_2019.xls
A/MAURITIUS/I330/2019	A/Mauritius/I-330/2019	EPI_ISL_401681	2019-02-10	Africa / Mauritius	Human	gisaid_meta_2019.xls
A/MAURITIUS/I34/2020	A/Mauritius/I-34/2020	EPI_ISL_411133	2020-01-05	Africa / Mauritius	Human	gisaid_meta_2020-21.xls
A/MAURITIUS/I34/2020	A/Mauritius/I-34/2020	EPI_ISL_416267	2020-01-05	Africa / Mauritius	Human	gisaid_meta_2020-21.xls
A/MAURITIUS/I906/2018	A/Mauritius/I-906/2018	EPI_ISL_332810	2018-10-02	Africa / Mauritius	Human	gisaid_meta_2018.xls
A/MAURITIUS/I925/2018	A/Mauritius/I-925/2018	EPI_ISL_332811	2018-10-08	Africa / Mauritius	Human	gisaid_meta_2018.xls
A/MAURITIUS/I967/2018	A/Mauritius/I-967/2018	EPI_ISL_332812	2018-10-22	Africa / Mauritius	Human	gisaid_meta_2018.xls
A/MAURITIUS/I974/2018	A/Mauritius/I-974/2018	EPI_ISL_355084	2018-10-26	Africa / Mauritius	Human	gisaid_meta_2018.xls
A/MAURITIUS/SF225/2019	A/Mauritius/SF 225/2019	EPI_ISL_401682	2019-07-05	Africa / Mauritius	Human	gisaid_meta_2019.xls
A/MAYOTTE/2097/2016	A/Mayotte/2097/2016	EPI_ISL_259676	2016-03-21	Europe / France	Human	gisaid_meta_2015-2016.xls
A/MAYOTTE/2100/2016	A/Mayotte/2100/2016	EPI_ISL_259677	2016-03-18	Europe / France	Human	gisaid_meta_2015-2016.xls
A/MAYOTTE/2107/2016	A/Mayotte/2107/2016	EPI_ISL_259679	2016-03-03	Europe / France	Human	gisaid_meta_2015-2016.xls
A/MECKLENBURGVORPOMMERN/1/2015	A/Mecklenburg-Vorpommern/1/2015	EPI_ISL_170652	2015-01-05	Europe / Germany	Human	gisaid_meta_2015-2016.xls
A/MECKLENBURGVORPOMMERN/10/2012	A/Mecklenburg Vorpommern/10/2012	EPI_ISL_134170	2012-12-17	Europe / Germany	Human	gisaid_meta_2011-2014.xls
A/MECKLENBURGVORPOMMERN/11/2019	A/Mecklenburg-Vorpommern/11/2019	EPI_ISL_401787	2019-10-17	Europe / Germany	Human	gisaid_meta_2019.xls
A/MECKLENBURGVORPOMMERN/12/2012	A/Mecklenburg Vorpommern/12/2012	EPI_ISL_134171	2012-12-27	Europe / Germany	Human	gisaid_meta_2011-2014.xls
A/MECKLENBURGVORPOMMERN/13/2012	A/Mecklenburg-Vorpommern/13/2012	EPI_ISL_175493	2012-12-27	Europe / Germany	Human	gisaid_meta_2011-2014.xls
A/MECKLENBURGVORPOMMERN/17/2017	A/Mecklenburg-Vorpommern/17/2017	EPI_ISL_274108	2017-03-08	Europe / Germany	Human	gisaid_meta_2017.xls
A/MEKNES/1218/2018	A/Meknes/1218/2018	EPI_ISL_314175	2018-02-13	Africa / Morocco	Human	gisaid_meta_2018.xls
A/MEKNES/1299/2018	A/Meknes/1299/2018	EPI_ISL_314671	2018-02-23	Africa / Morocco	Human	gisaid_meta_2018.xls
A/MELILLA/1088/2020	A/Melilla/1088/2020	EPI_ISL_527233	2020-02-24	Europe / Spain	Human	gisaid_meta_2020-21.xls
A/MELILLA/1088/2020	A/Melilla/1088/2020	EPI_ISL_529044	2020-02-24	Europe / Spain	Human	gisaid_meta_2020-21.xls
A/MICHIGAN/15/2014	A/Michigan/15/2014	EPI_ISL_166994	2014-09-24	North America / United States / Michigan	Human	gisaid_meta_2011-2014.xls
A/MICHIGAN/15/2014	A/Michigan/15/2014	EPI_ISL_169184	2014-09-24	North America / United States / Michigan	Human	gisaid_meta_2011-2014.xls
A/MICHIGAN/15/2014	A/Michigan/15/2014	EPI_ISL_171757	2014-09-24	North America / United States	Human	gisaid_meta_2011-2014.xls
A/MICHIGAN/15/2014	A/Michigan/15/2014	EPI_ISL_189816	2014-09-24	North America / United States / Michigan	Human	gisaid_meta_2011-2014.xls
A/MICHIGAN/15/2014	A/Michigan/15/2014	EPI_ISL_235118	2014-09-24	North America / United States / Michigan	Human	gisaid_meta_2011-2014.xls
A/MICHIGAN/15/2014	A/Michigan/15/2014	EPI_ISL_2454698	2014	North America / United States	Human	gisaid_meta_2011-2014.xls
A/MILANO/113/2014	A/Milano/113/2014	EPI_ISL_163100	2014-02-18	Europe / Italy	Human	gisaid_meta_2011-2014.xls
A/MILANO/119/2015	A/Milano/119/2015	EPI_ISL_181581	2015-01-26	Europe / Italy	Human	gisaid_meta_2015-2016.xls
A/MILANO/13/2014	A/Milano/13/2014	EPI_ISL_278974	2014	Europe / Italy	Human	gisaid_meta_2011-2014.xls
A/MILANO/136/2012	A/Milano/136/2012	EPI_ISL_132455	2012-02-06	Europe / Italy	Human	gisaid_meta_2011-2014.xls
A/MILANO/144/2015	A/Milano/144/2015	EPI_ISL_181582	2015-01-26	Europe / Italy	Human	gisaid_meta_2015-2016.xls
A/MILANO/162/2014	A/Milano/162/2014	EPI_ISL_170653	2014-12-10	Europe / Italy	Human	gisaid_meta_2011-2014.xls
A/MILANO/169/2014	A/Milano/169/2014	EPI_ISL_170655	2014-12-16	Europe / Italy	Human	gisaid_meta_2011-2014.xls
A/MILANO/191/2015	A/Milano/191/2015	EPI_ISL_181583	2015-01-30	Europe / Italy	Human	gisaid_meta_2015-2016.xls
A/MILANO/20/2012	A/Milano/20/2012	EPI_ISL_132435	2012-01-12	Europe / Italy	Human	gisaid_meta_2011-2014.xls
A/MILANO/210/2015	A/Milano/210/2015	EPI_ISL_181584	2015-02-10	Europe / Italy	Human	gisaid_meta_2015-2016.xls
A/MILANO/23/2016	A/Milano/23/2016	EPI_ISL_224550	2016-02-01	Europe / Italy	Human	gisaid_meta_2015-2016.xls
A/MILANO/258/2011	A/Milano/258/2011	EPI_ISL_132422	2011-12-09	Europe / Italy	Human	gisaid_meta_2011-2014.xls
A/MILANO/260/2011	A/Milano/260/2011	EPI_ISL_132424	2011-11-30	Europe / Italy	Human	gisaid_meta_2011-2014.xls
A/MILANO/49/2020	A/Milano/49/2020	EPI_ISL_486725	2020-02-10	Europe / Italy	Human	gisaid_meta_2020-21.xls
A/MILANO/49/2020	A/Milano/49/2020	EPI_ISL_486726	2020-02-10	Europe / Italy	Human	gisaid_meta_2020-21.xls
A/MILANO/55/2020	A/Milano/55/2020	EPI_ISL_486727	2020-02-10	Europe / Italy	Human	gisaid_meta_2020-21.xls
A/MILANO/55/2020	A/Milano/55/2020	EPI_ISL_486728	2020-02-10	Europe / Italy	Human	gisaid_meta_2020-21.xls
A/MILANO/57/2012	A/Milano/57/2012	EPI_ISL_132442	2012-01-23	Europe / Italy	Human	gisaid_meta_2011-2014.xls
A/MILANO/59/2013	A/Milano/59/2013	EPI_ISL_154764	2013-12-17	Europe / Italy	Human	gisaid_meta_2011-2014.xls
A/MISIONES/5944/2014	A/Misiones/5944/2014	EPI_ISL_166734	2014-06-28	South America / Argentina	Human	gisaid_meta_2011-2014.xls
A/MISIONES/7091/2014	A/Misiones/7091/2014	EPI_ISL_166735	2014-07-07	South America / Argentina	Human	gisaid_meta_2011-2014.xls
A/MISSISSIPPI/1/1985	A/Mississippi/1/1985	EPI_ISL_14523	1985	North America / United States / Mississippi	Human	gisaid_meta_2010.xls
A/MOGILEV/1315/2019	A/Mogilev/1315/2019	EPI_ISL_367801	2019-03-06	Europe / Belarus	Human	gisaid_meta_2019.xls
A/MOGILEV/1315/2019	A/Mogilev/1315/2019	EPI_ISL_377340	2019-03-06	Europe / Belarus	Human	gisaid_meta_2019.xls
A/MOLDOVA/109/2012	A/Moldova/109/2012	EPI_ISL_201715	2012-03-22	Europe / Moldova, Republic of	Human	gisaid_meta_2011-2014.xls
A/MOLDOVA/110/2012	A/Moldova/110/2012	EPI_ISL_201708	2012-03-22	Europe / Moldova, Republic of	Human	gisaid_meta_2011-2014.xls
A/MOLDOVA/11107/2015	A/Moldova/111.07/2015	EPI_ISL_190941	2015-02-10	Europe / Moldova, Republic of	Human	gisaid_meta_2015-2016.xls
A/MOLDOVA/138/2014	A/Moldova/138/2014	EPI_ISL_201700	2014-02-10	Europe / Moldova, Republic of	Human	gisaid_meta_2011-2014.xls
A/MOLDOVA/168/2014	A/Moldova/168/2014	EPI_ISL_201701	2014-02-20	Europe / Moldova, Republic of	Human	gisaid_meta_2011-2014.xls
A/MOLDOVA/4161/2020	A/Moldova/416.1/2020	EPI_ISL_529047	2020-03-03	Europe / Moldova, Republic of	Human	gisaid_meta_2020-21.xls
A/MOLDOVA/696/2013	A/Moldova/696/2013	EPI_ISL_154765	2013-12-17	Europe / Moldova, Republic of	Human	gisaid_meta_2011-2014.xls
A/MOLDOVA/7/2014	A/Moldova/7/2014	EPI_ISL_154766	2014-01-15	Europe / Moldova, Republic of	Human	gisaid_meta_2011-2014.xls
A/MOLDOVA/7/2014	A/Moldova/7/2014	EPI_ISL_158852	2014-01-15	Europe / Moldova, Republic of	Human	gisaid_meta_2011-2014.xls
A/MOLDOVA/85116/2019	A/Moldova/851.16/2019	EPI_ISL_363097	2019-04-16	Europe / Moldova, Republic of	Human	gisaid_meta_2019.xls
A/MOLDOVA/85116/2019	A/Moldova/851.16/2019	EPI_ISL_367802	2019-04-16	Europe / Moldova, Republic of	Human	gisaid_meta_2019.xls
A/MOLDOVA/94/2012	A/Moldova/94/2012	EPI_ISL_201713	2012-03-14	Europe / Moldova, Republic of	Human	gisaid_meta_2011-2014.xls
A/MOLDOVA/99/2012	A/Moldova/99/2012	EPI_ISL_201709	2012-03-20	Europe / Moldova, Republic of	Human	gisaid_meta_2011-2014.xls
A/MONTENEGRO/110/2016	A/Montenegro/110/2016	EPI_ISL_248857	2016-12-15	Europe / Montenegro	Human	gisaid_meta_2015-2016.xls
A/MONTENEGRO/41/2016	A/Montenegro/41/2016	EPI_ISL_267742	2016-11-28	Europe / Montenegro	Human	gisaid_meta_2015-2016.xls
A/MONTENEGRO/78/2016	A/Montenegro/78/2016	EPI_ISL_267122	2016-12-12	Europe / Montenegro	Human	gisaid_meta_2015-2016.xls
A/MONTENEGRO/78/2016	A/Montenegro/78/2016	EPI_ISL_267123	2016-12-12	Europe / Montenegro	Human	gisaid_meta_2015-2016.xls
A/MORAMANGA/3423/2012	A/Moramanga/3423/2012	EPI_ISL_141677	2012-05-24	Africa / Madagascar	Human	gisaid_meta_2011-2014.xls
A/MORAMANGA/50/2015	A/Moramanga/50/2015	EPI_ISL_190922	2015-01-08	Africa / Madagascar	Human	gisaid_meta_2015-2016.xls
A/MOSCOW/100/2015	A/Moscow/100/2015	EPI_ISL_191781	2015-03-19	Europe / Russian Federation	Human	gisaid_meta_2015-2016.xls
A/MOSCOW/101/2015	A/Moscow/101/2015	EPI_ISL_191782	2015-03-18	Europe / Russian Federation	Human	gisaid_meta_2015-2016.xls
A/MOSCOW/103/2015	A/Moscow/103/2015	EPI_ISL_191783	2015-03-15	Europe / Russian Federation	Human	gisaid_meta_2015-2016.xls
A/MOSCOW/119/2020	A/Moscow/119/2020	EPI_ISL_527239	2020-03-25	Europe / Russian Federation	Human	gisaid_meta_2020-21.xls
A/MOSCOW/133/2015	A/Moscow/133/2015	EPI_ISL_191784	2015-04-09	Europe / Russian Federation	Human	gisaid_meta_2015-2016.xls
A/MOSCOW/137/2013	A/Moscow/137/2013	EPI_ISL_155904	2013-12-24	Europe / Russian Federation	Human	gisaid_meta_2011-2014.xls
A/MOSCOW/138/2013	A/Moscow/138/2013	EPI_ISL_155905	2013-12-27	Europe / Russian Federation	Human	gisaid_meta_2011-2014.xls
A/MOSCOW/140/2013	A/Moscow/140/2013	EPI_ISL_155906	2013-12-30	Europe / Russian Federation	Human	gisaid_meta_2011-2014.xls
A/MOSCOW/15/2019	A/Moscow/15/2019	EPI_ISL_401514	2019-11-25	Europe / Russian Federation / Moscow	Human	gisaid_meta_2019.xls
A/MOSCOW/15/2019	A/Moscow/15/2019	EPI_ISL_406319	2019-11-05	Europe / Russian Federation	Human	gisaid_meta_2019.xls
A/MOSCOW/179/2003	A/MOSCOW/179/2003	EPI_ISL_67222	2003-12-15	Europe / Russian Federation	Human	gisaid_meta_2010.xls
A/MOSCOW/28/2003	A/MOSCOW/28/2003	EPI_ISL_67223	2003-02-04	Europe / Russian Federation	Human	gisaid_meta_2010.xls
A/MOSCOW/7/2005	A/MOSCOW/7/2005	EPI_ISL_64712	2005-02-28	Europe / Russian Federation	Human	gisaid_meta_2010.xls
A/MOZAMBIQUE/IR424/2015	A/Mozambique/IR424/2015	EPI_ISL_201669	2015-01-26	Africa / Mozambique	Human	gisaid_meta_2015-2016.xls
A/MOZAMBIQUE/IR436/2015	A/Mozambique/IR436/2015	EPI_ISL_201670	2015-01-30	Africa / Mozambique	Human	gisaid_meta_2015-2016.xls
A/MOZAMBIQUE/IR451/2015	A/Mozambique/IR451/2015	EPI_ISL_201671	2015-02-09	Africa / Mozambique	Human	gisaid_meta_2015-2016.xls
A/MOZAMBIQUE/IR493/2015	A/Mozambique/IR493/2015	EPI_ISL_201675	2015-02-19	Africa / Mozambique	Human	gisaid_meta_2015-2016.xls
A/MOZAMBIQUE/IR803/2015	A/Mozambique/IR803/2015	EPI_ISL_201678	2015-05-06	Africa / Mozambique	Human	gisaid_meta_2015-2016.xls
A/MURES/157328/2014	A/Mures/157328/2014	EPI_ISL_154008	2014-01-07	Europe / Romania / Judetul Mures	Human	gisaid_meta_2011-2014.xls
A/MURES/157328/2014	A/Mures/157328/2014	EPI_ISL_154767	2014-01-07	Europe / Romania	Human	gisaid_meta_2011-2014.xls
A/MURES/163025/2014	A/Mures/163025/2014	EPI_ISL_164241	2014-03-26	Europe / Romania	Human	gisaid_meta_2011-2014.xls
A/NAGANOC/21/2016	A/NAGANO-C/21/2016	EPI_ISL_222748	2016-02-20	Asia / Japan	Human	gisaid_meta_2015-2016.xls
A/NAGANOC/21/2016	A/Nagano-C/21/2016	EPI_ISL_238611	2016	Asia / Japan	Human	gisaid_meta_2015-2016.xls
A/NAGANOC/21/2016	A/Nagano-C/21/2016	EPI_ISL_239439	2016	Asia / Japan	Human	gisaid_meta_2015-2016.xls
A/NANTES/1441/2017	A/Nantes/1441/2017	EPI_ISL_284658	2017-10-10	Europe / France / Pays_de_Loire	Human	gisaid_meta_2017.xls
A/NANTES/1441/2017	A/Nantes/1441/2017	EPI_ISL_292387	2017-10-10	Europe / France	Human	gisaid_meta_2017.xls
A/NAVARRA/1503/2013	A/Navarra/1503/2013	EPI_ISL_152895	2013-11-27	Europe / Spain / Foral Community of Navarre	Human	gisaid_meta_2011-2014.xls
A/NAVARRA/1503/2013	A/Navarra/1503/2013	EPI_ISL_153175	2013-11-27	Europe / Spain	Human	gisaid_meta_2011-2014.xls
A/NAVARRA/1528/2013	A/Navarra/1528/2013	EPI_ISL_153176	2013-12-10	Europe / Spain	Human	gisaid_meta_2011-2014.xls
A/NAVARRA/1528/2013	A/Navarra/1528/2013	EPI_ISL_153239	2013-12-10	Europe / Spain / Foral Community of Navarre	Human	gisaid_meta_2011-2014.xls
A/NAVARRA/1528/2013	A/Navarra/1528/2013	EPI_ISL_153708	2013-12-10	Europe / Spain	Human	gisaid_meta_2011-2014.xls
A/NAVARRA/1528/2013	A/Navarra/1528/2013	EPI_ISL_155740	2013-12-10	Europe / Spain / Foral Community of Navarre	Human	gisaid_meta_2011-2014.xls
A/NAVARRA/1565/2013	A/Navarra/1565/2013	EPI_ISL_153243	2013-12-10	Europe / Spain / Foral Community of Navarre	Human	gisaid_meta_2011-2014.xls
A/NAVARRA/1565/2013	A/Navarra/1565/2013	EPI_ISL_155744	2013-12-10	Europe / Spain / Foral Community of Navarre	Human	gisaid_meta_2011-2014.xls
A/NAVARRA/1565/2013	A/Navarra/1565/2013	EPI_ISL_155907	2013-12-10	Europe / Spain	Human	gisaid_meta_2011-2014.xls
A/NAVARRA/2147/2018	A/Navarra/2147/2018	EPI_ISL_312360	2018-03-06	Europe / Spain / Foral Community of Navarre	Human	gisaid_meta_2018.xls
A/NAVARRA/2147/2018	A/Navarra/2147/2018	EPI_ISL_315991	2018-03-06	Europe / Spain	Human	gisaid_meta_2018.xls
A/NAVARRA/2148/2018	A/Navarra/2148/2018	EPI_ISL_312361	2018-03-05	Europe / Spain / Foral Community of Navarre	Human	gisaid_meta_2018.xls
A/NAVARRA/2148/2018	A/Navarra/2148/2018	EPI_ISL_315992	2018-03-05	Europe / Spain	Human	gisaid_meta_2018.xls
A/NAVARRA/218/2014	A/Navarra/218/2014	EPI_ISL_155908	2014-01-09	Europe / Spain	Human	gisaid_meta_2011-2014.xls
A/NAVARRA/218/2014	A/Navarra/218/2014	EPI_ISL_156084	2014-01-09	Europe / Spain / Foral Community of Navarre	Human	gisaid_meta_2011-2014.xls
A/NAVARRA/508/2015	A/Navarra/508/2015	EPI_ISL_173139	2015-01-28	Europe / Spain / Foral Community of Navarre	Human	gisaid_meta_2015-2016.xls
A/NAVARRA/508/2015	A/Navarra/508/2015	EPI_ISL_179366	2015-01-28	Europe / Spain	Human	gisaid_meta_2015-2016.xls
A/NAVARRA/616/2015	A/Navarra/616/2015	EPI_ISL_190664	2015-01-15	Europe / Spain / Foral Community of Navarre	Human	gisaid_meta_2015-2016.xls
A/NAVARRA/618/2015	A/Navarra/618/2015	EPI_ISL_181587	2015-01-13	Europe / Spain	Human	gisaid_meta_2015-2016.xls
A/NAVARRA/642/2015	A/Navarra/642/2015	EPI_ISL_181588	2015-02-06	Europe / Spain	Human	gisaid_meta_2015-2016.xls
A/NAVARRA/745/2015	A/Navarra/745/2015	EPI_ISL_179367	2015-02-06	Europe / Spain	Human	gisaid_meta_2015-2016.xls
A/NAVARRA/745/2015	A/Navarra/745/2015	EPI_ISL_190322	2015-02-06	Europe / Spain / Foral Community of Navarre	Human	gisaid_meta_2015-2016.xls
A/NAVARRA/797/2015	A/Navarra/797/2015	EPI_ISL_179369	2015-02-13	Europe / Spain	Human	gisaid_meta_2015-2016.xls
A/NEPAL/NPWR05637/2021	A/Nepal/NPWR-05637/2021	EPI_ISL_2932452	2021-04-08	Asia / Nepal	Human	gisaid_meta_2020-21.xls
A/NEPAL/NPWR05637/2021	A/Nepal/NPWR-05637/2021	EPI_ISL_2932453	2021-04-08	Asia / Nepal	Human	gisaid_meta_2020-21.xls
A/NEPAL/NPWR05637/2021	A/Nepal/Npwr-05637/2021	EPI_ISL_4080569	2021-04-08	Asia / Nepal	Human	gisaid_meta_2020-21.xls
A/NETHERLANDS/1/2002	A/Netherlands/1/2002	EPI_ISL_110654	2002-01-07	Europe / Netherlands	Human	gisaid_meta_2010.xls
A/NETHERLANDS/1/2002	A/Netherlands/120/02	EPI_ISL_4244	2002	Europe / Netherlands	Human	gisaid_meta_2010.xls
A/NETHERLANDS/10002/2019	A/Netherlands/10002/2019	EPI_ISL_335584	2019-01-07	Europe / Netherlands	Human	gisaid_meta_2019.xls
A/NETHERLANDS/10002/2019	A/Netherlands/10002/2019	EPI_ISL_342096	2019-01-07	Europe / Netherlands	Human	gisaid_meta_2019.xls
A/NETHERLANDS/10006/2019	A/Netherlands/10006/2019	EPI_ISL_336268	2019-01-14	Europe / Netherlands	Human	gisaid_meta_2019.xls
A/NETHERLANDS/10006/2019	A/Netherlands/10006/2019	EPI_ISL_342097	2019-01-14	Europe / Netherlands	Human	gisaid_meta_2019.xls
A/NETHERLANDS/10028/2018	A/Netherlands/10028/2018	EPI_ISL_309304	2018-01-08	Europe / Netherlands	Human	gisaid_meta_2018.xls
A/NETHERLANDS/10037/2018	A/Netherlands/10037/2018	EPI_ISL_293133	2018-01-15	Europe / Netherlands	Human	gisaid_meta_2018.xls
A/NETHERLANDS/10037/2018	A/Netherlands/10037/2018	EPI_ISL_309306	2018-01-15	Europe / Netherlands	Human	gisaid_meta_2018.xls
A/NETHERLANDS/1018/2015	A/Netherlands/1018/2015	EPI_ISL_179457	2015-01-20	Europe / Netherlands	Human	gisaid_meta_2015-2016.xls
A/NETHERLANDS/1018/2015	A/Netherlands/1018/2015	EPI_ISL_191786	2015-01-20	Europe / Netherlands	Human	gisaid_meta_2015-2016.xls
A/NETHERLANDS/10260/2018	A/Netherlands/10260/2018	EPI_ISL_302358	2018-02-15	Europe / Netherlands	Human	gisaid_meta_2018.xls
A/NETHERLANDS/10260/2018	A/Netherlands/10260/2018	EPI_ISL_309310	2018-02-15	Europe / Netherlands	Human	gisaid_meta_2018.xls
A/NETHERLANDS/10260/2018	A/Netherlands/10260/2018	EPI_ISL_334099	2018-02-15	Europe / Netherlands	Human	gisaid_meta_2018.xls
A/NETHERLANDS/10260/2018	A/Netherlands/10260/2018	EPI_ISL_336557	2018-02-15	Europe / Netherlands	Human	gisaid_meta_2018.xls
A/NETHERLANDS/10260/2018	A/Netherlands/10260/2018	EPI_ISL_348116	2018-02-15	Europe / Netherlands	Human	gisaid_meta_2018.xls
A/NETHERLANDS/10267/2019	A/Netherlands/10267/2019	EPI_ISL_400290	2019-12-02	Europe / Netherlands	Human	gisaid_meta_2019.xls
A/NETHERLANDS/10267/2019	A/Netherlands/10267/2019	EPI_ISL_416279	2019-12-02	Europe / Netherlands	Human	gisaid_meta_2019.xls
A/NETHERLANDS/10268/2019	A/Netherlands/10268/2019	EPI_ISL_400586	2019-12-10	Europe / Netherlands	Human	gisaid_meta_2019.xls
A/NETHERLANDS/10268/2019	A/Netherlands/10268/2019	EPI_ISL_416280	2019-12-10	Europe / Netherlands	Human	gisaid_meta_2019.xls
A/NETHERLANDS/10273/2019	A/Netherlands/10273/2019	EPI_ISL_402103	2019-12-16	Europe / Netherlands	Human	gisaid_meta_2019.xls
A/NETHERLANDS/10273/2019	A/Netherlands/10273/2019	EPI_ISL_416281	2019-12-16	Europe / Netherlands	Human	gisaid_meta_2019.xls
A/NETHERLANDS/10279/2019	A/Netherlands/10279/2019	EPI_ISL_402105	2019-12-20	Europe / Netherlands	Human	gisaid_meta_2019.xls
A/NETHERLANDS/10279/2019	A/Netherlands/10279/2019	EPI_ISL_416282	2019-12-20	Europe / Netherlands	Human	gisaid_meta_2019.xls
A/NETHERLANDS/1034/2015	A/Netherlands/1034/2015	EPI_ISL_191787	2015-02-02	Europe / Netherlands	Human	gisaid_meta_2015-2016.xls
A/NETHERLANDS/118/2001	A/Netherlands/118/2001	EPI_ISL_111376	2001-03-14	Europe / Netherlands	Human	gisaid_meta_2010.xls
A/NETHERLANDS/123/2005	A/NETHERLANDS/123/2005	EPI_ISL_18231	2005	Europe / Netherlands	Human	gisaid_meta_2010.xls
A/NETHERLANDS/124/2001	A/Netherlands/124/2001	EPI_ISL_115622	2001-03-20	Europe / Netherlands	Human	gisaid_meta_2010.xls
A/NETHERLANDS/126/2001	A/Netherlands/126/2001	EPI_ISL_115623	2001-03-21	Europe / Netherlands	Human	gisaid_meta_2010.xls
A/NETHERLANDS/126/2001	A/Netherlands/126/2001	EPI_ISL_2687	2001	Europe / Netherlands	Human	gisaid_meta_2010.xls
A/NETHERLANDS/132/2004	A/Netherlands/132/2004	EPI_ISL_398267	2004-12-14	Europe / Netherlands / Provincie Groningen	Human	gisaid_meta_2010.xls
A/NETHERLANDS/1497/2015	A/Netherlands/1497/2015	EPI_ISL_191788	2015-02-12	Europe / Netherlands	Human	gisaid_meta_2015-2016.xls
A/NETHERLANDS/1726/2015	A/Netherlands/1726/2015	EPI_ISL_179484	2015-02-16	Europe / Netherlands	Human	gisaid_meta_2015-2016.xls
A/NETHERLANDS/1726/2015	A/Netherlands/1726/2015	EPI_ISL_191789	2015-02-16	Europe / Netherlands	Human	gisaid_meta_2015-2016.xls
A/NETHERLANDS/1903/2015	A/Netherlands/1903/2015	EPI_ISL_179486	2015-02-24	Europe / Netherlands	Human	gisaid_meta_2015-2016.xls
A/NETHERLANDS/1903/2015	A/Netherlands/1903/2015	EPI_ISL_191790	2015-02-24	Europe / Netherlands	Human	gisaid_meta_2015-2016.xls
A/NETHERLANDS/1916/2015	A/Netherlands/1916/2015	EPI_ISL_191792	2015-02-25	Europe / Netherlands	Human	gisaid_meta_2015-2016.xls
A/NETHERLANDS/2/2012	A/Netherlands/2/2012	EPI_ISL_17668135	2012-12-31	Europe / Netherlands	Human	gisaid_meta_2011-2014.xls
A/NETHERLANDS/20/2003	A/Netherlands/20/2003	EPI_ISL_110689	2003-02-18	Europe / Netherlands	Human	gisaid_meta_2010.xls
A/NETHERLANDS/217/2003	A/Netherlands/217/2003	EPI_ISL_110692	2003-04-20	Europe / Netherlands	Human	gisaid_meta_2010.xls
A/NETHERLANDS/22/2003	A/Netherlands/22/2003	EPI_ISL_110690	2003-02-23	Europe / Netherlands	Human	gisaid_meta_2010.xls
A/NETHERLANDS/222/2003	A/Netherlands/222/2003	EPI_ISL_113061	2003-04-14	Europe / Netherlands	Human	gisaid_meta_2010.xls
A/NETHERLANDS/2244/2013	A/Netherlands/2244/2013	EPI_ISL_153709	2013-10-19	Europe / Netherlands	Human	gisaid_meta_2011-2014.xls
A/NETHERLANDS/2247/2013	A/Netherlands/2247/2013	EPI_ISL_153710	2013-10-23	Europe / Netherlands	Human	gisaid_meta_2011-2014.xls
A/NETHERLANDS/2249/2013	A/Netherlands/2249/2013	EPI_ISL_153711	2013-12-05	Europe / Netherlands	Human	gisaid_meta_2011-2014.xls
A/NETHERLANDS/2249/2013	A/Netherlands/2249/2013	EPI_ISL_17668132	2013-12-31	Europe / Netherlands	Human	gisaid_meta_2011-2014.xls
A/NETHERLANDS/282/2009	A/Netherlands/282/2009	EPI_ISL_124896	2009-01-21	Europe / Netherlands	Human	gisaid_meta_2010.xls
A/NETHERLANDS/3/2000	A/Netherlands/3/2000	EPI_ISL_115621	2000-01-06	Europe / Netherlands	Human	gisaid_meta_2010.xls
A/NETHERLANDS/301/1999	A/Netherlands/301/1999	EPI_ISL_115773	1999-10-01	Europe / Netherlands	Human	gisaid_meta_2010.xls
A/NETHERLANDS/301/1999	A/Netherlands/301/1999	EPI_ISL_14284837	1999	Europe / Netherlands / South Holland / Gemeente Rotterdam	Human	gisaid_meta_2010.xls
A/NETHERLANDS/301/1999	A/Netherlands/301/1999	EPI_ISL_167268	1999	Europe / Netherlands	Human	gisaid_meta_2010.xls
A/NETHERLANDS/301/1999	A/Netherlands/301/1999	EPI_ISL_2402554	1999-01-01	Europe / Netherlands	Human	gisaid_meta_2010.xls
A/NETHERLANDS/301/1999	A/Netherlands/301/1999	EPI_ISL_84904	1999	Europe / Netherlands	Human	gisaid_meta_2010.xls
A/NETHERLANDS/312/2003	A/Netherlands/312/2003	EPI_ISL_113069	2003-09-25	Europe / Netherlands	Human	gisaid_meta_2010.xls
A/NETHERLANDS/3356/2016	A/Netherlands/3356/2016	EPI_ISL_240590	2016-11-24	Europe / Netherlands	Human	gisaid_meta_2015-2016.xls
A/NETHERLANDS/3356/2016	A/Netherlands/3356/2016	EPI_ISL_253130	2016-11-24	Europe / Netherlands	Human	gisaid_meta_2015-2016.xls
A/NETHERLANDS/34/2010	A/Netherlands/34/2010	EPI_ISL_186321	2010-12-23	Europe / Netherlands	Human	gisaid_meta_2010.xls
A/NETHERLANDS/34/2010	A/Netherlands/34/2010	EPI_ISL_88040	2010-12-23	Europe / Netherlands	Human	gisaid_meta_2010.xls
A/NETHERLANDS/3455/2016	A/Netherlands/3455/2016	EPI_ISL_241363	2016-12-10	Europe / Netherlands	Human	gisaid_meta_2015-2016.xls
A/NETHERLANDS/348/2007	A/Netherlands/348/2007	EPI_ISL_115696	2007-11-06	Europe / Netherlands	Human	gisaid_meta_2010.xls
A/NETHERLANDS/363/2006	A/Netherlands/363/2006	EPI_ISL_115648	2006-12-24	Europe / Netherlands	Human	gisaid_meta_2010.xls
A/NETHERLANDS/368/2002	A/NETHERLANDS/368/2002	EPI_ISL_18218	2002-12-10	Europe / Netherlands	Human	gisaid_meta_2010.xls
A/NETHERLANDS/368/2002	A/NETHERLANDS/368/2002	EPI_ISL_186258	2002-12-10	Europe / Netherlands	Human	gisaid_meta_2010.xls
A/NETHERLANDS/3768/2016	A/Netherlands/3768/2016	EPI_ISL_241350	2016-12-20	Europe / Netherlands	Human	gisaid_meta_2015-2016.xls
A/NETHERLANDS/3768/2016	A/Netherlands/3768/2016	EPI_ISL_253134	2016-12-20	Europe / Netherlands	Human	gisaid_meta_2015-2016.xls
A/NETHERLANDS/377/2008	A/Netherlands/377/2008	EPI_ISL_110724	2008-09-27	Europe / Netherlands	Human	gisaid_meta_2010.xls
A/NETHERLANDS/395/2014	A/Netherlands/395/2014	EPI_ISL_170310	2014-10-02	Europe / Netherlands	Human	gisaid_meta_2011-2014.xls
A/NETHERLANDS/398/2014	A/Netherlands/398/2014	EPI_ISL_170311	2014-10-27	Europe / Netherlands	Human	gisaid_meta_2011-2014.xls
A/NETHERLANDS/398/2014	A/Netherlands/398/2014	EPI_ISL_239747	2014-10-27	Europe / Netherlands	Human	gisaid_meta_2011-2014.xls
A/NETHERLANDS/427/1998	A/Netherlands/427/1998	EPI_ISL_111373	1998-11-16	Europe / Netherlands	Human	gisaid_meta_2010.xls
A/NETHERLANDS/462/1998	A/Netherlands/462/1998	EPI_ISL_115620	1998-12-16	Europe / Netherlands	Human	gisaid_meta_2010.xls
A/NETHERLANDS/525/2014	A/Netherlands/525/2014	EPI_ISL_175051	2014-12-17	Europe / Netherlands	Human	gisaid_meta_2011-2014.xls
A/NETHERLANDS/548/2005	A/Netherlands/548/2005	EPI_ISL_398266	2005-12-16	Europe / Netherlands / Rotterdam	Human	gisaid_meta_2010.xls
A/NETHERLANDS/702/2011	A/Netherlands/702/2011	EPI_ISL_103247	2011-12-02	Europe / Netherlands	Human	gisaid_meta_2011-2014.xls
A/NETHERLANDS/710/2011	A/Netherlands/710/2011	EPI_ISL_104143	2011-12-06	Europe / Netherlands	Human	gisaid_meta_2011-2014.xls
A/NETHERLANDS/713/2011	A/Netherlands/713/2011	EPI_ISL_104144	2011-12-29	Europe / Netherlands	Human	gisaid_meta_2011-2014.xls
A/NETHERLANDS/761/2009	A/Netherlands/761/2009	EPI_ISL_110727	2009-06-25	Europe / Netherlands	Human	gisaid_meta_2010.xls
A/NETHERLANDS/773/2014	A/Netherlands/773/2014	EPI_ISL_179495	2014-08-10	North America / Aruba	Human	gisaid_meta_2011-2014.xls
A/NETHERLANDS/778/2014	A/Netherlands/778/2014	EPI_ISL_179497	2014-11-25	North America / Aruba	Human	gisaid_meta_2011-2014.xls
A/NETHERLANDS/779/2014	A/Netherlands/779/2014	EPI_ISL_179498	2014-12-02	North America / Aruba	Human	gisaid_meta_2011-2014.xls
A/NETHERLANDS/88/2003	A/Netherlands/88/2003	EPI_ISL_110691	2003-03-05	Europe / Netherlands	Human	gisaid_meta_2010.xls
A/NEUQUEN/13234/2014	A/Neuquen/13234/2014	EPI_ISL_166736	2014-07-04	South America / Argentina	Human	gisaid_meta_2011-2014.xls
A/NEW CALEDONIA/12/1998	A/New Caledonia/12/1998	EPI_ISL_6949625	1998-05-02	Oceania / New Caledonia	Human	gisaid_meta_2010.xls
A/NEW CALEDONIA/59/2019	A/New Caledonia/59/2019	EPI_ISL_363286	2019-04-02	Oceania / New Caledonia / South Province	Human	gisaid_meta_2019.xls
A/NEW CALEDONIA/59/2019	A/New Caledonia/59/2019	EPI_ISL_366046	2019-04-02	Oceania / New Caledonia / South	Human	gisaid_meta_2019.xls
A/NEW CALEDONIA/6/2002	A/New Caledonia/6/2002	EPI_ISL_6314532	2002-04-04	Oceania / New Caledonia	Human	gisaid_meta_2010.xls
A/NEW CALEDONIA/6/2002	A/New Caledonia/6/2002	EPI_ISL_67658	2002-04-04	Oceania / New Caledonia	Human	gisaid_meta_2010.xls
A/NEW CALEDONIA/7/2000	A/New Caledonia/7/2000	EPI_ISL_5054220	2000-07-11	Oceania / New Caledonia	Human	gisaid_meta_2010.xls
A/NEW CALEDONIA/7/2004	A/New Caledonia/7/2004	EPI_ISL_6949627	2004-05-07	Oceania / New Caledonia	Human	gisaid_meta_2010.xls
A/NEW CALEDONIA/71/2014	A/New Caledonia/71/2014	EPI_ISL_15146260	2014-08-13	Oceania / New Caledonia	Human	gisaid_meta_2011-2014.xls
A/NEW CALEDONIA/71/2014	A/New Caledonia/71/2014	EPI_ISL_15146402	2014-08-13	Oceania / New Caledonia	Human	gisaid_meta_2011-2014.xls
A/NEW CALEDONIA/71/2014	A/NEW CALEDONIA/71/2014	EPI_ISL_168901	2014-08-13	Oceania / New Caledonia	Human	gisaid_meta_2011-2014.xls
A/NEW CALEDONIA/71/2014	A/New Caledonia/71/2014	EPI_ISL_169519	2014-08-13	Oceania / New Caledonia	Human	gisaid_meta_2011-2014.xls
A/NEW CALEDONIA/71/2014	A/New Caledonia/71/2014	EPI_ISL_172232	2014-08-13	Oceania / New Caledonia	Human	gisaid_meta_2011-2014.xls
A/NEW CALEDONIA/71/2014	A/New Caledonia/71/2014	EPI_ISL_172396	2014-08-13	Oceania / Australia	Human	gisaid_meta_2011-2014.xls
A/NEW CALEDONIA/71/2014	A/NEW CALEDONIA/71/2014	EPI_ISL_173955	2014-08-13	Oceania / Australia	Human	gisaid_meta_2011-2014.xls
A/NEWCASTLE/25/2014	A/Newcastle/25/2014	EPI_ISL_15146262	2014-05-04	Oceania / Australia / New South Wales / Croudace Bay	Human	gisaid_meta_2011-2014.xls
A/NEWCASTLE/25/2014	A/NEWCASTLE/25/2014	EPI_ISL_164980	2014-05-04	Oceania / Australia / New South Wales / Belmont	Human	gisaid_meta_2011-2014.xls
A/NEWCASTLE/25/2014	A/Newcastle/25/2014	EPI_ISL_288201	2014-05-04	Oceania / Australia	Human	gisaid_meta_2011-2014.xls
A/NEWCASTLE/28/2014	A/NEWCASTLE/28/2014	EPI_ISL_164981	2014-06-28	Oceania / Australia / New South Wales / Islington	Human	gisaid_meta_2011-2014.xls
A/NEWCASTLE/30/2016	A/Newcastle/30/2016	EPI_ISL_227637	2016-03-29	Oceania / Australia / New South  Wales	Human	gisaid_meta_2015-2016.xls
A/NEWCASTLE/30/2016	A/Newcastle/30/2016	EPI_ISL_239348	2016-03-29	Oceania / Australia	Human	gisaid_meta_2015-2016.xls
A/NEWCASTLE/30/2016	A/Newcastle/30/2016	EPI_ISL_239440	2016-03-29	Oceania / Australia	Human	gisaid_meta_2015-2016.xls
A/NEWCASTLE/30/2016	A/Newcastle/30/2016	EPI_ISL_2454699	2016-03-29	Oceania / Australia	Human	gisaid_meta_2015-2016.xls
A/NEWCASTLE/30/2016	A/Newcastle/30/2016	EPI_ISL_255495	2016-03-29	Oceania / Australia / New South Wales / Booragul	Human	gisaid_meta_2015-2016.xls
A/NEWCASTLE/30/2016	A/Newcastle/30/2016	EPI_ISL_289135	2016-03-29	Oceania / Australia	Human	gisaid_meta_2015-2016.xls
A/NEWCASTLE/82/2018	A/Newcastle/82/2018	EPI_ISL_335436	2018-12-23	Oceania / Australia / New South Wales / Kotara East	Human	gisaid_meta_2018.xls
A/NEWCASTLE/82/2018	A/Newcastle/82/2018	EPI_ISL_339348	2018-12-23	Oceania / Australia / New South Wales / Kotara East	Human	gisaid_meta_2018.xls
A/NEWCASTLE/82/2018	A/Newcastle/82/2018	EPI_ISL_391801	2018-12-23	Oceania / Australia / New South Wales	Human	gisaid_meta_2018.xls
A/NEWCASTLE/82/2018	A/Newcastle/82/2018	EPI_ISL_395031	2018-12-23	Oceania / Australia	Human	gisaid_meta_2018.xls
A/NEWCASTLE/82/2018	A/Newcastle/82/2018	EPI_ISL_395033	2018-12-23	Oceania / Australia	Human	gisaid_meta_2018.xls
A/NEWCASTLE/82/2018	A/Newcastle/82/2018	EPI_ISL_395587	2018-12-23	Oceania / Australia / New South Wales / Kotara East	Human	gisaid_meta_2018.xls
A/NEWCASTLE/82/2018	A/Newcastle/82/2018	EPI_ISL_398938	2018-12-23	Oceania / Australia	Human	gisaid_meta_2018.xls
A/NEWCASTLE/82/2018	A/Newcastle/82/2018	EPI_ISL_413290	2018-12-23	Oceania / Australia	Human	gisaid_meta_2018.xls
A/NICE/491/1997	A/Nice/491/1997	EPI_ISL_111339	1996-12-30	Europe / France	Human	gisaid_meta_2010.xls
A/NICE/938/2004	A/NICE/938/2004	EPI_ISL_187663	2004-12-06	Europe / France	Human	gisaid_meta_2010.xls
A/NICE/938/2004	A/NICE/938/2004	EPI_ISL_65559	2004-12-06	Europe / France	Human	gisaid_meta_2010.xls
A/NIEDERSACHSEN/1/2014	A/Niedersachsen/1/2014	EPI_ISL_155909	2014-01-10	Europe / Germany	Human	gisaid_meta_2011-2014.xls
A/NIEDERSACHSEN/113/2013	A/Niedersachsen/113/2013	EPI_ISL_175524	2013-12-19	Europe / Germany	Human	gisaid_meta_2011-2014.xls
A/NIEDERSACHSEN/151/2019	A/Niedersachsen/151/2019	EPI_ISL_355951	2019-03-25	Europe / Germany	Human	gisaid_meta_2019.xls
A/NIEDERSACHSEN/151/2019	A/Niedersachsen/151/2019	EPI_ISL_358041	2019-03-25	Europe / Germany	Human	gisaid_meta_2019.xls
A/NIEDERSACHSEN/185/2017	A/Niedersachsen/185/2017	EPI_ISL_274109	2017-03-20	Europe / Germany	Human	gisaid_meta_2017.xls
A/NIEDERSACHSEN/186/2017	A/Niedersachsen/186/2017	EPI_ISL_274110	2017-03-21	Europe / Germany	Human	gisaid_meta_2017.xls
A/NIEDERSACHSEN/4/2015	A/Niedersachsen/4/2015	EPI_ISL_170656	2015-01-07	Europe / Germany	Human	gisaid_meta_2015-2016.xls
A/NIEDERSACHSEN/5/2015	A/Niedersachsen/5/2015	EPI_ISL_13017098	2015-01-08	Europe / Germany	Human	gisaid_meta_2015-2016.xls
A/NIEDERSACHSEN/5/2015	A/Niedersachsen/5/2015	EPI_ISL_170657	2015-01-08	Europe / Germany	Human	gisaid_meta_2015-2016.xls
A/NIEDERSACHSEN/5/2017	A/Niedersachsen/5/2017	EPI_ISL_256040	2017-01-05	Europe / Germany	Human	gisaid_meta_2017.xls
A/NIEDERSACHSEN/51/2020	A/Niedersachsen/51/2020	EPI_ISL_426235	2020-02-11	Europe / Germany	Human	gisaid_meta_2020-21.xls
A/NIEDERSACHSEN/51/2020	A/Niedersachsen/51/2020	EPI_ISL_482831	2020-02-11	Europe / Germany	Human	gisaid_meta_2020-21.xls
A/NIEDERSACHSEN/8/2014	A/Niedersachsen/8/2014	EPI_ISL_170318	2014-10-09	Europe / Germany	Human	gisaid_meta_2011-2014.xls
A/NIEDERSACHSEN/81/2019	A/Niedersachsen/81/2019	EPI_ISL_355090	2019-01-25	Europe / Germany	Human	gisaid_meta_2019.xls
A/NIEDERSACHSEN/9/2014	A/Niedersachsen/9/2014	EPI_ISL_170319	2014-11-03	Europe / Germany	Human	gisaid_meta_2011-2014.xls
A/NIIGATA/1204/2004	A/NIIGATA/1204/2004	EPI_ISL_65564	2004-07-12	Asia / Japan	Human	gisaid_meta_2010.xls
A/NIMES/2454/2014	A/Nimes/2454/2014	EPI_ISL_170320	2014-12-18	Europe / France	Human	gisaid_meta_2011-2014.xls
A/NIMES/2658/2013	A/Nimes/2658/2013	EPI_ISL_153712	2013-10-24	Europe / France	Human	gisaid_meta_2011-2014.xls
A/NIS/1471/2012	A/Nis/1471/2012	EPI_ISL_128068	2012-03-26	Europe / Serbia	Human	gisaid_meta_2011-2014.xls
A/NIS/1472/2012	A/Nis/1472/2012	EPI_ISL_128069	2012-03-26	Europe / Serbia	Human	gisaid_meta_2011-2014.xls
A/NITRA/106/2019	A/Nitra/106/2019	EPI_ISL_377341	2019-01-24	Europe / Slovakia	Human	gisaid_meta_2019.xls
A/NITRA/157/2017	A/Nitra/157/2017	EPI_ISL_275506	2017-01-11	Europe / Slovakia	Human	gisaid_meta_2017.xls
A/NITRA/205/2015	A/Nitra/205/2015	EPI_ISL_191795	2015-02-02	Europe / Slovakia	Human	gisaid_meta_2015-2016.xls
A/NIZHNYNOVGOROD/14645V/2018	A/Nizhny Novgorod/14645V/2018	EPI_ISL_332723	2018-11-20	Europe / Russian Federation / Nizhni Novgorod Oblast	Human	gisaid_meta_2018.xls
A/NIZHNYNOVGOROD/14645V/2018	A/Nizhny Novgorod/14645V/2018	EPI_ISL_332799	2018-11-20	Europe / Russian Federation / Nizhni Novgorod Oblast	Human	gisaid_meta_2018.xls
A/NIZHNYNOVGOROD/14645V/2018	A/Nizhny Novgorod/14645V/2018	EPI_ISL_342012	2018-11-20	Europe / Russian Federation	Human	gisaid_meta_2018.xls
A/NNOVGOROD/303/2014	A/N.Novgorod/303/2014	EPI_ISL_191785	2014-12-19	Europe / Russian Federation	Human	gisaid_meta_2011-2014.xls
A/NORDPASDECALAIS/1108/2020	A/Nord_pas_de_Calais/1108/2020	EPI_ISL_462126	2020-02-10	Europe / France	Human	gisaid_meta_2020-21.xls
A/NORDPASDECALAIS/1108/2020	A/Nord_pas_de_Calais/1108/2020	EPI_ISL_485768	2020-02-10	Europe / France	Human	gisaid_meta_2020-21.xls
A/NORDPASDECALAIS/1108/2020	A/Nord_Pas_de_Calais/1108/2020	EPI_ISL_515497	2020-02-10	Europe / France / Nord_Pas_de_Calais	Human	gisaid_meta_2020-21.xls
A/NORDPASDECALAIS/1803/2019	A/Nord_Pas_de_Calais/1803/2019	EPI_ISL_353954	2019-03-26	Europe / France / Nord_Pas_de_Calais	Human	gisaid_meta_2019.xls
A/NORDPASDECALAIS/1803/2019	A/Nord_Pas_de_Calais/1803/2019	EPI_ISL_388730	2019-03-26	Europe / France	Human	gisaid_meta_2019.xls
A/NORDPASDECALAIS/2301/2014	A/Nord Pas de Calais/2301/2014	EPI_ISL_170013	2014-12-16	Europe / France / Region Nord-Pas-De Calais / Departement du Pas-de-Calais	Human	gisaid_meta_2011-2014.xls
A/NORDPASDECALAIS/2317/2014	A/Nord Pas de Calais/2317/2014	EPI_ISL_170200	2014-12-15	Europe / France / Region Nord-Pas-De Calais / Departement du Nord	Human	gisaid_meta_2011-2014.xls
A/NORDPASDECALAIS/2318/2014	A/Nord Pas de Calais/2318/2014	EPI_ISL_170201	2014-12-17	Europe / France / Region Nord-Pas-De Calais / Departement du Pas-de-Calais	Human	gisaid_meta_2011-2014.xls
A/NORDPASDECALAIS/2318/2014	A/Nord Pas de Calais/2318/2014	EPI_ISL_172397	2014-12-17	Europe / France	Human	gisaid_meta_2011-2014.xls
A/NORDPASDECALAIS/2726/2018	A/Nord_Pas_de_Calais/2726/2018	EPI_ISL_335972	2018-12-26	Europe / France / Nord_Pas_de_Calais	Human	gisaid_meta_2018.xls
A/NORDPASDECALAIS/2726/2018	A/Nord_Pas_de_Calais/2726/2018	EPI_ISL_347163	2018-12-26	Europe / France	Human	gisaid_meta_2018.xls
A/NORDRHEINWESTFALEN/1/2013	A/Nordrhein-Westfalen/1/2013	EPI_ISL_134172	2013-01-03	Europe / Germany	Human	gisaid_meta_2011-2014.xls
A/NORDRHEINWESTFALEN/1/2013	A/Nordrhein-Westfalen/1/2013	EPI_ISL_141679	2013-01-03	Europe / Germany	Human	gisaid_meta_2011-2014.xls
A/NORDRHEINWESTFALEN/101/2019	A/Nordrhein-Westfalen/101/2019	EPI_ISL_358042	2019-03-25	Europe / Germany	Human	gisaid_meta_2019.xls
A/NORDRHEINWESTFALEN/106/2017	A/Nordrhein-Westfalen/106/2017	EPI_ISL_267691	2017-03-17	Europe / Germany	Human	gisaid_meta_2017.xls
A/NORDRHEINWESTFALEN/106/2017	A/Nordrhein-Westfalen/106/2017	EPI_ISL_274111	2017-03-17	Europe / Germany	Human	gisaid_meta_2017.xls
A/NORDRHEINWESTFALEN/11/2019	A/Nordrhein-Westfalen/11/2019	EPI_ISL_347164	2019-01-21	Europe / Germany	Human	gisaid_meta_2019.xls
A/NORDRHEINWESTFALEN/18/2014	A/Nordrhein-Westfalen/18/2014	EPI_ISL_170322	2014-12-22	Europe / Germany	Human	gisaid_meta_2011-2014.xls
A/NORDRHEINWESTFALEN/22/2019	A/Nordrhein-Westfalen/22/2019	EPI_ISL_343578	2019-01-28	Europe / Germany	Human	gisaid_meta_2019.xls
A/NORDRHEINWESTFALEN/22/2019	A/Nordrhein-Westfalen/22/2019	EPI_ISL_347165	2019-01-28	Europe / Germany	Human	gisaid_meta_2019.xls
A/NORDRHEINWESTFALEN/41/2019	A/Nordrhein-Westfalen/41/2019	EPI_ISL_347166	2019-01-04	Europe / Germany	Human	gisaid_meta_2019.xls
A/NORDRHEINWESTFALEN/53/2019	A/Nordrhein-Westfalen/53/2019	EPI_ISL_355092	2019-02-11	Europe / Germany	Human	gisaid_meta_2019.xls
A/NORDRHEINWESTFALEN/60/2019	A/Nordrhein-Westfalen/60/2019	EPI_ISL_346531	2019-02-18	Europe / Germany	Human	gisaid_meta_2019.xls
A/NORDRHEINWESTFALEN/60/2019	A/Nordrhein-Westfalen/60/2019	EPI_ISL_355093	2019-02-18	Europe / Germany	Human	gisaid_meta_2019.xls
A/NORDRHEINWESTFALEN/82/2019	A/Nordrhein-Westfalen/82/2019	EPI_ISL_358043	2019-03-11	Europe / Germany	Human	gisaid_meta_2019.xls
A/NORDRHEINWESTFALEN/89/2019	A/Nordrhein-Westfalen/89/2019	EPI_ISL_358044	2019-03-15	Europe / Germany	Human	gisaid_meta_2019.xls
A/NORDRHEINWESTFALEN/97/2019	A/Nordrhein-Westfalen/97/2019	EPI_ISL_358045	2019-03-14	Europe / Germany	Human	gisaid_meta_2019.xls
A/NORTH CAROLINA/13/2014	A/North Carolina/13/2014	EPI_ISL_15146407	2014-04-15	North America / United States / North Carolina	Human	gisaid_meta_2011-2014.xls
A/NORTH CAROLINA/13/2014	A/North Carolina/13/2014	EPI_ISL_160433	2014-04-15	North America / United States / North Carolina	Human	gisaid_meta_2011-2014.xls
A/NORTH CAROLINA/13/2014	A/North Carolina/13/2014	EPI_ISL_164439	2014-04-15	North America / United States / North Carolina	Human	gisaid_meta_2011-2014.xls
A/NORTH CAROLINA/13/2014	A/North Carolina/13/2014	EPI_ISL_166997	2014-04-15	North America / United States / North Carolina	Human	gisaid_meta_2011-2014.xls
A/NORTH CAROLINA/13/2014	A/North Carolina/13/2014	EPI_ISL_171758	2014-04-15	North America / United States	Human	gisaid_meta_2011-2014.xls
A/NORTH CAROLINA/13/2014	A/North Carolina/13/2014	EPI_ISL_172399	2014-04-15	North America / United States	Human	gisaid_meta_2011-2014.xls
A/NORTH CAROLINA/13/2014	A/North Carolina/13/2014	EPI_ISL_173570	2014-04-15	North America / United States / North Carolina	Human	gisaid_meta_2011-2014.xls
A/NORTHDAKOTA/1/2004	A/North Dakota/1/2004	EPI_ISL_21241	2004-10-20	North America / United States / North Dakota	Human	gisaid_meta_2010.xls
A/NORTHKAZAKHSTAN/363/2019	A/North Kazakhstan/363/2019	EPI_ISL_367803	2019-02-13	Asia / Kazakhstan	Human	gisaid_meta_2019.xls
A/NORWAY/10230/2021	A/Norway/10230/2021	EPI_ISL_11872932	2021-04-14	Europe / Norway	Human	gisaid_meta_2020-21.xls
A/NORWAY/10230/2021	A/Norway/10230/2021	EPI_ISL_2932740	2021-04-14	Europe / Norway	Human	gisaid_meta_2020-21.xls
A/NORWAY/1103/2004	A/Norway/1103/2004	EPI_ISL_10485	2004	Europe / Norway	Human	gisaid_meta_2010.xls
A/NORWAY/1120/2017	A/Norway/1120/2017	EPI_ISL_268067	2017-02-11	Europe / Norway	Human	gisaid_meta_2017.xls
A/NORWAY/114/2012	A/Norway/114/2012	EPI_ISL_107881	2012-01-10	Europe / Norway	Human	gisaid_meta_2011-2014.xls
A/NORWAY/1141/2009	A/Norway/1141/2009	EPI_ISL_185627	2009-03-24	Europe / Norway	Human	gisaid_meta_2010.xls
A/NORWAY/1141/2009	A/Norway/1141/2009	EPI_ISL_60031	2009-03-24	Europe / Norway	Human	gisaid_meta_2010.xls
A/NORWAY/1151/2015	A/Norway/1151/2015	EPI_ISL_190923	2015-02-25	Europe / Norway	Human	gisaid_meta_2015-2016.xls
A/NORWAY/1186/2011	A/Norway/1186/2011	EPI_ISL_93711	2011-03-16	Europe / Norway	Human	gisaid_meta_2011-2014.xls
A/NORWAY/1191/2004	A/Norway/1191/2004	EPI_ISL_10486	2004	Europe / Norway	Human	gisaid_meta_2010.xls
A/NORWAY/1477/2017	A/Norway/1477/2017	EPI_ISL_273181	2017-03-04	Europe / Norway	Human	gisaid_meta_2017.xls
A/NORWAY/1481/2017	A/Norway/1481/2017	EPI_ISL_273183	2017-02-27	Europe / Norway	Human	gisaid_meta_2017.xls
A/NORWAY/1656/2015	A/Norway/1656/2015	EPI_ISL_190924	2015-03-21	Europe / Norway	Human	gisaid_meta_2015-2016.xls
A/NORWAY/17392009	A/Norway/1739/2009	EPI_ISL_60056	2009-06-10	Europe / Norway	Human	gisaid_meta_2010.xls
A/NORWAY/1819/2018	A/Norway/1819/2018	EPI_ISL_314672	2018-03-05	Europe / Norway	Human	gisaid_meta_2018.xls
A/NORWAY/1900/2020	A/Norway/1900/2020	EPI_ISL_500734	2020-03-12	Europe / Norway	Human	gisaid_meta_2020-21.xls
A/NORWAY/1906/2020	A/Norway/1906/2020	EPI_ISL_500735	2020-03-12	Europe / Norway	Human	gisaid_meta_2020-21.xls
A/NORWAY/1934/2017	A/Norway/1934/2017	EPI_ISL_273261	2017-03-21	Europe / Norway	Human	gisaid_meta_2017.xls
A/NORWAY/1940/2017	A/Norway/1940/2017	EPI_ISL_273262	2017-03-20	Europe / Norway	Human	gisaid_meta_2017.xls
A/NORWAY/2032/2019	A/Norway/2032/2019	EPI_ISL_394025	2019-05-14	Europe / Norway	Human	gisaid_meta_2019.xls
A/NORWAY/2069/2020	A/Norway/2069/2020	EPI_ISL_477588	2020-03-12	Europe / Norway	Human	gisaid_meta_2020-21.xls
A/NORWAY/2069/2020	A/Norway/2069/2020	EPI_ISL_500736	2020-03-12	Europe / Norway	Human	gisaid_meta_2020-21.xls
A/NORWAY/2099/2019	A/Norway/2099/2019	EPI_ISL_394026	2019-05-24	Europe / Norway	Human	gisaid_meta_2019.xls
A/NORWAY/2113/2017	A/Norway/2113/2017	EPI_ISL_273265	2017-03-30	Europe / Norway	Human	gisaid_meta_2017.xls
A/NORWAY/2115/2020	A/Norway/2115/2020	EPI_ISL_19741959	2020-03-18	Europe / Norway / Finnmark	Human	gisaid_meta_2020-21.xls
A/NORWAY/2115/2020	A/Norway/2115/2020	EPI_ISL_477589	2020-03-18	Europe / Norway	Human	gisaid_meta_2020-21.xls
A/NORWAY/2115/2020	A/Norway/2115/2020	EPI_ISL_500737	2020-03-18	Europe / Norway	Human	gisaid_meta_2020-21.xls
A/NORWAY/2155/2019	A/Norway/2155/2019	EPI_ISL_394027	2019-06-18	Europe / Norway	Human	gisaid_meta_2019.xls
A/NORWAY/216/2005	A/Norway/216/2005	EPI_ISL_10493	2005	Europe / Norway	Human	gisaid_meta_2010.xls
A/NORWAY/217/2015	A/Norway/217/2015	EPI_ISL_172238	2015-01-12	Europe / Norway / Oslo	Human	gisaid_meta_2015-2016.xls
A/NORWAY/2174/2020	A/Norway/2174/2020	EPI_ISL_486952	2020-03-17	Europe / Norway / Rogaland	Human	gisaid_meta_2020-21.xls
A/NORWAY/2174/2020	A/Norway/2174/2020	EPI_ISL_500738	2020-03-17	Europe / Norway	Human	gisaid_meta_2020-21.xls
A/NORWAY/2176/2020	A/Norway/2176/2020	EPI_ISL_500739	2020-03-18	Europe / Norway	Human	gisaid_meta_2020-21.xls
A/NORWAY/2178/2014	A/Norway/2178/2014	EPI_ISL_166084	2014-08-07	Europe / Norway / Rogaland	Human	gisaid_meta_2011-2014.xls
A/NORWAY/2178/2014	A/Norway/2178/2014	EPI_ISL_170323	2014-08-07	Europe / Norway	Human	gisaid_meta_2011-2014.xls
A/NORWAY/2178/2014	A/Norway/2178/2014	EPI_ISL_205285	2014	Europe / Norway	Human	gisaid_meta_2011-2014.xls
A/NORWAY/2205/2020	A/Norway/2205/2020	EPI_ISL_19741969	2020-03-15	Europe / Norway / Oslo	Human	gisaid_meta_2020-21.xls
A/NORWAY/2205/2020	A/Norway/2205/2020	EPI_ISL_500740	2020-03-15	Europe / Norway	Human	gisaid_meta_2020-21.xls
A/NORWAY/2208/2020	A/Norway/2208/2020	EPI_ISL_500741	2020-03-14	Europe / Norway	Human	gisaid_meta_2020-21.xls
A/NORWAY/2220/2019	A/Norway/2220/2019	EPI_ISL_394031	2019-08-05	Europe / Norway	Human	gisaid_meta_2019.xls
A/NORWAY/2224/2019	A/Norway/2224/2019	EPI_ISL_394033	2019-07-31	Europe / Norway	Human	gisaid_meta_2019.xls
A/NORWAY/2228/2020	A/Norway/2228/2020	EPI_ISL_500742	2020-03-15	Europe / Norway	Human	gisaid_meta_2020-21.xls
A/NORWAY/2238/2018	A/Norway/2238/2018	EPI_ISL_314176	2018-03-23	Europe / Norway	Human	gisaid_meta_2018.xls
A/NORWAY/2282/2019	A/Norway/2282/2019	EPI_ISL_397276	2019-09-25	Europe / Norway	Human	gisaid_meta_2019.xls
A/NORWAY/2282/2019	A/Norway/2282/2019	EPI_ISL_609934	2019-09-25	Europe / Norway	Human	gisaid_meta_2019.xls
A/NORWAY/2290/2020	A/Norway/2290/2020	EPI_ISL_477591	2020-03-24	Europe / Norway	Human	gisaid_meta_2020-21.xls
A/NORWAY/2290/2020	A/Norway/2290/2020	EPI_ISL_486968	2020-03-24	Europe / Norway	Human	gisaid_meta_2020-21.xls
A/NORWAY/2290/2020	A/Norway/2290/2020	EPI_ISL_500743	2020-03-24	Europe / Norway	Human	gisaid_meta_2020-21.xls
A/NORWAY/2292/2020	A/Norway/2292/2020	EPI_ISL_486970	2020-03-20	Europe / Norway / Trondelag	Human	gisaid_meta_2020-21.xls
A/NORWAY/2292/2020	A/Norway/2292/2020	EPI_ISL_500744	2020-03-20	Europe / Norway	Human	gisaid_meta_2020-21.xls
A/NORWAY/2298/2019	A/Norway/2298/2019	EPI_ISL_397283	2019-10-10	Europe / Norway	Human	gisaid_meta_2019.xls
A/NORWAY/2310/2020	A/Norway/2310/2020	EPI_ISL_486973	2020-03-28	Europe / Norway	Human	gisaid_meta_2020-21.xls
A/NORWAY/2310/2020	A/Norway/2310/2020	EPI_ISL_500745	2020-03-28	Europe / Norway	Human	gisaid_meta_2020-21.xls
A/NORWAY/2320/2020	A/Norway/2320/2020	EPI_ISL_486976	2020-03-24	Europe / Norway	Human	gisaid_meta_2020-21.xls
A/NORWAY/2320/2020	A/Norway/2320/2020	EPI_ISL_500746	2020-03-24	Europe / Norway	Human	gisaid_meta_2020-21.xls
A/NORWAY/2323/2019	A/Norway/2323/2019	EPI_ISL_403318	2019-10-06	Europe / Norway	Human	gisaid_meta_2019.xls
A/NORWAY/2326/2015	A/Norway/2326/2015	EPI_ISL_192586	2015-05-10	Europe / Norway / Nordland	Human	gisaid_meta_2015-2016.xls
A/NORWAY/2326/2015	A/Norway/2326/2015	EPI_ISL_196607	2015-05-10	Europe / Norway	Human	gisaid_meta_2015-2016.xls
A/NORWAY/234/2018	A/Norway/234/2018	EPI_ISL_301388	2018-01-08	Europe / Norway	Human	gisaid_meta_2018.xls
A/NORWAY/2356/2019	A/Norway/2356/2019	EPI_ISL_403326	2019-10-28	Europe / Norway	Human	gisaid_meta_2019.xls
A/NORWAY/2357/2020	A/Norway/2357/2020	EPI_ISL_19741973	2020-03-28	Europe / Norway / Finnmark	Human	gisaid_meta_2020-21.xls
A/NORWAY/2357/2020	A/Norway/2357/2020	EPI_ISL_500747	2020-03-28	Europe / Norway	Human	gisaid_meta_2020-21.xls
A/NORWAY/2379/2019	A/Norway/2379/2019	EPI_ISL_403328	2019-11-06	Europe / Norway	Human	gisaid_meta_2019.xls
A/NORWAY/2425/2019	A/Norway/2425/2019	EPI_ISL_403334	2019-11-05	Europe / Norway	Human	gisaid_meta_2019.xls
A/NORWAY/2438/2019	A/Norway/2438/2019	EPI_ISL_403336	2019-11-12	Europe / Norway	Human	gisaid_meta_2019.xls
A/NORWAY/2475/2015	A/Norway/2475/2015	EPI_ISL_196608	2015-06-09	Europe / Norway	Human	gisaid_meta_2015-2016.xls
A/NORWAY/2477/2018	A/Norway/2477/2018	EPI_ISL_314177	2018-04-11	Europe / Norway	Human	gisaid_meta_2018.xls
A/NORWAY/2486/2018	A/Norway/2486/2018	EPI_ISL_314178	2018-04-06	Europe / Norway	Human	gisaid_meta_2018.xls
A/NORWAY/2496/2012	A/Norway/2496/2012	EPI_ISL_134173	2012-12-10	Europe / Norway	Human	gisaid_meta_2011-2014.xls
A/NORWAY/2496/2012	A/Norway/2496/2012	EPI_ISL_144871	2012-12-10	Europe / Norway / Sogn og Fjordane	Human	gisaid_meta_2011-2014.xls
A/NORWAY/2501/2015	A/Norway/2501/2015	EPI_ISL_192592	2015-06-01	Europe / Norway / Troms	Human	gisaid_meta_2015-2016.xls
A/NORWAY/2501/2015	A/Norway/2501/2015	EPI_ISL_201657	2015-06-01	Europe / Norway	Human	gisaid_meta_2015-2016.xls
A/NORWAY/2504/2015	A/Norway/2504/2015	EPI_ISL_192593	2015-06-07	Europe / Norway / Nordland	Human	gisaid_meta_2015-2016.xls
A/NORWAY/2504/2015	A/Norway/2504/2015	EPI_ISL_196609	2015-06-07	Europe / Norway	Human	gisaid_meta_2015-2016.xls
A/NORWAY/2506/2015	A/Norway/2506/2015	EPI_ISL_196610	2015-06-05	Europe / Norway	Human	gisaid_meta_2015-2016.xls
A/NORWAY/2515/2018	A/Norway/2515/2018	EPI_ISL_314673	2018-04-05	Europe / Norway	Human	gisaid_meta_2018.xls
A/NORWAY/2587/2015	A/Norway/2587/2015	EPI_ISL_197748	2015-08-07	Europe / Norway / Oslo	Human	gisaid_meta_2015-2016.xls
A/NORWAY/2587/2015	A/Norway/2587/2015	EPI_ISL_203021	2015-08-07	Europe / Norway	Human	gisaid_meta_2015-2016.xls
A/NORWAY/2605/2015	A/Norway/2605/2015	EPI_ISL_200623	2015-10-02	Europe / Norway / Buskerud Fylke / Drammen	Human	gisaid_meta_2015-2016.xls
A/NORWAY/2605/2015	A/Norway/2605/2015	EPI_ISL_203023	2015-10-02	Europe / Norway	Human	gisaid_meta_2015-2016.xls
A/NORWAY/2620/2018	A/Norway/2620/2018	EPI_ISL_314181	2018-04-16	Europe / Norway	Human	gisaid_meta_2018.xls
A/NORWAY/2629/2015	A/Norway/2629/2015	EPI_ISL_203027	2015-10-22	Europe / Norway	Human	gisaid_meta_2015-2016.xls
A/NORWAY/2629/2017	A/Norway/2629/2017	EPI_ISL_274559	2017-05-04	Europe / Norway	Human	gisaid_meta_2017.xls
A/NORWAY/279/2018	A/Norway/279/2018	EPI_ISL_301389	2018-01-13	Europe / Norway	Human	gisaid_meta_2018.xls
A/NORWAY/2940/2013	A/Norway/2940/2013	EPI_ISL_149453	2013-10-03	Europe / Norway / Buskerud	Human	gisaid_meta_2011-2014.xls
A/NORWAY/2940/2013	A/Norway/2940/2013	EPI_ISL_153713	2013-10-03	Europe / Norway	Human	gisaid_meta_2011-2014.xls
A/NORWAY/3004/2014	A/Norway/3004/2014	EPI_ISL_168984	2014-10-16	Europe / Norway	Human	gisaid_meta_2011-2014.xls
A/NORWAY/3004/2014	A/Norway/3004/2014	EPI_ISL_169229	2014-10-16	Europe / Norway / Rogaland	Human	gisaid_meta_2011-2014.xls
A/NORWAY/3060/2013	A/Norway/3060/2013	EPI_ISL_151682	2013-11-06	Europe / Norway / Oslo	Human	gisaid_meta_2011-2014.xls
A/NORWAY/3079/2014	A/Norway/3079/2014	EPI_ISL_169359	2014-11-30	Europe / Norway / More og Romsdal	Human	gisaid_meta_2011-2014.xls
A/NORWAY/3082/2014	A/Norway/3082/2014	EPI_ISL_169360	2014-11-28	Europe / Norway / Sor-Trondelag	Human	gisaid_meta_2011-2014.xls
A/NORWAY/3105/2013	A/Norway/3105/2013	EPI_ISL_151684	2013-11-11	Europe / Norway / Buskerud	Human	gisaid_meta_2011-2014.xls
A/NORWAY/3105/2013	A/Norway/3105/2013	EPI_ISL_155910	2013-11-11	Europe / Norway	Human	gisaid_meta_2011-2014.xls
A/NORWAY/3107/2014	A/Norway/3107/2014	EPI_ISL_169365	2014-12-02	Europe / Norway / Oppland	Human	gisaid_meta_2011-2014.xls
A/NORWAY/3172/2014	A/Norway/3172/2014	EPI_ISL_172265	2014-12-09	Europe / Norway / Oppland	Human	gisaid_meta_2011-2014.xls
A/NORWAY/3224/2014	A/Norway/3224/2014	EPI_ISL_172269	2014-12-28	Europe / Norway / Oslo	Human	gisaid_meta_2011-2014.xls
A/NORWAY/3224/2014	A/Norway/3224/2014	EPI_ISL_172406	2014-12-28	Europe / Norway	Human	gisaid_meta_2011-2014.xls
A/NORWAY/3226/2014	A/Norway/3226/2014	EPI_ISL_172270	2014-12-28	Europe / Norway / Oslo	Human	gisaid_meta_2011-2014.xls
A/NORWAY/3229/2014	A/Norway/3229/2014	EPI_ISL_172271	2014-12-28	Europe / Norway / More og Romsdal	Human	gisaid_meta_2011-2014.xls
A/NORWAY/3229/2014	A/Norway/3229/2014	EPI_ISL_172409	2014-12-28	Europe / Norway	Human	gisaid_meta_2011-2014.xls
A/NORWAY/326/2012	A/Norway/326/2012	EPI_ISL_105804	2012-01-30	Europe / Norway / Sogn og Fjordane	Human	gisaid_meta_2011-2014.xls
A/NORWAY/3266/2013	A/Norway/3266/2013	EPI_ISL_154768	2013-12-05	Europe / Norway	Human	gisaid_meta_2011-2014.xls
A/NORWAY/3266/2013	A/Norway/3266/2013	EPI_ISL_154979	2013-12-05	Europe / Norway / Ostfold	Human	gisaid_meta_2011-2014.xls
A/NORWAY/3275/2018	A/Norway/3275/2018	EPI_ISL_332813	2018-10-04	Europe / Norway	Human	gisaid_meta_2018.xls
A/NORWAY/3275/2018	A/Norway/3275/2018	EPI_ISL_365748	2018-10-04	Europe / Norway	Human	gisaid_meta_2018.xls
A/NORWAY/3275/2018	A/Norway/3275/2018	EPI_ISL_386854	2018-10-04	Europe / Norway	Human	gisaid_meta_2018.xls
A/NORWAY/3275/2018	A/Norway/3275/2018	EPI_ISL_386912	2018-10-04	Europe / Norway	Human	gisaid_meta_2018.xls
A/NORWAY/3275/2018	A/Norway/3275/2018	EPI_ISL_390020	2018-10-04	Europe / Norway	Human	gisaid_meta_2018.xls
A/NORWAY/3290/2013	A/Norway/3290/2013	EPI_ISL_154981	2013-12-17	Europe / Norway / Buskerud	Human	gisaid_meta_2011-2014.xls
A/NORWAY/3290/2013	A/Norway/3290/2013	EPI_ISL_155911	2013-12-17	Europe / Norway	Human	gisaid_meta_2011-2014.xls
A/NORWAY/3293/2014	A/Norway/3293/2014	EPI_ISL_172411	2014-12-30	Europe / Norway	Human	gisaid_meta_2011-2014.xls
A/NORWAY/3303/2013	A/Norway/3303/2013	EPI_ISL_154769	2013-12-17	Europe / Norway	Human	gisaid_meta_2011-2014.xls
A/NORWAY/3303/2013	A/Norway/3303/2013	EPI_ISL_154983	2013-12-17	Europe / Norway / Ostfold	Human	gisaid_meta_2011-2014.xls
A/NORWAY/3314/2013	A/Norway/3314/2013	EPI_ISL_154770	2013-12-24	Europe / Norway	Human	gisaid_meta_2011-2014.xls
A/NORWAY/3314/2013	A/Norway/3314/2013	EPI_ISL_154985	2013-12-24	Europe / Norway / Oslo	Human	gisaid_meta_2011-2014.xls
A/NORWAY/337/2012	A/Norway/337/2012	EPI_ISL_105805	2012-01-30	Europe / Norway / Nordland	Human	gisaid_meta_2011-2014.xls
A/NORWAY/3396/2017	A/Norway/3396/2017	EPI_ISL_288325	2017-11-02	Europe / Norway / Hordaland	Human	gisaid_meta_2017.xls
A/NORWAY/3396/2017	A/Norway/3396/2017	EPI_ISL_301390	2017-11-02	Europe / Norway	Human	gisaid_meta_2017.xls
A/NORWAY/353/2015	A/Norway/353/2015	EPI_ISL_172243	2015-01-04	Europe / Norway / Troms	Human	gisaid_meta_2015-2016.xls
A/NORWAY/3545/2016	A/Norway/3545/2016	EPI_ISL_224517	2016-05-13	Europe / Norway / Hordaland	Human	gisaid_meta_2015-2016.xls
A/NORWAY/3545/2016	A/Norway/3545/2016	EPI_ISL_231807	2016-05-13	Europe / Norway	Human	gisaid_meta_2015-2016.xls
A/NORWAY/3545/2016	A/Norway/3545/2016	EPI_ISL_232857	2016-05-13	Europe / Norway	Human	gisaid_meta_2015-2016.xls
A/NORWAY/3545/2016	A/Norway/3545/2016	EPI_ISL_232858	2016-05-13	Europe / Norway	Human	gisaid_meta_2015-2016.xls
A/NORWAY/3668/2018	A/Norway/3668/2018	EPI_ISL_337919	2018-11-29	Europe / Norway	Human	gisaid_meta_2018.xls
A/NORWAY/3735/2018	A/Norway/3735/2018	EPI_ISL_337244	2018-12-03	Europe / Norway / More og Romsdal	Human	gisaid_meta_2018.xls
A/NORWAY/3735/2018	A/Norway/3735/2018	EPI_ISL_337922	2018-12-03	Europe / Norway	Human	gisaid_meta_2018.xls
A/NORWAY/3798/2016	A/Norway/3798/2016	EPI_ISL_224624	2016-06-09	Europe / Norway / Oppland	Human	gisaid_meta_2015-2016.xls
A/NORWAY/3798/2016	A/Norway/3798/2016	EPI_ISL_232859	2016-06-09	Europe / Norway	Human	gisaid_meta_2015-2016.xls
A/NORWAY/3798/2016	A/Norway/3798/2016	EPI_ISL_232860	2016-06-09	Europe / Norway	Human	gisaid_meta_2015-2016.xls
A/NORWAY/3806/2016	A/Norway/3806/2016	EPI_ISL_224622	2016-06-13	Europe / Norway / Telemark	Human	gisaid_meta_2015-2016.xls
A/NORWAY/3806/2016	A/Norway/3806/2016	EPI_ISL_232861	2016-06-13	Europe / Norway	Human	gisaid_meta_2015-2016.xls
A/NORWAY/3806/2016	A/Norway/3806/2016	EPI_ISL_232862	2016-06-13	Europe / Norway	Human	gisaid_meta_2015-2016.xls
A/NORWAY/3806/2016	A/Norway/3806/2016	EPI_ISL_247959	2016-06-13	Europe / Norway	Human	gisaid_meta_2015-2016.xls
A/NORWAY/3806/2016	A/Norway/3806/2016	EPI_ISL_249683	2016-06-13	Europe / Norway	Human	gisaid_meta_2015-2016.xls
A/NORWAY/3806/2016	A/Norway/3806/2016	EPI_ISL_253058	2016-06-13	Europe / Norway	Human	gisaid_meta_2015-2016.xls
A/NORWAY/3806/2016	A/Norway/3806/2016	EPI_ISL_259124	2016-06-13	Europe / Norway	Human	gisaid_meta_2015-2016.xls
A/NORWAY/3806/2016	A/Norway/3806/2016	EPI_ISL_282636	2016-06-13	Europe / Norway / Telemark	Human	gisaid_meta_2015-2016.xls
A/NORWAY/410/2012	A/Norway/410/2012	EPI_ISL_105808	2012-02-01	Europe / Norway / Nordland	Human	gisaid_meta_2011-2014.xls
A/NORWAY/4238/2016	A/Norway/4238/2016	EPI_ISL_237286	2016-10-12	Europe / Norway / M?re og Romsdal	Human	gisaid_meta_2015-2016.xls
A/NORWAY/4238/2016	A/Norway/4238/2016	EPI_ISL_239444	2016-10-12	Europe / Norway	Human	gisaid_meta_2015-2016.xls
A/NORWAY/4256/2016	A/Norway/4256/2016	EPI_ISL_237288	2016-10-13	Europe / Norway / Vestfold	Human	gisaid_meta_2015-2016.xls
A/NORWAY/4256/2016	A/Norway/4256/2016	EPI_ISL_239446	2016-10-13	Europe / Norway	Human	gisaid_meta_2015-2016.xls
A/NORWAY/428/2012	A/Norway/428/2012	EPI_ISL_105809	2012-01-31	Europe / Norway / Rogaland	Human	gisaid_meta_2011-2014.xls
A/NORWAY/4297/2016	A/Norway/4297/2016	EPI_ISL_239449	2016-10-17	Europe / Norway	Human	gisaid_meta_2015-2016.xls
A/NORWAY/4297/2016	A/Norway/4297/2016	EPI_ISL_239777	2016-10-17	Europe / Norway	Human	gisaid_meta_2015-2016.xls
A/NORWAY/433/2012	A/Norway/433/2012	EPI_ISL_106386	2012-02-05	Europe / Norway / Buskerud Fylke	Human	gisaid_meta_2011-2014.xls
A/NORWAY/4395/2016	A/Norway/4395/2016	EPI_ISL_239781	2016-10-20	Europe / Norway	Human	gisaid_meta_2015-2016.xls
A/NORWAY/4436/2016	A/Norway/4436/2016	EPI_ISL_239785	2016-11-03	Europe / Norway	Human	gisaid_meta_2015-2016.xls
A/NORWAY/4465/2016	A/Norway/4465/2016	EPI_ISL_239788	2016-11-07	Europe / Norway	Human	gisaid_meta_2015-2016.xls
A/NORWAY/4465/2016	A/Norway/4465/2016	EPI_ISL_275861	2016	Europe / Norway	Human	gisaid_meta_2015-2016.xls
A/NORWAY/4465/2016	A/Norway/4465/2016	EPI_ISL_275863	2016	Europe / Norway	Human	gisaid_meta_2015-2016.xls
A/NORWAY/4465/2016	A/Norway/4465/2016	EPI_ISL_291280	2016	Europe / Norway	Human	gisaid_meta_2015-2016.xls
A/NORWAY/4497/2016	A/Norway/4497/2016	EPI_ISL_239790	2016-10-30	Europe / Norway	Human	gisaid_meta_2015-2016.xls
A/NORWAY/4676/2016	A/Norway/4676/2016	EPI_ISL_242791	2016-11-23	Europe / Norway	Human	gisaid_meta_2015-2016.xls
A/NORWAY/4676/2016	A/Norway/4676/2016	EPI_ISL_244205	2016-11-23	Europe / Norway	Human	gisaid_meta_2015-2016.xls
A/NORWAY/484/2017	A/Norway/484/2017	EPI_ISL_268069	2017-01-22	Europe / Norway	Human	gisaid_meta_2017.xls
A/NORWAY/4849/2016	A/Norway/4849/2016	EPI_ISL_242804	2016-12-02	Europe / Norway	Human	gisaid_meta_2015-2016.xls
A/NORWAY/4849/2016	A/Norway/4849/2016	EPI_ISL_275858	2016	Europe / Norway	Human	gisaid_meta_2015-2016.xls
A/NORWAY/4849/2016	A/Norway/4849/2016	EPI_ISL_275859	2016	Europe / Norway	Human	gisaid_meta_2015-2016.xls
A/NORWAY/4849/2016	A/Norway/4849/2016	EPI_ISL_291279	2016	Europe / Norway	Human	gisaid_meta_2015-2016.xls
A/NORWAY/4858/2016	A/Norway/4858/2016	EPI_ISL_242805	2016-12-02	Europe / Norway	Human	gisaid_meta_2015-2016.xls
A/NORWAY/4858/2016	A/Norway/4858/2016	EPI_ISL_244206	2016-12-02	Europe / Norway	Human	gisaid_meta_2015-2016.xls
A/NORWAY/602/2009	A/Norway/602/2009	EPI_ISL_188166	2009-02-26	Europe / Norway	Human	gisaid_meta_2010.xls
A/NORWAY/602/2009	A/Norway/602/2009	EPI_ISL_60033	2009-02-26	Europe / Norway	Human	gisaid_meta_2010.xls
A/NORWAY/625/2012	A/Norway/625/2012	EPI_ISL_121943	2012-02-20	Europe / Norway	Human	gisaid_meta_2011-2014.xls
A/NORWAY/648/2012	A/Norway/648/2012	EPI_ISL_121944	2012-02-15	Europe / Norway	Human	gisaid_meta_2011-2014.xls
A/NORWAY/657/2012	A/Norway/657/2012	EPI_ISL_121945	2012-02-22	Europe / Norway	Human	gisaid_meta_2011-2014.xls
A/NORWAY/685/2011	A/Norway/685/2011	EPI_ISL_93709	2011-02-04	Europe / Norway	Human	gisaid_meta_2011-2014.xls
A/NORWAY/70/2005	A/Norway/70/2005	EPI_ISL_10489	2005	Europe / Norway	Human	gisaid_meta_2010.xls
A/NORWAY/708/2012	A/Norway/708/2012	EPI_ISL_121946	2012-02-27	Europe / Norway	Human	gisaid_meta_2011-2014.xls
A/NORWAY/71/2005	A/Norway/71/2005	EPI_ISL_10490	2005	Europe / Norway	Human	gisaid_meta_2010.xls
A/NORWAY/722/2012	A/Norway/722/2012	EPI_ISL_121947	2012-02-15	Europe / Norway	Human	gisaid_meta_2011-2014.xls
A/NORWAY/735/2005	A/Norway/735/2005	EPI_ISL_10497	2005	Europe / Norway	Human	gisaid_meta_2010.xls
A/NORWAY/749/2020	A/Norway/749/2020	EPI_ISL_477595	2020-02-03	Europe / Norway	Human	gisaid_meta_2020-21.xls
A/NORWAY/749/2020	A/Norway/749/2020	EPI_ISL_500748	2020-02-03	Europe / Norway	Human	gisaid_meta_2020-21.xls
A/NORWAY/75/2012	A/Norway/75/2012	EPI_ISL_107882	2012-01-02	Europe / Norway	Human	gisaid_meta_2011-2014.xls
A/NORWAY/751/2005	A/Norway/751/2005	EPI_ISL_10498	2005	Europe / Norway	Human	gisaid_meta_2010.xls
A/NORWAY/779/2005	A/Norway/779/2005	EPI_ISL_10504	2005	Europe / Norway	Human	gisaid_meta_2010.xls
A/NORWAY/828/2020	A/Norway/828/2020	EPI_ISL_500749	2020-02-06	Europe / Norway	Human	gisaid_meta_2020-21.xls
A/NORWAY/883/2005	A/Norway/883/2005	EPI_ISL_10503	2005	Europe / Norway	Human	gisaid_meta_2010.xls
A/NORWAY/883/2005	A/Norway/883/2005	EPI_ISL_186171	2005-04-04	Europe / Norway	Human	gisaid_meta_2010.xls
A/NORWAY/97/2012	A/Norway/97/2012	EPI_ISL_107883	2012-01-02	Europe / Norway	Human	gisaid_meta_2011-2014.xls
A/NOVEZAMKY/184/2017	A/Nove Zamky/184/2017	EPI_ISL_275508	2017-01-17	Europe / Slovakia	Human	gisaid_meta_2017.xls
A/NOVEZAMKY/201/2015	A/Nove Zamky/201/2015	EPI_ISL_191797	2015-02-02	Europe / Slovakia	Human	gisaid_meta_2015-2016.xls
A/NOVEZAMKY/81/2019	A/Nove Zamky/81/2019	EPI_ISL_377342	2019-01-21	Europe / Slovakia	Human	gisaid_meta_2019.xls
A/NOVOSIBIRSK/13/2015	A/Novosibirsk/13/2015	EPI_ISL_202798	2015	Europe / Russian Federation	Human	gisaid_meta_2015-2016.xls
A/NOVOSIBIRSK/265/2017	A/Novosibirsk/265/2017	EPI_ISL_299057	2017-12-24	Europe / Russian Federation	Human	gisaid_meta_2017.xls
A/NOVOSIBIRSK/265/2017	A/Novosibirsk/265/2017	EPI_ISL_313432	2017-12-24	Europe / Russian Federation / Novosibirsk Oblast	Human	gisaid_meta_2017.xls
A/NOVOSIBIRSK/265/2017	A/Novosibirsk/265/2017	EPI_ISL_332143	2017-12-24	Europe / Russian Federation / Novosibirsk Oblast	Human	gisaid_meta_2017.xls
A/NOVOSIBIRSK/34/2017	A/Novosibirsk/34/2017	EPI_ISL_274563	2017-02-18	Europe / Russian Federation	Human	gisaid_meta_2017.xls
A/NOVOSIBIRSK/39/2017	A/Novosibirsk/39/2017	EPI_ISL_274564	2017-02-18	Europe / Russian Federation	Human	gisaid_meta_2017.xls
A/NOVOSIBIRSK/40/2015	A/Novosibirsk/40/2015	EPI_ISL_202796	2015	Europe / Russian Federation	Human	gisaid_meta_2015-2016.xls
A/NOVOSIBIRSK/47/2017	A/Novosibirsk/47/2017	EPI_ISL_273706	2017-03-09	Europe / Russian Federation	Human	gisaid_meta_2017.xls
A/NOVOSIBIRSK/47/2017	A/Novosibirsk/47/2017	EPI_ISL_274565	2017-03-07	Europe / Russian Federation	Human	gisaid_meta_2017.xls
A/NOVOSIBIRSK/5288/2016	A/Novosibirsk/5288/2016	EPI_ISL_256072	2016-12-03	Europe / Russian Federation	Human	gisaid_meta_2015-2016.xls
A/ODESA/62/2017	A/Odesa/62/2017	EPI_ISL_273267	2017-01-02	Europe / Ukraine	Human	gisaid_meta_2017.xls
A/ODESA/66/2017	A/Odesa/66/2017	EPI_ISL_273271	2017-01-05	Europe / Ukraine	Human	gisaid_meta_2017.xls
A/ODESA/69/2017	A/Odesa/69/2017	EPI_ISL_273273	2017-01-08	Europe / Ukraine	Human	gisaid_meta_2017.xls
A/ODESA/70/2017	A/Odesa/70/2017	EPI_ISL_273274	2017-01-05	Europe / Ukraine	Human	gisaid_meta_2017.xls
A/ODESA/72/2017	A/Odesa/72/2017	EPI_ISL_273275	2017-01-10	Europe / Ukraine	Human	gisaid_meta_2017.xls
A/ODESA/73/2017	A/Odesa/73/2017	EPI_ISL_273276	2017-01-09	Europe / Ukraine	Human	gisaid_meta_2017.xls
A/ODESA/75/2017	A/Odesa/75/2017	EPI_ISL_273277	2017-01-05	Europe / Ukraine	Human	gisaid_meta_2017.xls
A/ODESSA/695/2016	A/Odessa/695/2016	EPI_ISL_224552	2016-02-13	Europe / Ukraine	Human	gisaid_meta_2015-2016.xls
A/ODESSA/700/2016	A/Odessa/700/2016	EPI_ISL_224553	2016-02-07	Europe / Ukraine	Human	gisaid_meta_2015-2016.xls
A/OMAN/1791/2016	A/Oman/1791/2016	EPI_ISL_223647	2016-02-10	Asia / Oman	Human	gisaid_meta_2015-2016.xls
A/OMAN/1807/2016	A/Oman/1807/2016	EPI_ISL_223649	2016-02-12	Asia / Oman	Human	gisaid_meta_2015-2016.xls
A/OMAN/1819/2016	A/Oman/1819/2016	EPI_ISL_223652	2016-02-13	Asia / Oman	Human	gisaid_meta_2015-2016.xls
A/OMAN/182/2017	A/Oman/182/2017	EPI_ISL_288776	2017-01-08	Asia / Oman	Human	gisaid_meta_2017.xls
A/OMAN/20/2016	A/Oman/20/2016	EPI_ISL_288777	2016-12-28	Asia / Oman	Human	gisaid_meta_2015-2016.xls
A/OMAN/223/2017	A/Oman/223/2017	EPI_ISL_288778	2017-01-08	Asia / Oman	Human	gisaid_meta_2017.xls
A/OMAN/24/2016	A/Oman/24/2016	EPI_ISL_288779	2016-12-29	Asia / Oman	Human	gisaid_meta_2015-2016.xls
A/OMAN/2585/2016	A/Oman/2585/2016	EPI_ISL_223655	2016-03-04	Asia / Oman	Human	gisaid_meta_2015-2016.xls
A/OMAN/3329/2018	A/Oman/3329/2018	EPI_ISL_331355	2018-06-04	Asia / Oman	Human	gisaid_meta_2018.xls
A/OMAN/3329/2018	A/Oman/3329/2018	EPI_ISL_356727	2018-06-04	Asia / Oman	Human	gisaid_meta_2018.xls
A/OMAN/3340/2018	A/Oman/3340/2018	EPI_ISL_331356	2018-06-08	Asia / Oman	Human	gisaid_meta_2018.xls
A/OMAN/3340/2018	A/Oman/3340/2018	EPI_ISL_356728	2018-06-08	Asia / Oman	Human	gisaid_meta_2018.xls
A/OMAN/3356/2018	A/Oman/3356/2018	EPI_ISL_331357	2018-06-07	Asia / Oman	Human	gisaid_meta_2018.xls
A/OMAN/3372/2018	A/Oman/3372/2018	EPI_ISL_331358	2018-06-13	Asia / Oman	Human	gisaid_meta_2018.xls
A/OMAN/3372/2018	A/Oman/3372/2018	EPI_ISL_356729	2018-06-13	Asia / Oman	Human	gisaid_meta_2018.xls
A/OMAN/3407/2018	A/Oman/3407/2018	EPI_ISL_331359	2018-06-16	Asia / Oman	Human	gisaid_meta_2018.xls
A/OMAN/3542/2018	A/Oman/3542/2018	EPI_ISL_331360	2018-06-01	Asia / Oman	Human	gisaid_meta_2018.xls
A/OMAN/3542/2018	A/Oman/3542/2018	EPI_ISL_356730	2018-06-01	Asia / Oman	Human	gisaid_meta_2018.xls
A/OMAN/3577/2018	A/Oman/3577/2018	EPI_ISL_331361	2018-07-04	Asia / Oman	Human	gisaid_meta_2018.xls
A/OMAN/3577/2018	A/Oman/3577/2018	EPI_ISL_356731	2018-07-04	Asia / Oman	Human	gisaid_meta_2018.xls
A/OMAN/3610/2018	A/Oman/3610/2018	EPI_ISL_331362	2018-07-06	Asia / Oman	Human	gisaid_meta_2018.xls
A/OMAN/3610/2018	A/Oman/3610/2018	EPI_ISL_356732	2018-07-06	Asia / Oman	Human	gisaid_meta_2018.xls
A/OMAN/3610/2018	A/Oman/3610/2018	EPI_ISL_356733	2018-07-06	Asia / Oman	Human	gisaid_meta_2018.xls
A/OMAN/3676/2014	A/Oman/3676/2014	EPI_ISL_168985	2014-06-20	Asia / Oman	Human	gisaid_meta_2011-2014.xls
A/OMAN/4/2016	A/Oman/4/2016	EPI_ISL_288780	2016-12-29	Asia / Oman	Human	gisaid_meta_2015-2016.xls
A/OMAN/4262/2019	A/Oman/4262/2019	EPI_ISL_389256	2019-06-25	Asia / Oman	Human	gisaid_meta_2019.xls
A/OMAN/4262/2019	A/Oman/4262/2019	EPI_ISL_394036	2019-06-25	Asia / Oman	Human	gisaid_meta_2019.xls
A/OMAN/4289/2014	A/Oman/4289/2014	EPI_ISL_168986	2014-07-28	Asia / Oman	Human	gisaid_meta_2011-2014.xls
A/OMAN/4289/2014	A/Oman/4289/2014	EPI_ISL_168987	2014-07-28	Asia / Oman	Human	gisaid_meta_2011-2014.xls
A/OMAN/4471/2019	A/Oman/4471/2019	EPI_ISL_389223	2019-07-11	Asia / Oman	Human	gisaid_meta_2019.xls
A/OMAN/4471/2019	A/Oman/4471/2019	EPI_ISL_394037	2019-07-11	Asia / Oman	Human	gisaid_meta_2019.xls
A/OMAN/4518/2019	A/Oman/4518/2019	EPI_ISL_389224	2019-07-18	Asia / Oman	Human	gisaid_meta_2019.xls
A/OMAN/4518/2019	A/Oman/4518/2019	EPI_ISL_394038	2019-07-18	Asia / Oman	Human	gisaid_meta_2019.xls
A/OMAN/47/2016	A/Oman/47/2016	EPI_ISL_288781	2016-12-28	Asia / Oman	Human	gisaid_meta_2015-2016.xls
A/OMAN/473/2017	A/Oman/473/2017	EPI_ISL_288782	2017-01-19	Asia / Oman	Human	gisaid_meta_2017.xls
A/OMAN/5362/2018	A/Oman/5362/2018	EPI_ISL_347175	2018-10-24	Asia / Oman	Human	gisaid_meta_2018.xls
A/OMAN/5362/2018	A/Oman/5362/2018	EPI_ISL_356734	2018-10-24	Asia / Oman	Human	gisaid_meta_2018.xls
A/OMAN/57/2017	A/Oman/57/2017	EPI_ISL_288783	2017-01-02	Asia / Oman	Human	gisaid_meta_2017.xls
A/OMAN/5804/2018	A/Oman/5804/2018	EPI_ISL_347711	2018-11-07	Asia / Oman	Human	gisaid_meta_2018.xls
A/OMAN/5838/2018	A/Oman/5838/2018	EPI_ISL_347710	2018-11-07	Asia / Oman	Human	gisaid_meta_2018.xls
A/OMAN/6018/2018	A/Oman/6018/2018	EPI_ISL_333674	2018-11-13	Asia / Oman	Human	gisaid_meta_2018.xls
A/OMAN/6018/2018	A/Oman/6018/2018	EPI_ISL_347188	2018-11-13	Asia / Oman	Human	gisaid_meta_2018.xls
A/OMAN/6106/2018	A/Oman/6106/2018	EPI_ISL_347203	2018-11-15	Asia / Oman	Human	gisaid_meta_2018.xls
A/OMAN/6132/2014	A/Oman /6132/2014	EPI_ISL_170663	2014-12-20	Asia / Oman	Human	gisaid_meta_2011-2014.xls
A/OMAN/74/2016	A/Oman/74/2016	EPI_ISL_288784	2016-12-28	Asia / Oman	Human	gisaid_meta_2015-2016.xls
A/OMAN/7517/2015	A/Oman/7517/2015	EPI_ISL_223642	2015-12-22	Asia / Oman	Human	gisaid_meta_2015-2016.xls
A/OMAN/7703/2015	A/Oman/7703/2015	EPI_ISL_223643	2015-12-27	Asia / Oman	Human	gisaid_meta_2015-2016.xls
A/OMAN/7703/2015	A/Oman/7703/2015	EPI_ISL_223644	2015-12-27	Asia / Oman	Human	gisaid_meta_2015-2016.xls
A/OMAN/7815/2015	A/Oman/7815/2015	EPI_ISL_223645	2015-12-29	Asia / Oman	Human	gisaid_meta_2015-2016.xls
A/OMAN/7815/2015	A/Oman/7815/2015	EPI_ISL_223646	2015-12-29	Asia / Oman	Human	gisaid_meta_2015-2016.xls
A/OMSK/1008V/2019	A/Omsk/1008V/2019	EPI_ISL_389225	2019-04-23	Europe / Russian Federation	Human	gisaid_meta_2019.xls
A/OMSK/26/2015	A/Omsk/26/2015	EPI_ISL_202797	2015	Europe / Russian Federation	Human	gisaid_meta_2015-2016.xls
A/OMSK/32/2004	A/OMSK/32/2004	EPI_ISL_17277	2004-01-15	Europe / Russian Federation / Omsk Oblast	Human	gisaid_meta_2010.xls
A/OMSK/4174/2016	A/Omsk/4174/2016	EPI_ISL_256074	2016-12-19	Europe / Russian Federation	Human	gisaid_meta_2015-2016.xls
A/ORSHA/1450/2019	A/Orsha/1450/2019	EPI_ISL_367804	2019-03-05	Europe / Belarus	Human	gisaid_meta_2019.xls
A/OSAKA/C70/2002	A/Osaka-C/70/2002	EPI_ISL_6949630	2002	Asia / Japan	Human	gisaid_meta_2010.xls
A/OSLO/1809/2002	A/OSLO/1809/2002	EPI_ISL_186755	2002	Europe / Norway	Human	gisaid_meta_2010.xls
A/OSLO/1809/2002	A/OSLO/1809/2002	EPI_ISL_67664	2002	Europe / Norway	Human	gisaid_meta_2010.xls
A/OSLO/2221/2003	A/OSLO/2221/2003	EPI_ISL_67263	2003	Europe / Norway	Human	gisaid_meta_2010.xls
A/OSLO/3385/2003	A/Oslo/3385/2003	EPI_ISL_10477	2003	Europe / Norway	Human	gisaid_meta_2010.xls
A/OSLO/3385/2003	A/Oslo/3385/2003	EPI_ISL_185927	2003-04-13	Europe / Norway	Human	gisaid_meta_2010.xls
A/OSLO/398/2002	A/Oslo/398/2002	EPI_ISL_67667	2002-01-17	Europe / Norway	Human	gisaid_meta_2010.xls
A/OSLO/5057/2003	A/Oslo/5057/2003	EPI_ISL_10479	2003	Europe / Norway	Human	gisaid_meta_2010.xls
A/OSLO/5058/2003	A/Oslo/5058/2003	EPI_ISL_10481	2003	Europe / Norway	Human	gisaid_meta_2010.xls
A/OSLO/5381/2000	A/Oslo/5381/2000	EPI_ISL_10472	2000	Europe / Norway	Human	gisaid_meta_2010.xls
A/OSLO/5811/2002	A/Oslo/5811/2002	EPI_ISL_10474	2002	Europe / Norway	Human	gisaid_meta_2010.xls
A/OSLO/614/2003	A/Oslo/614/2003	EPI_ISL_10475	2003	Europe / Norway	Human	gisaid_meta_2010.xls
A/OSLO/6391/2000	A/Oslo/6391/2000	EPI_ISL_12704	2000-02-12	Europe / Norway / Oslo Fylke	Human	gisaid_meta_2010.xls
A/OSLO/669/2002	A/Oslo/669/2002	EPI_ISL_10473	2002	Europe / Norway	Human	gisaid_meta_2010.xls
A/OSLO/888/2002	A/OSLO/888/2002	EPI_ISL_188354	2002	Europe / Norway	Human	gisaid_meta_2010.xls
A/OSLO/888/2002	A/OSLO/888/2002	EPI_ISL_67665	2002	Europe / Norway	Human	gisaid_meta_2010.xls
A/PADOVA/17/2016	A/Padova/17/2016	EPI_ISL_224555	2016-02-15	Europe / Italy	Human	gisaid_meta_2015-2016.xls
A/PAIS VASCO/1979/2014	A/PaisVasco/1979/2014	EPI_ISL_169243	2014-10-22	Europe / Spain / Basque Country	Human	gisaid_meta_2011-2014.xls
A/PAIS VASCO/1979/2014	A/Pais Vasco/1979/2014	EPI_ISL_170325	2014-10-22	Europe / Spain	Human	gisaid_meta_2011-2014.xls
A/PALENCIA/20/2019	A/Palencia/20/2019	EPI_ISL_355095	2019-01-12	Europe / Spain	Human	gisaid_meta_2019.xls
A/PALERMO/1/2016	A/Palermo/1/2016	EPI_ISL_224556	2016-02-01	Europe / Italy	Human	gisaid_meta_2015-2016.xls
A/PALERMO/12/2019	A/Palermo/12/2019	EPI_ISL_388733	2019-02-27	Europe / Italy	Human	gisaid_meta_2019.xls
A/PALERMO/13/2019	A/Palermo/13/2019	EPI_ISL_388734	2019-03-05	Europe / Italy	Human	gisaid_meta_2019.xls
A/PALERMO/20/2019	A/Palermo/20/2019	EPI_ISL_388735	2019-03-06	Europe / Italy	Human	gisaid_meta_2019.xls
A/PALERMO/327/2018	A/Palermo/327/2018	EPI_ISL_347189	2018-11-28	Europe / Italy	Human	gisaid_meta_2018.xls
A/PALERMO/6/2016	A/Palermo/6/2016	EPI_ISL_224557	2016-02-22	Europe / Italy	Human	gisaid_meta_2015-2016.xls
A/PANAMA/307149/2010	A/Panama/307149/2010	EPI_ISL_79320	2010-06-08	North America / Panama	Human	gisaid_meta_2010.xls
A/PANAMA/307149/2010	A/Panama/307149/2010	EPI_ISL_79339	2010-06-08	North America / Panama	Human	gisaid_meta_2010.xls
A/PANAMA/307149/2010	A/Panama/307149/2010	EPI_ISL_81371	2010-06-08	North America / Panama	Human	gisaid_meta_2010.xls
A/PANCEVO/1148/2012	A/Pancevo/1148/2012	EPI_ISL_128072	2012-03-13	Europe / Serbia	Human	gisaid_meta_2011-2014.xls
A/PARIS/1023/2017	A/Paris/1023/2017	EPI_ISL_253477	2017-02-16	Europe / France / Ile de France	Human	gisaid_meta_2017.xls
A/PARIS/1023/2017	A/Paris/1023/2017	EPI_ISL_276892	2017-02-16	Europe / France	Human	gisaid_meta_2017.xls
A/PARIS/105/2019	A/Paris/105/2019	EPI_ISL_337013	2019-01-08	Europe / France / Ile de France	Human	gisaid_meta_2019.xls
A/PARIS/105/2019	A/Paris/105/2019	EPI_ISL_338765	2019-01-08	Europe / France	Human	gisaid_meta_2019.xls
A/PARIS/105/2019	A/Paris/105/2019	EPI_ISL_347190	2019-01-08	Europe / France	Human	gisaid_meta_2019.xls
A/PARIS/1145/2017	A/Paris/1145/2017	EPI_ISL_256547	2017-03-06	Europe / France / Ile de France	Human	gisaid_meta_2017.xls
A/PARIS/1145/2017	A/Paris/1145/2017	EPI_ISL_276894	2017-03-06	Europe / France	Human	gisaid_meta_2017.xls
A/PARIS/1744/2011	A/Paris/1744/2011	EPI_ISL_106641	2011-10-05	Europe / France / Region Ile-de-France / Departement de Ville-de-Paris	Human	gisaid_meta_2011-2014.xls
A/PARIS/1846/2014	A/Paris/1846/2014	EPI_ISL_166741	2014-08-17	Europe / France	Human	gisaid_meta_2011-2014.xls
A/PARIS/1971/2014	A/Paris/1971/2014	EPI_ISL_166973	2014-10-02	Europe / France / Region Ile-de-France	Human	gisaid_meta_2011-2014.xls
A/PARIS/1971/2014	A/Paris/1971/2014	EPI_ISL_170326	2014-10-02	Europe / France	Human	gisaid_meta_2011-2014.xls
A/PARIS/1988/2012	A/Paris/1988/2012	EPI_ISL_134078	2012-12-18	Europe / France / Region Ile-de-France	Human	gisaid_meta_2011-2014.xls
A/PARIS/2013/2011	A/Paris/2013/2011	EPI_ISL_106642	2011-12-06	Europe / France / Region Ile-de-France / Departement des Yvelines	Human	gisaid_meta_2011-2014.xls
A/PARIS/2030/2008	A/Paris/2030/2008	EPI_ISL_164037	2008-02-25	Europe / France / Bretagne / Departement d'Ille-et-Vilaine	Human	gisaid_meta_2010.xls
A/PARIS/207/2002	A/PARIS/207/2002	EPI_ISL_186550	2002-12-01	Europe / France	Human	gisaid_meta_2010.xls
A/PARIS/207/2002	A/PARIS/207/2002	EPI_ISL_67668	2002-12-01	Europe / France	Human	gisaid_meta_2010.xls
A/PARIS/2097/2011	A/Paris/2097/2011	EPI_ISL_106645	2011-12-15	Europe / France / Region Ile-de-France / Departement de Ville-de-Paris	Human	gisaid_meta_2011-2014.xls
A/PARIS/2100/2011	A/Paris/2100/2011	EPI_ISL_106646	2011-12-16	Europe / France / Region Ile-de-France	Human	gisaid_meta_2011-2014.xls
A/PARIS/2114/2011	A/Paris/2114/2011	EPI_ISL_106647	2011-12-19	Europe / France / Region Ile-de-France	Human	gisaid_meta_2011-2014.xls
A/PARIS/2116/2011	A/Paris/2116/2011	EPI_ISL_106648	2011-12-20	Europe / France / Region Ile-de-France	Human	gisaid_meta_2011-2014.xls
A/PARIS/2133/2011	A/Paris/2133/2011	EPI_ISL_106650	2011-12-22	Europe / France / Region Ile-de-France	Human	gisaid_meta_2011-2014.xls
A/PARIS/2154/2011	A/Paris/2154/2011	EPI_ISL_106768	2011-12-28	Europe / France / Region Ile-de-France	Human	gisaid_meta_2011-2014.xls
A/PARIS/2304/2014	A/Paris/2304/2014	EPI_ISL_170195	2014-12-06	Europe / France / Region Ile-de-France / Departement de Ville-de-Paris	Human	gisaid_meta_2011-2014.xls
A/PARIS/2306/2014	A/Paris/2306/2014	EPI_ISL_170197	2014-12-13	Europe / France / Region Ile-de-France / Departement de Ville-de-Paris	Human	gisaid_meta_2011-2014.xls
A/PARIS/2306/2014	A/Paris/2306/2014	EPI_ISL_175054	2014-12-13	Europe / France	Human	gisaid_meta_2011-2014.xls
A/PARIS/2332/2014	A/Paris/2332/2014	EPI_ISL_170204	2014-12-22	Europe / France / Region Ile-de-France / Departement de Ville-de-Paris	Human	gisaid_meta_2011-2014.xls
A/PARIS/2332/2014	A/Paris/2332/2014	EPI_ISL_172415	2014-12-22	Europe / France	Human	gisaid_meta_2011-2014.xls
A/PARIS/2337/2014	A/Paris/2337/2014	EPI_ISL_170206	2014-12-04	Europe / France / Region Ile-de-France / Departement du Val-de-Marne	Human	gisaid_meta_2011-2014.xls
A/PARIS/2511/2018	A/Paris/2511/2018	EPI_ISL_332706	2018-11-29	Europe / France / Ile de France	Human	gisaid_meta_2018.xls
A/PARIS/2511/2018	A/Paris/2511/2018	EPI_ISL_336105	2018-11-29	Europe / France	Human	gisaid_meta_2018.xls
A/PARIS/2513/2018	A/Paris/2513/2018	EPI_ISL_332708	2018-11-26	Europe / France / Ile de France	Human	gisaid_meta_2018.xls
A/PARIS/2538/2018	A/Paris/2538/2018	EPI_ISL_333380	2018-12-04	Europe / France / Ile de France	Human	gisaid_meta_2018.xls
A/PARIS/2538/2018	A/Paris/2538/2018	EPI_ISL_336106	2018-12-04	Europe / France	Human	gisaid_meta_2018.xls
A/PARIS/2544/2018	A/Paris/2544/2018	EPI_ISL_333382	2018-12-04	Europe / France / Ile de France	Human	gisaid_meta_2018.xls
A/PARIS/2544/2018	A/Paris/2544/2018	EPI_ISL_336107	2018-12-04	Europe / France	Human	gisaid_meta_2018.xls
A/PARIS/2554/2019	A/Paris/2554/2019	EPI_ISL_400341	2019-11-25	Europe / France / Ile de France	Human	gisaid_meta_2019.xls
A/PARIS/2554/2019	A/Paris/2554/2019	EPI_ISL_407511	2019-11-25	Europe / France	Human	gisaid_meta_2019.xls
A/PARIS/2554/2019	A/Paris/2554/2019	EPI_ISL_458289	2019-11-25	Europe / United Kingdom / Kallangur	Human	gisaid_meta_2019.xls
A/PARIS/2554/2019	A/Paris/2554/2019	EPI_ISL_467776	2019-11-25	Europe / France	Human	gisaid_meta_2019.xls
A/PARIS/2554/2019	A/Paris/2554/2019	EPI_ISL_594226	2019-11-25	Europe / France	Human	gisaid_meta_2019.xls
A/PARIS/2572/2018	A/Paris/2572/2018	EPI_ISL_333387	2018-12-06	Europe / France / Ile de France	Human	gisaid_meta_2018.xls
A/PARIS/2572/2018	A/Paris/2572/2018	EPI_ISL_337939	2018-12-06	Europe / France	Human	gisaid_meta_2018.xls
A/PARIS/2572/2018	A/Paris/2572/2018	EPI_ISL_357825	2018-12-06	Europe / France	Human	gisaid_meta_2018.xls
A/PARIS/2572/2018	A/Paris/2572/2018	EPI_ISL_391205	2018-12-06	Europe / France	Human	gisaid_meta_2018.xls
A/PARIS/2572/2018	A/Paris/2572/2018	EPI_ISL_391206	2018-12-06	Europe / France	Human	gisaid_meta_2018.xls
A/PARIS/2671/2018	A/Paris/2671/2018	EPI_ISL_335334	2018-12-17	Europe / France / Ile de France	Human	gisaid_meta_2018.xls
A/PARIS/2671/2018	A/Paris/2671/2018	EPI_ISL_338766	2018-12-17	Europe / France	Human	gisaid_meta_2018.xls
A/PARIS/358/2007	A/Paris/358/2007	EPI_ISL_164036	2007-11-08	Europe / France / Basse-Normandie / Departement du Calvados	Human	gisaid_meta_2010.xls
A/PARIS/457/2002	A/PARIS/457/2002	EPI_ISL_187207	2002	Europe / France	Human	gisaid_meta_2010.xls
A/PARIS/457/2002	A/PARIS/457/2002	EPI_ISL_67669	2002	Europe / France	Human	gisaid_meta_2010.xls
A/PARIS/5870/2009	A/Paris/5870/2009	EPI_ISL_77135	2009-11	Europe / France	Human	gisaid_meta_2010.xls
A/PARIS/6047/2009	A/Paris/6047/2009	EPI_ISL_77136	2009-11	Europe / France	Human	gisaid_meta_2010.xls
A/PARIS/659/2004	A/PARIS/659/2004	EPI_ISL_65624	2004	Europe / France	Human	gisaid_meta_2010.xls
A/PARMA/172/2011	A/Parma/172/2011	EPI_ISL_278938	2011	Europe / Italy	Human	gisaid_meta_2011-2014.xls
A/PARMA/173/2011	A/Parma/173/2011	EPI_ISL_278948	2011	Europe / Italy	Human	gisaid_meta_2011-2014.xls
A/PARMA/174/2018	A/Parma/174/2018	EPI_ISL_347191	2018-11-22	Europe / Italy	Human	gisaid_meta_2018.xls
A/PARMA/177/2018	A/Parma/177/2018	EPI_ISL_347192	2018-11-20	Europe / Italy	Human	gisaid_meta_2018.xls
A/PARMA/179/2018	A/Parma/179/2018	EPI_ISL_347193	2018-11-22	Europe / Italy	Human	gisaid_meta_2018.xls
A/PARMA/180/2018	A/Parma/180/2018	EPI_ISL_347194	2018-11-21	Europe / Italy	Human	gisaid_meta_2018.xls
A/PARMA/21/2020	A/Parma/21/2020	EPI_ISL_486735	2020-02-05	Europe / Italy	Human	gisaid_meta_2020-21.xls
A/PARMA/21/2020	A/Parma/21/2020	EPI_ISL_498381	2020-02-05	Europe / Italy	Human	gisaid_meta_2020-21.xls
A/PARMA/23/2020	A/Parma/23/2020	EPI_ISL_486736	2020-02-10	Europe / Italy	Human	gisaid_meta_2020-21.xls
A/PARMA/23/2020	A/Parma/23/2020	EPI_ISL_486737	2020-02-10	Europe / Italy	Human	gisaid_meta_2020-21.xls
A/PARMA/26/2020	A/Parma/26/2020	EPI_ISL_486738	2020-02-12	Europe / Italy	Human	gisaid_meta_2020-21.xls
A/PARMA/26/2020	A/Parma/26/2020	EPI_ISL_486739	2020-02-12	Europe / Italy	Human	gisaid_meta_2020-21.xls
A/PARMA/28/2014	A/Parma/28/2014	EPI_ISL_278971	2014	Europe / Italy	Human	gisaid_meta_2011-2014.xls
A/PARMA/3/2014	A/Parma/3/2014	EPI_ISL_154771	2014-01-04	Europe / Italy	Human	gisaid_meta_2011-2014.xls
A/PARMA/30/2020	A/Parma/30/2020	EPI_ISL_486742	2020-02-17	Europe / Italy	Human	gisaid_meta_2020-21.xls
A/PARMA/30/2020	A/Parma/30/2020	EPI_ISL_486743	2020-02-17	Europe / Italy	Human	gisaid_meta_2020-21.xls
A/PARMA/31/2020	A/Parma/31/2020	EPI_ISL_486744	2020-02-12	Europe / Italy	Human	gisaid_meta_2020-21.xls
A/PARMA/31/2020	A/Parma/31/2020	EPI_ISL_486745	2020-02-12	Europe / Italy	Human	gisaid_meta_2020-21.xls
A/PARMA/361/2019	A/Parma/361/2019	EPI_ISL_388737	2019-03-08	Europe / Italy	Human	gisaid_meta_2019.xls
A/PARMA/373/2019	A/Parma/373/2019	EPI_ISL_388738	2019-03-11	Europe / Italy	Human	gisaid_meta_2019.xls
A/PARMA/377/2019	A/Parma/377/2019	EPI_ISL_388739	2019-03-15	Europe / Italy	Human	gisaid_meta_2019.xls
A/PARMA/379/2019	A/Parma/379/2019	EPI_ISL_388740	2019-03-18	Europe / Italy	Human	gisaid_meta_2019.xls
A/PARMA/38/2016	A/Parma/38/2016	EPI_ISL_224559	2016-02-23	Europe / Italy	Human	gisaid_meta_2015-2016.xls
A/PARMA/7/2003	A/PARMA/7/2003	EPI_ISL_186498	2003-03-02	Europe / Italy	Human	gisaid_meta_2010.xls
A/PARMA/7/2003	A/PARMA/7/2003	EPI_ISL_67266	2003-03-02	Europe / Italy	Human	gisaid_meta_2010.xls
A/PARTIZANSKE/131/2015	A/Partizanske/131/2015	EPI_ISL_191798	2015-01-21	Europe / Slovakia	Human	gisaid_meta_2015-2016.xls
A/PAVIA/128/2012	A/Pavia/128/2012	EPI_ISL_124195	2012-02-17	Europe / Italy	Human	gisaid_meta_2011-2014.xls
A/PAVIA/14/2012	A/Pavia/14/2012	EPI_ISL_124152	2012-01-18	Europe / Italy	Human	gisaid_meta_2011-2014.xls
A/PAVIA/145/2013	A/Pavia/145/2013	EPI_ISL_155912	2013-11-28	Europe / Italy	Human	gisaid_meta_2011-2014.xls
A/PAVIA/154/2013	A/Pavia/154/2013	EPI_ISL_154772	2013-12-18	Europe / Italy	Human	gisaid_meta_2011-2014.xls
A/PAVIA/3/2007	A/Pavia/3/2007	EPI_ISL_124133	2007-01	Europe / Italy	Human	gisaid_meta_2010.xls
A/PAYSDELOIRE/1693/2018	A/Pays_de_Loire/1693/2018	EPI_ISL_310228	2018-04-05	Europe / France / Pays_de_Loire	Human	gisaid_meta_2018.xls
A/PAYSDELOIRE/1693/2018	A/Pays_de_Loire/1693/2018	EPI_ISL_314678	2018-04-05	Europe / France	Human	gisaid_meta_2018.xls
A/PAYSDELOIRE/1693/2018	A/Pays_de_Loire/1693/2018	EPI_ISL_315767	2018-04-05	Europe / France	Human	gisaid_meta_2018.xls
A/PAYSDELOIRE/2149/2011	A/Pays_de_Loire/2149/2011	EPI_ISL_106651	2011-12-27	Europe / France / Region Pays de la Loire	Human	gisaid_meta_2011-2014.xls
A/PENNSYLVANIA/9/2015	A/PENNSYLVANIA/9/2015	EPI_ISL_367743	2015-01-07	North America / United States / Pennsylvania	Human	gisaid_meta_2015-2016.xls
A/PERTH/1/1999	A/Perth/1/1999	EPI_ISL_3663388	1999-03-30	Oceania / Australia / Western Australia / Cragie	Human	gisaid_meta_2010.xls
A/PERTH/1/2000	A/Perth/1/2000	EPI_ISL_186735	2000-03-01	Oceania / Australia / Western Australia	Human	gisaid_meta_2010.xls
A/PERTH/1/2002	A/Perth/1/2002	EPI_ISL_6314533	2002-02-05	Oceania / Australia / Western Australia / Dalkeith	Human	gisaid_meta_2010.xls
A/PERTH/200/2002	A/Perth/200/2002	EPI_ISL_6314534	2002-01-22	Oceania / Australia / Western Australia	Human	gisaid_meta_2010.xls
A/PERTH/200/2002	A/Perth/200/2002	EPI_ISL_6314535	2002-01-22	Oceania / Australia / Western Australia	Human	gisaid_meta_2010.xls
A/PERTH/201/2000	A/Perth/201/2000	EPI_ISL_5054226	2000	Oceania / Australia / Western Australia / Perth	Human	gisaid_meta_2010.xls
A/PERTH/44/1998	A/Perth/44/1998	EPI_ISL_3492425	1998	Oceania / Australia / Western Australia	Human	gisaid_meta_2010.xls
A/PERTH/46/1998	A/Perth/46/1998	EPI_ISL_3492424	1998	Oceania / Australia / Western Australia	Human	gisaid_meta_2010.xls
A/PERTH/50/1998	A/Perth/50/1998	EPI_ISL_3492428	1998	Oceania / Australia / Western Australia	Human	gisaid_meta_2010.xls
A/PERUGIA/23/2016	A/Perugia/23/2016	EPI_ISL_224560	2016-03-23	Europe / Italy	Human	gisaid_meta_2015-2016.xls
A/PERUGIA/26/2017	A/Perugia/26/2017	EPI_ISL_273280	2017-01-20	Europe / Italy	Human	gisaid_meta_2017.xls
A/PERUGIA/39/2017	A/Perugia/39/2017	EPI_ISL_275511	2017-02-07	Europe / Italy	Human	gisaid_meta_2017.xls
A/PERUGIA/45/2015	A/Perugia/45/2015	EPI_ISL_181596	2015-02-06	Europe / Italy	Human	gisaid_meta_2015-2016.xls
A/PERUGIA/46/2015	A/Perugia/46/2015	EPI_ISL_181597	2015-02-06	Europe / Italy	Human	gisaid_meta_2015-2016.xls
A/PERUGIA/52/2015	A/Perugia/52/2015	EPI_ISL_181598	2015-02-12	Europe / Italy	Human	gisaid_meta_2015-2016.xls
A/PHILIPPINES/101/1999	A/Philippines/101/1999	EPI_ISL_3663394	1999	Asia / Philippines	Human	gisaid_meta_2010.xls
A/PHILIPPINES/2/1982	A/Philippines/2/1982	EPI_ISL_125872	1982	Asia / Philippines	Human	gisaid_meta_2010.xls
A/PHILIPPINES/2/1982	A/Philippines/2/1982	EPI_ISL_2391772	1982-01-01	Asia / Philippines	Human	gisaid_meta_2010.xls
A/PHILIPPINES/2/1982	A/Philippines/2/1982	EPI_ISL_76487	1982-06-01	Asia / Philippines	Human	gisaid_meta_2010.xls
A/PICARDIE/1840/2020	A/Picardie/1840/2020	EPI_ISL_455555	2020-03-02	Europe / France	Human	gisaid_meta_2020-21.xls
A/PICARDIE/1840/2020	A/Picardie/1840/2020	EPI_ISL_498382	2020-03-02	Europe / France	Human	gisaid_meta_2020-21.xls
A/PICARDIE/1898/2019	A/Picardie/1898/2019	EPI_ISL_353979	2019-04-08	Europe / France / Picardie	Human	gisaid_meta_2019.xls
A/PICARDIE/1898/2019	A/Picardie/1898/2019	EPI_ISL_388742	2019-04-08	Europe / France	Human	gisaid_meta_2019.xls
A/PICARDIE/2297/2014	A/Picardie/2297/2014	EPI_ISL_170012	2014-12-13	Europe / France / Picardie / Departement de l'Aisne	Human	gisaid_meta_2011-2014.xls
A/PICARDIE/2297/2014	A/Picardie/2297/2014	EPI_ISL_172419	2014-12-13	Europe / France	Human	gisaid_meta_2011-2014.xls
A/PIESTANY/205/2017	A/Piestany/205/2017	EPI_ISL_275512	2017-01-18	Europe / Slovakia	Human	gisaid_meta_2017.xls
A/PIESTANY/80/2016	A/Piestany/80/2016	EPI_ISL_275513	2016-12-12	Europe / Slovakia	Human	gisaid_meta_2015-2016.xls
A/PJOVAZSKABYSTRICA/177/2019	A/PJovazska Bystrica/177/2019	EPI_ISL_377343	2019-02-05	Europe / Slovakia	Human	gisaid_meta_2019.xls
A/POITIERS/1976/2018	A/Poitiers/1976/2018	EPI_ISL_337942	2018-10-09	Europe / France	Human	gisaid_meta_2018.xls
A/POITIERS/1976/2018	A/Poitiers/1976/2018	EPI_ISL_345744	2018-10-09	Europe / France / Poitiers	Human	gisaid_meta_2018.xls
A/POITIERS/1978/2018	A/Poitiers/1978/2018	EPI_ISL_337943	2018-10-08	Europe / France	Human	gisaid_meta_2018.xls
A/POITIERS/1978/2018	A/Poitiers/1978/2018	EPI_ISL_345746	2018-10-08	Europe / France / Poitiers	Human	gisaid_meta_2018.xls
A/POITIERS/2003/2018	A/Poitiers/2003/2018	EPI_ISL_337944	2018-10-20	Europe / France	Human	gisaid_meta_2018.xls
A/POITIERS/2003/2018	A/Poitiers/2003/2018	EPI_ISL_345753	2018-10-20	Europe / France / Poitiers	Human	gisaid_meta_2018.xls
A/POITIERS/2028/2017	A/Poitiers/2028/2017	EPI_ISL_301396	2017-10-20	Europe / France	Human	gisaid_meta_2017.xls
A/POITIERS/2238/2016	A/Poitiers/2238/2016	EPI_ISL_247451	2016-11-01	Europe / France / Poitiers	Human	gisaid_meta_2015-2016.xls
A/POITIERS/2238/2016	A/Poitiers/2238/2016	EPI_ISL_259681	2016-11-01	Europe / France	Human	gisaid_meta_2015-2016.xls
A/POITIERS/2239/2016	A/Poitiers/2239/2016	EPI_ISL_259682	2016-11-02	Europe / France	Human	gisaid_meta_2015-2016.xls
A/POITIERS/62/2002	A/POITIERS/62/2002	EPI_ISL_18205	2002	Europe / France / Poitou-Charentes / Departement de la Vienne / Poitiers	Human	gisaid_meta_2010.xls
A/POITIERS/62/2002	A/POITIERS/62/2002	EPI_ISL_186337	2002	Europe / France	Human	gisaid_meta_2010.xls
A/POITIERS/719/2004	A/Poitiers/719/2004	EPI_ISL_10656183	2004-10-26	Europe / France / Nouvelle-Aquitaine	Human	gisaid_meta_2010.xls
A/POITIERS/719/2004	A/POITIERS/719/2004	EPI_ISL_17286	2004-10-26	Europe / France / Poitou-Charentes / Departement de la Vienne / Poitiers	Human	gisaid_meta_2010.xls
A/POITIERS/719/2004	A/POITIERS/719/2004	EPI_ISL_185737	2004-10-26	Europe / France	Human	gisaid_meta_2010.xls
A/POITIERS/767/2017	A/Poitiers/767/2017	EPI_ISL_274112	2017-01-18	Europe / France	Human	gisaid_meta_2017.xls
A/POLAND/106/2017	A/Poland/106/2017	EPI_ISL_253140	2017-01-05	Europe / Poland	Human	gisaid_meta_2017.xls
A/POLAND/220/2020	A/Poland/220/2020	EPI_ISL_498386	2020-02-17	Europe / Poland	Human	gisaid_meta_2020-21.xls
A/POLAND/222/2020	A/Poland/222/2020	EPI_ISL_498387	2020-02-17	Europe / Poland	Human	gisaid_meta_2020-21.xls
A/POLAND/2724/2020	A/Poland/2724/2020	EPI_ISL_498388	2020-02-18	Europe / Poland	Human	gisaid_meta_2020-21.xls
A/POLAND/30484/2016	A/Poland/30484/2016	EPI_ISL_262251	2016-12-28	Europe / Poland	Human	gisaid_meta_2015-2016.xls
A/POLAND/3278/2020	A/Poland/3278/2020	EPI_ISL_498389	2020-02-26	Europe / Poland	Human	gisaid_meta_2020-21.xls
A/POLAND/3464/2014	A/Poland/3464/2014	EPI_ISL_162159	2014-03-19	Europe / Poland	Human	gisaid_meta_2011-2014.xls
A/POLAND/412/2017	A/Poland/412/2017	EPI_ISL_273203	2017-01-18	Europe / Poland	Human	gisaid_meta_2017.xls
A/POLAND/555/2017	A/Poland/555/2017	EPI_ISL_273195	2017-01-24	Europe / Poland	Human	gisaid_meta_2017.xls
A/POLAND/7404/2020	A/Poland/7404/2020	EPI_ISL_529048	2020-02-12	Europe / Poland	Human	gisaid_meta_2020-21.xls
A/POLAND/7404/2020	A/Poland/7404/2020	EPI_ISL_529049	2020-02-12	Europe / Poland	Human	gisaid_meta_2020-21.xls
A/POPRAD/237/2015	A/Poprad/237/2015	EPI_ISL_191799	2015-02-02	Europe / Slovakia	Human	gisaid_meta_2015-2016.xls
A/PORTCHALMERS/1/1973	A/Port Chalmers/1/1973	EPI_ISL_113916	1973	Oceania / New Zealand	Human	gisaid_meta_2010.xls
A/PORTCHALMERS/1/1973	A/Port Chalmers/1/1973	EPI_ISL_1141	1973	Oceania / New Zealand / Port Chalmers	Laboratory derived	gisaid_meta_2010.xls
A/PORTCHALMERS/1/1973	A/Port Chalmers/1/1973	EPI_ISL_123257	1973	Oceania / New Zealand	Human	gisaid_meta_2010.xls
A/PORTCHALMERS/1/1973	A/Port Chalmers/1/1973	EPI_ISL_153851	2013	Oceania	Laboratory derived	gisaid_meta_2011-2014.xls
A/PORTCHALMERS/1/1973	A/Port Chalmers/1/1973	EPI_ISL_20940	1973	Oceania / New Zealand / Port Chalmers	Laboratory derived	gisaid_meta_2010.xls
A/PORTUGAL/139/2019	A/Portugal/139/2019	EPI_ISL_342025	2019-01-04	Europe / Portugal	Human	gisaid_meta_2019.xls
A/PORTUGAL/146/2019	A/Portugal/146/2019	EPI_ISL_342026	2019-01-07	Europe / Portugal	Human	gisaid_meta_2019.xls
A/PORTUGAL/151/2019	A/Portugal/151/2019	EPI_ISL_342027	2019-01-06	Europe / Portugal	Human	gisaid_meta_2019.xls
A/PORTUGAL/GG66/2020	A/Portugal/GG66/2020	EPI_ISL_455558	2020-02-08	Europe / Portugal	Human	gisaid_meta_2020-21.xls
A/PORTUGAL/GG66/2020	A/Portugal/GG66/2020	EPI_ISL_498390	2020-02-08	Europe / Portugal	Human	gisaid_meta_2020-21.xls
A/PORTUGAL/MS74/2020	A/Portugal/MS74/2020	EPI_ISL_498391	2020-03-21	Europe / Portugal	Human	gisaid_meta_2020-21.xls
A/PRAGUE/3/2002	A/PRAGUE/3/2002	EPI_ISL_188031	2002	Europe / Czech Republic	Human	gisaid_meta_2010.xls
A/PRAGUE/3/2002	A/PRAGUE/3/2002	EPI_ISL_67674	2002	Europe / Czech Republic	Human	gisaid_meta_2010.xls
A/PRAGUE/34/2003	A/PRAGUE/34/2003	EPI_ISL_67275	2003-02-02	Europe / Czech Republic	Human	gisaid_meta_2010.xls
A/PRIEVIDZA/126/2019	A/Prievidza/126/2019	EPI_ISL_377344	2019-01-29	Europe / Slovakia	Human	gisaid_meta_2019.xls
A/PRIEVIDZA/126/2019	A/Prievidza/126/2019	EPI_ISL_387054	2019-01-29	Europe / Slovakia	Human	gisaid_meta_2019.xls
A/PRIEVIDZA/182/2014	A/Prievidza/182/2014	EPI_ISL_164244	2014-03-18	Europe / Slovakia	Human	gisaid_meta_2011-2014.xls
A/PRIEVIDZA/77/2016	A/Prievidza/77/2016	EPI_ISL_275515	2016-12-19	Europe / Slovakia	Human	gisaid_meta_2015-2016.xls
A/PROVENCEALPESCTEDAZUR/2501/2013	A/Provence-Alpes-Côte d'Azur/2501/2013	EPI_ISL_154214	2013-12-18	Europe / France / Provence-Alpes-Cote d'Azur	Human	gisaid_meta_2011-2014.xls
A/QATAR/10VI190048252/2019	A/Qatar/10-VI-19-0048252/2019	EPI_ISL_401710	2019-08-21	Asia / Qatar	Human	gisaid_meta_2019.xls
A/QATAR/10VI190048255/2019	A/Qatar/10-VI-19-0048255/2019	EPI_ISL_401711	2019-08-21	Asia / Qatar	Human	gisaid_meta_2019.xls
A/QATAR/10VI190048317/2019	A/Qatar/10-VI-19-0048317/2019	EPI_ISL_397288	2019-08-22	Asia / Qatar	Human	gisaid_meta_2019.xls
A/QATAR/10VI190048317/2019	A/Qatar/10-VI-19-0048317/2019	EPI_ISL_401713	2019-08-22	Asia / Qatar	Human	gisaid_meta_2019.xls
A/QATAR/10VI190048332/2019	A/Qatar/10-VI-19-0048332/2019	EPI_ISL_397289	2019-08-22	Asia / Qatar	Human	gisaid_meta_2019.xls
A/QATAR/10VI190048332/2019	A/Qatar/10-VI-19-0048332/2019	EPI_ISL_401714	2019-08-22	Asia / Qatar	Human	gisaid_meta_2019.xls
A/QATAR/10VI190048393/2019	A/Qatar/10-VI-19-0048393/2019	EPI_ISL_401715	2019-08-22	Asia / Qatar	Human	gisaid_meta_2019.xls
A/QATAR/10VI190069058/2019	A/Qatar/10-VI-19-0069058/2019	EPI_ISL_406196	2019-11-06	Asia / Qatar	Human	gisaid_meta_2019.xls
A/QATAR/10VI190069058/2019	A/Qatar/10-VI-19-0069058/2019	EPI_ISL_426241	2019-11-06	Asia / Qatar	Human	gisaid_meta_2019.xls
A/QATAR/13VI190046447/2019	A/Qatar/13-VI-19-0046447/2019	EPI_ISL_401719	2019-08-08	Asia / Qatar	Human	gisaid_meta_2019.xls
A/QATAR/16VI190048499/2019	A/Qatar/16-VI-19-0048499/2019	EPI_ISL_397296	2019-08-22	Asia / Qatar	Human	gisaid_meta_2019.xls
A/QATAR/16VI190048499/2019	A/Qatar/16-VI-19-0048499/2019	EPI_ISL_401721	2019-08-22	Asia / Qatar	Human	gisaid_meta_2019.xls
A/QATAR/16VI190048823/2019	A/Qatar/16-VI-19-0048823/2019	EPI_ISL_397300	2019-08-25	Asia / Qatar	Human	gisaid_meta_2019.xls
A/QATAR/16VI190048823/2019	A/Qatar/16-VI-19-0048823/2019	EPI_ISL_401725	2019-08-25	Asia / Qatar	Human	gisaid_meta_2019.xls
A/QATAR/16VI190049409/2019	A/Qatar/16-VI-19-0049409/2019	EPI_ISL_397301	2019-08-27	Asia / Qatar	Human	gisaid_meta_2019.xls
A/QATAR/16VI190049409/2019	A/Qatar/16-VI-19-0049409/2019	EPI_ISL_401726	2019-08-27	Asia / Qatar	Human	gisaid_meta_2019.xls
A/QATAR/16VI190049409/2019	A/Qatar/16-VI-19-0049409/2019	EPI_ISL_529133	2019-08-27	Asia / Qatar / Doha	Human	gisaid_meta_2019.xls
A/RABAT/1229/2018	A/Rabat/1229/2018	EPI_ISL_314680	2018-02-18	Africa / Morocco	Human	gisaid_meta_2018.xls
A/RABAT/352/2019	A/Rabat/352/2019	EPI_ISL_355101	2019-01-07	Africa / Morocco	Human	gisaid_meta_2019.xls
A/RHEINLANDPFALZ/1/2012	A/Rheinland-Pfalz/1/2012	EPI_ISL_107884	2012-01-12	Europe / Germany	Human	gisaid_meta_2011-2014.xls
A/RHEINLANDPFALZ/1/2014	A/Rheinland-Pfalz/1/2014	EPI_ISL_175527	2014-01-07	Europe / Germany	Human	gisaid_meta_2011-2014.xls
A/RHEINLANDPFALZ/13/2014	A/Rheinland-Pfalz/13/2014	EPI_ISL_170327	2014-11-08	Europe / Germany	Human	gisaid_meta_2011-2014.xls
A/RHEINLANDPFALZ/16/2014	A/Rheinland-Pfalz/16/2014	EPI_ISL_170328	2014-12-21	Europe / Germany	Human	gisaid_meta_2011-2014.xls
A/RHEINLANDPFALZ/17/2014	A/Rheinland-Pfalz/17/2014	EPI_ISL_170671	2014-12-23	Europe / Germany	Human	gisaid_meta_2011-2014.xls
A/RHEINLANDPFALZ/2/2015	A/Rheinland-Pfalz/2/2015	EPI_ISL_175055	2015-01-19	Europe / Germany	Human	gisaid_meta_2015-2016.xls
A/RHEINLANDPFALZ/26/2020	A/Rheinland-Pfalz/26/2020	EPI_ISL_434426	2020-03-02	Europe / Germany	Human	gisaid_meta_2020-21.xls
A/RHEINLANDPFALZ/26/2020	A/Rheinland-Pfalz/26/2020	EPI_ISL_477600	2020-03-02	Europe / Germany	Human	gisaid_meta_2020-21.xls
A/RHEINLANDPFALZ/34/2019	A/Rheinland-Pfalz/34/2019	EPI_ISL_358046	2019-03-01	Europe / Germany	Human	gisaid_meta_2019.xls
A/ROMA/12/2016	A/Roma/12/2016	EPI_ISL_224562	2016-02-15	Europe / Italy	Human	gisaid_meta_2015-2016.xls
A/ROMA/14/2015	A/Roma/14/2015	EPI_ISL_190927	2015-01-28	Europe / Italy	Human	gisaid_meta_2015-2016.xls
A/ROMA/7/2015	A/Roma/7/2015	EPI_ISL_190928	2015-01-27	Europe / Italy	Human	gisaid_meta_2015-2016.xls
A/ROMANIA/157360/2014	A/Romania/157360/2014	EPI_ISL_154773	2014-01-07	Europe / Romania	Human	gisaid_meta_2011-2014.xls
A/ROMANIA/751/2005	A/ROMANIA/751/2005	EPI_ISL_18240	2005-03-29	Europe / Romania	Human	gisaid_meta_2010.xls
A/ROMANIA/751/2005	A/ROMANIA/751/2005	EPI_ISL_188305	2005-03-29	Europe / Romania	Human	gisaid_meta_2010.xls
A/ROMANIA/810/2005	A/ROMANIA/810/2005	EPI_ISL_18241	2005-03-30	Europe / Romania	Human	gisaid_meta_2010.xls
A/ROMANIA/810/2005	A/ROMANIA/810/2005	EPI_ISL_187618	2005-03-30	Europe / Romania	Human	gisaid_meta_2010.xls
A/ROUEN/2273/2014	A/Rouen/2273/2014	EPI_ISL_169991	2014-12-05	Europe / France / Region Ile-de-France / Departement de Ville-de-Paris	Human	gisaid_meta_2011-2014.xls
A/ROUEN/2273/2014	A/Rouen/2273/2014	EPI_ISL_172421	2014-12-05	Europe / France	Human	gisaid_meta_2011-2014.xls
A/ROUEN/2291/2014	A/Rouen/2291/2014	EPI_ISL_170008	2014-12-09	Europe / France / Haute-Normandie / Departement de la Seine-Maritime	Human	gisaid_meta_2011-2014.xls
A/ROUEN/2291/2014	A/Rouen/2291/2014	EPI_ISL_172422	2014-12-09	Europe / France	Human	gisaid_meta_2011-2014.xls
A/SAARLAND/1/2015	A/Saarland/1/2015	EPI_ISL_170666	2015-01-05	Europe / Germany	Human	gisaid_meta_2015-2016.xls
A/SAARLAND/15/2019	A/Saarland/15/2019	EPI_ISL_358047	2019-03-11	Europe / Germany	Human	gisaid_meta_2019.xls
A/SAARLAND/2/2015	A/Saarland/2/2015	EPI_ISL_175056	2015-01-12	Europe / Germany	Human	gisaid_meta_2015-2016.xls
A/SABAC/1370/2012	A/Sabac/1370/2012	EPI_ISL_128080	2012-03-20	Europe / Serbia	Human	gisaid_meta_2011-2014.xls
A/SABAC/516/2009	A/Sabac/516/2009	EPI_ISL_60032	2009-01-29	Europe / Serbia	Human	gisaid_meta_2010.xls
A/SACHSEN/107/2017	A/Sachsen/107/2017	EPI_ISL_274113	2017-02-07	Europe / Germany	Human	gisaid_meta_2017.xls
A/SACHSEN/38/2020	A/Sachsen/38/2020	EPI_ISL_434428	2020-02-14	Europe / Germany	Human	gisaid_meta_2020-21.xls
A/SACHSEN/38/2020	A/Sachsen/38/2020	EPI_ISL_477603	2020-02-14	Europe / Germany	Human	gisaid_meta_2020-21.xls
A/SACHSEN/38/2020	A/Sachsen/38/2020	EPI_ISL_482834	2020-02-14	Europe / Germany	Human	gisaid_meta_2020-21.xls
A/SACHSEN/4/2017	A/Sachsen/4/2017	EPI_ISL_253482	2017-01-10	Europe / Germany	Human	gisaid_meta_2017.xls
A/SACHSEN/4/2017	A/Sachsen/4/2017	EPI_ISL_273197	2017-01-10	Europe / Germany	Human	gisaid_meta_2017.xls
A/SACHSEN/5/2020	A/Sachsen/5/2020	EPI_ISL_410086	2020-01-21	Europe / Germany	Human	gisaid_meta_2020-21.xls
A/SACHSEN/5/2020	A/Sachsen/5/2020	EPI_ISL_426247	2020-01-21	Europe / Germany	Human	gisaid_meta_2020-21.xls
A/SACHSEN/71/2017	A/Sachsen/71/2017	EPI_ISL_274114	2017-03-20	Europe / Germany	Human	gisaid_meta_2017.xls
A/SACHSEN/74/2016	A/Sachsen/74/2016	EPI_ISL_239400	2016-11-07	Europe / Germany	Human	gisaid_meta_2015-2016.xls
A/SACHSEN/74/2016	A/Sachsen/74/2016	EPI_ISL_257388	2016-11-07	Europe / Germany	Human	gisaid_meta_2015-2016.xls
A/SACHSEN/96/2003	A/SACHSEN/96/2003	EPI_ISL_18190	2003	Europe / Germany / Saxony	Human	gisaid_meta_2010.xls
A/SACHSEN/99/2017	A/Sachsen/99/2017	EPI_ISL_274115	2017-02-23	Europe / Germany	Human	gisaid_meta_2017.xls
A/SACHSENANHALT/2/2017	A/Sachsen-Anhalt/2/2017	EPI_ISL_256054	2017-01-16	Europe / Germany	Human	gisaid_meta_2017.xls
A/SAHAM/6943/2019	A/Saham/6943/2019	EPI_ISL_401606	2019-10-23	Asia / Oman	Human	gisaid_meta_2019.xls
A/SAIDA/294/2020	A/Saida/294/2020	EPI_ISL_498392	2020-02-13	Asia / Lebanon	Human	gisaid_meta_2020-21.xls
A/SAINTETIENNE/1912/2018	A/Saint-Etienne/1912/2018	EPI_ISL_337945	2018-09-07	Europe / France	Human	gisaid_meta_2018.xls
A/SAINTETIENNE/2539/2020	A/Saint-Etienne/2539/2020	EPI_ISL_498396	2020-02-11	Europe / France	Human	gisaid_meta_2020-21.xls
A/SAINTETIENNE/2539/2020	A/Saint-Etienne/2539/2020	EPI_ISL_498397	2020-02-11	Europe / France	Human	gisaid_meta_2020-21.xls
A/SAITAMA/103/2014	A/SAITAMA/103/2014	EPI_ISL_170086	2014-11-17	Asia / Japan	Human	gisaid_meta_2011-2014.xls
A/SAITAMA/103/2014	A/Saitama/103/2014	EPI_ISL_214004	2014-11-17	Asia / Japan	Human	gisaid_meta_2011-2014.xls
A/SAITAMA/103/2014	A/Saitama/103/2014	EPI_ISL_215269	2014-11-17	Asia / Japan	Human	gisaid_meta_2011-2014.xls
A/SAITAMA/103/2014	A/Saitama/103/2014	EPI_ISL_218952	2014-11-17	Asia / Japan	Human	gisaid_meta_2011-2014.xls
A/SAITAMA/103/2014	A/Saitama/103/2014	EPI_ISL_218953	2014-11-17	Asia / Japan	Human	gisaid_meta_2011-2014.xls
A/SAITAMA/103/2014	A/Saitama/103/2014	EPI_ISL_219124	2014	Asia / Japan	Human	gisaid_meta_2011-2014.xls
A/SAITAMA/103/2014	A/Saitama/103/2014	EPI_ISL_219125	2014	Asia / Japan	Human	gisaid_meta_2011-2014.xls
A/SAITAMA/103/2014	A/Saitama/103/2014	EPI_ISL_269605	2014-11-17	Asia / Japan / Saitama	Human	gisaid_meta_2011-2014.xls
A/SAITAMA/103/2014	A/Saitama/103/2014	EPI_ISL_285835	2014-11-17	Asia / Japan / Saitama	Human	gisaid_meta_2011-2014.xls
A/SAITAMA/103/2014	A/Saitama/103/2014	EPI_ISL_285836	2014-11-17	Asia / Japan / Saitama	Human	gisaid_meta_2011-2014.xls
A/SAITAMA/103/2014	A/Saitama/103/2014	EPI_ISL_285838	2014-11-17	Asia / Japan / Saitama	Human	gisaid_meta_2011-2014.xls
A/SAITAMA/92/2020	A/Saitama/92/2020	EPI_ISL_1064124	2020-04-03	Asia / Japan	Human	gisaid_meta_2020-21.xls
A/SAITAMA/92/2020	A/Saitama/92/2020	EPI_ISL_1064126	2020-04-03	Asia / Japan	Human	gisaid_meta_2020-21.xls
A/SAITAMA/92/2020	A/SAITAMA/92/2020	EPI_ISL_577615	2020-03-04	Asia / Japan	Human	gisaid_meta_2020-21.xls
A/SAKAI/20/2011	A/SAKAI/20/2011	EPI_ISL_93012	2011-02-15	Asia / Japan	Human	gisaid_meta_2011-2014.xls
A/SAKHA/3014V/2019	A/Sakha/3014V/2019	EPI_ISL_389227	2019-04-16	Europe / Russian Federation	Human	gisaid_meta_2019.xls
A/SALALAH/5662/2019	A/Salalah/5662/2019	EPI_ISL_401607	2019-09-27	Asia / Oman	Human	gisaid_meta_2019.xls
A/SALALAH/5980/2019	A/Salalah/5980/2019	EPI_ISL_401727	2019-10-03	Asia / Oman	Human	gisaid_meta_2019.xls
A/SALALAH/6016/2019	A/Salalah/6016/2019	EPI_ISL_401610	2019-10-03	Asia / Oman	Human	gisaid_meta_2019.xls
A/SALALAH/6611/2019	A/Salalah/6611/2019	EPI_ISL_401612	2019-10-16	Asia / Oman	Human	gisaid_meta_2019.xls
A/SALALAH/6905/2019	A/Salalah/6905/2019	EPI_ISL_401615	2019-10-23	Asia / Oman	Human	gisaid_meta_2019.xls
A/SALALAH/7183/2019	A/Salalah/7183/2019	EPI_ISL_401617	2019-10-31	Asia / Oman	Human	gisaid_meta_2019.xls
A/SALAMANCA/55/2006	A/SALAMANCA/55/2006	EPI_ISL_64216	2006	Europe / Spain	Human	gisaid_meta_2010.xls
A/SALAMANCA/8/2002	A/SALAMANCA/8/2002	EPI_ISL_186310	2002	Europe / Spain	Human	gisaid_meta_2010.xls
A/SALAMANCA/8/2002	A/SALAMANCA/8/2002	EPI_ISL_67675	2002	Europe / Spain	Human	gisaid_meta_2010.xls
A/SALAMANCA/9/2009	A/Salamanca/9/2009	EPI_ISL_61748	2009-01-19	Europe / Spain	Human	gisaid_meta_2010.xls
A/SAMSUN/125/2014	A/Samsun/125/2014	EPI_ISL_155914	2014-01-08	Asia / Turkey	Human	gisaid_meta_2011-2014.xls
A/SAMSUN/177/2014	A/Samsun/177/2014	EPI_ISL_155915	2014-01-09	Asia / Turkey	Human	gisaid_meta_2011-2014.xls
A/SAMSUN/4191/2013	A/Samsun/4191/2013	EPI_ISL_156911	2013-12-27	Asia / Turkey	Human	gisaid_meta_2011-2014.xls
A/SAMSUN/811/2018	A/Samsun/811/2018	EPI_ISL_336249	2018-11-27	Asia / Turkey	Human	gisaid_meta_2018.xls
A/SAMSUN/851/2018	A/Samsun/851/2018	EPI_ISL_336250	2018-12-10	Asia / Turkey	Human	gisaid_meta_2018.xls
A/SAMSUN/851/2018	A/Samsun/851/2018	EPI_ISL_363108	2018-12-10	Asia / Turkey	Human	gisaid_meta_2018.xls
A/SAMSUN/87/2014	A/Samsun/87/2014	EPI_ISL_155916	2014-01-07	Asia / Turkey	Human	gisaid_meta_2011-2014.xls
A/SANLIURFA/1763/2018	A/Sanliurfa/1763/2018	EPI_ISL_363109	2018-11-16	Asia / Turkey	Human	gisaid_meta_2018.xls
A/SANTACRUZ/694835/2014	A/Santa Cruz/694835/2014	EPI_ISL_166742	2014-07-04	South America / Argentina	Human	gisaid_meta_2011-2014.xls
A/SANTAFE/1431/2011	A/Santa Fe/1431/2011	EPI_ISL_94722	2011-07-04	South America / Argentina	Human	gisaid_meta_2011-2014.xls
A/SANTAFE/826/2014	A/Santa Fe/826/2014	EPI_ISL_166743	2014-06-03	South America / Argentina	Human	gisaid_meta_2011-2014.xls
A/SANTIAGO/6881/2007	A/Santiago/6881/2007	EPI_ISL_187064	2007-05-18	South America / Chile	Human	gisaid_meta_2010.xls
A/SANTIAGO/6881/2007	A/Santiago/6881/2007	EPI_ISL_20544	2007-05-18	South America / Chile / Region Metropolitana de Santiago / Santiago	Human	gisaid_meta_2010.xls
A/SARABURI/1792/2004	A/SARABURI/1792/2004	EPI_ISL_186007	2004-09-22	Asia / Thailand	Human	gisaid_meta_2010.xls
A/SARABURI/1792/2004	A/SARABURI/1792/2004	EPI_ISL_65571	2004-09-22	Asia / Thailand	Human	gisaid_meta_2010.xls
A/SASSARI/17/2014	A/Sassari/17/2014	EPI_ISL_163112	2014-03-05	Europe / Italy	Human	gisaid_meta_2011-2014.xls
A/SASSARI/9/2015	A/Sassari/9/2015	EPI_ISL_181600	2015-02-03	Europe / Italy	Human	gisaid_meta_2015-2016.xls
A/SAUDI ARABIA/192838/2016	A/Saudi Arabia/192838/2016	EPI_ISL_239496	2016-09-13	Asia / Saudi Arabia	Human	gisaid_meta_2015-2016.xls
A/SAUDI ARABIA/192840/2016	A/Saudi Arabia/192840/2016	EPI_ISL_239497	2016	Asia / Saudi Arabia	Human	gisaid_meta_2015-2016.xls
A/SAUDI ARABIA/252925/2017	A/Saudi Arabia/252925/2017	EPI_ISL_276295	2017-03-15	Asia / Saudi Arabia	Human	gisaid_meta_2017.xls
A/SAUDI ARABIA/78572/2015	A/Saudi Arabia/78572/2015	EPI_ISL_203040	2015-09-24	Asia / Saudi Arabia	Human	gisaid_meta_2015-2016.xls
A/SAUDI ARABIA/78603/2015	A/Saudi Arabia/78603/2015	EPI_ISL_203041	2015-09-24	Asia / Saudi Arabia	Human	gisaid_meta_2015-2016.xls
A/SCHLESWIGHOLSTEIN/2/2020	A/Schleswig-Holstein/2/2020	EPI_ISL_426248	2020-02-03	Europe / Germany	Human	gisaid_meta_2020-21.xls
A/SCHLESWIGHOLSTEIN/2/2020	A/Schleswig-Holstein/2/2020	EPI_ISL_645144	2020-02-03	Europe / Germany	Human	gisaid_meta_2020-21.xls
A/SCOTLAND/5/2009	A/Scotland/5/2009	EPI_ISL_60048	2009-07-01	Europe / United Kingdom	Human	gisaid_meta_2010.xls
A/SEOUL/1287/2018	A/Seoul/1287/2018	EPI_ISL_321856	2018-03-05	Asia / Korea, Republic of	Human	gisaid_meta_2018.xls
A/SEOUL/1287/2018	A/Seoul/1287/2018	EPI_ISL_505581	2018-03-05	Asia / Korea, Republic of / Seoul	Human	gisaid_meta_2018.xls
A/SERBIA/1868/2019	A/Serbia/1868/2019	EPI_ISL_397304	2019-02-18	Europe / Serbia	Human	gisaid_meta_2019.xls
A/SERBIA/1985/2019	A/Serbia/1985/2019	EPI_ISL_397305	2019-02-18	Europe / Serbia	Human	gisaid_meta_2019.xls
A/SERBIA/2252/2016	A/Serbia/2252/2016	EPI_ISL_267975	2016-12-23	Europe / Serbia	Human	gisaid_meta_2015-2016.xls
A/SERBIA/3031/2019	A/Serbia/3031/2019	EPI_ISL_397309	2019-03-18	Europe / Serbia	Human	gisaid_meta_2019.xls
A/SERBIA/361/2015	A/Serbia/361/2015	EPI_ISL_201696	2015-01-19	Europe / Serbia	Human	gisaid_meta_2015-2016.xls
A/SERBIA/584/2019	A/Serbia/584/2019	EPI_ISL_397312	2019-02-23	Europe / Serbia	Human	gisaid_meta_2019.xls
A/SERBIA/7921/2016	A/Serbia/7921/2016	EPI_ISL_276897	2016-12-09	Europe / Serbia	Human	gisaid_meta_2015-2016.xls
A/SERBIA/7997/2016	A/Serbia/7997/2016	EPI_ISL_276898	2016-12-12	Europe / Serbia	Human	gisaid_meta_2015-2016.xls
A/SERBIA/8255/2016	A/Serbia/8255/2016	EPI_ISL_276899	2016-12-16	Europe / Serbia	Human	gisaid_meta_2015-2016.xls
A/SERBIA/8283/2016	A/Serbia/8283/2016	EPI_ISL_276900	2016-12-21	Europe / Serbia	Human	gisaid_meta_2015-2016.xls
A/SERBIA/8352/2016	A/Serbia/8352/2016	EPI_ISL_276902	2016-12-22	Europe / Serbia	Human	gisaid_meta_2015-2016.xls
A/SERBIA/8374/2016	A/Serbia/8374/2016	EPI_ISL_276903	2016-12-21	Europe / Serbia	Human	gisaid_meta_2015-2016.xls
A/SERBIA/8375/2016	A/Serbia/8375/2016	EPI_ISL_276904	2016-12-22	Europe / Serbia	Human	gisaid_meta_2015-2016.xls
A/SERBIA/8411/2016	A/Serbia/8411/2016	EPI_ISL_276905	2016-12-26	Europe / Serbia	Human	gisaid_meta_2015-2016.xls
A/SERBIA/8418/2016	A/Serbia/8418/2016	EPI_ISL_276298	2016-12-01	Europe / Serbia	Human	gisaid_meta_2015-2016.xls
A/SERBIA/8499/2016	A/Serbia/8499/2016	EPI_ISL_276906	2016-12-27	Europe / Serbia	Human	gisaid_meta_2015-2016.xls
A/SERBIA/8501/2016	A/Serbia/8501/2016	EPI_ISL_276907	2016-12-28	Europe / Serbia	Human	gisaid_meta_2015-2016.xls
A/SERBIA/8554/2016	A/Serbia/8554/2016	EPI_ISL_276908	2016-12-30	Europe / Serbia	Human	gisaid_meta_2015-2016.xls
A/SERBIA/883/2019	A/Serbia/883/2019	EPI_ISL_397315	2019-01-31	Europe / Serbia	Human	gisaid_meta_2019.xls
A/SERBIA/NS200/2013	A/Serbia/NS-200/2013	EPI_ISL_143558	2013-01-14	Europe / Serbia	Human	gisaid_meta_2011-2014.xls
A/SERBIA/NS613/2014	A/Serbia/NS-613/2014	EPI_ISL_163113	2014-01-15	Europe / Serbia	Human	gisaid_meta_2011-2014.xls
A/SERBIA/NS619/2014	A/Serbia/NS-619/2014	EPI_ISL_163114	2014-01-17	Europe / Serbia	Human	gisaid_meta_2011-2014.xls
A/SERBIA/NS666/2014	A/Serbia/NS-666/2014	EPI_ISL_163115	2014-02-11	Europe / Serbia	Human	gisaid_meta_2011-2014.xls
A/SERBIA/NS669/2014	A/Serbia/NS-669/2014	EPI_ISL_163116	2014-02-13	Europe / Serbia	Human	gisaid_meta_2011-2014.xls
A/SERBIA/NS682/2014	A/Serbia/NS-682/2014	EPI_ISL_163117	2014-02-21	Europe / Serbia	Human	gisaid_meta_2011-2014.xls
A/SERBIA/NS707/2014	A/Serbia/NS-707/2014	EPI_ISL_163118	2014-02-28	Europe / Serbia	Human	gisaid_meta_2011-2014.xls
A/SERBIA/NS783/2014	A/Serbia/NS-783/2014	EPI_ISL_164250	2014-03-20	Europe / Serbia	Human	gisaid_meta_2011-2014.xls
A/SERBIANS/1107/2015	A/Serbia/NS-1107/2015	EPI_ISL_181603	2015-02-23	Europe / Serbia	Human	gisaid_meta_2015-2016.xls
A/SERBIANS/1565/2016	A/Serbia-NS/1565/2016	EPI_ISL_218958	2016-02-22	Europe / Serbia	Human	gisaid_meta_2015-2016.xls
A/SERBIANS/949/2015	A/Serbia/NS-949/2015	EPI_ISL_190929	2015-01-20	Europe / Serbia	Human	gisaid_meta_2015-2016.xls
A/SHAANXICHANGAN/1452/2014	A/Shaanxi-Changan/1452/2014	EPI_ISL_169686	2014-11-03	Asia / China / A/Shaanxi	Human	gisaid_meta_2011-2014.xls
A/SHAANXICHANGAN/1452/2014	A/Shaanxi-Changan/1452/2014	EPI_ISL_171345	2014-11-03	Asia / China	Human	gisaid_meta_2011-2014.xls
A/SHANGHAI/11/1987	A/Shanghai/11/1987	EPI_ISL_109089	1987	Asia / China	Human	gisaid_meta_2010.xls
A/SHANGHAI/11/1987	A/Shanghai/11/1987	EPI_ISL_114294	1987	Asia / China	Human	gisaid_meta_2010.xls
A/SHANGHAI/11/1987	A/Shanghai/11/1987	EPI_ISL_127587	1987	Asia / China	Human	gisaid_meta_2010.xls
A/SHANGHAI/11/1987	A/Shanghai/11/1987	EPI_ISL_68909	1987	Asia / China	Human	gisaid_meta_2010.xls
A/SHANGHAI/369/2003	A/Shanghai/369/2003	EPI_ISL_108939	2003-04-15	Asia / China	Human	gisaid_meta_2010.xls
A/SHANGHAI/369/2003	A/Shanghai/369/2003	EPI_ISL_357606	2003	Asia / China	Human	gisaid_meta_2010.xls
A/SHANGHAI/369/2003	A/SHANGHAI/369/2003	EPI_ISL_67277	2003-04-16	Asia / China	Human	gisaid_meta_2010.xls
A/SHANXIXINGHUALING/1663/2014	A/Shanxi-Xinghualing/1663/2014	EPI_ISL_169733	2014-08-12	Asia / China / Shanxi	Human	gisaid_meta_2011-2014.xls
A/SHANXIXINGHUALING/1663/2014	A/Shanxi-Xinghualing/1663/2014	EPI_ISL_171347	2014-08-12	Asia / China	Human	gisaid_meta_2011-2014.xls
A/SHENZHEN/1219/1998	A/Shenzhen/1219/1998	EPI_ISL_109409	1998-07-24	Asia / China	Human	gisaid_meta_2010.xls
A/SHENZHEN/272/1995	A/Shenzhen/272/1995	EPI_ISL_109263	1995	Asia / China	Human	gisaid_meta_2010.xls
A/SICHUAN/2/1987	A/Sichuan/2/1987	EPI_ISL_109108	1987	Asia / China	Human	gisaid_meta_2010.xls
A/SICHUAN/2/1987	A/Sichuan/2/1987	EPI_ISL_110865	1987	Asia / China	Human	gisaid_meta_2010.xls
A/SICHUAN/2/1987	A/Sichuan/2/1987	EPI_ISL_125877	1987	Asia / China	Human	gisaid_meta_2010.xls
A/SICHUAN/2/1987	A/Sichuan/2/1987	EPI_ISL_68912	1987	Asia / China	Human	gisaid_meta_2010.xls
A/SICHUANJIANGYANG/1686/2014	A/Sichuan-Jiangyang/1686/2014	EPI_ISL_168375	2014-07-02	Asia / China	Human	gisaid_meta_2011-2014.xls
A/SINGAPORE/1/2004	A/Singapore/1/2004	EPI_ISL_11957	2004-01-09	Asia / Singapore	Human	gisaid_meta_2010.xls
A/SINGAPORE/1/2004	A/Singapore/1/2004	EPI_ISL_21243	2004-01-09	Asia / Singapore	Human	gisaid_meta_2010.xls
A/SINGAPORE/1/2004	A/Singapore/1/2004	EPI_ISL_6949642	2004-01-09	Asia / Singapore	Human	gisaid_meta_2010.xls
A/SINGAPORE/14/1999	A/Singapore/14/1999	EPI_ISL_3663397	1999-01-21	Asia / Singapore	Human	gisaid_meta_2010.xls
A/SINGAPORE/16/2002	A/SINGAPORE/16/2002	EPI_ISL_16953	2002-04-02	Asia / Singapore	Human	gisaid_meta_2010.xls
A/SINGAPORE/16/2002	A/SINGAPORE/16/2002	EPI_ISL_188317	2002-04-02	Asia / Singapore	Human	gisaid_meta_2010.xls
A/SINGAPORE/16/2002	A/Singapore/16/2002	EPI_ISL_6314544	2002-04-02	Asia / Singapore	Human	gisaid_meta_2010.xls
A/SINGAPORE/2/1999	A/Singapore/2/1999	EPI_ISL_3663398	1999-01-12	Asia / Singapore	Human	gisaid_meta_2010.xls
A/SINGAPORE/2/2000	A/Singapore/2/2000	EPI_ISL_188054	2000-03-10	Asia / Singapore	Human	gisaid_meta_2010.xls
A/SINGAPORE/22/2012	A/SINGAPORE/22/2012	EPI_ISL_128750	2012-06-06	Asia / Singapore	Human	gisaid_meta_2011-2014.xls
A/SINGAPORE/22/2012	A/Singapore/22/2012	EPI_ISL_135838	2012-06-06	Asia / Singapore	Human	gisaid_meta_2011-2014.xls
A/SINGAPORE/22/2012	A/SINGAPORE/22/2012	EPI_ISL_145312	2012-06-06	Asia / Singapore / SINGAPORE	Human	gisaid_meta_2011-2014.xls
A/SINGAPORE/22/2012	A/Singapore/22/2012	EPI_ISL_222265	2012-06-06	Asia / Singapore	Human	gisaid_meta_2011-2014.xls
A/SINGAPORE/23/2001	A/Singapore/23/2001	EPI_ISL_5632550	2001-01-18	Asia / Singapore	Human	gisaid_meta_2010.xls
A/SINGAPORE/26/2001	A/Singapore/26/2001	EPI_ISL_5522554	2001-01-30	Asia / Singapore	Human	gisaid_meta_2010.xls
A/SINGAPORE/33/2009	A/Singapore/33/2009	EPI_ISL_187856	2009-05-07	Asia / Singapore	Human	gisaid_meta_2010.xls
A/SINGAPORE/33/2009	A/Singapore/33/2009	EPI_ISL_33815	2009-06-01	Asia / Singapore	Human	gisaid_meta_2010.xls
A/SINGAPORE/33/2009	A/Singapore/33/2009	EPI_ISL_60021	2009-05-07	Asia / Singapore	Human	gisaid_meta_2010.xls
A/SINGAPORE/36/2004	A/Singapore/36/2004	EPI_ISL_21116	2004-06-15	Asia / Singapore	Human	gisaid_meta_2010.xls
A/SINGAPORE/36/2004	A/Singapore/36/2004	EPI_ISL_21244	2004-06-15	Asia / Singapore	Human	gisaid_meta_2010.xls
A/SINGAPORE/37/2009	A/Singapore/37/2009	EPI_ISL_33816	2009-06-01	Asia / Singapore	Human	gisaid_meta_2010.xls
A/SINGAPORE/37/2009	A/Singapore/37/2009	EPI_ISL_66565	2009-06-01	Asia / Singapore	Human	gisaid_meta_2010.xls
A/SINGAPORE/4/2001	A/Singapore/4/2001	EPI_ISL_188212	2001-01-03	Asia / Singapore	Human	gisaid_meta_2010.xls
A/SINGAPORE/4/2001	A/Singapore/4/2001	EPI_ISL_5632553	2001-01-03	Asia / Singapore	Human	gisaid_meta_2010.xls
A/SINGAPORE/45/1999	A/Singapore/45/1999	EPI_ISL_3663399	1999-02-03	Asia / Singapore	Human	gisaid_meta_2010.xls
A/SINGAPORE/47/2009	A/Singapore/47/2009	EPI_ISL_60023	2009-06-05	Asia / Singapore	Human	gisaid_meta_2010.xls
A/SINGAPORE/55/2003	A/Singapore/55/2003	EPI_ISL_357617	2003-02-10	Asia / Singapore	Human	gisaid_meta_2010.xls
A/SINGAPORE/67/1999	A/Singapore/67/1999	EPI_ISL_5054241	1999-09-23	Asia / Singapore	Human	gisaid_meta_2010.xls
A/SINGAPORE/69/1999	A/Singapore/69/1999	EPI_ISL_5054242	1999-09-23	Asia / Singapore	Human	gisaid_meta_2010.xls
A/SINGAPORE/72/1999	A/Singapore/72/1999	EPI_ISL_5054243	1999-09-27	Asia / Singapore	Human	gisaid_meta_2010.xls
A/SINGAPORE/8/1999	A/Singapore/8/1999	EPI_ISL_3663400	1999-01-21	Asia / Singapore	Human	gisaid_meta_2010.xls
A/SINGAPORE/94/2000	A/Singapore/94/2000	EPI_ISL_188113	2000-12-29	Asia / Singapore	Human	gisaid_meta_2010.xls
A/SINGAPORE/94/2000	A/Singapore/94/2000	EPI_ISL_5522561	2000-12-29	Asia / Singapore	Human	gisaid_meta_2010.xls
A/SINGAPORE/96/1999	A/Singapore/96/1999	EPI_ISL_5054246	1999-12-03	Asia / Singapore	Human	gisaid_meta_2010.xls
A/SINGAPORE/EN047/2008	A/Singapore/EN047/2008	EPI_ISL_32965	2008-05-05	Asia / Singapore	Human	gisaid_meta_2010.xls
A/SINGAPORE/EN074/2008	A/Singapore/EN074/2008	EPI_ISL_32966	2008-06-12	Asia / Singapore	Human	gisaid_meta_2010.xls
A/SINGAPORE/EN089/2008	A/Singapore/EN089/2008	EPI_ISL_32967	2008-06-30	Asia / Singapore	Human	gisaid_meta_2010.xls
A/SINGAPORE/GP0454/2018	A/Singapore/GP0454/2018	EPI_ISL_320960	2018-02-19	Asia / Singapore	Human	gisaid_meta_2018.xls
A/SINGAPORE/GP0454/2018	A/Singapore/GP0454/2018	EPI_ISL_322097	2018-02-19	Asia / Singapore	Human	gisaid_meta_2018.xls
A/SINGAPORE/GP0454/2018	A/Singapore/GP0454/2018	EPI_ISL_330025	2018-02-19	Asia / Singapore	Human	gisaid_meta_2018.xls
A/SINGAPORE/GP0454/2018	A/Singapore/GP0454/2018	EPI_ISL_340017	2018-02-19	Asia / Singapore	Human	gisaid_meta_2018.xls
A/SINGAPORE/INFIMH160019/2016	A/Singapore/INFIMH-16-0019/2016	EPI_ISL_16706695	2016	Asia / Singapore	Human	gisaid_meta_2015-2016.xls
A/SINGAPORE/INFIMH160019/2016	A/Singapore/INFIMH-16-0019/2016	EPI_ISL_16891359	2016	Asia / Singapore	Human	gisaid_meta_2015-2016.xls
A/SINGAPORE/INFIMH160019/2016	A/Singapore/INFIMH-16-0019/2016	EPI_ISL_18337988	2016-06-14	Asia / Singapore	Human	gisaid_meta_2015-2016.xls
A/SINGAPORE/INFIMH160019/2016	A/SINGAPORE/INFIMH-16-0019/2016	EPI_ISL_20253324	2016-06-14	Asia / Singapore	Human	gisaid_meta_2015-2016.xls
A/SINGAPORE/INFIMH160019/2016	A/Singapore/INFIMH-16-0019/2016	EPI_ISL_225834	2016-06-14	Asia / Singapore	Human	gisaid_meta_2015-2016.xls
A/SINGAPORE/INFIMH160019/2016	A/Singapore/INFIMH-16-0019/2016	EPI_ISL_239803	2016-06-14	Asia / Singapore	Human	gisaid_meta_2015-2016.xls
A/SINGAPORE/INFIMH160019/2016	A/Singapore/INFIMH-16-0019/2016	EPI_ISL_257001	2016-06-14	Asia / Singapore	Human	gisaid_meta_2015-2016.xls
A/SINGAPORE/INFIMH160019/2016	A/Singapore/INFIMH-16-0019/2016	EPI_ISL_275709	2016-06-14	Asia / Singapore	Human	gisaid_meta_2015-2016.xls
A/SINGAPORE/INFIMH160019/2016	A/Singapore/INFIMH-16-0019/2016	EPI_ISL_284136	2016-06-14	Asia / Singapore	Human	gisaid_meta_2015-2016.xls
A/SINGAPORE/INFIMH160019/2016	A/Singapore/INFIMH-16-0019/2016	EPI_ISL_284191	2016-06-14	Asia / Singapore	Human	gisaid_meta_2015-2016.xls
A/SINGAPORE/INFIMH160019/2016	A/Singapore/INFIMH-16-0019/2016	EPI_ISL_285897	2016-06-14	Asia / Singapore	Human	gisaid_meta_2015-2016.xls
A/SINGAPORE/INFIMH160019/2016	A/Singapore/INFIMH-16-0019/2016	EPI_ISL_285898	2016-06-14	Asia / Singapore	Human	gisaid_meta_2015-2016.xls
A/SINGAPORE/INFIMH160019/2016	A/Singapore/INFIMH-16-0019/2016	EPI_ISL_291274	2016-06-14	Asia / Singapore	Human	gisaid_meta_2015-2016.xls
A/SINGAPORE/INFIMH160019/2016	A/Singapore/INFIMH-16-0019/2016	EPI_ISL_296168	2016-06-14	Asia / Singapore	Human	gisaid_meta_2015-2016.xls
A/SINGAPORE/INFIMH160019/2016	A/Singapore/INFIMH-16-0019/2016	EPI_ISL_311688	2016-06-14	Asia / Singapore	Human	gisaid_meta_2015-2016.xls
A/SINGAPORE/INFIMH160019/2016	A/Singapore/INFIMH-16-0019/2016	EPI_ISL_330262	2016-06-14	Asia / Singapore	Human	gisaid_meta_2015-2016.xls
A/SINGAPORE/INFIMH160019/2016	A/Singapore/INFIMH-16-0019/2016	EPI_ISL_335173	2016-06-14	Asia / China	Human	gisaid_meta_2015-2016.xls
A/SINGAPORE/INFIMH160019/2016	A/Singapore/INFIMH-16-0019/2016	EPI_ISL_335174	2016-06-14	Asia / China	Human	gisaid_meta_2015-2016.xls
A/SINGAPORE/INFIMH160019/2016	A/Singapore/INFIMH-16-0019/2016	EPI_ISL_344419	2016-06-14	Asia / China	Human	gisaid_meta_2015-2016.xls
A/SINGAPORE/INFIMH160019/2016	A/Singapore/INFIMH-16-0019/2016	EPI_ISL_344420	2016-06-14	Asia / China	Human	gisaid_meta_2015-2016.xls
A/SINGAPORE/KK0259/2018	A/Singapore/KK0259/2018	EPI_ISL_320963	2018-03-09	Asia / Singapore	Human	gisaid_meta_2018.xls
A/SINGAPORE/KK0259/2018	A/Singapore/KK0259/2018	EPI_ISL_322087	2018-03-09	Asia / Singapore	Human	gisaid_meta_2018.xls
A/SINGAPORE/KK0259/2018	A/Singapore/KK0259/2018	EPI_ISL_330024	2018-03-09	Asia / Singapore	Human	gisaid_meta_2018.xls
A/SINGAPORE/KK943/2014	A/Singapore/KK943/2014	EPI_ISL_193175	2014-07-10	Oceania / Australia	Human	gisaid_meta_2011-2014.xls
A/SINGAPORE/KK943/2014	A/Singapore/KK943/2014	EPI_ISL_195934	2014-10-07	Asia / Singapore	Human	gisaid_meta_2011-2014.xls
A/SINGAPORE/KK943/2014	A/Singapore/KK943/2014	EPI_ISL_219053	2014-10-07	Asia / Singapore	Human	gisaid_meta_2011-2014.xls
A/SINGAPORE/N348/2008	A/Singapore/N348/2008	EPI_ISL_32968	2008-04-01	Asia / Singapore	Human	gisaid_meta_2010.xls
A/SINGAPORE/N350/2008	A/Singapore/N350/2008	EPI_ISL_33198	2008-04-01	Asia / Singapore	Human	gisaid_meta_2010.xls
A/SINGAPORE/N351/2008	A/Singapore/N351/2008	EPI_ISL_33199	2008-04-01	Asia / Singapore	Human	gisaid_meta_2010.xls
A/SINGAPORE/N352/2008	A/Singapore/N352/2008	EPI_ISL_33200	2008-04-01	Asia / Singapore	Human	gisaid_meta_2010.xls
A/SINGAPORE/N390/2008	A/Singapore/N390/2008	EPI_ISL_32969	2008-04-23	Asia / Singapore	Human	gisaid_meta_2010.xls
A/SINGAPORE/N422/2008	A/Singapore/N422/2008	EPI_ISL_32970	2008-05-02	Asia / Singapore	Human	gisaid_meta_2010.xls
A/SINGAPORE/N430/2008	A/Singapore/N430/2008	EPI_ISL_32971	2008-05-07	Asia / Singapore	Human	gisaid_meta_2010.xls
A/SINGAPORE/N468/2008	A/Singapore/N468/2008	EPI_ISL_32972	2008-05-08	Asia / Singapore	Human	gisaid_meta_2010.xls
A/SINGAPORE/N474/2008	A/Singapore/N474/2008	EPI_ISL_32973	2008-05-21	Asia / Singapore	Human	gisaid_meta_2010.xls
A/SINGAPORE/N486/2008	A/Singapore/N486/2008	EPI_ISL_32974	2008-05-21	Asia / Singapore	Human	gisaid_meta_2010.xls
A/SINGAPORE/N510/2008	A/Singapore/N510/2008	EPI_ISL_32975	2008-06-04	Asia / Singapore	Human	gisaid_meta_2010.xls
A/SKALICA/339/2019	A/Skalica/339/2019	EPI_ISL_377345	2019-02-21	Europe / Slovakia	Human	gisaid_meta_2019.xls
A/SKALICA/339/2019	A/Skalica/339/2019	EPI_ISL_387055	2019-02-21	Europe / Slovakia	Human	gisaid_meta_2019.xls
A/SKOVDE/1/2019	A/Skovde/1/2019	EPI_ISL_343376	2019-02-11	Europe / Sweden / Vastra Gotalands lan	Human	gisaid_meta_2019.xls
A/SKOVDE/1/2019	A/Skovde/1/2019	EPI_ISL_367810	2019-02-11	Europe / Sweden	Human	gisaid_meta_2019.xls
A/SKOVDE/3/2019	A/Skovde/3/2019	EPI_ISL_396431	2019-09-30	Europe / Sweden / Vastra Gotalands lan	Human	gisaid_meta_2019.xls
A/SKOVDE/3/2019	A/Skovde/3/2019	EPI_ISL_406320	2019-09-30	Europe / Sweden	Human	gisaid_meta_2019.xls
A/SLOVENIA/1070/2016	A/Slovenia/1070/2016	EPI_ISL_224563	2016-03-01	Europe / Slovenia	Human	gisaid_meta_2015-2016.xls
A/SLOVENIA/1077/2015	A/Slovenia/1077/2015	EPI_ISL_193177	2015-02-19	Europe / Slovenia	Human	gisaid_meta_2015-2016.xls
A/SLOVENIA/108/2014	A/Slovenia/108/2014	EPI_ISL_154774	2014-01-14	Europe / Slovenia	Human	gisaid_meta_2011-2014.xls
A/SLOVENIA/1159/2017	A/Slovenia/1159/2017	EPI_ISL_275518	2017-02-15	Europe / Slovenia	Human	gisaid_meta_2017.xls
A/SLOVENIA/1172/2016	A/Slovenia/1172/2016	EPI_ISL_224565	2016-03-09	Europe / Slovenia	Human	gisaid_meta_2015-2016.xls
A/SLOVENIA/1213/2019	A/Slovenia/1213/2019	EPI_ISL_363121	2019-02-19	Europe / Slovenia	Human	gisaid_meta_2019.xls
A/SLOVENIA/1270/2020	A/Slovenia/1270/2020	EPI_ISL_434433	2020-02-12	Europe / Slovenia	Human	gisaid_meta_2020-21.xls
A/SLOVENIA/1270/2020	A/Slovenia/1270/2020	EPI_ISL_485770	2020-02-12	Europe / Slovenia	Human	gisaid_meta_2020-21.xls
A/SLOVENIA/129/2016	A/Slovenia/129/2016	EPI_ISL_208200	2016-01-12	Europe / Slovenia	Human	gisaid_meta_2015-2016.xls
A/SLOVENIA/1307/2016	A/Slovenia/1307/2016	EPI_ISL_224566	2016-03-21	Europe / Slovenia	Human	gisaid_meta_2015-2016.xls
A/SLOVENIA/1391/2017	A/Slovenia/1391/2017	EPI_ISL_275520	2017-03-08	Europe / Slovenia	Human	gisaid_meta_2017.xls
A/SLOVENIA/1406/2017	A/Slovenia/1406/2017	EPI_ISL_275521	2017-03-08	Europe / Slovenia	Human	gisaid_meta_2017.xls
A/SLOVENIA/1406/2017	A/Slovenia/1406/2017	EPI_ISL_282442	2017-03-10	Europe / Slovenia	Human	gisaid_meta_2017.xls
A/SLOVENIA/1411/2015	A/Slovenia/1411/2015	EPI_ISL_193178	2015-03-11	Europe / Slovenia	Human	gisaid_meta_2015-2016.xls
A/SLOVENIA/1451/2020	A/Slovenia/1451/2020	EPI_ISL_429941	2020-02-18	Europe / Slovenia	Human	gisaid_meta_2020-21.xls
A/SLOVENIA/1451/2020	A/Slovenia/1451/2020	EPI_ISL_477604	2020-02-18	Europe / Slovenia	Human	gisaid_meta_2020-21.xls
A/SLOVENIA/146/2005	A/SLOVENIA/146/2005	EPI_ISL_18233	2005-01-18	Europe / Slovenia	Human	gisaid_meta_2010.xls
A/SLOVENIA/146/2005	A/SLOVENIA/146/2005	EPI_ISL_188207	2005-01-18	Europe / Slovenia	Human	gisaid_meta_2010.xls
A/SLOVENIA/1465/2020	A/Slovenia/1465/2020	EPI_ISL_434434	2020-02-19	Europe / Slovenia	Human	gisaid_meta_2020-21.xls
A/SLOVENIA/1465/2020	A/Slovenia/1465/2020	EPI_ISL_485771	2020-02-19	Europe / Slovenia	Human	gisaid_meta_2020-21.xls
A/SLOVENIA/1506/2020	A/Slovenia/1506/2020	EPI_ISL_434435	2020-02-21	Europe / Slovenia	Human	gisaid_meta_2020-21.xls
A/SLOVENIA/1506/2020	A/Slovenia/1506/2020	EPI_ISL_485772	2020-02-21	Europe / Slovenia	Human	gisaid_meta_2020-21.xls
A/SLOVENIA/1650/2020	A/Slovenia/1650/2020	EPI_ISL_429943	2020-02-27	Europe / Slovenia	Human	gisaid_meta_2020-21.xls
A/SLOVENIA/1650/2020	A/Slovenia/1650/2020	EPI_ISL_477608	2020-02-27	Europe / Slovenia	Human	gisaid_meta_2020-21.xls
A/SLOVENIA/1650/2020	A/Slovenia/1650/2020	EPI_ISL_477609	2020-02-27	Europe / Slovenia	Human	gisaid_meta_2020-21.xls
A/SLOVENIA/17/2014	A/Slovenia/17/2014	EPI_ISL_155917	2014-01-03	Europe / Slovenia	Human	gisaid_meta_2011-2014.xls
A/SLOVENIA/1708/2020	A/Slovenia/1708/2020	EPI_ISL_434438	2020-03-02	Europe / Slovenia	Human	gisaid_meta_2020-21.xls
A/SLOVENIA/1708/2020	A/Slovenia/1708/2020	EPI_ISL_485773	2020-03-02	Europe / Slovenia	Human	gisaid_meta_2020-21.xls
A/SLOVENIA/1752/2020	A/Slovenia/1752/2020	EPI_ISL_434439	2020-03-05	Europe / Slovenia	Human	gisaid_meta_2020-21.xls
A/SLOVENIA/1944/2014	A/Slovenia/1944/2014	EPI_ISL_168376	2014-10-09	Europe / Slovenia	Human	gisaid_meta_2011-2014.xls
A/SLOVENIA/2049/2015	A/Slovenia/2049/2015	EPI_ISL_193179	2015-04-10	Europe / Slovenia	Human	gisaid_meta_2015-2016.xls
A/SLOVENIA/2069/2015	A/Slovenia/2069/2015	EPI_ISL_193180	2015-04-13	Europe / Slovenia	Human	gisaid_meta_2015-2016.xls
A/SLOVENIA/2269/2017	A/Slovenia/2269/2017	EPI_ISL_294246	2017-10-06	Europe / Slovenia	Human	gisaid_meta_2017.xls
A/SLOVENIA/2528/2013	A/Slovenia/2528/2013	EPI_ISL_154775	2013-12-14	Europe / Slovenia	Human	gisaid_meta_2011-2014.xls
A/SLOVENIA/2529/2013	A/Slovenia/2529/2013	EPI_ISL_155918	2013-12-15	Europe / Slovenia	Human	gisaid_meta_2011-2014.xls
A/SLOVENIA/2576/2013	A/Slovenia/2576/2013	EPI_ISL_154776	2013-12-25	Europe / Slovenia	Human	gisaid_meta_2011-2014.xls
A/SLOVENIA/2792/2017	A/Slovenia/2792/2017	EPI_ISL_294249	2017-12-29	Europe / Slovenia	Human	gisaid_meta_2017.xls
A/SLOVENIA/2792/2017	A/Slovenia/2792/2017	EPI_ISL_297807	2017-12-29	Europe / Slovenia	Human	gisaid_meta_2017.xls
A/SLOVENIA/2792/2017	A/Slovenia/2792/2017	EPI_ISL_338543	2018	Europe / Slovenia	Human	gisaid_meta_2018.xls
A/SLOVENIA/2792/2017	A/Slovenia/2792/2017	EPI_ISL_339684	2018	Europe / Slovenia	Human	gisaid_meta_2018.xls
A/SLOVENIA/314/2015	A/Slovenia/314/2015	EPI_ISL_193181	2015-01-16	Europe / Slovenia	Human	gisaid_meta_2015-2016.xls
A/SLOVENIA/369/2015	A/Slovenia/369/2015	EPI_ISL_193183	2015-01-20	Europe / Slovenia	Human	gisaid_meta_2015-2016.xls
A/SLOVENIA/438/2015	A/Slovenia/438/2015	EPI_ISL_193186	2015-01-21	Europe / Slovenia	Human	gisaid_meta_2015-2016.xls
A/SLOVENIA/486/2016	A/Slovenia/486/2016	EPI_ISL_224684	2016-02-01	Europe / Slovenia	Human	gisaid_meta_2015-2016.xls
A/SLOVENIA/53/2017	A/Slovenia/53/2017	EPI_ISL_257396	2017-01-04	Europe / Slovenia	Human	gisaid_meta_2017.xls
A/SLOVENIA/625/2017	A/Slovenia/625/2017	EPI_ISL_275522	2017-01-25	Europe / Slovenia	Human	gisaid_meta_2017.xls
A/SLOVENIA/709/2013	A/Slovenia/709/2013	EPI_ISL_143573	2013-02-12	Europe / Slovenia	Human	gisaid_meta_2011-2014.xls
A/SLOVENIA/741/2013	A/Slovenia/741/2013	EPI_ISL_143574	2013-02-14	Europe / Slovenia	Human	gisaid_meta_2011-2014.xls
A/SLOVENIA/760/2013	A/Slovenia/760/2013	EPI_ISL_143575	2013-02-15	Europe / Slovenia	Human	gisaid_meta_2011-2014.xls
A/SLOVENIA/852/2016	A/Slovenia/852/2016	EPI_ISL_224570	2016-02-18	Europe / Slovenia	Human	gisaid_meta_2015-2016.xls
A/SLOVENIA/920/2016	A/Slovenia/920/2016	EPI_ISL_224571	2016-02-19	Europe / Slovenia	Human	gisaid_meta_2015-2016.xls
A/SLOVENIA/944/2020	A/Slovenia/944/2020	EPI_ISL_434443	2020-02-03	Europe / Slovenia	Human	gisaid_meta_2020-21.xls
A/SLOVENIA/944/2020	A/Slovenia/944/2020	EPI_ISL_485774	2020-02-03	Europe / Slovenia	Human	gisaid_meta_2020-21.xls
A/SLOVENIA/972/2016	A/Slovenia/972/2016	EPI_ISL_224573	2016-02-24	Europe / Slovenia	Human	gisaid_meta_2015-2016.xls
A/SMITROVICA/1387/2012	A/S. Mitrovica/1387/2012	EPI_ISL_128078	2012-03-22	Europe / Serbia	Human	gisaid_meta_2011-2014.xls
A/SOFIA/343/2002	A/Sofia/343/2002	EPI_ISL_67681	2002-11-02	Europe / Bulgaria	Human	gisaid_meta_2010.xls
A/SOFIA/344/2002	A/SOFIA/344/2002	EPI_ISL_67676	2002-11-02	Europe / Bulgaria	Human	gisaid_meta_2010.xls
A/SOFIA/682/2005	A/SOFIA/682/2005	EPI_ISL_65593	2004-12-16	Europe / Bulgaria	Human	gisaid_meta_2010.xls
A/SOLOMONISLANDS/2/2004	A/Solomon Islands/2/2004	EPI_ISL_65574	2004-03-25	Oceania / Solomon Islands	Human	gisaid_meta_2010.xls
A/SORIA/11/2019	A/Soria/11/2019	EPI_ISL_355114	2019-01-09	Europe / Spain	Human	gisaid_meta_2019.xls
A/SORIA/143/2013	A/Soria/143/2013	EPI_ISL_153714	2013-12-03	Europe / Spain	Human	gisaid_meta_2011-2014.xls
A/SORIA/198/2015	A/Soria/198/2015	EPI_ISL_190930	2015-02-06	Europe / Spain	Human	gisaid_meta_2015-2016.xls
A/SOUTH AFRICA/3622/2014	A/South Africa/3622/2014	EPI_ISL_165645	2014-04-30	Africa / South Africa	Human	gisaid_meta_2011-2014.xls
A/SOUTH AFRICA/8914/2019	A/South Africa/8914/2019	EPI_ISL_500753	2019-07-18	Africa / South Africa	Human	gisaid_meta_2019.xls
A/SOUTH AFRICA/9306/2019	A/South Africa/9306/2019	EPI_ISL_500755	2019-07-29	Africa / South Africa	Human	gisaid_meta_2019.xls
A/SOUTH AFRICA/9493/2019	A/South Africa/9493/2019	EPI_ISL_500756	2019-07-30	Africa / South Africa	Human	gisaid_meta_2019.xls
A/SOUTH AFRICA/9550/2019	A/South Africa/9550/2019	EPI_ISL_500757	2019-08-01	Africa / South Africa	Human	gisaid_meta_2019.xls
A/SOUTH AFRICA/R03804/2019	A/South Africa/R03804/2019	EPI_ISL_18931133	2019-04-12	Africa / South Africa / Province of the Western Cape	Human	gisaid_meta_2019.xls
A/SOUTH AFRICA/R03804/2019	A/South Africa/R03804/2019	EPI_ISL_388748	2019-04-12	Africa / South Africa	Human	gisaid_meta_2019.xls
A/SOUTH AFRICA/R03985/2019	A/South Africa/R03985/2019	EPI_ISL_388749	2019-04-16	Africa / South Africa	Human	gisaid_meta_2019.xls
A/SOUTH AFRICA/R03985/2019	A/South Africa/R03985/2019	EPI_ISL_388750	2019-04-16	Africa / South Africa	Human	gisaid_meta_2019.xls
A/SOUTH AFRICA/R04468/2017	A/South Africa/R04468/2017	EPI_ISL_278106	2017-06-13	Africa / South Africa	Human	gisaid_meta_2017.xls
A/SOUTH AFRICA/R04939/2017	A/South Africa/R04939/2017	EPI_ISL_278109	2017-06-20	Africa / South Africa	Human	gisaid_meta_2017.xls
A/SOUTH AFRICA/R05114/2019	A/South Africa/R05114/2019	EPI_ISL_388751	2019-05-13	Africa / South Africa	Human	gisaid_meta_2019.xls
A/SOUTH AFRICA/R05118/2019	A/South Africa/R05118/2019	EPI_ISL_388752	2019-05-13	Africa / South Africa	Human	gisaid_meta_2019.xls
A/SOUTH AFRICA/R05121/2019	A/South Africa/R05121/2019	EPI_ISL_388753	2019-05-14	Africa / South Africa	Human	gisaid_meta_2019.xls
A/SOUTH AFRICA/R05176/2019	A/South Africa/R05176/2019	EPI_ISL_388754	2019-05-14	Africa / South Africa	Human	gisaid_meta_2019.xls
A/SOUTH AFRICA/R05176/2019	A/South Africa/R05176/2019	EPI_ISL_388755	2019-05-14	Africa / South Africa	Human	gisaid_meta_2019.xls
A/SOUTH AFRICA/R05619/2019	A/South Africa/R05619/2019	EPI_ISL_388756	2019-05-20	Africa / South Africa	Human	gisaid_meta_2019.xls
A/SOUTH AFRICA/R05636/2019	A/South Africa/R05636/2019	EPI_ISL_388757	2019-05-22	Africa / South Africa	Human	gisaid_meta_2019.xls
A/SOUTH AFRICA/R05652/2019	A/South Africa/R05652/2019	EPI_ISL_388758	2019-05-21	Africa / South Africa	Human	gisaid_meta_2019.xls
A/SOUTH AFRICA/R05728/2017	A/South Africa/R05728/2017	EPI_ISL_278117	2017-06-30	Africa / South Africa	Human	gisaid_meta_2017.xls
A/SOUTH AFRICA/R06219/2019	A/South Africa/R06219/2019	EPI_ISL_388761	2019-05-31	Africa / South Africa	Human	gisaid_meta_2019.xls
A/SOUTH AFRICA/R06219/2019	A/South Africa/R06219/2019	EPI_ISL_388762	2019-05-31	Africa / South Africa	Human	gisaid_meta_2019.xls
A/SOUTH AFRICA/R06404/2019	A/South Africa/R06404/2019	EPI_ISL_388763	2019-06-04	Africa / South Africa	Human	gisaid_meta_2019.xls
A/SOUTH AFRICA/R06421/2019	A/South Africa/R06421/2019	EPI_ISL_388765	2019-06-05	Africa / South Africa	Human	gisaid_meta_2019.xls
A/SOUTH AFRICA/R06421/2019	A/South Africa/R06421/2019	EPI_ISL_400887	2019-06-05	Africa / South Africa	Human	gisaid_meta_2019.xls
A/SOUTH AFRICA/R06421/2019	A/South Africa/R06421/2019	EPI_ISL_410988	2019-06-05	Africa / South Africa	Human	gisaid_meta_2019.xls
A/SOUTH AFRICA/R06867/2019	A/South Africa/R06867/2019	EPI_ISL_18931212	2019-06-10	Africa / South Africa / North West	Human	gisaid_meta_2019.xls
A/SOUTH AFRICA/R06867/2019	A/South Africa/R06867/2019	EPI_ISL_388767	2019-06-10	Africa / South Africa	Human	gisaid_meta_2019.xls
A/SOUTH AFRICA/R06917/2019	A/South Africa/R06917/2019	EPI_ISL_388768	2019-06-10	Africa / South Africa	Human	gisaid_meta_2019.xls
A/SOUTH AFRICA/R2490/2015	A/South Africa/R2490/2015	EPI_ISL_193190	2015-05-22	Africa / South Africa	Human	gisaid_meta_2015-2016.xls
A/SOUTH AFRICA/R2665/2015	A/South Africa/R2665/2015	EPI_ISL_193193	2015-05-25	Africa / South Africa	Human	gisaid_meta_2015-2016.xls
A/SOUTH AFRICA/R2825/2015	A/South Africa/R2825/2015	EPI_ISL_193194	2015-06-01	Africa / South Africa	Human	gisaid_meta_2015-2016.xls
A/SOUTH AFRICA/R2991/2015	A/South Africa/R2991/2015	EPI_ISL_193195	2015-06-05	Africa / South Africa	Human	gisaid_meta_2015-2016.xls
A/SOUTH AFRICA/R3026/2016	A/South Africa/R3026/2016	EPI_ISL_231813	2016-05-26	Africa / South Africa	Human	gisaid_meta_2015-2016.xls
A/SOUTH AFRICA/R3142/2016	A/South Africa/R3142/2016	EPI_ISL_231814	2016-05-30	Africa / South Africa	Human	gisaid_meta_2015-2016.xls
A/SOUTH AFRICA/R3276/2015	A/South Africa/R3276/2015	EPI_ISL_193196	2015-06-13	Africa / South Africa	Human	gisaid_meta_2015-2016.xls
A/SOUTH AFRICA/R3328/2016	A/South Africa/R3328/2016	EPI_ISL_231815	2016-06-02	Africa / South Africa	Human	gisaid_meta_2015-2016.xls
A/SOUTH AFRICA/R3402/2015	A/South Africa/R3402/2015	EPI_ISL_193241	2015-06-16	Africa / South Africa	Human	gisaid_meta_2015-2016.xls
A/SOUTH AFRICA/R3457/2015	A/South Africa/R3457/2015	EPI_ISL_193243	2015-06-22	Africa / South Africa	Human	gisaid_meta_2015-2016.xls
A/SOUTH AFRICA/R3512/2015	A/South Africa/R3512/2015	EPI_ISL_193244	2015-06-19	Africa / South Africa	Human	gisaid_meta_2015-2016.xls
A/SOUTH AFRICA/R3620/2016	A/South Africa/R3620/2016	EPI_ISL_231817	2016-06-08	Africa / South Africa	Human	gisaid_meta_2015-2016.xls
A/SOUTH AFRICA/R3720/2015	A/South Africa/R3720/2015	EPI_ISL_193206	2015-06-29	Africa / South Africa	Human	gisaid_meta_2015-2016.xls
A/SOUTH AFRICA/R3778/2015	A/South Africa/R3778/2015	EPI_ISL_193209	2015-06-29	Africa / South Africa	Human	gisaid_meta_2015-2016.xls
A/SOUTH AFRICA/R3944/2015	A/South Africa/R3944/2015	EPI_ISL_193213	2015-07-06	Africa / South Africa	Human	gisaid_meta_2015-2016.xls
A/SOUTH AFRICA/R4140/2016	A/South-Africa/R4140/2016	EPI_ISL_232865	2016-06-27	Africa / South Africa	Human	gisaid_meta_2015-2016.xls
A/SOUTH AFRICA/R4626/2016	A/South-Africa/R4626/2016	EPI_ISL_232867	2016-07-06	Africa / South Africa	Human	gisaid_meta_2015-2016.xls
A/SOUTH AFRICA/VW0036/2016	A/South Africa/VW0036/2016	EPI_ISL_231821	2016-06-04	Africa / South Africa	Human	gisaid_meta_2015-2016.xls
A/SOUTH AUCKLAND/23/2016	A/South Auckland/23/2016	EPI_ISL_232811	2016-07-13	Oceania / New Zealand / Auckland / Manukau	Human	gisaid_meta_2015-2016.xls
A/SOUTH AUCKLAND/23/2016	A/South Auckland/23/2016	EPI_ISL_238632	2016-07-13	Oceania / New Zealand	Human	gisaid_meta_2015-2016.xls
A/SOUTH AUCKLAND/23/2016	A/South Auckland/23/2016	EPI_ISL_239508	2016-07-13	Oceania / Australia	Human	gisaid_meta_2015-2016.xls
A/SOUTH AUSTRALIA/1/1990	A/South Australia/1/1990	EPI_ISL_14284857	1990	Oceania / Australia / South Australia	Human	gisaid_meta_2010.xls
A/SOUTH AUSTRALIA/1/1995	A/South Australia/1/1995	EPI_ISL_14284858	1995	Oceania / Australia / South Australia / Adelaide	Human	gisaid_meta_2010.xls
A/SOUTH AUSTRALIA/114/1998	A/South Australia/114/1998	EPI_ISL_3492415	1998-06-23	Oceania / Australia / South Australia / Adelaide	Human	gisaid_meta_2010.xls
A/SOUTH AUSTRALIA/115/1998	A/South Australia/115/1998	EPI_ISL_3492439	1998-06-23	Oceania / Australia / South Australia / Adelaide	Human	gisaid_meta_2010.xls
A/SOUTH AUSTRALIA/132/1998	A/South Australia/132/1998	EPI_ISL_3492440	1998-06-30	Oceania / Australia / South Australia / Adelaide	Human	gisaid_meta_2010.xls
A/SOUTH AUSTRALIA/176/1998	A/South Australia/176/1998	EPI_ISL_3492426	1998-07-03	Oceania / Australia / South Australia / Adelaide	Human	gisaid_meta_2010.xls
A/SOUTH AUSTRALIA/185/1998	A/South Australia/185/1998	EPI_ISL_3492427	1998-07-03	Oceania / Australia / South Australia / Adelaide	Human	gisaid_meta_2010.xls
A/SOUTH AUSTRALIA/21/1999	A/South Australia/21/1999	EPI_ISL_3663402	1999-06-01	Oceania / Australia / South Australia / Adelaide	Human	gisaid_meta_2010.xls
A/SOUTH AUSTRALIA/21/2014	A/South Australia/21/2014	EPI_ISL_15146291	2014-05-31	Oceania / Australia / South Australia / Adelaide	Human	gisaid_meta_2011-2014.xls
A/SOUTH AUSTRALIA/21/2015	A/South Australia/21/2015	EPI_ISL_15146427	2015-03-13	Oceania / Australia / South Australia / Adelaide	Human	gisaid_meta_2015-2016.xls
A/SOUTH AUSTRALIA/21/2015	A/South Australia/21/2015	EPI_ISL_192756	2015-03-13	Oceania / Australia / South Australia / Bedford Park	Human	gisaid_meta_2015-2016.xls
A/SOUTH AUSTRALIA/21/2015	A/South Australia/21/2015	EPI_ISL_196611	2015-03-13	Oceania / Australia	Human	gisaid_meta_2015-2016.xls
A/SOUTH AUSTRALIA/21/2015	A/South Australia/21/2015	EPI_ISL_205160	2015-03-13	Oceania / Australia	Human	gisaid_meta_2015-2016.xls
A/SOUTH AUSTRALIA/21/2015	A/South Australia/21/2015	EPI_ISL_205161	2015-03-13	Oceania / Australia	Human	gisaid_meta_2015-2016.xls
A/SOUTH AUSTRALIA/21/2015	A/South Australia/21/2015	EPI_ISL_206150	2015-03-13	Oceania / Australia	Human	gisaid_meta_2015-2016.xls
A/SOUTH AUSTRALIA/21/2015	A/South Australia/21/2015	EPI_ISL_219031	2015-03-13	Oceania / Australia / South Australia / Bedford Park	Human	gisaid_meta_2015-2016.xls
A/SOUTH AUSTRALIA/21/2015	A/South Australia/21/2015	EPI_ISL_288142	2015-03-13	Oceania / Australia / South Australia	Human	gisaid_meta_2015-2016.xls
A/SOUTH AUSTRALIA/24/2014	A/South Australia/24/2014	EPI_ISL_15146292	2014-06-08	Oceania / Australia / South Australia / Salisbury	Human	gisaid_meta_2011-2014.xls
A/SOUTH AUSTRALIA/24/2014	A/South Australia/24/2014	EPI_ISL_15146293	2014-06-08	Oceania / Australia / South Australia / Salisbury	Human	gisaid_meta_2011-2014.xls
A/SOUTH AUSTRALIA/24/2014	A/South Australia/24/2014	EPI_ISL_166134	2014-06-08	Oceania / Australia / South Australia / Salisbury	Human	gisaid_meta_2011-2014.xls
A/SOUTH AUSTRALIA/24/2014	A/South Australia/24/2014	EPI_ISL_219307	2014-06-08	Oceania / Australia / South Australia / Paralowie	Human	gisaid_meta_2011-2014.xls
A/SOUTH AUSTRALIA/24/2014	A/South Australia/24/2014	EPI_ISL_288216	2014-06-08	Oceania / Australia / South Australia	Human	gisaid_meta_2011-2014.xls
A/SOUTH AUSTRALIA/27/2014	A/South Australia/27/2014	EPI_ISL_15146295	2014-06-12	Oceania / Australia / South Australia / Clare	Human	gisaid_meta_2011-2014.xls
A/SOUTH AUSTRALIA/30/2014	A/South Australia/30/2014	EPI_ISL_15146296	2014-06-15	Oceania / Australia / South Australia / Noarlunga	Human	gisaid_meta_2011-2014.xls
A/SOUTH AUSTRALIA/34/2019	A/SouthAustralia/34/2019	EPI_ISL_17668123	2019-12-31	Oceania / Australia	Human	gisaid_meta_2019.xls
A/SOUTH AUSTRALIA/34/2019	A/South Australia/34/2019	EPI_ISL_346283	2019-02-06	Oceania / Australia / South Australia / Bedford Park	Human	gisaid_meta_2019.xls
A/SOUTH AUSTRALIA/34/2019	A/South Australia/34/2019	EPI_ISL_355880	2019-02-06	Oceania / Australia / South Australia / Bedford Park	Human	gisaid_meta_2019.xls
A/SOUTH AUSTRALIA/34/2019	A/South Australia/34/2019	EPI_ISL_395032	2019-02-06	Oceania / Australia	Human	gisaid_meta_2019.xls
A/SOUTH AUSTRALIA/34/2019	A/South Australia/34/2019	EPI_ISL_398939	2019-02-06	Oceania / Australia	Human	gisaid_meta_2019.xls
A/SOUTH AUSTRALIA/34/2019	A/South Australia/34/2019	EPI_ISL_413291	2019-02-06	Oceania / Australia	Human	gisaid_meta_2019.xls
A/SOUTH AUSTRALIA/4/2000	A/South Australia/4/2000	EPI_ISL_5054252	2000-01-12	Oceania / Australia / South Australia / Adelaide	Human	gisaid_meta_2010.xls
A/SOUTH AUSTRALIA/41/2012	A/SOUTH AUSTRALIA/41/2012	EPI_ISL_122578	2012-06-01	Oceania / Australia / South Australia / Evanston Park	Human	gisaid_meta_2011-2014.xls
A/SOUTH AUSTRALIA/52/1998	A/South Australia/52/1998	EPI_ISL_3492444	1998-06-03	Oceania / Australia / South Australia / Adelaide	Human	gisaid_meta_2010.xls
A/SOUTH AUSTRALIA/54/2016	A/South Australia/54/2016	EPI_ISL_13046502	2016-07-12	Oceania / Australia / South Australia / Woodville	Human	gisaid_meta_2015-2016.xls
A/SOUTH AUSTRALIA/54/2016	A/South Australia/54/2016	EPI_ISL_237442	2016-07-12	Oceania / Australia	Human	gisaid_meta_2015-2016.xls
A/SOUTH AUSTRALIA/54/2016	A/South Australia/54/2016	EPI_ISL_239805	2016-07-12	Oceania / Australia / South Australia / Woodville	Human	gisaid_meta_2015-2016.xls
A/SOUTH AUSTRALIA/54/2016	A/South Australia/54/2016	EPI_ISL_239806	2016-07-12	Oceania / Australia / South Australia / Woodville	Human	gisaid_meta_2015-2016.xls
A/SOUTH AUSTRALIA/54/2016	A/South Australia/54/2016	EPI_ISL_289117	2016-07-12	Oceania / Australia / South Australia	Human	gisaid_meta_2015-2016.xls
A/SOUTH AUSTRALIA/8/1992	A/South Australia/8/1992	EPI_ISL_110996	1992-03-05	Oceania / Australia	Human	gisaid_meta_2010.xls
A/SOUTH AUSTRALIA/8/1992	A/South Australia/8/1992	EPI_ISL_14284867	1992-03-05	Oceania / Australia / South Australia / Adelaide	Human	gisaid_meta_2010.xls
A/SOUTH AUSTRALIA/9/2015	A/South Australia/9/2015	EPI_ISL_15146430	2015-02-12	Oceania / Australia / South Australia / Fullarton	Human	gisaid_meta_2015-2016.xls
A/SOUTH AUSTRALIA/9/2015	A/South Australia/9/2015	EPI_ISL_192760	2015-02-12	Oceania / Australia / South Australia / Fullarton	Human	gisaid_meta_2015-2016.xls
A/SOUTH AUSTRALIA/9/2015	A/South Australia/9/2015	EPI_ISL_193217	2015-02-12	Oceania / Australia	Human	gisaid_meta_2015-2016.xls
A/SOUTH AUSTRALIA/9/2015	A/SOUTH AUSTRALIA/9/2015	EPI_ISL_195754	2015-02-12	Oceania / Australia / South Australia	Human	gisaid_meta_2015-2016.xls
A/SOUTH AUSTRALIA/9/2015	A/South Australia/9/2015	EPI_ISL_219033	2015-02-12	Oceania / Australia / South Australia / Parkside	Human	gisaid_meta_2015-2016.xls
A/SOUTH AUSTRALIA/9/2015	A/South Australia/9/2015	EPI_ISL_222826	2015	Oceania / Australia / South Australia	Human	gisaid_meta_2015-2016.xls
A/SOUTH AUSTRALIA/9/2015	A/South Australia/9/2015	EPI_ISL_288165	2015-02-12	Oceania / Australia / South Australia	Human	gisaid_meta_2015-2016.xls
A/SOUTH CAROLINA/16/2012	A/South Carolina/16/2012	EPI_ISL_131826	2012-11-07	North America / United States / South Carolina	Human	gisaid_meta_2011-2014.xls
A/SOUTHLEBANONTYRE/NS20/2019	A/South_lebanon/Tyre/NS20/2019	EPI_ISL_410036	2019-12-23	Asia / Lebanon	Human	gisaid_meta_2019.xls
A/SOUTHLEBANONTYRE/NS20/2019	A/South_lebanon/Tyre/NS20/2019	EPI_ISL_426249	2019-12-23	Asia / Lebanon	Human	gisaid_meta_2019.xls
A/SPAIN/14758/2012	A/Spain/14758/2012	EPI_ISL_143576	2012-02-21	Europe / Spain	Human	gisaid_meta_2011-2014.xls
A/SPETERESBURG/RII239/2019	A/S. Peteresburg/RII-239/2019	EPI_ISL_364803	2019-02-22	Europe / Russian Federation	Human	gisaid_meta_2019.xls
A/SPETERESBURG/RII242/2019	A/S. Peteresburg/RII-242/2019	EPI_ISL_364804	2019-02-23	Europe / Russian Federation	Human	gisaid_meta_2019.xls
A/SPETERSBURG/RII180/2020	A/S.Petersburg/RII-180/2020	EPI_ISL_477602	2020-03-10	Europe / Russian Federation	Human	gisaid_meta_2020-21.xls
A/SPETERSBURG/RII180/2020	A/S.Petersburg/RII-180/2020	EPI_ISL_485769	2020-03-10	Europe / Russian Federation	Human	gisaid_meta_2020-21.xls
A/SRI LANKA/61/2015	A/Sri Lanka/61/2015	EPI_ISL_219076	2015-11-29	Asia / Sri Lanka	Human	gisaid_meta_2015-2016.xls
A/SRI LANKA/61/2015	A/Sri Lanka/61/2015	EPI_ISL_222801	2015-11-29	Asia / Sri Lanka	Human	gisaid_meta_2015-2016.xls
A/SRI LANKA/61/2015	A/Sri Lanka/61/2015	EPI_ISL_237368	2015-11-29	Asia / Sri Lanka	Human	gisaid_meta_2015-2016.xls
A/ST PETERSBURG/1092V/2019	A/St. Petersburg/1092V/2019	EPI_ISL_389228	2019-05-05	Europe / Russian Federation	Human	gisaid_meta_2019.xls
A/ST PETERSBURG/119/2015	A/St-Petersburg/119/2015	EPI_ISL_191815	2015-02-03	Europe / Russian Federation	Human	gisaid_meta_2015-2016.xls
A/ST PETERSBURG/124/2009	A/St. Petersburg/124/2009	EPI_ISL_61776	2009-04-06	Europe / Russian Federation	Human	gisaid_meta_2010.xls
A/ST PETERSBURG/134/2015	A/St-Petersburg/134/2015	EPI_ISL_191816	2015-02-09	Europe / Russian Federation	Human	gisaid_meta_2015-2016.xls
A/ST PETERSBURG/207/2015	A/St Petersburg/207/2015	EPI_ISL_202800	2015	Europe / Russian Federation	Human	gisaid_meta_2015-2016.xls
A/ST PETERSBURG/210/2016	A/St.-Petersburg/210/2016	EPI_ISL_224574	2016-02-06	Europe / Russian Federation	Human	gisaid_meta_2015-2016.xls
A/ST PETERSBURG/210/2016	A/St. Petersburg/210/2016	EPI_ISL_230313	2016-02-06	Europe / Russian Federation	Human	gisaid_meta_2015-2016.xls
A/ST PETERSBURG/28/2015	A/St-Petersburg/28/2015	EPI_ISL_191817	2015-02-26	Europe / Russian Federation	Human	gisaid_meta_2015-2016.xls
A/ST PETERSBURG/299/2015	A/St Petersburg/299/2015	EPI_ISL_202799	2015	Europe / Russian Federation	Human	gisaid_meta_2015-2016.xls
A/ST PETERSBURG/301/2017	A/St Petersburg/301/2017	EPI_ISL_274570	2017-02-17	Europe / Russian Federation	Human	gisaid_meta_2017.xls
A/ST PETERSBURG/302/2017	A/St Petersburg/302/2017	EPI_ISL_274571	2017-02-15	Europe / Russian Federation	Human	gisaid_meta_2017.xls
A/ST PETERSBURG/314/2017	A/St Petersburg/314/2017	EPI_ISL_274572	2017-02-06	Europe / Russian Federation	Human	gisaid_meta_2017.xls
A/ST PETERSBURG/320/2017	A/St Petersburg/320/2017	EPI_ISL_274573	2017-03-21	Europe / Russian Federation	Human	gisaid_meta_2017.xls
A/ST PETERSBURG/334/2016	A/St.Petersburg/334/2016	EPI_ISL_248471	2016-12-02	Europe / Russian Federation	Human	gisaid_meta_2015-2016.xls
A/ST PETERSBURG/4/2005	A/St Petersburg/4/2005	EPI_ISL_64750	2005-03-28	Europe / Russian Federation	Human	gisaid_meta_2010.xls
A/ST PETERSBURG/4/2006	A/St Petersburg/4/2006	EPI_ISL_64233	2006-02-21	Europe / Russian Federation	Human	gisaid_meta_2010.xls
A/ST PETERSBURG/428/2013	A/St. Petersburg/428/2013	EPI_ISL_151801	2013-11-05	Europe / Russian Federation	Human	gisaid_meta_2011-2014.xls
A/ST PETERSBURG/428/2013	A/St. Petersburg/428/2013	EPI_ISL_153178	2013-09-10	Europe / Russian Federation	Human	gisaid_meta_2011-2014.xls
A/ST PETERSBURG/5/2009	A/St. Petersburg/5/2009	EPI_ISL_61775	2009-02-16	Europe / Russian Federation	Human	gisaid_meta_2010.xls
A/ST PETERSBURG/57/2015	A/St-Petersburg/57/2015	EPI_ISL_191818	2015-02-12	Europe / Russian Federation	Human	gisaid_meta_2015-2016.xls
A/ST PETERSBURG/87/2007	A/Stpetersburg/87/2007	EPI_ISL_20436	2007-04-09	Europe / Russian Federation	Human	gisaid_meta_2010.xls
A/STAVROPOL/10/2020	A/Stavropol/10/2020	EPI_ISL_477610	2020-03-03	Europe / Russian Federation	Human	gisaid_meta_2020-21.xls
A/STAVROPOL/10/2020	A/Stavropol/10/2020	EPI_ISL_485775	2020-03-03	Europe / Russian Federation	Human	gisaid_meta_2020-21.xls
A/STETIENNE/951/2017	A/St Etienne/951/2017	EPI_ISL_276299	2017-01-05	Europe / France	Human	gisaid_meta_2017.xls
A/STOCKHOLM/1/2013	A/Stockholm/1/2013	EPI_ISL_141807	2013-01-13	Europe / Sweden / Dalarnas Lan / Faluns Kommun	Human	gisaid_meta_2011-2014.xls
A/STOCKHOLM/1/2015	A/Stockholm/1/2015	EPI_ISL_170843	2015-01-12	Europe / Sweden / Vastra Gotalands lan	Human	gisaid_meta_2015-2016.xls
A/STOCKHOLM/1/2015	A/Stockholm/1/2015	EPI_ISL_191800	2015-01-12	Europe / Sweden	Human	gisaid_meta_2015-2016.xls
A/STOCKHOLM/1/2021	A/Stockholm/1/2021	EPI_ISL_2932741	2021-01-08	Europe / Sweden	Human	gisaid_meta_2020-21.xls
A/STOCKHOLM/1/2021	A/Stockholm/1/2021	EPI_ISL_860634	2021-01-08	Europe / Sweden / Stockholms lan	Human	gisaid_meta_2020-21.xls
A/STOCKHOLM/10/2010	A/Stockholm/10/2010	EPI_ISL_85733	2010-11-19	Europe / Sweden / Stockholms Lan	Human	gisaid_meta_2010.xls
A/STOCKHOLM/11/2012	A/Stockholm/11/2012	EPI_ISL_106394	2012-01-21	Europe / Sweden / Hallands Lan / Halmstads Kommun	Human	gisaid_meta_2011-2014.xls
A/STOCKHOLM/11/2017	A/Stockholm/11/2017	EPI_ISL_261637	2017-01-14	Europe / Sweden / Stockholms lan	Human	gisaid_meta_2017.xls
A/STOCKHOLM/11/2017	A/Stockholm/11/2017	EPI_ISL_274116	2017-01-14	Europe / Sweden	Human	gisaid_meta_2017.xls
A/STOCKHOLM/12/2013	A/Stockholm/12/2013	EPI_ISL_139630	2013-01-21	Europe / Sweden / Dalarnas Lan / Faluns Kommun	Human	gisaid_meta_2011-2014.xls
A/STOCKHOLM/12/2015	A/Stockholm/12/2015	EPI_ISL_177058	2015-02-10	Europe / Sweden / Stockholms lan	Human	gisaid_meta_2015-2016.xls
A/STOCKHOLM/12/2015	A/Stockholm/12/2015	EPI_ISL_191801	2015-02-10	Europe / Sweden	Human	gisaid_meta_2015-2016.xls
A/STOCKHOLM/1200694/2012	A/Stockholm/12-00694/2012	EPI_ISL_107888	2012-01-11	Europe / Sweden	Human	gisaid_meta_2011-2014.xls
A/STOCKHOLM/1200752/2012	A/Stockholm/12-00752/2012	EPI_ISL_107885	2012-01-16	Europe / Sweden	Human	gisaid_meta_2011-2014.xls
A/STOCKHOLM/1200974/2012	A/Stockholm/12-00974/2012	EPI_ISL_107889	2012-01-12	Europe / Sweden	Human	gisaid_meta_2011-2014.xls
A/STOCKHOLM/1200979/2012	A/Stockholm/12-00979/2012	EPI_ISL_107890	2011-12-27	Europe / Sweden	Human	gisaid_meta_2011-2014.xls
A/STOCKHOLM/1216700/2012	A/Stockholm/12-16700/2012	EPI_ISL_134178	2012	Europe / Sweden	Human	gisaid_meta_2011-2014.xls
A/STOCKHOLM/13/2015	A/Stockholm/13/2015	EPI_ISL_177059	2015-02-10	Europe / Sweden / Stockholms lan	Human	gisaid_meta_2015-2016.xls
A/STOCKHOLM/13/2015	A/Stockholm/13/2015	EPI_ISL_191802	2015-02-10	Europe / Sweden	Human	gisaid_meta_2015-2016.xls
A/STOCKHOLM/13/2020	A/Stockholm/13/2020	EPI_ISL_413665	2020-02-02	Europe / Sweden / Stockholms lan	Human	gisaid_meta_2020-21.xls
A/STOCKHOLM/13/2020	A/Stockholm/13/2020	EPI_ISL_485776	2020-02-02	Europe / Sweden	Human	gisaid_meta_2020-21.xls
A/STOCKHOLM/16/2020	A/Stockholm/16/2020	EPI_ISL_413668	2020-02-04	Europe / Sweden / Stockholms lan	Human	gisaid_meta_2020-21.xls
A/STOCKHOLM/16/2020	A/Stockholm/16/2020	EPI_ISL_477611	2020-02-04	Europe / Sweden	Human	gisaid_meta_2020-21.xls
A/STOCKHOLM/16/2020	A/Stockholm/16/2020	EPI_ISL_485777	2020-02-04	Europe / Sweden	Human	gisaid_meta_2020-21.xls
A/STOCKHOLM/17/2013	A/Stockholm/17/2013	EPI_ISL_146100	2013-09-03	Europe / Sweden / Stockholms Lan	Human	gisaid_meta_2011-2014.xls
A/STOCKHOLM/17/2013	A/Stockholm/17/2013	EPI_ISL_153715	2013-09-03	Europe / Sweden	Human	gisaid_meta_2011-2014.xls
A/STOCKHOLM/17/2014	A/Stockholm/17/2014	EPI_ISL_166459	2014-07-23	Europe / Sweden / Uppsala lan	Human	gisaid_meta_2011-2014.xls
A/STOCKHOLM/18/2013	A/Stockholm/18/2013	EPI_ISL_146145	2013-09-04	Europe / Sweden / Stockholms Lan	Human	gisaid_meta_2011-2014.xls
A/STOCKHOLM/18/2013	A/Stockholm/18/2013	EPI_ISL_153716	2013-09-04	Europe / Sweden	Human	gisaid_meta_2011-2014.xls
A/STOCKHOLM/18/2014	A/Stockholm/18/2014	EPI_ISL_166460	2014-08-16	Europe / Sweden / Vastra Gotalands lan	Human	gisaid_meta_2011-2014.xls
A/STOCKHOLM/18/2015	A/Stockholm/18/2015	EPI_ISL_177064	2015-02-11	Europe / Sweden / Stockholms lan	Human	gisaid_meta_2015-2016.xls
A/STOCKHOLM/18/2015	A/Stockholm/18/2015	EPI_ISL_191803	2015-02-11	Europe / Sweden	Human	gisaid_meta_2015-2016.xls
A/STOCKHOLM/19/2014	A/Stockholm/19/2014	EPI_ISL_166888	2014-09-07	Europe / Sweden / Gavleborgs lan	Human	gisaid_meta_2011-2014.xls
A/STOCKHOLM/19/2015	A/Stockholm/19/2015	EPI_ISL_177070	2015-02-25	Europe / Sweden / Stockholms lan	Human	gisaid_meta_2015-2016.xls
A/STOCKHOLM/19/2015	A/Stockholm/19/2015	EPI_ISL_191804	2015-02-25	Europe / Sweden	Human	gisaid_meta_2015-2016.xls
A/STOCKHOLM/2/2014	A/Stockholm/2/2014	EPI_ISL_155658	2014-01-02	Europe / Sweden / Vastra Gotalands lan	Human	gisaid_meta_2011-2014.xls
A/STOCKHOLM/2/2021	A/Stockholm/2/2021	EPI_ISL_1055767	2021-01-23	Europe / Sweden / Stockholms lan	Human	gisaid_meta_2020-21.xls
A/STOCKHOLM/2/2021	A/Stockholm/2/2021	EPI_ISL_3315854	2021-01-23	Europe / Sweden	Human	gisaid_meta_2020-21.xls
A/STOCKHOLM/20/2006	A/STOCKHOLM/20/2006	EPI_ISL_185488	2006-12-05	Europe / Sweden	Human	gisaid_meta_2010.xls
A/STOCKHOLM/20/2006	A/STOCKHOLM/20/2006	EPI_ISL_64223	2006-12-05	Europe / Sweden	Human	gisaid_meta_2010.xls
A/STOCKHOLM/20/2008	A/Stockholm/20/2008	EPI_ISL_70817	2008-09-25	Europe / Sweden / Stockholms Lan	Human	gisaid_meta_2010.xls
A/STOCKHOLM/20/2014	A/Stockholm/20/2014	EPI_ISL_166889	2014-09-28	Europe / Sweden / Uppsala lan	Human	gisaid_meta_2011-2014.xls
A/STOCKHOLM/20/2014	A/Stockholm/20/2014	EPI_ISL_170329	2014-09-28	Europe / Sweden	Human	gisaid_meta_2011-2014.xls
A/STOCKHOLM/20/2015	A/Stockholm/20/2015	EPI_ISL_177071	2015-02-24	Europe / Sweden / Stockholms lan	Human	gisaid_meta_2015-2016.xls
A/STOCKHOLM/20/2015	A/Stockholm/20/2015	EPI_ISL_191805	2015-02-24	Europe / Sweden	Human	gisaid_meta_2015-2016.xls
A/STOCKHOLM/21/2006	A/STOCKHOLM/21/2006	EPI_ISL_186468	2006-12-08	Europe / Sweden	Human	gisaid_meta_2010.xls
A/STOCKHOLM/21/2006	A/STOCKHOLM/21/2006	EPI_ISL_64224	2006-12-08	Europe / Sweden	Human	gisaid_meta_2010.xls
A/STOCKHOLM/21/2008	A/Stockholm/21/2008	EPI_ISL_70816	2008-09-27	Europe / Sweden / Stockholms Lan	Human	gisaid_meta_2010.xls
A/STOCKHOLM/21/2012	A/Stockholm/21/2012	EPI_ISL_120293	2012-04-21	Europe / Sweden / Orebro Lan / Orebro Kommun	Human	gisaid_meta_2011-2014.xls
A/STOCKHOLM/22/2013	A/Stockholm/22/2013	EPI_ISL_150120	2013-11-09	Europe / Sweden / Stockholm lan	Human	gisaid_meta_2011-2014.xls
A/STOCKHOLM/22/2013	A/Stockholm/22/2013	EPI_ISL_153717	2013-11-09	Europe / Sweden	Human	gisaid_meta_2011-2014.xls
A/STOCKHOLM/22/2014	A/Stockholm/22/2014	EPI_ISL_167956	2014-10-18	Europe / Sweden / Stockholms lan	Human	gisaid_meta_2011-2014.xls
A/STOCKHOLM/22/2019	A/Stockholm/22/2019	EPI_ISL_391071	2019-08-23	Europe / Sweden / Stockholms lan	Human	gisaid_meta_2019.xls
A/STOCKHOLM/22/2019	A/Stockholm/22/2019	EPI_ISL_406321	2019-08-23	Europe / Sweden	Human	gisaid_meta_2019.xls
A/STOCKHOLM/24/2002	A/STOCKHOLM/24/2002	EPI_ISL_187300	2002	Europe / Sweden	Human	gisaid_meta_2010.xls
A/STOCKHOLM/24/2002	A/STOCKHOLM/24/2002	EPI_ISL_67677	2002	Europe / Sweden	Human	gisaid_meta_2010.xls
A/STOCKHOLM/24/2016	A/Stockholm/24/2016	EPI_ISL_220447	2016-02-22	Europe / Sweden / Skane lan	Human	gisaid_meta_2015-2016.xls
A/STOCKHOLM/24/2016	A/Stockholm/24/2016	EPI_ISL_226092	2016-02-22	Europe / Sweden	Human	gisaid_meta_2015-2016.xls
A/STOCKHOLM/25/2016	A/Stockholm/25/2016	EPI_ISL_220449	2016-02-24	Europe / Sweden / Skane lan	Human	gisaid_meta_2015-2016.xls
A/STOCKHOLM/25/2016	A/Stockholm/25/2016	EPI_ISL_226093	2016-02-24	Europe / Sweden	Human	gisaid_meta_2015-2016.xls
A/STOCKHOLM/26/2014	A/Stockholm/26/2014	EPI_ISL_169134	2014-11-03	Europe / Sweden / Vastra Gotalands lan	Human	gisaid_meta_2011-2014.xls
A/STOCKHOLM/26/2014	A/Stockholm/26/2014	EPI_ISL_170332	2014-11-03	Europe / Sweden	Human	gisaid_meta_2011-2014.xls
A/STOCKHOLM/26/2017	A/Stockholm/26/2017	EPI_ISL_263021	2017-01-21	Europe / Sweden / Stockholms lan	Human	gisaid_meta_2017.xls
A/STOCKHOLM/26/2017	A/Stockholm/26/2017	EPI_ISL_274117	2017-01-21	Europe / Sweden	Human	gisaid_meta_2017.xls
A/STOCKHOLM/26/2017	A/Stockholm/26/2017	EPI_ISL_285506	2017-01-21	Europe / Sweden / Stockholms lan	Human	gisaid_meta_2017.xls
A/STOCKHOLM/27/2009	A/Stockholm/27/2009	EPI_ISL_70661	2009-02-11	Europe / Sweden / Vastra Gotalands Lan / Goteborgs Kommun	Human	gisaid_meta_2010.xls
A/STOCKHOLM/28/2014	A/Stockholm/28/2014	EPI_ISL_169258	2014-12-02	Europe / Sweden / Stockholms lan	Human	gisaid_meta_2011-2014.xls
A/STOCKHOLM/28/2014	A/Stockholm/28/2014	EPI_ISL_191806	2014-12-02	Europe / Sweden	Human	gisaid_meta_2011-2014.xls
A/STOCKHOLM/28/2016	A/Stockholm/28/2016	EPI_ISL_220472	2016-03-10	Europe / Sweden / Stockholms lan	Human	gisaid_meta_2015-2016.xls
A/STOCKHOLM/28/2016	A/Stockholm/28/2016	EPI_ISL_226095	2016-03-10	Europe / Sweden	Human	gisaid_meta_2015-2016.xls
A/STOCKHOLM/29/2013	A/Stockholm/29/2013	EPI_ISL_152959	2013-12-11	Europe / Sweden / Stockholms l?n	Human	gisaid_meta_2011-2014.xls
A/STOCKHOLM/29/2013	A/Stockholm/29/2013	EPI_ISL_153718	2013-12-11	Europe / Sweden	Human	gisaid_meta_2011-2014.xls
A/STOCKHOLM/29/2014	A/Stockholm/29/2014	EPI_ISL_169257	2014-11-18	Europe / Sweden / Skane lan	Human	gisaid_meta_2011-2014.xls
A/STOCKHOLM/29/2014	A/Stockholm/29/2014	EPI_ISL_170333	2014-11-18	Europe / Sweden	Human	gisaid_meta_2011-2014.xls
A/STOCKHOLM/3/2021	A/Stockholm/3/2021	EPI_ISL_1760813	2021-02-19	Europe / Sweden / Stockholms lan	Human	gisaid_meta_2020-21.xls
A/STOCKHOLM/3/2021	A/Stockholm/3/2021	EPI_ISL_3315855	2021-02-19	Europe / Sweden	Human	gisaid_meta_2020-21.xls
A/STOCKHOLM/30/2013	A/Stockholm/30/2013	EPI_ISL_152951	2013-11-26	Europe / Sweden / V?stra G?talands l?n	Human	gisaid_meta_2011-2014.xls
A/STOCKHOLM/30/2013	A/Stockholm/30/2013	EPI_ISL_153719	2013-11-26	Europe / Sweden	Human	gisaid_meta_2011-2014.xls
A/STOCKHOLM/30/2014	A/Stockholm/30/2014	EPI_ISL_169838	2014-12-04	Europe / Sweden / Uppsala lan	Human	gisaid_meta_2011-2014.xls
A/STOCKHOLM/30/2014	A/Stockholm/30/2014	EPI_ISL_191807	2014-12-04	Europe / Sweden	Human	gisaid_meta_2011-2014.xls
A/STOCKHOLM/30/2019	A/Stockholm/30/2019	EPI_ISL_396433	2019-10-14	Europe / Sweden / Stockholms lan	Human	gisaid_meta_2019.xls
A/STOCKHOLM/30/2019	A/Stockholm/30/2019	EPI_ISL_406322	2019-10-14	Europe / Sweden	Human	gisaid_meta_2019.xls
A/STOCKHOLM/30/2020	A/Stockholm/30/2020	EPI_ISL_420886	2020-02-17	Europe / Sweden / Stockholms lan	Human	gisaid_meta_2020-21.xls
A/STOCKHOLM/30/2020	A/Stockholm/30/2020	EPI_ISL_485779	2020-02-17	Europe / Sweden	Human	gisaid_meta_2020-21.xls
A/STOCKHOLM/31/2008	A/Stockholm/31/2008	EPI_ISL_70664	2008-12-29	Europe / Sweden / Vastra Gotalands Lan / Goteborgs Kommun	Human	gisaid_meta_2010.xls
A/STOCKHOLM/31/2013	A/Stockholm/31/2013	EPI_ISL_152954	2013-12-08	Europe / Sweden / Uppsala l?n	Human	gisaid_meta_2011-2014.xls
A/STOCKHOLM/31/2013	A/Stockholm/31/2013	EPI_ISL_153722	2013-12-08	Europe / Sweden	Human	gisaid_meta_2011-2014.xls
A/STOCKHOLM/31/2014	A/Stockholm/31/2014	EPI_ISL_169839	2014-11-26	Europe / Sweden / Skane lan	Human	gisaid_meta_2011-2014.xls
A/STOCKHOLM/31/2014	A/Stockholm/31/2014	EPI_ISL_191808	2014-11-26	Europe / Sweden	Human	gisaid_meta_2011-2014.xls
A/STOCKHOLM/32/2014	A/Stockholm/32/2014	EPI_ISL_170831	2014-12-09	Europe / Sweden / Dalarnas lan	Human	gisaid_meta_2011-2014.xls
A/STOCKHOLM/32/2014	A/Stockholm/32/2014	EPI_ISL_191809	2014-12-09	Europe / Sweden	Human	gisaid_meta_2011-2014.xls
A/STOCKHOLM/32/2019	A/Stockholm/32/2019	EPI_ISL_396436	2019-10-14	Europe / Sweden / Stockholms lan	Human	gisaid_meta_2019.xls
A/STOCKHOLM/32/2019	A/Stockholm/32/2019	EPI_ISL_406323	2019-10-14	Europe / Sweden	Human	gisaid_meta_2019.xls
A/STOCKHOLM/34/2013	A/Stockholm/34/2013	EPI_ISL_152952	2013-12-04	Europe / Sweden / V?stra G?talands l?n	Human	gisaid_meta_2011-2014.xls
A/STOCKHOLM/34/2013	A/Stockholm/34/2013	EPI_ISL_153720	2013-12-04	Europe / Sweden	Human	gisaid_meta_2011-2014.xls
A/STOCKHOLM/36/2014	A/Stockholm/36/2014	EPI_ISL_170832	2014-12-02	Europe / Sweden / Skane lan	Human	gisaid_meta_2011-2014.xls
A/STOCKHOLM/36/2014	A/Stockholm/36/2014	EPI_ISL_191810	2014-12-02	Europe / Sweden	Human	gisaid_meta_2011-2014.xls
A/STOCKHOLM/37/2011	A/Stockholm/37/2011	EPI_ISL_100468	2011-11-27	Europe / Sweden / Skane Lan / Malmo Kommun	Human	gisaid_meta_2011-2014.xls
A/STOCKHOLM/38/2014	A/Stockholm/38/2014	EPI_ISL_172907	2014-12-27	Europe / Sweden / Ostergotlands lan	Human	gisaid_meta_2011-2014.xls
A/STOCKHOLM/38/2014	A/Stockholm/38/2014	EPI_ISL_191811	2014-12-27	Europe / Sweden	Human	gisaid_meta_2011-2014.xls
A/STOCKHOLM/39/2011	A/Stockholm/39/2011	EPI_ISL_102467	2011-12-15	Europe / Sweden / Uppsala Lan	Human	gisaid_meta_2011-2014.xls
A/STOCKHOLM/4/2021	A/Stockholm/4/2021	EPI_ISL_1760817	2021-03-11	Europe / Sweden / Stockholms lan	Human	gisaid_meta_2020-21.xls
A/STOCKHOLM/4/2021	A/Stockholm/4/2021	EPI_ISL_3315856	2021-03-11	Europe / Sweden	Human	gisaid_meta_2020-21.xls
A/STOCKHOLM/40/2011	A/Stockholm/40/2011	EPI_ISL_102473	2011-12-12	Europe / Sweden / Skane Lan / Malmo Kommun	Human	gisaid_meta_2011-2014.xls
A/STOCKHOLM/40/2011	A/Stockholm/40/2011	EPI_ISL_107886	2011-12-13	Europe / Sweden	Human	gisaid_meta_2011-2014.xls
A/STOCKHOLM/41/2016	A/Stockholm/41/2016	EPI_ISL_239537	2016-11-10	Europe / Sweden / Stockholms lan	Human	gisaid_meta_2015-2016.xls
A/STOCKHOLM/41/2016	A/Stockholm/41/2016	EPI_ISL_253146	2016-11-10	Europe / Sweden	Human	gisaid_meta_2015-2016.xls
A/STOCKHOLM/42/2011	A/Stockholm/42/2011	EPI_ISL_102519	2011-12-26	Europe / Sweden / Stockholms Lan	Human	gisaid_meta_2011-2014.xls
A/STOCKHOLM/42/2011	A/Stockholm/42/2011	EPI_ISL_107887	2011-12-02	Europe / Sweden	Human	gisaid_meta_2011-2014.xls
A/STOCKHOLM/42/2011	A/Stockholm/42/2011	EPI_ISL_149712	2011-12-26	Europe / Sweden	Human	gisaid_meta_2011-2014.xls
A/STOCKHOLM/42/2016	A/Stockholm/42/2016	EPI_ISL_239538	2016-11-10	Europe / Sweden / Stockholms lan	Human	gisaid_meta_2015-2016.xls
A/STOCKHOLM/42/2016	A/Stockholm/42/2016	EPI_ISL_257398	2016-11-10	Europe / Sweden	Human	gisaid_meta_2015-2016.xls
A/STOCKHOLM/43/2011	A/Stockholm/43/2011	EPI_ISL_102516	2011-12-28	Europe / Sweden / Stockholms Lan	Human	gisaid_meta_2011-2014.xls
A/STOCKHOLM/43/2011	A/Stockholm/43/2011	EPI_ISL_149716	2011-12-28	Europe / Sweden	Human	gisaid_meta_2011-2014.xls
A/STOCKHOLM/43/2017	A/Stockholm/43/2017	EPI_ISL_285972	2017-10-17	Europe / Sweden / Stockholms lan	Human	gisaid_meta_2017.xls
A/STOCKHOLM/43/2017	A/Stockholm/43/2017	EPI_ISL_292921	2017-10-17	Europe / Sweden	Human	gisaid_meta_2017.xls
A/STOCKHOLM/44/2011	A/Stockholm/44/2011	EPI_ISL_102581	2011-12-28	Europe / Sweden / Stockholms Lan	Human	gisaid_meta_2011-2014.xls
A/STOCKHOLM/44/2017	A/Stockholm/44/2017	EPI_ISL_285973	2017-11-03	Europe / Sweden / Stockholms lan	Human	gisaid_meta_2017.xls
A/STOCKHOLM/44/2017	A/Stockholm/44/2017	EPI_ISL_292922	2017-11-03	Europe / Sweden	Human	gisaid_meta_2017.xls
A/STOCKHOLM/46/2016	A/Stockholm/46/2016	EPI_ISL_241906	2016-11-16	Europe / Sweden / Stockholms lan	Human	gisaid_meta_2015-2016.xls
A/STOCKHOLM/46/2016	A/Stockholm/46/2016	EPI_ISL_253147	2016-11-16	Europe / Sweden	Human	gisaid_meta_2015-2016.xls
A/STOCKHOLM/48/2016	A/Stockholm/48/2016	EPI_ISL_241908	2016-11-23	Europe / Sweden / Stockholms lan	Human	gisaid_meta_2015-2016.xls
A/STOCKHOLM/48/2016	A/Stockholm/48/2016	EPI_ISL_257400	2016	Europe / Sweden	Human	gisaid_meta_2015-2016.xls
A/STOCKHOLM/5/2021	A/Stockholm/5/2021	EPI_ISL_2234357	2021-04-16	Europe / Sweden / Stockholms lan	Human	gisaid_meta_2020-21.xls
A/STOCKHOLM/5/2021	A/Stockholm/5/2021	EPI_ISL_3315857	2021-04-16	Europe / Sweden	Human	gisaid_meta_2020-21.xls
A/STOCKHOLM/52/2016	A/Stockholm/52/2016	EPI_ISL_241916	2016-12-02	Europe / Sweden / Stockholms lan	Human	gisaid_meta_2015-2016.xls
A/STOCKHOLM/52/2016	A/Stockholm/52/2016	EPI_ISL_253150	2016-12-02	Europe / Sweden	Human	gisaid_meta_2015-2016.xls
A/STOCKHOLM/57/2017	A/Stockholm/57/2017	EPI_ISL_302175	2017-12-28	Europe / Sweden / Stockholms lan	Human	gisaid_meta_2017.xls
A/STOCKHOLM/57/2017	A/Stockholm/57/2017	EPI_ISL_314681	2017-12-28	Europe / Sweden	Human	gisaid_meta_2017.xls
A/STOCKHOLM/58/2016	A/Stockholm/58/2016	EPI_ISL_245019	2016-12-28	Europe / Sweden / Stockholms lan	Human	gisaid_meta_2015-2016.xls
A/STOCKHOLM/58/2016	A/Stockholm/58/2016	EPI_ISL_274118	2016-12-28	Europe / Sweden	Human	gisaid_meta_2015-2016.xls
A/STOCKHOLM/59/2016	A/Stockholm/59/2016	EPI_ISL_245021	2016-12-25	Europe / Sweden / Stockholms lan	Human	gisaid_meta_2015-2016.xls
A/STOCKHOLM/59/2016	A/Stockholm/59/2016	EPI_ISL_274119	2016-12-25	Europe / Sweden	Human	gisaid_meta_2015-2016.xls
A/STOCKHOLM/6/2012	A/Stockholm/6/2012	EPI_ISL_106416	2012-01-23	Europe / Sweden / Uppsala Lan / Uppsala Kommun	Human	gisaid_meta_2011-2014.xls
A/STOCKHOLM/6/2017	A/Stockholm/6/2017	EPI_ISL_245020	2017-01-03	Europe / Sweden / Stockholms lan	Human	gisaid_meta_2017.xls
A/STOCKHOLM/6/2017	A/Stockholm/6/2017	EPI_ISL_274120	2017-01-03	Europe / Sweden	Human	gisaid_meta_2017.xls
A/STOCKHOLM/6/2021	A/Stockholm/6/2021	EPI_ISL_2234358	2021-04-23	Europe / Sweden / Stockholms lan	Human	gisaid_meta_2020-21.xls
A/STOCKHOLM/6/2021	A/Stockholm/6/2021	EPI_ISL_3315858	2021-04-23	Europe / Sweden	Human	gisaid_meta_2020-21.xls
A/STOCKHOLM/60/2016	A/Stockholm/60/2016	EPI_ISL_245022	2016-12-28	Europe / Sweden / Stockholms lan	Human	gisaid_meta_2015-2016.xls
A/STOCKHOLM/60/2016	A/Stockholm/60/2016	EPI_ISL_274121	2016-12-28	Europe / Sweden	Human	gisaid_meta_2015-2016.xls
A/STOCKHOLM/7/2015	A/Stockholm/7/2015	EPI_ISL_172929	2015-01-13	Europe / Sweden / Vastra Gotalands lan	Human	gisaid_meta_2015-2016.xls
A/STOCKHOLM/7/2015	A/Stockholm/7/2015	EPI_ISL_191812	2015-01-13	Europe / Sweden	Human	gisaid_meta_2015-2016.xls
A/STOCKHOLM/8/2015	A/Stockholm/8/2015	EPI_ISL_172930	2015-01-25	Europe / Sweden / Vastra Gotalands lan	Human	gisaid_meta_2015-2016.xls
A/STOCKHOLM/8/2015	A/Stockholm/8/2015	EPI_ISL_191813	2015-01-25	Europe / Sweden	Human	gisaid_meta_2015-2016.xls
A/STOCKHOLM/8/2017	A/Stockholm/8/2017	EPI_ISL_253870	2017-01-12	Europe / Sweden / Stockholms lan	Human	gisaid_meta_2017.xls
A/STOCKHOLM/8/2017	A/Stockholm/8/2017	EPI_ISL_274122	2017-01-12	Europe / Sweden	Human	gisaid_meta_2017.xls
A/SUCEAVA/87402/2012	A/Suceava/87402/2012	EPI_ISL_107891	2011-12-12	Europe / Romania	Human	gisaid_meta_2011-2014.xls
A/SUNDSVALL/1/2017	A/Sundsvall/1/2017	EPI_ISL_245023	2017-01-17	Europe / Sweden / Vasternorrlands lan	Human	gisaid_meta_2017.xls
A/SUNDSVALL/1/2017	A/Sundsvall/1/2017	EPI_ISL_274123	2017-01-17	Europe / Sweden	Human	gisaid_meta_2017.xls
A/SUNDSVALL/1/2018	A/Sundsvall/1/2018	EPI_ISL_334183	2018-12-03	Europe / Sweden / Vasternorrlands lan	Human	gisaid_meta_2018.xls
A/SUNDSVALL/1/2018	A/Sundsvall/1/2018	EPI_ISL_338772	2018-12-03	Europe / Sweden	Human	gisaid_meta_2018.xls
A/SUNDSVALL/2/2018	A/Sundsvall/2/2018	EPI_ISL_334184	2018-12-01	Europe / Sweden / Vasternorrlands lan	Human	gisaid_meta_2018.xls
A/SUNDSVALL/2/2018	A/Sundsvall/2/2018	EPI_ISL_338773	2018-12-01	Europe / Sweden	Human	gisaid_meta_2018.xls
A/SUNDSVALL/27/2017	A/Sundsvall/27/2017	EPI_ISL_310242	2017-11-20	Europe / Sweden / Vasternorrlands lan	Human	gisaid_meta_2017.xls
A/SUR/7325/2019	A/Sur/7325/2019	EPI_ISL_401625	2019-11-06	Asia / Oman	Human	gisaid_meta_2019.xls
A/SWEDEN/11/2018	A/Sweden/11/2018	EPI_ISL_302283	2018-01-30	Europe / Sweden / Hallands lan	Human	gisaid_meta_2018.xls
A/SWEDEN/11/2018	A/Sweden/11/2018	EPI_ISL_314683	2018-01-30	Europe / Sweden	Human	gisaid_meta_2018.xls
A/SWEDEN/15/2015	A/Sweden/15/2015	EPI_ISL_177076	2015-02-27	Europe / Sweden / Vastmanlands lan	Human	gisaid_meta_2015-2016.xls
A/SWEDEN/16/2015	A/Sweden/16/2015	EPI_ISL_177077	2015-03-05	Europe / Sweden / Jamtlands lan	Human	gisaid_meta_2015-2016.xls
A/SWEDEN/16/2015	A/Sweden/16/2015	EPI_ISL_191820	2015-03-05	Europe / Sweden	Human	gisaid_meta_2015-2016.xls
A/SWEDEN/37/2018	A/Sweden/37/2018	EPI_ISL_310245	2018-02-09	Europe / Sweden / Stockholms lan	Human	gisaid_meta_2018.xls
A/SWEDEN/76/2014	A/Sweden/76/2014	EPI_ISL_169256	2014-11-02	Europe / Sweden / Uppsala lan	Human	gisaid_meta_2011-2014.xls
A/SWEDEN/76/2014	A/Sweden/76/2014	EPI_ISL_170334	2014-11-02	Europe / Sweden	Human	gisaid_meta_2011-2014.xls
A/SWEDEN/8/2018	A/Sweden/8/2018	EPI_ISL_302277	2018-01-29	Europe / Sweden / Stockholms lan	Human	gisaid_meta_2018.xls
A/SWEDEN/8/2018	A/Sweden/8/2018	EPI_ISL_314685	2018-01-29	Europe / Sweden	Human	gisaid_meta_2018.xls
A/SWITZERLAND/10261363/2014	A/Switzerland/10261363/2014	EPI_ISL_162146	2014-03-20	Europe / Switzerland	Human	gisaid_meta_2011-2014.xls
A/SWITZERLAND/10295823/2014	A/Switzerland/10295823/2014	EPI_ISL_162147	2014-03-28	Europe / Switzerland	Human	gisaid_meta_2011-2014.xls
A/SWITZERLAND/10295858/2014	A/Switzerland/10295858/2014	EPI_ISL_162148	2014-03-27	Europe / Switzerland	Human	gisaid_meta_2011-2014.xls
A/SWITZERLAND/143/2017	A/Switzerland/143/2017	EPI_ISL_303948	2017-12-15	Europe / Switzerland	Human	gisaid_meta_2017.xls
A/SWITZERLAND/293/2018	A/Switzerland/293/2018	EPI_ISL_337946	2018-11-01	Europe / Switzerland	Human	gisaid_meta_2018.xls
A/SWITZERLAND/4684/2020	A/Switzerland/4684/2020	EPI_ISL_486765	2020-02-24	Europe / Switzerland	Human	gisaid_meta_2020-21.xls
A/SWITZERLAND/5732/2004	A/SWITZERLAND/5732/2004	EPI_ISL_18235	2004-12-29	Europe / Switzerland	Human	gisaid_meta_2010.xls
A/SWITZERLAND/5732/2004	A/SWITZERLAND/5732/2004	EPI_ISL_188330	2004-12-29	Europe / Switzerland	Human	gisaid_meta_2010.xls
A/SWITZERLAND/5834715/2012	A/Switzerland/5834715/2012	EPI_ISL_104119	2012-01-09	Europe / Switzerland	Human	gisaid_meta_2011-2014.xls
A/SWITZERLAND/5834718/2012	A/Switzerland/5834718/2012	EPI_ISL_104120	2012-01-09	Europe / Switzerland	Human	gisaid_meta_2011-2014.xls
A/SWITZERLAND/5834730/2012	A/Switzerland/5834730/2012	EPI_ISL_107892	2012-01-13	Europe / Switzerland	Human	gisaid_meta_2011-2014.xls
A/SWITZERLAND/5867852/2012	A/Switzerland/5867852/2012	EPI_ISL_107893	2012-01-20	Europe / Switzerland	Human	gisaid_meta_2011-2014.xls
A/SWITZERLAND/6206/2020	A/Switzerland/6206/2020	EPI_ISL_486766	2020-03-09	Europe / Switzerland	Human	gisaid_meta_2020-21.xls
A/SWITZERLAND/6529/2020	A/Switzerland/6529/2020	EPI_ISL_486767	2020-02-21	Europe / Switzerland	Human	gisaid_meta_2020-21.xls
A/SWITZERLAND/6764/2019	A/Switzerland/6764/2019	EPI_ISL_363134	2019-03-26	Europe / Switzerland	Human	gisaid_meta_2019.xls
A/SWITZERLAND/6796/2018	A/Switzerland/6796/2018	EPI_ISL_314183	2018-03-26	Europe / Switzerland	Human	gisaid_meta_2018.xls
A/SWITZERLAND/7204/2019	A/Switzerland/7204/2019	EPI_ISL_407526	2019-12-06	Europe / Switzerland	Human	gisaid_meta_2019.xls
A/SWITZERLAND/7494/2002	A/SWITZERLAND/7494/2002	EPI_ISL_18217	2002	Europe / Switzerland	Human	gisaid_meta_2010.xls
A/SWITZERLAND/7494/2002	A/SWITZERLAND/7494/2002	EPI_ISL_185851	2002	Europe / Switzerland	Human	gisaid_meta_2010.xls
A/SWITZERLAND/8060/2017	A/Switzerland/8060/2017	EPI_ISL_16706701	2017	Europe / Switzerland	Human	gisaid_meta_2017.xls
A/SWITZERLAND/8060/2017	A/Switzerland/8060/2017	EPI_ISL_16891364	2017	Europe / Switzerland	Human	gisaid_meta_2017.xls
A/SWITZERLAND/8060/2017	A/Switzerland/8060/2017	EPI_ISL_17668125	2017-12-31	Europe / Switzerland	Human	gisaid_meta_2017.xls
A/SWITZERLAND/8060/2017	A/Switzerland/8060/2017	EPI_ISL_294252	2017-12-21	Europe / Switzerland	Human	gisaid_meta_2017.xls
A/SWITZERLAND/8060/2017	A/Switzerland/8060/2017	EPI_ISL_303951	2017-12-21	Europe / Switzerland	Human	gisaid_meta_2017.xls
A/SWITZERLAND/8060/2017	A/Switzerland/8060/2017	EPI_ISL_319720	2017	Europe / Switzerland	Human	gisaid_meta_2017.xls
A/SWITZERLAND/8060/2017	A/Switzerland/8060/2017	EPI_ISL_330887	2017	Europe / Switzerland	Human	gisaid_meta_2017.xls
A/SWITZERLAND/8060/2017	A/Switzerland/8060/2017	EPI_ISL_331821	2017-12-21	Europe / Switzerland	Human	gisaid_meta_2017.xls
A/SWITZERLAND/8060/2017	A/Switzerland/8060/2017	EPI_ISL_331924	2018	Europe / Switzerland	Human	gisaid_meta_2018.xls
A/SWITZERLAND/8060/2017	A/Switzerland/8060/2017	EPI_ISL_332305	2018	Europe / Switzerland	Human	gisaid_meta_2018.xls
A/SWITZERLAND/8060/2017	A/Switzerland/8060/2017	EPI_ISL_334555	2017-12-21	Asia / China	Human	gisaid_meta_2017.xls
A/SWITZERLAND/8060/2017	A/Switzerland/8060/2017	EPI_ISL_334556	2017-12-21	Asia / China	Human	gisaid_meta_2017.xls
A/SWITZERLAND/8060/2017	A/Switzerland/8060/2017	EPI_ISL_344423	2017-12-21	Asia / China	Human	gisaid_meta_2017.xls
A/SWITZERLAND/8482/2020	A/Switzerland/8482/2020	EPI_ISL_455564	2020-03-12	Europe / Switzerland	Human	gisaid_meta_2020-21.xls
A/SWITZERLAND/8482/2020	A/Switzerland/8482/2020	EPI_ISL_486768	2020-03-12	Europe / Switzerland	Human	gisaid_meta_2020-21.xls
A/SWITZERLAND/882/2017	A/Switzerland/882/2017	EPI_ISL_288786	2017-10-11	Europe / Switzerland	Human	gisaid_meta_2017.xls
A/SWITZERLAND/9851671/2014	A/Switzerland/9851671/2014	EPI_ISL_156912	2014-01-06	Europe / Switzerland	Human	gisaid_meta_2011-2014.xls
A/SWITZERLAND/9851671/2014	A/Switzerland/9851671/2014	EPI_ISL_158856	2014-01-06	Europe / Switzerland	Human	gisaid_meta_2011-2014.xls
A/SYDNEY/142/2016	A/Sydney/142/2016	EPI_ISL_232807	2016-06-30	Oceania / Australia / New South Wales / Ropes Crossing	Human	gisaid_meta_2015-2016.xls
A/SYDNEY/142/2016	A/Sydney/142/2016	EPI_ISL_237443	2016-06-30	Oceania / Australia	Human	gisaid_meta_2015-2016.xls
A/SYDNEY/142/2016	A/Sydney/142/2016	EPI_ISL_238631	2016-06-30	Oceania / Australia	Human	gisaid_meta_2015-2016.xls
A/SYDNEY/142/2016	A/Sydney/142/2016	EPI_ISL_239509	2016-06-30	Oceania / Australia	Human	gisaid_meta_2015-2016.xls
A/SYDNEY/142/2016	A/Sydney/142/2016	EPI_ISL_239807	2016-06-30	Oceania / Australia / New South Wales / Ropes Crossing	Human	gisaid_meta_2015-2016.xls
A/SYDNEY/142/2016	A/Sydney/142/2016	EPI_ISL_288871	2016-06-30	Oceania / Australia / New South Wales / Ropes Crossing	Human	gisaid_meta_2015-2016.xls
A/SYDNEY/142/2016	A/Sydney/142/2016	EPI_ISL_289111	2016-06-30	Oceania / Australia	Human	gisaid_meta_2015-2016.xls
A/SYDNEY/195/2012	A/SYDNEY/195/2012	EPI_ISL_134470	2012-08-06	Oceania / Australia / New South Wales	Human	gisaid_meta_2011-2014.xls
A/SYDNEY/195/2012	A/Sydney/195/2012	EPI_ISL_135839	2012-08-06	Oceania / Australia	Human	gisaid_meta_2011-2014.xls
A/SYDNEY/195/2012	A/Sydney/195/2012	EPI_ISL_14284879	2012-08-06	Oceania / Australia / New South Wales	Human	gisaid_meta_2011-2014.xls
A/SYDNEY/195/2012	A/Sydney/195/2012	EPI_ISL_17264976	2017-09-15	Oceania / Australia / New South Wales	Human	gisaid_meta_2017.xls
A/SYDNEY/195/2012	A/Sydney/195/2012	EPI_ISL_288371	2012-08-06	Oceania / Australia	Human	gisaid_meta_2011-2014.xls
A/SYDNEY/203/1999	A/Sydney/203/1999	EPI_ISL_5632582	1999-02-15	Oceania / Australia / New South Wales / Randwick	Human	gisaid_meta_2010.xls
A/SYDNEY/22/2018	A/Sydney/22/2018	EPI_ISL_314014	2018-03-03	Oceania / Australia / New South Wales / Cabramatta	Human	gisaid_meta_2018.xls
A/SYDNEY/22/2018	A/Sydney/22/2018	EPI_ISL_320961	2018-03-03	Oceania / Australia / New South Wales / Cabramatta	Human	gisaid_meta_2018.xls
A/SYDNEY/22/2018	A/Sydney/22/2018	EPI_ISL_330026	2018-03-03	Oceania / Australia	Human	gisaid_meta_2018.xls
A/SYDNEY/22/2018	A/Sydney/22/2018	EPI_ISL_338709	2018-03-03	Oceania / Australia	Human	gisaid_meta_2018.xls
A/SYDNEY/22/2018	A/Sydney/22/2018	EPI_ISL_363641	2018-03-03	Oceania / Australia / New South Wales	Human	gisaid_meta_2018.xls
A/SYDNEY/22/2018	A/Sydney/22/2018	EPI_ISL_396647	2018-03-03	Oceania / Australia	Human	gisaid_meta_2018.xls
A/SYDNEY/3/1999	A/Sydney/3/1999	EPI_ISL_3663413	1999-02-24	Oceania / Australia / New South Wales / Sydney	Human	gisaid_meta_2010.xls
A/SYDNEY/44/2001	A/Sydney/44/2001	EPI_ISL_186684	2001-12-30	Oceania / Australia / New South Wales	Human	gisaid_meta_2010.xls
A/SYDNEY/44/2001	A/Sydney/44/2001	EPI_ISL_6314560	2001	Oceania / Australia / New South Wales	Human	gisaid_meta_2010.xls
A/SYDNEY/44/2001	A/Sydney/44/2001	EPI_ISL_6314561	2001-12-30	Oceania / Australia / New South Wales	Human	gisaid_meta_2010.xls
A/SYDNEY/44/2001	A/Sydney/44/2001	EPI_ISL_6314562	2001-12-30	Oceania / Australia / New South Wales	Human	gisaid_meta_2010.xls
A/SYDNEY/53/2019	A/Sydney/53/2019	EPI_ISL_353802	2019-03-08	Oceania / Australia / New South Wales / Rose Bay	Human	gisaid_meta_2019.xls
A/SYDNEY/53/2019	A/Sydney/53/2019	EPI_ISL_356798	2019-03-08	Oceania / Australia / New South Wales / Rose Bay	Human	gisaid_meta_2019.xls
A/SYDNEY/53/2019	A/Sydney/53/2019	EPI_ISL_390309	2019-03-08	Oceania / Australia	Human	gisaid_meta_2019.xls
A/SYDNEY/85/2014	A/SYDNEY/85/2014	EPI_ISL_166038	2014-06-03	Oceania / Australia / New South Wales / GLEBE	Human	gisaid_meta_2011-2014.xls
A/SYDNEY/85/2014	A/Sydney/85/2014	EPI_ISL_288192	2014-06-03	Oceania / Australia	Human	gisaid_meta_2011-2014.xls
A/SYDNEY/95/2014	A/SYDNEY/95/2014	EPI_ISL_166034	2014-06-14	Oceania / Australia / New South Wales / ST PETERS	Human	gisaid_meta_2011-2014.xls
A/TAIWAN/1/2001	A/Taiwan/1/2001	EPI_ISL_187524	2001-02-02	Asia / Taiwan	Human	gisaid_meta_2010.xls
A/TAIWAN/1/2001	A/Taiwan/1/2001	EPI_ISL_5522573	2001-02-02	Asia / Taiwan / Taipei	Human	gisaid_meta_2010.xls
A/TAIWAN/240/2009	A/Taiwan/240/2009	EPI_ISL_33203	2009-02-13	Asia / Taiwan	Human	gisaid_meta_2010.xls
A/TAIWAN/240/2009	A/Taiwan/240/2009	EPI_ISL_66563	2009	Asia / Taiwan	Human	gisaid_meta_2010.xls
A/TAIWAN/851/2010	A/Taiwan/851/2010	EPI_ISL_185831	2010-09-15	Asia / Taiwan	Human	gisaid_meta_2010.xls
A/TAIWAN/851/2010	A/Taiwan/851/2010	EPI_ISL_85829	2010-09-15	Asia / Taiwan / Taiwan	Human	gisaid_meta_2010.xls
A/TAIWAN/851/2010	A/Taiwan/851/2010	EPI_ISL_86080	2010-09-15	Asia / Taiwan / Taiwan	Human	gisaid_meta_2010.xls
A/TANGER/1449/2018	A/Tanger/1449/2018	EPI_ISL_314186	2018-03-20	Africa / Morocco	Human	gisaid_meta_2018.xls
A/TANGER/672/2019	A/Tanger/672/2019	EPI_ISL_367811	2019-01-24	Africa / Morocco	Human	gisaid_meta_2019.xls
A/TARAZ/2922/2013	A/Taraz/2922/2013	EPI_ISL_138482	2013-01-18	Asia / Kazakhstan	Human	gisaid_meta_2011-2014.xls
A/TASMANIA/37/2014	A/TASMANIA/37/2014	EPI_ISL_168933	2014-08-06	Oceania / Australia / Tasmania / Mornington	Human	gisaid_meta_2011-2014.xls
A/TASMANIA/37/2014	A/Tasmania/37/2014	EPI_ISL_288189	2014-08-06	Oceania / Australia / Tasmania	Human	gisaid_meta_2011-2014.xls
A/TASMANIA/503/2020	A/Tasmania/503/2020	EPI_ISL_1081348	2020-02-16	Oceania / Australia / Tasmania	Human	gisaid_meta_2020-21.xls
A/TASMANIA/503/2020	A/Tasmania/503/2020	EPI_ISL_1296313	2020-02-16	Oceania / Australia	Human	gisaid_meta_2020-21.xls
A/TASMANIA/503/2020	A/Tasmania/503/2020	EPI_ISL_19893273	2020-02-16	Oceania / Australia / Tasmania	Human	gisaid_meta_2020-21.xls
A/TASMANIA/503/2020	A/Tasmania/503/2020	EPI_ISL_483574	2020-02-16	Oceania / Australia / Tasmania / Hobart	Human	gisaid_meta_2020-21.xls
A/TASMANIA/503/2020	A/Tasmania/503/2020	EPI_ISL_493145	2020-02-16	Oceania / Australia / Tasmania	Human	gisaid_meta_2020-21.xls
A/TASMANIA/503/2020	A/Tasmania/503/2020	EPI_ISL_512294	2020-02-16	Oceania / Australia	Human	gisaid_meta_2020-21.xls
A/TASMANIA/503/2020	A/Tasmania/503/2020	EPI_ISL_517665	2020-02-16	Oceania / Australia	Human	gisaid_meta_2020-21.xls
A/TASMANIA/503/2020	A/Tasmania/503/2020	EPI_ISL_517767	2020-02-16	Oceania / Australia	Human	gisaid_meta_2020-21.xls
A/TASMANIA/503/2020	A/Tasmania/503/2020	EPI_ISL_539340	2020-02-16	Oceania / Australia / Tasmania / Tanwood	Human	gisaid_meta_2020-21.xls
A/TASMANIA/503/2020	A/Tasmania/503/2020	EPI_ISL_584118	2020-02-16	Oceania / Australia	Human	gisaid_meta_2020-21.xls
A/TASMANIA/503/2020	A/Tasmania/503/2020	EPI_ISL_644655	2020-02-16	Oceania / Australia / Victoria	Human	gisaid_meta_2020-21.xls
A/TASMANIA/54/2014	A/TASMANIA/54/2014	EPI_ISL_168935	2014-08-16	Oceania / Australia / Tasmania / Burnie	Human	gisaid_meta_2011-2014.xls
A/TEHRAN/14/1999	A/Tehran/14/1999	EPI_ISL_5054269	1999-12-27	Asia / Iran, Islamic Republic of / Ostan-e Tehran / Tehran	Human	gisaid_meta_2010.xls
A/TEHRAN/58191/2013	A/Tehran/58191/2013	EPI_ISL_154777	2013-10-23	Asia / Iran, Islamic Republic of	Human	gisaid_meta_2011-2014.xls
A/TEHRAN/63139/2013	A/Tehran/63139/2013	EPI_ISL_154778	2013-10-27	Asia / Iran, Islamic Republic of	Human	gisaid_meta_2011-2014.xls
A/TEHRAN/63151/2013	A/Tehran/63151/2013	EPI_ISL_154779	2013-10-29	Asia / Iran, Islamic Republic of	Human	gisaid_meta_2011-2014.xls
A/TENNESSEE/6/2004	A/Tennessee/6/2004	EPI_ISL_11815	2004-08-17	North America / United States / Tennessee	Human	gisaid_meta_2010.xls
A/TENNESSEE/6/2004	A/Tennessee/6/2004	EPI_ISL_21249	2004-08-17	North America / United States / Tennessee	Human	gisaid_meta_2010.xls
A/TETOUAN/671/2019	A/Tetouan/671/2019	EPI_ISL_355116	2019-01-24	Africa / Morocco	Human	gisaid_meta_2019.xls
A/TEXAS/1/1977	A/Texas/1/1977	EPI_ISL_114197	1977	North America / United States / Texas	Human	gisaid_meta_2010.xls
A/TEXAS/1/1977	A/Texas/1/1977	EPI_ISL_122019	1977	North America / United States / Texas	Human	gisaid_meta_2010.xls
A/TEXAS/1/1977	A/Texas/1/1977	EPI_ISL_12622	1977	North America / United States / Texas	Human	gisaid_meta_2010.xls
A/THURINGEN/11/2020	A/Thuringen/11/2020	EPI_ISL_426251	2020-01-30	Europe / Germany	Human	gisaid_meta_2020-21.xls
A/THURINGEN/123/2013	A/Thuringen/123/2013	EPI_ISL_153179	2013-11-25	Europe / Germany	Human	gisaid_meta_2011-2014.xls
A/THURINGEN/165/2017	A/Thuringen/165/2017	EPI_ISL_274124	2017-01-13	Europe / Germany	Human	gisaid_meta_2017.xls
A/THURINGEN/36/2003	A/THURINGEN/36/2003	EPI_ISL_18209	2003-02-17	Europe / Germany / Thuringia	Human	gisaid_meta_2010.xls
A/THURINGEN/36/2003	A/THURINGEN/36/2003	EPI_ISL_185610	2003-02-17	Europe / Germany	Human	gisaid_meta_2010.xls
A/THURINGEN/52/2017	A/Thuringen/52/2017	EPI_ISL_274126	2017-03-13	Europe / Germany	Human	gisaid_meta_2017.xls
A/THURINGEN/7/2015	A/Thuringen/7/2015	EPI_ISL_175059	2015-01-19	Europe / Germany	Human	gisaid_meta_2015-2016.xls
A/TIMIS/136369/2013	A/Timis/136369/2013	EPI_ISL_144916	2013-05-03	Europe / Romania / Judetul Timis	Human	gisaid_meta_2011-2014.xls
A/TIMIS/177582/2015	A/Timis/177582/2015	EPI_ISL_190931	2015-02-12	Europe / Romania	Human	gisaid_meta_2015-2016.xls
A/TIRANE/ALB4107/2012	A/Tirane/ALB-4107/2012	EPI_ISL_107896	2012-01-28	Europe / Albania	Human	gisaid_meta_2011-2014.xls
A/TOAMASINA/2190/2017	A/Toamasina/2190/2017	EPI_ISL_276300	2017-05-03	Africa / Madagascar	Human	gisaid_meta_2017.xls
A/TOGO/LNG/333/2013	A/Togo/LNG/333/2013	EPI_ISL_162150	2013-10-01	Africa / Togo	Human	gisaid_meta_2011-2014.xls
A/TOGO/LNG/398/2013	A/Togo/LNG/398/2013	EPI_ISL_162151	2013-10-28	Africa / Togo	Human	gisaid_meta_2011-2014.xls
A/TOGO/LNG333/2013	A/Togo/LNG/333/2013	EPI_ISL_162150	2013-10-01	Africa / Togo	Human	gisaid_meta_2011-2014.xls
A/TOGO/LNG398/2013	A/Togo/LNG/398/2013	EPI_ISL_162151	2013-10-28	Africa / Togo	Human	gisaid_meta_2011-2014.xls
A/TOKYO/1035/2004	A/TOKYO/1035/2004	EPI_ISL_65577	2004	Asia / Japan	Human	gisaid_meta_2010.xls
A/TOMSK/5/2015	A/Tomsk/5/2015	EPI_ISL_191821	2015-03-16	Europe / Russian Federation	Human	gisaid_meta_2015-2016.xls
A/TOMSK/5645V/2019	A/Tomsk/5645V/2019	EPI_ISL_389229	2019-04-20	Europe / Russian Federation	Human	gisaid_meta_2019.xls
A/TORINO/14/2008	A/Torino/14/2008	EPI_ISL_185230	2008-12-12	Europe / Italy	Human	gisaid_meta_2010.xls
A/TORINO/14/2008	A/Torino/14/2008	EPI_ISL_61751	2008-12-12	Europe / Italy	Human	gisaid_meta_2010.xls
A/TORINO/544/2019	A/Torino/544/2019	EPI_ISL_388744	2019-02-19	Europe / Italy	Human	gisaid_meta_2019.xls
A/TORINO/771/2019	A/Torino/771/2019	EPI_ISL_388745	2019-03-05	Europe / Italy	Human	gisaid_meta_2019.xls
A/TOULON/1244/2006	A/TOULON/1244/2006	EPI_ISL_186804	2006-12-06	Europe / France	Human	gisaid_meta_2010.xls
A/TOULON/1244/2006	A/Toulon/1244/2006	EPI_ISL_20276	2006-12-06	Europe / France / Provence-Alpes-Cote d'Azur / Departement du Var / Toulon	Human	gisaid_meta_2010.xls
A/TOULON/1244/2006	A/TOULON/1244/2006	EPI_ISL_64236	2006-12-06	Europe / France	Human	gisaid_meta_2010.xls
A/TOULON/2533/2017	A/Toulon/2533/2017	EPI_ISL_299068	2017-12-18	Europe / France	Human	gisaid_meta_2017.xls
A/TOULON/3038/2013	A/Toulon/3038/2013	EPI_ISL_154780	2013-12-16	Europe / France	Human	gisaid_meta_2011-2014.xls
A/TOULOUSE/2892/2013	A/Toulouse/2892/2013	EPI_ISL_153180	2013-11-28	Europe / France	Human	gisaid_meta_2011-2014.xls
A/TOWNSVILLE/1/2003	A/Townsville/1/2003	EPI_ISL_357642	2003-07-24	Oceania / Australia / Queensland / Townsville	Human	gisaid_meta_2010.xls
A/TOWNSVILLE/1/2003	A/TOWNSVILLE/1/2003	EPI_ISL_67296	2003-07-24	Oceania / Australia / Queensland	Human	gisaid_meta_2010.xls
A/TOWNSVILLE/87/2010	A/Townsville/87/2010	EPI_ISL_185271	2010-11-26	Oceania / Australia / Queensland	Human	gisaid_meta_2010.xls
A/TOWNSVILLE/87/2010	A/TOWNSVILLE/87/2010	EPI_ISL_86128	2010-11-26	Oceania / Australia / Queensland / Naprunum	Human	gisaid_meta_2010.xls
A/TOWNSVILLE/87/2010	A/TOWNSVILLE/87/2010	EPI_ISL_86511	2010-11-26	Oceania / Australia / Queensland / Naprunum	Human	gisaid_meta_2010.xls
A/TRABZON/163/2014	A/Trabzon/163/2014	EPI_ISL_155919	2014-01-09	Asia / Turkey	Human	gisaid_meta_2011-2014.xls
A/TRABZON/28/2014	A/Trabzon/28/2014	EPI_ISL_155920	2014-01-03	Asia / Turkey	Human	gisaid_meta_2011-2014.xls
A/TRENCIN/46/2016	A/Trencin/46/2016	EPI_ISL_275527	2016-12-01	Europe / Slovakia	Human	gisaid_meta_2015-2016.xls
A/TRENCIN/558/2015	A/Trencin/558/2015	EPI_ISL_191822	2015-02-23	Europe / Slovakia	Human	gisaid_meta_2015-2016.xls
A/TRENCIN/74/2019	A/Trencin/74/2019	EPI_ISL_377346	2019-01-16	Europe / Slovakia	Human	gisaid_meta_2019.xls
A/TRENCIN/94/2016	A/Trencin/94/2016	EPI_ISL_275528	2016-12-22	Europe / Slovakia	Human	gisaid_meta_2015-2016.xls
A/TRIESTE/11/2003	A/Trieste/11/2003	EPI_ISL_12763	2003	Europe / Italy / Friuli-Venezia Giulia / Province of Trieste / Trieste	Human	gisaid_meta_2010.xls
A/TRIESTE/17/2004	A/Trieste/17/2004	EPI_ISL_12767	2004	Europe / Italy / Friuli-Venezia Giulia / Province of Trieste / Trieste	Human	gisaid_meta_2010.xls
A/TRIESTE/18/2003	A/Trieste/18/2003	EPI_ISL_12764	2003	Europe / Italy / Friuli-Venezia Giulia / Province of Trieste / Trieste	Human	gisaid_meta_2010.xls
A/TRIESTE/18/2004	A/Trieste/18/2004	EPI_ISL_12768	2004	Europe / Italy / Friuli-Venezia Giulia / Province of Trieste / Trieste	Human	gisaid_meta_2010.xls
A/TRIESTE/19/2004	A/Trieste/19/2004	EPI_ISL_12769	2004	Europe / Italy / Friuli-Venezia Giulia / Province of Trieste / Trieste	Human	gisaid_meta_2010.xls
A/TRIESTE/23/2005	A/Trieste/23/2005	EPI_ISL_12774	2005	Europe / Italy / Friuli-Venezia Giulia / Province of Trieste / Trieste	Human	gisaid_meta_2010.xls
A/TRIESTE/25C/2007	A/Trieste/25c/2007	EPI_ISL_60849	2007-01	Europe / Italy	Unknown	gisaid_meta_2010.xls
A/TRIESTE/29/2003	A/Trieste/29/2003	EPI_ISL_12765	2003	Europe / Italy / Friuli-Venezia Giulia / Province of Trieste / Trieste	Human	gisaid_meta_2010.xls
A/TRIESTE/3/2002	A/TRIESTE/3/2002	EPI_ISL_188102	2002	Europe / Italy	Human	gisaid_meta_2010.xls
A/TRIESTE/3/2002	A/TRIESTE/3/2002	EPI_ISL_67686	2002	Europe / Italy	Human	gisaid_meta_2010.xls
A/TRIESTE/31/2005	A/Trieste/31/2005	EPI_ISL_12775	2005	Europe / Italy / Friuli-Venezia Giulia / Province of Trieste / Trieste	Human	gisaid_meta_2010.xls
A/TRIESTE/35/2005	A/Trieste/35/2005	EPI_ISL_12782	2005	Europe / Italy / Friuli-Venezia Giulia / Province of Trieste / Trieste	Human	gisaid_meta_2010.xls
A/TRIESTE/37/2013	A/Trieste/37/2013	EPI_ISL_156913	2013-11-26	Europe / Italy	Human	gisaid_meta_2011-2014.xls
A/TRIESTE/39/2005	A/Trieste/39/2005	EPI_ISL_12784	2005	Europe / Italy / Friuli-Venezia Giulia / Province of Trieste / Trieste	Human	gisaid_meta_2010.xls
A/TRIESTE/41/2013	A/Trieste/41/2013	EPI_ISL_155921	2013-12-16	Europe / Italy	Human	gisaid_meta_2011-2014.xls
A/TRIESTE/48/2005	A/Trieste/48/2005	EPI_ISL_12778	2005	Europe / Italy / Friuli-Venezia Giulia / Province of Trieste / Trieste	Human	gisaid_meta_2010.xls
A/TRIESTE/55/2005	A/TRIESTE/55/2005	EPI_ISL_185429	2005-02-15	Europe / Italy	Human	gisaid_meta_2010.xls
A/TRIESTE/55/2005	A/TRIESTE/55/2005	EPI_ISL_64760	2005-02-15	Europe / Italy	Human	gisaid_meta_2010.xls
A/TRIESTE/61/2005	A/Trieste/61/2005	EPI_ISL_12781	2005	Europe / Italy / Friuli-Venezia Giulia / Province of Trieste / Trieste	Human	gisaid_meta_2010.xls
A/TRIESTE/65/2005	A/Trieste/65/2005	EPI_ISL_12789	2005	Europe / Italy / Friuli-Venezia Giulia / Province of Trieste / Trieste	Human	gisaid_meta_2010.xls
A/TRIESTE/8/2003	A/TRIESTE/8/2003	EPI_ISL_67299	2003	Europe / Italy	Human	gisaid_meta_2010.xls
A/TRIPOLIGR/475/2017	A/Tripoli GR/475/2017	EPI_ISL_259683	2017-01-17	Europe / Greece	Human	gisaid_meta_2017.xls
A/TRNAVA/176/2015	A/Trnava/176/2015	EPI_ISL_191823	2015-01-29	Europe / Slovakia	Human	gisaid_meta_2015-2016.xls
A/TRNAVA/70/2019	A/Trnava/70/2019	EPI_ISL_377347	2019-01-16	Europe / Slovakia	Human	gisaid_meta_2019.xls
A/TRNAVA/90/2016	A/Trnava/90/2016	EPI_ISL_275529	2016-12-21	Europe / Slovakia	Human	gisaid_meta_2015-2016.xls
A/TRNAVA/97/2016	A/Trnava/97/2016	EPI_ISL_275530	2016-12-21	Europe / Slovakia	Human	gisaid_meta_2015-2016.xls
A/TROLLHATTAN/3/2018	A/Trollhattan/3/2018	EPI_ISL_334186	2018-12-01	Europe / Sweden / Vastra Gotalands lan	Human	gisaid_meta_2018.xls
A/TSIROANOMANDIDY/1384/2015	A/Tsiroanomandidy/1384/2015	EPI_ISL_190932	2015-03-30	Africa / Madagascar	Human	gisaid_meta_2015-2016.xls
A/TSIROANOMANDIDY/3540/2012	A/Tsiroanomandidy/3540/2012	EPI_ISL_141687	2012-06-04	Africa / Madagascar	Human	gisaid_meta_2011-2014.xls
A/TUNISIA/3085/2020	A/Tunisia/3085/2020	EPI_ISL_732320	2020-03-04	Africa / Tunisia	Human	gisaid_meta_2020-21.xls
A/TUNISIA/3442/2020	A/Tunisia/3442/2020	EPI_ISL_732321	2020-03-06	Africa / Tunisia	Human	gisaid_meta_2020-21.xls
A/TUNISIA/3666/2020	A/Tunisia/3666/2020	EPI_ISL_732322	2020-03-11	Africa / Tunisia	Human	gisaid_meta_2020-21.xls
A/TURKEY/12/2011	A/Turkey/12/2011	EPI_ISL_104113	2011-12-14	Asia / Turkey	Human	gisaid_meta_2011-2014.xls
A/TURKEY/52/2019	A/Turkey/52/2019	EPI_ISL_342029	2019-01-10	Asia / Turkey	Human	gisaid_meta_2019.xls
A/TURKEY/52/2019	A/Turkey/52/2019	EPI_ISL_361955	2019-01-10	Asia / Turkey	Human	gisaid_meta_2019.xls
A/TURKEY/66/2018	A/Turkey/66/2018	EPI_ISL_361960	2018-12-17	Asia / Turkey	Human	gisaid_meta_2018.xls
A/TURKEY/70/2018	A/Turkey/70/2018	EPI_ISL_342035	2018-12-29	Asia / Turkey	Human	gisaid_meta_2018.xls
A/TURKEY/70/2018	A/Turkey/70/2018	EPI_ISL_361963	2018-12-29	Asia / Turkey	Human	gisaid_meta_2018.xls
A/TYUMEN/RII01/2018	A/Tyumen/RII-01/2018	EPI_ISL_330675	2018-06-11	Europe / Russian Federation	Human	gisaid_meta_2018.xls
A/UKRAINE/114/2012	A/Ukraine/114/2012	EPI_ISL_121972	2012-03-02	Europe / Ukraine	Human	gisaid_meta_2011-2014.xls
A/UKRAINE/155/2012	A/Ukraine/155/2012	EPI_ISL_121974	2012-03-11	Europe / Ukraine	Human	gisaid_meta_2011-2014.xls
A/UKRAINE/165/2015	A/Ukraine/165/2015	EPI_ISL_190933	2015-02-28	Europe / Ukraine	Human	gisaid_meta_2015-2016.xls
A/UKRAINE/38/2012	A/Ukraine/38/2012	EPI_ISL_121976	2012-02-10	Europe / Ukraine	Human	gisaid_meta_2011-2014.xls
A/UKRAINE/5329/2012	A/Ukraine/5329/2012	EPI_ISL_121977	2012-03-01	Europe / Ukraine	Human	gisaid_meta_2011-2014.xls
A/UKRAINE/5333/2012	A/Ukraine/5333/2012	EPI_ISL_121978	2012-03-03	Europe / Ukraine	Human	gisaid_meta_2011-2014.xls
A/UKRAINE/5339/2012	A/Ukraine/5339/2012	EPI_ISL_121979	2012-02-22	Europe / Ukraine	Human	gisaid_meta_2011-2014.xls
A/UKRAINE/5342/2012	A/Ukraine/5342/2012	EPI_ISL_121980	2012-03-20	Europe / Ukraine	Human	gisaid_meta_2011-2014.xls
A/UKRAINE/5365/2012	A/Ukraine/5365/2012	EPI_ISL_121981	2012-03-07	Europe / Ukraine	Human	gisaid_meta_2011-2014.xls
A/UKRAINE/5375/2012	A/Ukraine/5375/2012	EPI_ISL_121982	2012-03-23	Europe / Ukraine	Human	gisaid_meta_2011-2014.xls
A/UKRAINE/5378/2012	A/Ukraine/5378/2012	EPI_ISL_122683	2012-03-29	Europe / Ukraine	Human	gisaid_meta_2011-2014.xls
A/UKRAINE/5381/2012	A/Ukraine/5381/2012	EPI_ISL_121983	2012-03-15	Europe / Ukraine	Human	gisaid_meta_2011-2014.xls
A/UKRAINE/5385/2012	A/Ukraine/5385/2012	EPI_ISL_121984	2012-03-23	Europe / Ukraine	Human	gisaid_meta_2011-2014.xls
A/UKRAINE/5422/2012	A/Ukraine/5422/2012	EPI_ISL_122688	2012-03-13	Europe / Ukraine	Human	gisaid_meta_2011-2014.xls
A/UKRAINE/5426/2012	A/Ukraine/5426/2012	EPI_ISL_122689	2012-04-16	Europe / Ukraine	Human	gisaid_meta_2011-2014.xls
A/UKRAINE/6002/2013	A/Ukraine/6002/2013	EPI_ISL_155922	2013-12-14	Europe / Ukraine	Human	gisaid_meta_2011-2014.xls
A/UKRAINE/6002/2013	A/Ukraine/6002/2013	EPI_ISL_158857	2013-12-14	Europe / Ukraine	Human	gisaid_meta_2011-2014.xls
A/UKRAINE/6004/2013	A/Ukraine/6004/2013	EPI_ISL_154034	2013-12-24	Europe / Ukraine	Human	gisaid_meta_2011-2014.xls
A/UKRAINE/6079/2014	A/Ukraine/6079/2014	EPI_ISL_163121	2014-03-12	Europe / Ukraine	Human	gisaid_meta_2011-2014.xls
A/UKRAINE/6080/2014	A/Ukraine/6080/2014	EPI_ISL_163122	2014-03-13	Europe / Ukraine	Human	gisaid_meta_2011-2014.xls
A/UKRAINE/6138/2014	A/Ukraine/6138/2014	EPI_ISL_163124	2014-03-10	Europe / Ukraine	Human	gisaid_meta_2011-2014.xls
A/UKRAINE/6141/2014	A/Ukraine/6141/2014	EPI_ISL_163125	2014-03-04	Europe / Ukraine	Human	gisaid_meta_2011-2014.xls
A/UKRAINE/6156/2014	A/Ukraine/6156/2014	EPI_ISL_163126	2014-03-24	Europe / Ukraine	Human	gisaid_meta_2011-2014.xls
A/UKRAINE/6158/2014	A/Ukraine/6158/2014	EPI_ISL_163127	2014-03-25	Europe / Ukraine	Human	gisaid_meta_2011-2014.xls
A/UKRAINE/6161/2014	A/Ukraine/6161/2014	EPI_ISL_163128	2014-03-26	Europe / Ukraine	Human	gisaid_meta_2011-2014.xls
A/UKRAINE/6456/2015	A/Ukraine/6456/2015	EPI_ISL_190936	2015-02-28	Europe / Ukraine	Human	gisaid_meta_2015-2016.xls
A/UKRAINE/6784/2015	A/Ukraine/6784/2015	EPI_ISL_190937	2015-03-31	Europe / Ukraine	Human	gisaid_meta_2015-2016.xls
A/UKRAINE/6808/2015	A/Ukraine/6808/2015	EPI_ISL_190938	2015-04-12	Europe / Ukraine	Human	gisaid_meta_2015-2016.xls
A/UKRAINE/6809/2015	A/Ukraine/6809/2015	EPI_ISL_190939	2015-04-13	Europe / Ukraine	Human	gisaid_meta_2015-2016.xls
A/UKRAINE/7030/2016	A/Ukraine/7030/2016	EPI_ISL_226096	2016-01-04	Europe / Ukraine	Human	gisaid_meta_2015-2016.xls
A/UKRAINE/710/2013	A/Ukraine/710/2013	EPI_ISL_154035	2013-12-16	Europe / Ukraine	Human	gisaid_meta_2011-2014.xls
A/UKRAINE/728/2013	A/Ukraine/728/2013	EPI_ISL_154036	2013-12-25	Europe / Ukraine	Human	gisaid_meta_2011-2014.xls
A/UKRAINE/7462/2016	A/Ukraine/7462/2016	EPI_ISL_262315	2016-12-10	Europe / Ukraine	Human	gisaid_meta_2015-2016.xls
A/UKRAINE/7463/2016	A/Ukraine/7463/2016	EPI_ISL_262316	2016-12-05	Europe / Ukraine	Human	gisaid_meta_2015-2016.xls
A/UKRAINE/7552/2017	A/Ukraine/7552/2017	EPI_ISL_273286	2017-01-16	Europe / Ukraine	Human	gisaid_meta_2017.xls
A/UKRAINE/7610/2017	A/Ukraine/7610/2017	EPI_ISL_273288	2017-01-12	Europe / Ukraine	Human	gisaid_meta_2017.xls
A/UKRAINE/7611/2017	A/Ukraine/7611/2017	EPI_ISL_273289	2017-01-17	Europe / Ukraine	Human	gisaid_meta_2017.xls
A/UKRAINE/7646/2017	A/Ukraine/7646/2017	EPI_ISL_274136	2017-01-03	Europe / Ukraine	Human	gisaid_meta_2017.xls
A/UKRAINE/7647/2017	A/Ukraine/7647/2017	EPI_ISL_274137	2017-01-04	Europe / Ukraine	Human	gisaid_meta_2017.xls
A/UKRAINE/7650/2017	A/Ukraine/7650/2017	EPI_ISL_274139	2017-01-07	Europe / Ukraine	Human	gisaid_meta_2017.xls
A/UKRAINE/7651/2017	A/Ukraine/7651/2017	EPI_ISL_274140	2017-01-11	Europe / Ukraine	Human	gisaid_meta_2017.xls
A/UKRAINE/7730/2017	A/Ukraine/7730/2017	EPI_ISL_273292	2017-01-12	Europe / Ukraine	Human	gisaid_meta_2017.xls
A/UKRAINE/7767/2017	A/Ukraine/7767/2017	EPI_ISL_273293	2017-01-17	Europe / Ukraine	Human	gisaid_meta_2017.xls
A/UKRAINE/7768/2016	A/Ukraine/7768/2016	EPI_ISL_274143	2016-12-27	Europe / Ukraine	Human	gisaid_meta_2015-2016.xls
A/UKRAINE/8103/2019	A/Ukraine/8103/2019	EPI_ISL_342036	2019-01-03	Europe / Ukraine	Human	gisaid_meta_2019.xls
A/UKRAINE/8106/2018	A/Ukraine/8106/2018	EPI_ISL_342038	2018-12-27	Europe / Ukraine	Human	gisaid_meta_2018.xls
A/UKRAINE/8122/2018	A/Ukraine/8122/2018	EPI_ISL_347200	2018-12-18	Europe / Ukraine	Human	gisaid_meta_2018.xls
A/UKRAINE/8210/2019	A/Ukraine/8210/2019	EPI_ISL_364807	2019-02-01	Europe / Ukraine	Human	gisaid_meta_2019.xls
A/UKRAINE/8211/2019	A/Ukraine/8211/2019	EPI_ISL_364808	2019-02-05	Europe / Ukraine	Human	gisaid_meta_2019.xls
A/UKRAINE/8230/2019	A/Ukraine/8230/2019	EPI_ISL_364809	2019-02-20	Europe / Ukraine	Human	gisaid_meta_2019.xls
A/UKRAINE/8233/2019	A/Ukraine/8233/2019	EPI_ISL_364810	2019-03-11	Europe / Ukraine	Human	gisaid_meta_2019.xls
A/UMEA/2/2010	A/Umea/2/2010	EPI_ISL_90067	2010-12-26	Europe / Sweden / Vasterbottens Lan / Umea Kommun	Human	gisaid_meta_2010.xls
A/UMEA/6/2006	A/UMEA/6/2006	EPI_ISL_18278	2006-11-15	Europe / Sweden / Vasterbottens Lan / Umea	Human	gisaid_meta_2010.xls
A/UMEA/6/2006	A/UMEA/6/2006	EPI_ISL_187630	2006-11-15	Europe / Sweden	Human	gisaid_meta_2010.xls
A/UMEA/7/2006	A/UMEA/7/2006	EPI_ISL_18279	2006-11-15	Europe / Sweden / Vasterbottens Lan / Umea	Human	gisaid_meta_2010.xls
A/UMEA/7/2006	A/UMEA/7/2006	EPI_ISL_188348	2006-11-15	Europe / Sweden	Human	gisaid_meta_2010.xls
A/UPPSALA/2/2017	A/Uppsala/2/2017	EPI_ISL_282981	2017-10-03	Europe / Sweden / Uppsala lan	Human	gisaid_meta_2017.xls
A/UPPSALA/2/2017	A/Uppsala/2/2017	EPI_ISL_292924	2017-10-03	Europe / Sweden	Human	gisaid_meta_2017.xls
A/URALSK/496/2017	A/Uralsk/496/2017	EPI_ISL_300433	2017-11-23	Asia / Kazakhstan	Human	gisaid_meta_2017.xls
A/UTAH/12/2011	A/Utah/12/2011	EPI_ISL_100450	2011-11-06	North America / United States / Utah	Human	gisaid_meta_2011-2014.xls
A/VALJEVO/2029/2014	A/Valjevo/2029/2014	EPI_ISL_165587	2014-03-13	Europe / Serbia	Human	gisaid_meta_2011-2014.xls
A/VALLADOLID/118/2013	A/Valladolid/118/2013	EPI_ISL_143577	2013-04-02	Europe / Spain	Human	gisaid_meta_2011-2014.xls
A/VALLADOLID/13/2019	A/Valladolid/13/2019	EPI_ISL_355121	2019-01-09	Europe / Spain	Human	gisaid_meta_2019.xls
A/VALLADOLID/17/2019	A/Valladolid/17/2019	EPI_ISL_355122	2019-01-12	Europe / Spain	Human	gisaid_meta_2019.xls
A/VALLADOLID/18/2019	A/Valladolid/18/2019	EPI_ISL_355123	2019-01-12	Europe / Spain	Human	gisaid_meta_2019.xls
A/VALLADOLID/2/2019	A/Valladolid/2/2019	EPI_ISL_355124	2019-01-02	Europe / Spain	Human	gisaid_meta_2019.xls
A/VALLADOLID/205/2015	A/Valladolid/205/2015	EPI_ISL_190940	2015-02-06	Europe / Spain	Human	gisaid_meta_2015-2016.xls
A/VALLADOLID/24/2019	A/Valladolid/24/2019	EPI_ISL_355125	2019-01-14	Europe / Spain	Human	gisaid_meta_2019.xls
A/VALLADOLID/25/2019	A/Valladolid/25/2019	EPI_ISL_355126	2019-01-14	Europe / Spain	Human	gisaid_meta_2019.xls
A/VALLADOLID/26/2019	A/Valladolid/26/2019	EPI_ISL_355127	2019-01-14	Europe / Spain	Human	gisaid_meta_2019.xls
A/VALLADOLID/290/2016	A/Valladolid/290/2016	EPI_ISL_242813	2016-12-03	Europe / Spain	Human	gisaid_meta_2015-2016.xls
A/VALLADOLID/560/2018	A/Valladolid/560/2018	EPI_ISL_355128	2018-12-27	Europe / Spain	Human	gisaid_meta_2018.xls
A/VALLADOLID/9/2019	A/Valladolid/9/2019	EPI_ISL_355129	2019-01-08	Europe / Spain	Human	gisaid_meta_2019.xls
A/VALLADOLID/98/2013	A/Valladolid/98/2013	EPI_ISL_143579	2013-03-18	Europe / Spain	Human	gisaid_meta_2011-2014.xls
A/VICTORIA/1/1999	A/Victoria/1/1999	EPI_ISL_3692569	1999-02-25	Oceania / Australia / Victoria / Box Hill	Human	gisaid_meta_2010.xls
A/VICTORIA/116/2002	A/Victoria/116/2002	EPI_ISL_6314574	2002-01-12	Oceania / Australia / Victoria / Bentleigh	Human	gisaid_meta_2010.xls
A/VICTORIA/116/2002	A/Victoria/116/2002	EPI_ISL_6314575	2002-01-12	Oceania / Australia / Victoria / Bentleigh	Human	gisaid_meta_2010.xls
A/VICTORIA/116/2002	A/VICTORIA/116/2002	EPI_ISL_67695	2002	Oceania / Australia / Victoria	Human	gisaid_meta_2010.xls
A/VICTORIA/2/1999	A/Victoria/2/1999	EPI_ISL_3692570	1999-02-25	Oceania / Australia / Victoria / Box Hill	Human	gisaid_meta_2010.xls
A/VICTORIA/209/2009	A/Victoria/209/2009	EPI_ISL_185174	2009-06-02	Oceania / Australia / Victoria	Human	gisaid_meta_2010.xls
A/VICTORIA/209/2009	A/Victoria/209/2009	EPI_ISL_33597	2009-06-02	Oceania / Australia / Victoria	Human	gisaid_meta_2010.xls
A/VICTORIA/265/2014	A/VICTORIA/265/2014	EPI_ISL_168937	2014-08-11	Oceania / Australia / Victoria / Glenroy	Human	gisaid_meta_2011-2014.xls
A/VICTORIA/265/2014	A/Victoria/265/2014	EPI_ISL_175061	2014	Oceania / Australia	Human	gisaid_meta_2011-2014.xls
A/VICTORIA/265/2014	A/Victoria/265/2014	EPI_ISL_219036	2014-08-11	Oceania / Australia / Victoria / Glenroy	Human	gisaid_meta_2011-2014.xls
A/VICTORIA/265/2014	A/Victoria/265/2014	EPI_ISL_288186	2014-08-11	Oceania / Australia / Victoria	Human	gisaid_meta_2011-2014.xls
A/VICTORIA/29/1992	A/Victoria/29/1992	EPI_ISL_14284888	1992-05-19	Oceania / Australia / Victoria / Melbourne	Human	gisaid_meta_2010.xls
A/VICTORIA/3/1975	A/Victoria/3/1975	EPI_ISL_1096	1975	Oceania / Australia / Victoria	Human	gisaid_meta_2010.xls
A/VICTORIA/3/1975	A/Victoria/3/1975	EPI_ISL_113968	1975	Oceania / Australia / Victoria	Human	gisaid_meta_2010.xls
A/VICTORIA/3/1975	A/Victoria/3/1975	EPI_ISL_123233	1975	Oceania / Australia / Victoria	Human	gisaid_meta_2010.xls
A/VICTORIA/3/1975	A/Victoria/3/1975	EPI_ISL_132394	1975-04	Oceania / Australia	Human	gisaid_meta_2010.xls
A/VICTORIA/3/1999	A/Victoria/3/1999	EPI_ISL_177748	1999	Oceania / Australia	Human	gisaid_meta_2010.xls
A/VICTORIA/3/1999	A/Victoria/3/1999	EPI_ISL_177749	1999	Oceania / Australia	Human	gisaid_meta_2010.xls
A/VICTORIA/3/1999	A/Victoria/3/1999	EPI_ISL_3663416	1999-04-21	Oceania / Australia / Victoria / St Albans	Human	gisaid_meta_2010.xls
A/VICTORIA/302/1998	A/Victoria/302/1998	EPI_ISL_3492401	1998-03-15	Oceania / Australia / Victoria / Parkville	Human	gisaid_meta_2010.xls
A/VICTORIA/302/2001	A/Victoria/302/2001	EPI_ISL_188158	2001-03-13	Oceania / Australia / Victoria	Human	gisaid_meta_2010.xls
A/VICTORIA/302/2001	A/Victoria/302/2001	EPI_ISL_5522582	2001-03-13	Oceania / Australia / Victoria / Flemington	Human	gisaid_meta_2010.xls
A/VICTORIA/309/1998	A/Victoria/309/1998	EPI_ISL_3492432	1998-05-22	Oceania / Australia / Victoria / Meadow Heights	Human	gisaid_meta_2010.xls
A/VICTORIA/312/1998	A/Victoria/312/1998	EPI_ISL_3492433	1998-05-24	Oceania / Australia / Victoria / West Heidleberg	Human	gisaid_meta_2010.xls
A/VICTORIA/314/1998	A/Victoria/314/1998	EPI_ISL_3492418	1998-05-25	Oceania / Australia / Victoria / Deer Park	Human	gisaid_meta_2010.xls
A/VICTORIA/315/1998	A/Victoria/315/1998	EPI_ISL_3492431	1998-05-25	Oceania / Australia / Victoria / Montmorency	Human	gisaid_meta_2010.xls
A/VICTORIA/316/1998	A/Victoria/316/1998	EPI_ISL_3492429	1998-05-28	Oceania / Australia / Victoria / Delahay	Human	gisaid_meta_2010.xls
A/VICTORIA/323/1998	A/Victoria/323/1998	EPI_ISL_3492445	1998-05-31	Oceania / Australia / Victoria / Collingwood	Human	gisaid_meta_2010.xls
A/VICTORIA/358/1999	A/Victoria/358/1999	EPI_ISL_3692573	1999-07-17	Oceania / Australia / Victoria / Whittlesea	Human	gisaid_meta_2010.xls
A/VICTORIA/47/1997	A/Victoria/47/1997	EPI_ISL_14284895	1997-07-09	Oceania / Australia / Victoria / Sandringham	Human	gisaid_meta_2010.xls
A/VICTORIA/47/1997	A/Victoria/47/1997	EPI_ISL_167257	1997	Oceania / Australia	Human	gisaid_meta_2010.xls
A/VICTORIA/500/2001	A/Victoria/500/2001	EPI_ISL_5522583	2001-06-19	Oceania / Australia / Victoria	Human	gisaid_meta_2010.xls
A/VICTORIA/500/2004	A/Victoria/500/2004	EPI_ISL_12069	2004-08-13	Oceania / Australia / Victoria	Human	gisaid_meta_2010.xls
A/VICTORIA/500/2004	A/Victoria/500/2004	EPI_ISL_21252	2004-08-13	Oceania / Australia / Victoria	Human	gisaid_meta_2010.xls
A/VICTORIA/5006/2014	A/Victoria/5006/2014	EPI_ISL_15146455	2014-08-25	Oceania / Australia / Victoria / Ashwood	Human	gisaid_meta_2011-2014.xls
A/VICTORIA/5006/2014	A/VICTORIA/5006/2014	EPI_ISL_168941	2014-08-25	Oceania / Australia / Victoria / Ashwood	Human	gisaid_meta_2011-2014.xls
A/VICTORIA/5006/2014	A/Victoria/5006/2014	EPI_ISL_175062	2014	Oceania / Australia	Human	gisaid_meta_2011-2014.xls
A/VICTORIA/5006/2014	A/Victoria/5006/2014	EPI_ISL_176668	2014-08-25	Oceania / Australia	Human	gisaid_meta_2011-2014.xls
A/VICTORIA/5006/2014	A/Victoria/5006/2014	EPI_ISL_219037	2014-08-25	Oceania / Australia / Victoria / Ashburton	Human	gisaid_meta_2011-2014.xls
A/VICTORIA/5006/2014	A/Victoria/5006/2014	EPI_ISL_288179	2014-08-25	Oceania / Australia / Victoria	Human	gisaid_meta_2011-2014.xls
A/VICTORIA/503/2005	A/Victoria/503/2005	EPI_ISL_10656214	2005-05-29	Oceania / Australia / Victoria / Oakleigh	Human	gisaid_meta_2010.xls
A/VICTORIA/503/2005	A/Victoria/503/2005	EPI_ISL_10656215	2005-05-29	Oceania / Australia / Victoria / Oakleigh	Human	gisaid_meta_2010.xls
A/VICTORIA/503/2005	A/VICTORIA/503/2005	EPI_ISL_185765	2005-05-29	Oceania / Australia / Victoria	Human	gisaid_meta_2010.xls
A/VICTORIA/503/2005	A/VICTORIA/503/2005	EPI_ISL_64791	2005	Oceania / Australia / Victoria	Human	gisaid_meta_2010.xls
A/VICTORIA/503/2015	A/Victoria/503/2015	EPI_ISL_192808	2015-03-31	Oceania / Australia / Victoria / Brewick	Human	gisaid_meta_2015-2016.xls
A/VICTORIA/503/2015	A/Victoria/503/2015	EPI_ISL_193218	2015-03-31	Oceania / Australia	Human	gisaid_meta_2015-2016.xls
A/VICTORIA/503/2015	A/Victoria/503/2015	EPI_ISL_194165	2015-03-31	Oceania / Australia	Human	gisaid_meta_2015-2016.xls
A/VICTORIA/503/2015	A/Victoria/503/2015	EPI_ISL_219038	2015-03-31	Oceania / Australia / Victoria / Berwick	Human	gisaid_meta_2015-2016.xls
A/VICTORIA/505/2004	A/VICTORIA/505/2004	EPI_ISL_65582	2004-09-06	Oceania / Australia / Victoria	Human	gisaid_meta_2010.xls
A/VICTORIA/5060/2014	A/VICTORIA/5060/2014	EPI_ISL_168962	2014-09-19	Oceania / Australia / Victoria / Kew	Human	gisaid_meta_2011-2014.xls
A/VICTORIA/5060/2014	A/Victoria/5060/2014	EPI_ISL_169521	2014-09-19	Oceania / Australia / Victoria / Kew	Human	gisaid_meta_2011-2014.xls
A/VICTORIA/5060/2014	A/Victoria/5060/2014	EPI_ISL_172428	2014-09-19	Oceania / Australia	Human	gisaid_meta_2011-2014.xls
A/VICTORIA/5060/2014	A/Victoria/5060/2014	EPI_ISL_288182	2014-09-19	Oceania / Australia / Victoria	Human	gisaid_meta_2011-2014.xls
A/VICTORIA/507/2004	A/Victoria/507/2004	EPI_ISL_12055	2004-09-09	Oceania / Australia / Victoria / Carnegie	Human	gisaid_meta_2010.xls
A/VICTORIA/507/2004	A/Victoria/507/2004	EPI_ISL_65583	2004-09-09	Oceania / Australia / Victoria	Human	gisaid_meta_2010.xls
A/VICTORIA/507/2004	A/Victoria/507/2004	EPI_ISL_6949658	2004-09-09	Oceania / Australia / Victoria / Carnegie	Human	gisaid_meta_2010.xls
A/VICTORIA/508/2001	A/Victoria/508/2001	EPI_ISL_186073	2001-07-30	Oceania / Australia / Victoria	Human	gisaid_meta_2010.xls
A/VICTORIA/508/2001	A/Victoria/508/2001	EPI_ISL_5522585	2001-07-30	Oceania / Australia / Victoria / Chelsea Heights	Human	gisaid_meta_2010.xls
A/VICTORIA/509/1998	A/Victoria/509/1998	EPI_ISL_3492442	1998-05-26	Oceania / Australia / Victoria	Human	gisaid_meta_2010.xls
A/VICTORIA/509/2000	A/Victoria/509/2000	EPI_ISL_5054276	2000-07-02	Oceania / Australia / Victoria	Human	gisaid_meta_2010.xls
A/VICTORIA/511/2004	A/Victoria/511/2004	EPI_ISL_2402570	2004-01-01	Oceania / Australia	Human	gisaid_meta_2010.xls
A/VICTORIA/511/2004	A/VICTORIA/511/2004	EPI_ISL_65584	2004-09-28	Oceania / Australia / Victoria	Human	gisaid_meta_2010.xls
A/VICTORIA/511/2015	A/Victoria/511/2015	EPI_ISL_194550	2015-05-16	Oceania / Australia / Victoria / Endeavour Hills	Human	gisaid_meta_2015-2016.xls
A/VICTORIA/511/2015	A/Victoria/511/2015	EPI_ISL_196612	2015-05-16	Oceania / Australia	Human	gisaid_meta_2015-2016.xls
A/VICTORIA/511/2015	A/Victoria/511/2015	EPI_ISL_200720	2015-05-16	Oceania / Australia	Human	gisaid_meta_2015-2016.xls
A/VICTORIA/511/2015	A/Victoria/511/2015	EPI_ISL_205158	2015-05-16	Oceania / Australia	Human	gisaid_meta_2015-2016.xls
A/VICTORIA/511/2015	A/Victoria/511/2015	EPI_ISL_205159	2015-05-16	Oceania / Australia	Human	gisaid_meta_2015-2016.xls
A/VICTORIA/511/2015	A/Victoria/511/2015	EPI_ISL_219039	2015-05-16	Oceania / Australia / Victoria / Endeavour Hills	Human	gisaid_meta_2015-2016.xls
A/VICTORIA/511/2015	A/Victoria/511/2015	EPI_ISL_288056	2015-05-16	Oceania / Australia / Victoria	Human	gisaid_meta_2015-2016.xls
A/VICTORIA/512/1998	A/Victoria/512/1998	EPI_ISL_3492454	1998-05-28	Oceania / Australia / Victoria	Human	gisaid_meta_2010.xls
A/VICTORIA/512/2002	A/Victoria/512/2002	EPI_ISL_6314587	2002-06-27	Oceania / Australia / Victoria	Human	gisaid_meta_2010.xls
A/VICTORIA/513/2004	A/Victoria/513/2004	EPI_ISL_12044	2004-09-30	Oceania / Australia / Victoria	Human	gisaid_meta_2010.xls
A/VICTORIA/513/2004	A/Victoria/513/2004	EPI_ISL_21253	2004-09-30	Oceania / Australia / Victoria	Human	gisaid_meta_2010.xls
A/VICTORIA/513/2004	A/Victoria513/2004	EPI_ISL_6949661	2004-09-30	Oceania / Australia / Victoria	Human	gisaid_meta_2010.xls
A/VICTORIA/522/1999	A/Victoria/522/1999	EPI_ISL_3663425	1999-06-08	Oceania / Australia / Victoria / Clayton	Human	gisaid_meta_2010.xls
A/VICTORIA/525/1998	A/Victoria/525/1998	EPI_ISL_3492436	1998-06-04	Oceania / Australia / Victoria	Human	gisaid_meta_2010.xls
A/VICTORIA/528/2014	A/VICTORIA/528/2014	EPI_ISL_168944	2014-07-17	Oceania / Australia / Victoria / Narre Warren	Human	gisaid_meta_2011-2014.xls
A/VICTORIA/528/2014	A/Victoria/528/2014	EPI_ISL_288194	2014-07-17	Oceania / Australia / Victoria	Human	gisaid_meta_2011-2014.xls
A/VICTORIA/536/1999	A/Victoria/536/1999	EPI_ISL_3663426	1999-07-02	Oceania / Australia / Victoria / Clayton	Human	gisaid_meta_2010.xls
A/VICTORIA/540/1998	A/Victoria/540/1998	EPI_ISL_3492441	1998-06-14	Oceania / Australia / Victoria / Clarinda	Human	gisaid_meta_2010.xls
A/VICTORIA/541/1998	A/Victoria/541/1998	EPI_ISL_3492443	1998-06-14	Oceania / Australia / Victoria / Clarinda	Human	gisaid_meta_2010.xls
A/VICTORIA/552/1999	A/Victoria/552/1999	EPI_ISL_3663431	1999-07-12	Oceania / Australia / Victoria / Clayton	Human	gisaid_meta_2010.xls
A/VICTORIA/554/1998	A/Victoria/554/1998	EPI_ISL_3492414	1998-06-17	Oceania / Australia / Victoria	Human	gisaid_meta_2010.xls
A/VICTORIA/563/2010	A/Victoria/563/2010	EPI_ISL_185832	2010-08-30	Oceania / Australia / Victoria	Human	gisaid_meta_2010.xls
A/VICTORIA/563/2010	A/Victoria/563/2010	EPI_ISL_83224	2010-08-30	Oceania / Australia / Victoria / Clayton	Human	gisaid_meta_2010.xls
A/VICTORIA/563/2010	A/Victoria/563/2010	EPI_ISL_83225	2010-08-30	Oceania / Australia / Victoria / Clayton	Human	gisaid_meta_2010.xls
A/VICTORIA/563/2010	A/VICTORIA/563/2010	EPI_ISL_83810	2010-08-30	Oceania / Australia / Victoria / Clayton	Human	gisaid_meta_2010.xls
A/VICTORIA/563/2010	A/Victoria/563/2010	EPI_ISL_84063	2010	Oceania / Australia	Human	gisaid_meta_2010.xls
A/VICTORIA/585/1998	A/Victoria/585/1998	EPI_ISL_3492438	1998-06-30	Oceania / Australia / Victoria	Human	gisaid_meta_2010.xls
A/VICTORIA/586/1999	A/Victoria/586/1999	EPI_ISL_3663441	1999-07-31	Oceania / Australia / Victoria / Bangholme	Human	gisaid_meta_2010.xls
A/VICTORIA/588/1999	A/Victoria/588/1999	EPI_ISL_3663442	1999-07-27	Oceania / Australia / Victoria / Coronet Bay	Human	gisaid_meta_2010.xls
A/VICTORIA/593/1999	A/Victoria/593/1999	EPI_ISL_3663444	1999-08-02	Oceania / Australia / Victoria / Lysterfield	Human	gisaid_meta_2010.xls
A/VICTORIA/601/1999	A/Victoria/601/1999	EPI_ISL_3663446	1999-08-19	Oceania / Australia / Victoria / Rowville	Human	gisaid_meta_2010.xls
A/VICTORIA/605/1998	A/Victoria/605/1998	EPI_ISL_19097	1998-06-06	Oceania / Australia / Victoria / Melbourne	Human	gisaid_meta_2010.xls
A/VICTORIA/605/1998	A/Victoria/605/1998	EPI_ISL_3492437	1998-06-06	Oceania / Australia / Victoria	Human	gisaid_meta_2010.xls
A/VICTORIA/673/2014	A/Victoria/673/2014	EPI_ISL_15146463	2014-09-07	Oceania / Australia / Victoria / Rowville	Human	gisaid_meta_2011-2014.xls
A/VICTORIA/673/2014	A/Victoria/673/2014	EPI_ISL_171825	2014-09-07	Oceania / Australia / Victoria / Rowville	Human	gisaid_meta_2011-2014.xls
A/VICTORIA/673/2014	A/VIctoria/673/2014	EPI_ISL_171826	2014-09-07	Oceania / Australia / Victoria / Rowville	Human	gisaid_meta_2011-2014.xls
A/VICTORIA/673/2014	A/Victoria/673/2014	EPI_ISL_175063	2014	Oceania / Australia	Human	gisaid_meta_2011-2014.xls
A/VICTORIA/673/2014	A/VICTORIA/673/2014	EPI_ISL_195752	2014-09-07	Oceania / Australia / Victoria	Human	gisaid_meta_2011-2014.xls
A/VICTORIA/673/2014	A/Victoria/673/2014	EPI_ISL_288171	2014-09-07	Oceania / Australia / Victoria	Human	gisaid_meta_2011-2014.xls
A/VITEBSK/927/2019	A/Vitebsk/927/2019	EPI_ISL_367812	2019-02-28	Europe / Belarus	Human	gisaid_meta_2019.xls
A/VITEBSK/927/2019	A/Vitebsk/927/2019	EPI_ISL_377348	2019-02-28	Europe / Belarus	Human	gisaid_meta_2019.xls
A/VLADIMIR/135/2015	A/Vladimir/135/2015	EPI_ISL_191824	2015-03-13	Europe / Russian Federation	Human	gisaid_meta_2015-2016.xls
A/VLADIVOSTOK/36/2015	A/Vladivostok/36/2015	EPI_ISL_191826	2015-03-14	Europe / Russian Federation	Human	gisaid_meta_2015-2016.xls
A/VNOVGOROD/223/2014	A/V.Novgorod/223/2014	EPI_ISL_165586	2014-04-08	Europe / Russian Federation	Human	gisaid_meta_2011-2014.xls
A/VOLOGDA/RII01/2018	A/Vologda/RII-01/2018	EPI_ISL_315768	2018-02-19	Europe / Russian Federation	Human	gisaid_meta_2018.xls
A/WAIKATO/23/1999	A/Waikato/23/1999	EPI_ISL_3663451	1999	Oceania / New Zealand / Waikato / Waikato	Human	gisaid_meta_2010.xls
A/WAIKATO/28/1999	A/Waikato/28/1999	EPI_ISL_3663452	1999	Oceania / New Zealand / Waikato / Waikato	Human	gisaid_meta_2010.xls
A/WELLINGTON/4/1999	A/Wellington/4/1999	EPI_ISL_3663456	1999	Oceania / New Zealand / Wellington / Porirua	Human	gisaid_meta_2010.xls
A/WESTKAZAKHSTAN/461/2019	A/West Kazakhstan/461/2019	EPI_ISL_367813	2019-02-27	Asia / Kazakhstan	Human	gisaid_meta_2019.xls
A/WESTKAZAKHSTAN/462/2019	A/West Kazakhstan/462/2019	EPI_ISL_367814	2019-03-01	Asia / Kazakhstan	Human	gisaid_meta_2019.xls
A/WESTKAZAKHSTAN/463/2019	A/West Kazakhstan/463/2019	EPI_ISL_367815	2019-03-05	Asia / Kazakhstan	Human	gisaid_meta_2019.xls
A/WESTKAZAKHSTAN/463/2019	A/West Kazakhstan/463/2019	EPI_ISL_377349	2019-03-05	Asia / Kazakhstan	Human	gisaid_meta_2019.xls
A/WISCONSIN/13/2010	A/Wisconsin/13/2010	EPI_ISL_84101	2010-10-23	North America / United States / Wisconsin	Human	gisaid_meta_2010.xls
A/WISCONSIN/13/2010	A/Wisconsin/13/2010	EPI_ISL_86092	2010-10-23	North America / United States / Wisconsin	Human	gisaid_meta_2010.xls
A/WISCONSIN/19/2017	A/Wisconsin/19/2017	EPI_ISL_250053	2017-01-23	North America / United States / Wisconsin	Human	gisaid_meta_2017.xls
A/WISCONSIN/19/2017	A/Wisconsin/19/2017	EPI_ISL_272944	2017-01-23	North America / United States / Wisconsin	Human	gisaid_meta_2017.xls
A/WISCONSIN/19/2017	A/Wisconsin/19/2017	EPI_ISL_275705	2017-01-23	North America / United States / Wisconsin	Human	gisaid_meta_2017.xls
A/WISCONSIN/19/2017	A/Wisconsin/19/2017	EPI_ISL_275950	2017-01-23	North America / United States / Wisconsin	Human	gisaid_meta_2017.xls
A/WISCONSIN/19/2017	A/Wisconsin/19/2017	EPI_ISL_275952	2017-01-23	North America / United States / Wisconsin	Human	gisaid_meta_2017.xls
A/WISCONSIN/19/2017	A/Wisconsin/19/2017	EPI_ISL_299829	2017-01-23	North America / United States / Wisconsin	Human	gisaid_meta_2017.xls
A/WISCONSIN/20/2015	A/Wisconsin/20/2015	EPI_ISL_176732	2015-02-24	North America / United States / Wisconsin	Human	gisaid_meta_2015-2016.xls
A/WISCONSIN/20/2015	A/Wisconsin/20/2015	EPI_ISL_200659	2015-02-24	North America / United States	Human	gisaid_meta_2015-2016.xls
A/WISCONSIN/20/2015	A/WISCONSIN/20/2015	EPI_ISL_201644	2015-02-24	North America / United States	Human	gisaid_meta_2015-2016.xls
A/XINJIANGTIANSHAN/11190/2014	A/Xinjiang-Tianshan/11190/2014	EPI_ISL_169685	2014-11-04	Asia / China / Xinjiang	Human	gisaid_meta_2011-2014.xls
A/XINJIANGTIANSHAN/11190/2014	A/Xinjiang-Tianshan/11190/2014	EPI_ISL_171400	2014-11-04	Asia / China	Human	gisaid_meta_2011-2014.xls
A/YALOVA/4145/2013	A/Yalova/4145/2013	EPI_ISL_156914	2013-12-25	Asia / Turkey	Human	gisaid_meta_2011-2014.xls
A/YAMAGATA/1128/1999	A/Yamagata/1128/1999	EPI_ISL_5054288	1999	Asia / Japan / Yamagata / Yamagata	Human	gisaid_meta_2010.xls
A/YAMAGUCHI/30/2012	A/YAMAGUCHI/30/2012	EPI_ISL_132499	2012-10-10	Asia / Japan	Human	gisaid_meta_2011-2014.xls
A/YAMAGUCHI/30/2012	A/YAMAGUCHI/30/2012	EPI_ISL_133563	2012-10-10	Asia / Japan	Human	gisaid_meta_2011-2014.xls
A/YAMAGUCHI/30/2012	A/Yamaguchi/30/2012	EPI_ISL_134860	2012-10-10	Asia / Japan	Human	gisaid_meta_2011-2014.xls
A/YAMAGUCHI/34/2016	A/YAMAGUCHI/34/2016	EPI_ISL_240553	2016-10-28	Asia / Japan	Human	gisaid_meta_2015-2016.xls
A/YAMAGUCHI/34/2016	A/Yamaguchi/34/2016	EPI_ISL_249075	2016-10-28	Asia / Japan	Human	gisaid_meta_2015-2016.xls
A/YAMAGUCHI/34/2016	A/Yamaguchi/34/2016	EPI_ISL_259129	2016-10-28	Asia / Japan	Human	gisaid_meta_2015-2016.xls
A/YAOUNDE/11V19343/2011	A/Yaounde/11V-19343/2011	EPI_ISL_107910	2011-10-27	Africa / Cameroon	Human	gisaid_meta_2011-2014.xls
A/YAOUNDE/11V19448/2011	A/Yaounde/11V-19448/2011	EPI_ISL_107911	2011-11-07	Africa / Cameroon	Human	gisaid_meta_2011-2014.xls
A/YAOUNDE/11V20024/2011	A/Yaounde/11V-20024/2011	EPI_ISL_107912	2011-11-10	Africa / Cameroon	Human	gisaid_meta_2011-2014.xls
A/YOKOHAMA/120/2016	A/YOKOHAMA/120/2016	EPI_ISL_222750	2016-04-12	Asia / Japan	Human	gisaid_meta_2015-2016.xls
A/YOKOHAMA/120/2016	A/YOKOHAMA/120/2016	EPI_ISL_232763	2016-04-12	Asia / Japan	Human	gisaid_meta_2015-2016.xls
A/YOKOHAMA/120/2016	A/Yokohama/120/2016	EPI_ISL_238612	2016	Asia / Japan	Human	gisaid_meta_2015-2016.xls
A/YOKOHAMA/120/2016	A/Yokohama/120/2016	EPI_ISL_239510	2016	Asia / Japan	Human	gisaid_meta_2015-2016.xls
A/YOKOHAMA/96/2010	A/Yokohama/96/2010	EPI_ISL_186312	2010-12-06	Asia / Japan / Kanagawa	Human	gisaid_meta_2010.xls
A/YOKOHAMA/96/2010	A/YOKOHAMA/96/2010	EPI_ISL_84152	2010-12-06	Asia / Japan	Human	gisaid_meta_2010.xls
A/YOKOHAMA/96/2010	A/Yokohama/96/2010	EPI_ISL_87892	2010-12-06	Asia / Japan	Human	gisaid_meta_2010.xls
A/ZAGREB/4274/2006	A/ZAGREB/4274/2006	EPI_ISL_186868	2006-04-15	Europe / Croatia	Human	gisaid_meta_2010.xls
A/ZAGREB/4274/2006	A/ZAGREB/4274/2006	EPI_ISL_64297	2006-04-15	Europe / Croatia	Human	gisaid_meta_2010.xls
A/ZAMBIA/13/109/2013	A/Zambia/13/109/2013	EPI_ISL_162154	2013-09-21	Africa / Zambia	Human	gisaid_meta_2011-2014.xls
A/ZAMBIA/13/127/2013	A/Zambia/13/127/2013	EPI_ISL_162155	2013-08-12	Africa / Zambia	Human	gisaid_meta_2011-2014.xls
A/ZAMBIA/13/176/2013	A/Zambia/13/176/2013	EPI_ISL_162156	2013-09-26	Africa / Zambia	Human	gisaid_meta_2011-2014.xls
A/ZAMBIA/1390/2018	A/Zambia/1-390/2018	EPI_ISL_367821	2018-09-25	Africa / Zambia	Human	gisaid_meta_2018.xls
A/ZAMORA/87/2012	A/Zamora/87/2012	EPI_ISL_143580	2012-04-03	Europe / Spain	Human	gisaid_meta_2011-2014.xls
A/ZAPORIZHIA/156/2019	A/Zaporizhia/156/2019	EPI_ISL_364811	2019-02-01	Europe / Ukraine	Human	gisaid_meta_2019.xls
A/ZAPORIZZA/157/2017	A/Zaporizza/157/2017	EPI_ISL_273294	2017-01-01	Europe / Ukraine	Human	gisaid_meta_2017.xls
A/ZAPORIZZA/160/2017	A/Zaporizza/160/2017	EPI_ISL_273295	2017-01-21	Europe / Ukraine	Human	gisaid_meta_2017.xls
A/ZARAGOZA/1476697/2018	A/Zaragoza/1476697/2018	EPI_ISL_330676	2018-04-09	Europe / Spain	Human	gisaid_meta_2018.xls
A/ZARAGOZA/1476697/2018	A/Zaragoza/1476697/2018	EPI_ISL_330677	2018-04-09	Europe / Spain	Human	gisaid_meta_2018.xls
A/ZARAGOZA/1485189/2018	A/Zaragoza/1485189/2018	EPI_ISL_330678	2018-04-24	Europe / Spain	Human	gisaid_meta_2018.xls
A/ZARAGOZA/1496248/2018	A/Zaragoza/1496248/2018	EPI_ISL_330679	2018-05-14	Europe / Spain	Human	gisaid_meta_2018.xls
A/ZARAGOZA/1496248/2018	A/Zaragoza/1496248/2018	EPI_ISL_330680	2018-05-14	Europe / Spain	Human	gisaid_meta_2018.xls
A/ZARAGOZA/1512154/2018	A/Zaragoza/1512154/2018	EPI_ISL_330681	2018-06-09	Europe / Spain	Human	gisaid_meta_2018.xls
A/ZARAGOZA/1512154/2018	A/Zaragoza/1512154/2018	EPI_ISL_330682	2018-06-09	Europe / Spain	Human	gisaid_meta_2018.xls
A/ZARAGOZA/1528894/2018	A/Zaragoza/1528894/2018	EPI_ISL_330683	2018-07-09	Europe / Spain	Human	gisaid_meta_2018.xls
A/ZARAGOZA/1528894/2018	A/Zaragoza/1528894/2018	EPI_ISL_330684	2018-07-09	Europe / Spain	Human	gisaid_meta_2018.xls
A/ZARAGOZA/1528894/2018	A/Zaragoza/1528894/2018	EPI_ISL_330685	2018-07-09	Europe / Spain	Human	gisaid_meta_2018.xls
A/ZARAGOZA/489/2018	A/Zaragoza/489/2018	EPI_ISL_330686	2018-07-16	Europe / Spain	Human	gisaid_meta_2018.xls
A/ZARAGOZA/489/2018	A/Zaragoza/489/2018	EPI_ISL_330687	2018-07-16	Europe / Spain	Human	gisaid_meta_2018.xls
A/ZARAGOZA/489/2018	A/Zaragoza/489/2018	EPI_ISL_330688	2018-07-16	Europe / Spain	Human	gisaid_meta_2018.xls
A/ZARAGOZA/489/2018	A/Zaragoza/489/2018	EPI_ISL_330689	2018-07-16	Europe / Spain	Human	gisaid_meta_2018.xls
A/ZARAGOZA/490/2018	A/Zaragoza/490/2018	EPI_ISL_330690	2018-05-17	Europe / Spain	Human	gisaid_meta_2018.xls
A/ZARAGOZA/490/2018	A/Zaragoza/490/2018	EPI_ISL_330691	2018-05-17	Europe / Spain	Human	gisaid_meta_2018.xls
A/ZARAGOZA/490/2018	A/Zaragoza/490/2018	EPI_ISL_330692	2018-05-17	Europe / Spain	Human	gisaid_meta_2018.xls
A/ZARAGOZA/490/2018	A/Zaragoza/490/2018	EPI_ISL_330693	2018-05-17	Europe / Spain	Human	gisaid_meta_2018.xls
A/ZARAGOZA/491/2018	A/Zaragoza/491/2018	EPI_ISL_330694	2018-05-28	Europe / Spain	Human	gisaid_meta_2018.xls
A/ZARAGOZA/491/2018	A/Zaragoza/491/2018	EPI_ISL_330695	2018-05-28	Europe / Spain	Human	gisaid_meta_2018.xls
A/ZARAGOZA/491/2018	A/Zaragoza/491/2018	EPI_ISL_330696	2018-05-28	Europe / Spain	Human	gisaid_meta_2018.xls
A/ZARAGOZA/491/2018	A/Zaragoza/491/2018	EPI_ISL_330697	2018-05-28	Europe / Spain	Human	gisaid_meta_2018.xls
A/ZARAGOZA/492/2018	A/Zaragoza/492/2018	EPI_ISL_330698	2018-07-12	Europe / Spain	Human	gisaid_meta_2018.xls
A/ZARAGOZA/492/2018	A/Zaragoza/492/2018	EPI_ISL_330699	2018-07-12	Europe / Spain	Human	gisaid_meta_2018.xls
A/ZARAGOZA/493/2018	A/Zaragoza/493/2018	EPI_ISL_330700	2018-08-23	Europe / Spain	Human	gisaid_meta_2018.xls
A/ZARAGOZA/493/2018	A/Zaragoza/493/2018	EPI_ISL_330701	2018-08-23	Europe / Spain	Human	gisaid_meta_2018.xls
A/ZHEJIANGNANHU/1745/2017	A/Zhejiang-Nanhu/1745/2017	EPI_ISL_290627	2017-09-11	Asia / China / Zhejiang	Human	gisaid_meta_2017.xls
A/ZHEJIANGNANHU/1745/2017	A/Zhejiang-Nanhu/1745/2017	EPI_ISL_303154	2017-09-11	Asia / China	Human	gisaid_meta_2017.xls
A/ZHEJIANGNANHU/1975/2016	A/Zhejiang-Nanhu/1975/2016	EPI_ISL_242487	2016-12-05	Asia / China / Zhejiang	Human	gisaid_meta_2015-2016.xls
A/ZHEJIANGNANHU/1975/2016	A/Zhejiang-Nanhu/1975/2016	EPI_ISL_255349	2016-12-05	Asia / China	Human	gisaid_meta_2015-2016.xls
A/ZONGULDAK/3161/2016	A/Zonguldak/3161/2016	EPI_ISL_232877	2016-02-05	Asia / Turkey	Human	gisaid_meta_2015-2016.xls
A/ZRENJANIN/580/2009	A/Zrenjanin/580/2009	EPI_ISL_185635	2009-02-05	Europe / Serbia	Human	gisaid_meta_2010.xls
A/ZRENJANIN/580/2009	A/Zrenjanin/580/2009	EPI_ISL_60020	2009-02-05	Europe / Serbia	Human	gisaid_meta_2010.xls
B/BADEN WURTTEMBERG/89/2014	B/Baden-Wurttemberg/89/2014	EPI_ISL_170670	2014-12-29	Europe / Germany	Human	gisaid_meta_2011-2014.xls
B/SOUTH AUSTRALIA/12/1998	B/South Australia/12/1998	EPI_ISL_3492435	1998	Oceania / Australia / South Australia / Adelaide	Human	gisaid_meta_2010.xls
