site	model_type	covariate_name	covariate_value	shap_value	n_observations
1	site-state	change	no	-0.0009532709281534	8510
1	site-state	change	yes	0.0078506471062428	30
1	site-state	sera aa	Q	4.708590088799935e-05	8566
1	site-state	virus aa	L	0.0	21
1	site-state	virus aa	Q	0.0001785773132799	8539
1	site-state	virus aa	R	0.0	9
1	substitution	substitution absent	Q1L	-1.707775013045827e-05	8578
1	substitution	substitution absent	Q1R	0.0	8590
1	substitution	substitution present	Q1L	0.0	21
1	substitution	substitution present	Q1R	0.0	9
2	site-state	change	no	-0.0004442789352185	7789
2	site-state	change	yes	0.0096757077869154	810
2	site-state	sera aa	D	-0.004923307369481	409
2	site-state	sera aa	K	0.0004976335346305	7862
2	site-state	sera aa	N	-0.0234709241784857	328
2	site-state	virus aa	D	0.0	625
2	site-state	virus aa	K	0.0040928624998412	7751
2	site-state	virus aa	N	-0.0981997987329429	223
2	substitution	substitution absent	D2K	-0.0002849046517971	8472
2	substitution	substitution absent	D2N	0.000528764827774	8554
2	substitution	substitution absent	K2D	0.0002909911807293	8343
2	substitution	substitution absent	K2N	-0.0013244024031961	8483
2	substitution	substitution absent	N2D	4.252932200538895e-05	8467
2	substitution	substitution absent	N2K	-0.0004975043169694	8465
2	substitution	substitution present	D2K	0.0572215358084466	127
2	substitution	substitution present	D2N	-0.0277909767780693	45
2	substitution	substitution present	K2D	-0.0104220645254971	256
2	substitution	substitution present	K2N	0.0161749109823747	116
2	substitution	substitution present	N2D	0.0150265674895926	132
2	substitution	substitution present	N2K	-0.018332317631652	134
3	site-state	change	no	0.0011334896339277	8029
3	site-state	change	yes	-0.0139727100298276	570
3	site-state	sera aa	F	-0.0426435108963278	151
3	site-state	sera aa	I	-0.0020958418957196	191
3	site-state	sera aa	L	0.0004578917609249	8257
3	site-state	virus aa	F	-0.0002284723099653	194
3	site-state	virus aa	I	-0.4175665948504088	105
3	site-state	virus aa	L	0.0020103146640825	8300
3	substitution	substitution absent	F3I	0.0	8595
3	substitution	substitution absent	F3L	0.0023231895244233	8469
3	substitution	substitution absent	I3F	0.0	8596
3	substitution	substitution absent	I3L	-0.0007884572115696	8426
3	substitution	substitution absent	L3F	0.0042604815469725	8425
3	substitution	substitution absent	L3I	-0.0008102872979173	8513
3	substitution	substitution present	F3I	0.0	4
3	substitution	substitution present	F3L	-0.2112236004303528	130
3	substitution	substitution present	I3F	0.0	3
3	substitution	substitution present	I3L	0.1641752739320864	173
3	substitution	substitution present	L3F	-0.2886210392547566	174
3	substitution	substitution present	L3I	-0.1648539635703501	86
4	site-state	change	no	0.0	8599
4	site-state	sera aa	P	0.0	8599
4	site-state	virus aa	P	0.0	8599
5	site-state	change	no	2.970171388184433e-05	8528
5	site-state	change	yes	-0.0057150749062189	71
5	site-state	sera aa	G	0.0	8583
5	site-state	sera aa	V	0.0	16
5	site-state	virus aa	G	1.1083741310211806e-05	8540
5	site-state	virus aa	R	0.0	32
5	site-state	virus aa	V	0.0	27
5	substitution	substitution absent	G5R	0.0	8567
5	substitution	substitution absent	G5V	-0.0001426566268751	8574
5	substitution	substitution absent	V5G	0.0	8585
5	substitution	substitution present	G5R	0.0	32
5	substitution	substitution present	G5V	0.0116049834352852	25
5	substitution	substitution present	V5G	0.0	14
6	site-state	change	no	-0.0012354767825775	8439
6	site-state	change	yes	0.0422922629493484	160
6	site-state	sera aa	I	0.0173529933086016	89
6	site-state	sera aa	N	0.0	8510
6	site-state	virus aa	I	-0.0019390041439763	103
6	site-state	virus aa	N	0.0	8496
6	substitution	substitution absent	I6N	-0.0011066995826076	8526
6	substitution	substitution absent	N6I	1.6182104711764296e-05	8512
6	substitution	substitution present	I6N	0.153564557534214	73
6	substitution	substitution present	N6I	-0.0004010714338399	87
7	site-state	change	no	0.0	8581
7	site-state	change	yes	0.0	18
7	site-state	sera aa	D	0.0	8599
7	site-state	virus aa	D	0.0	8581
7	site-state	virus aa	E	0.0	18
7	substitution	substitution absent	D7E	0.0	8581
7	substitution	substitution present	D7E	0.0	18
8	site-state	change	no	-7.548881360070735e-05	8017
8	site-state	change	yes	-0.0010786692357508	582
8	site-state	sera aa	D	-0.0339472119965695	379
8	site-state	sera aa	N	0.0	8220
8	site-state	virus aa	D	0.0	210
8	site-state	virus aa	K	0.0	51
8	site-state	virus aa	N	0.000487388234278	8338
8	substitution	substitution absent	D8N	0.0001392699441949	8249
8	substitution	substitution absent	N8D	0.0	8418
8	substitution	substitution absent	N8K	0.000397054015135	8548
8	substitution	substitution present	D8N	-0.0042404589454789	350
8	substitution	substitution present	N8D	0.0	181
8	substitution	substitution present	N8K	-0.0395264475908786	51
9	site-state	change	no	0.0	8599
9	site-state	sera aa	S	0.0	8599
9	site-state	virus aa	S	0.0	8599
10	site-state	change	no	0.0	8555
10	site-state	change	yes	0.0	44
10	site-state	sera aa	K	0.0	15
10	site-state	sera aa	T	0.0	8584
10	site-state	virus aa	K	0.0	22
10	site-state	virus aa	M	0.0	9
10	site-state	virus aa	T	0.0002492948554301	8568
10	substitution	substitution absent	K10T	0.0	8585
10	substitution	substitution absent	T10K	0.0	8578
10	substitution	substitution absent	T10M	0.0	8590
10	substitution	substitution present	K10T	0.0	14
10	substitution	substitution present	T10K	0.0	21
10	substitution	substitution present	T10M	0.0	9
11	site-state	change	no	0.0	8599
11	site-state	sera aa	A	0.0	8599
11	site-state	virus aa	A	0.0	8599
12	site-state	change	no	0.0	8599
12	site-state	sera aa	T	0.0	8599
12	site-state	virus aa	T	0.0	8599
13	site-state	change	no	0.0	8599
13	site-state	sera aa	L	0.0	8599
13	site-state	virus aa	L	0.0	8599
14	site-state	change	no	0.0	8599
14	site-state	sera aa	C	0.0	8599
14	site-state	virus aa	C	0.0	8599
15	site-state	change	no	5.712123204861651e-05	8557
15	site-state	change	yes	-0.0069349930412822	42
15	site-state	sera aa	I	0.0	23
15	site-state	sera aa	L	0.0	8576
15	site-state	virus aa	I	0.0	21
15	site-state	virus aa	L	0.0	8578
15	substitution	substitution absent	I15L	0.0	8577
15	substitution	substitution absent	L15I	-0.0005114870321197	8579
15	substitution	substitution present	I15L	0.0	22
15	substitution	substitution present	L15I	0.0	20
16	site-state	change	no	0.0	8599
16	site-state	sera aa	G	0.0	8599
16	site-state	virus aa	G	0.0	8599
17	site-state	change	no	0.0	8599
17	site-state	sera aa	H	0.0	8599
17	site-state	virus aa	H	0.0	8599
18	site-state	change	no	0.0	8587
18	site-state	change	yes	0.0	12
18	site-state	sera aa	H	0.0	8599
18	site-state	virus aa	H	0.0	8587
18	site-state	virus aa	Y	0.0	12
18	substitution	substitution absent	H18Y	0.0	8587
18	substitution	substitution present	H18Y	0.0	12
19	site-state	change	no	0.0	8599
19	site-state	sera aa	A	0.0	8599
19	site-state	virus aa	A	0.0	8599
20	site-state	change	no	-0.0009325247699056	8440
20	site-state	change	yes	0.0492285719176984	159
20	site-state	sera aa	A	-0.0380276938829606	37
20	site-state	sera aa	I	0.0	30
20	site-state	sera aa	V	0.0001929700341087	8532
20	site-state	virus aa	A	0.0	62
20	site-state	virus aa	I	0.0	38
20	site-state	virus aa	V	0.0	8499
20	substitution	substitution absent	A20V	-0.0001181015396384	8564
20	substitution	substitution absent	I20V	-0.0009551545742174	8571
20	substitution	substitution absent	V20A	3.598178326728724e-05	8539
20	substitution	substitution absent	V20I	-0.001123080506647	8563
20	substitution	substitution present	A20V	0.0174386666392746	35
20	substitution	substitution present	I20V	0.2831489049929284	28
20	substitution	substitution present	V20A	0.0	60
20	substitution	substitution present	V20I	0.0	36
21	site-state	change	no	0.0001038935482064	8418
21	site-state	change	yes	-0.0124545058074497	181
21	site-state	sera aa	P	1.7470309623973155e-05	8433
21	site-state	sera aa	S	0.0	166
21	site-state	virus aa	P	0.0	8578
21	site-state	virus aa	S	0.0	21
21	substitution	substitution absent	P21S	0.0	8581
21	substitution	substitution absent	S21P	-0.0002266300744951	8436
21	substitution	substitution present	P21S	0.0	18
21	substitution	substitution present	S21P	-0.0151638744501214	163
22	site-state	change	no	0.0	8599
22	site-state	sera aa	N	0.0	8599
22	site-state	virus aa	N	0.0	8599
23	site-state	change	no	0.0	8599
23	site-state	sera aa	G	0.0	8599
23	site-state	virus aa	G	0.0	8599
24	site-state	change	no	0.0	8599
24	site-state	sera aa	T	0.0	8599
24	site-state	virus aa	T	0.0	8599
25	site-state	change	no	-0.0028900930436183	8227
25	site-state	change	yes	0.0686521195696032	372
25	site-state	sera aa	I	0.0004471179904879	5073
25	site-state	sera aa	L	0.0	3513
25	site-state	sera aa	V	0.0	13
25	site-state	virus aa	I	-0.0006813473813168	5281
25	site-state	virus aa	L	0.0013519284964179	3311
25	site-state	virus aa	V	0.0	7
25	substitution	substitution absent	I25L	-0.0080273339888293	8523
25	substitution	substitution absent	I25V	0.0	8593
25	substitution	substitution absent	L25I	-0.0004816021964837	8321
25	substitution	substitution absent	V25I	0.0	8587
25	substitution	substitution present	I25L	0.8923947296080176	76
25	substitution	substitution present	I25V	0.0	6
25	substitution	substitution present	L25I	0.0017999026849092	278
25	substitution	substitution present	V25I	0.0	12
26	site-state	change	no	0.0	8599
26	site-state	sera aa	V	0.0	8599
26	site-state	virus aa	V	0.0	8599
27	site-state	change	no	0.0	8599
27	site-state	sera aa	K	0.0	8599
27	site-state	virus aa	K	0.0	8599
28	site-state	change	no	0.0	8599
28	site-state	sera aa	T	0.0	8599
28	site-state	virus aa	T	0.0	8599
29	site-state	change	no	0.0	8583
29	site-state	change	yes	0.0	16
29	site-state	sera aa	I	0.0	8599
29	site-state	virus aa	I	0.0	8583
29	site-state	virus aa	L	0.0	16
29	substitution	substitution absent	I29L	0.0	8583
29	substitution	substitution present	I29L	0.0	16
30	site-state	change	no	0.0	8599
30	site-state	sera aa	T	0.0	8599
30	site-state	virus aa	T	0.0	8599
31	site-state	change	no	-0.0005565227511306	8387
31	site-state	change	yes	0.0133123311070775	212
31	site-state	sera aa	D	0.0350390621970504	107
31	site-state	sera aa	N	0.0	8492
31	site-state	virus aa	D	0.0575033303830744	102
31	site-state	virus aa	N	8.205203848303407e-05	8476
31	site-state	virus aa	S	0.0	21
31	substitution	substitution absent	D31N	0.0008914206065711	8501
31	substitution	substitution absent	N31D	-0.0011846876008753	8506
31	substitution	substitution absent	N31S	0.0	8578
31	substitution	substitution present	D31N	-0.0277509705119553	98
31	substitution	substitution present	N31D	0.1076870583191543	93
31	substitution	substitution present	N31S	0.0	21
32	site-state	change	no	0.0	8599
32	site-state	sera aa	D	0.0	8599
32	site-state	virus aa	D	0.0	8599
33	site-state	change	no	-1.498582130597095e-05	8542
33	site-state	change	yes	0.0032385850267822	57
33	site-state	sera aa	N	0.0	16
33	site-state	sera aa	Q	0.0	8583
33	site-state	virus aa	H	0.0	8
33	site-state	virus aa	N	0.0	19
33	site-state	virus aa	Q	-5.374950411232584e-05	8554
33	site-state	virus aa	R	0.0	18
33	substitution	substitution absent	N33Q	0.0	8585
33	substitution	substitution absent	Q33H	0.0	8591
33	substitution	substitution absent	Q33N	0.0	8582
33	substitution	substitution absent	Q33R	0.0	8581
33	substitution	substitution present	N33Q	0.0	14
33	substitution	substitution present	Q33H	0.0	8
33	substitution	substitution present	Q33N	0.0	17
33	substitution	substitution present	Q33R	0.0	18
34	site-state	change	no	-0.0012253045634615	8400
34	site-state	change	yes	0.0241219389308997	199
34	site-state	sera aa	I	0.0002362512183513	8521
34	site-state	sera aa	L	-0.0065877231039924	29
34	site-state	sera aa	N	-0.0102735883867711	34
34	site-state	sera aa	T	0.0	15
34	site-state	virus aa	I	-5.751510392064983e-06	8464
34	site-state	virus aa	L	0.0	53
34	site-state	virus aa	N	0.0	48
34	site-state	virus aa	T	0.0	14
34	site-state	virus aa	V	0.0	20
34	substitution	substitution absent	I34L	0.0003960237206774	8550
34	substitution	substitution absent	I34N	-0.0013146708505958	8555
34	substitution	substitution absent	I34T	0.0	8586
34	substitution	substitution absent	I34V	0.0001308958558305	8579
34	substitution	substitution absent	L34I	3.459499024928944e-05	8574
34	substitution	substitution absent	L34N	0.0	8597
34	substitution	substitution absent	N34I	-0.0009445441774179	8569
34	substitution	substitution absent	N34L	0.0	8597
34	substitution	substitution absent	T34I	0.0	8585
34	substitution	substitution present	I34L	0.0	49
34	substitution	substitution present	I34N	0.0	44
34	substitution	substitution present	I34T	0.0	13
34	substitution	substitution present	I34V	0.0	20
34	substitution	substitution present	L34I	-0.0066091442852841	25
34	substitution	substitution present	L34N	0.0	2
34	substitution	substitution present	N34I	0.274076765314201	30
34	substitution	substitution present	N34L	0.0	2
34	substitution	substitution present	T34I	0.0	14
35	site-state	change	no	0.0	8599
35	site-state	sera aa	E	0.0	8599
35	site-state	virus aa	E	0.0	8599
36	site-state	change	no	0.0	8599
36	site-state	sera aa	V	0.0	8599
36	site-state	virus aa	V	0.0	8599
37	site-state	change	no	0.0	8599
37	site-state	sera aa	T	0.0	8599
37	site-state	virus aa	T	0.0	8599
38	site-state	change	no	0.0	8599
38	site-state	sera aa	N	0.0	8599
38	site-state	virus aa	N	0.0	8599
39	site-state	change	no	0.0	8599
39	site-state	sera aa	A	0.0	8599
39	site-state	virus aa	A	0.0	8599
40	site-state	change	no	0.0	8594
40	site-state	change	yes	0.0	5
40	site-state	sera aa	T	0.0	8599
40	site-state	virus aa	N	0.0	5
40	site-state	virus aa	T	0.0	8594
40	substitution	substitution absent	T40N	0.0	8594
40	substitution	substitution present	T40N	0.0	5
41	site-state	change	no	0.0	8599
41	site-state	sera aa	E	0.0	8599
41	site-state	virus aa	E	0.0	8599
42	site-state	change	no	0.0	8599
42	site-state	sera aa	L	0.0	8599
42	site-state	virus aa	L	0.0	8599
43	site-state	change	no	0.0	8586
43	site-state	change	yes	0.0	13
43	site-state	sera aa	V	0.0	8599
43	site-state	virus aa	I	0.0	13
43	site-state	virus aa	V	0.0	8586
43	substitution	substitution absent	V43I	0.0	8586
43	substitution	substitution present	V43I	0.0	13
44	site-state	change	no	0.0004819344144094	8550
44	site-state	change	yes	-0.014241517080705	49
44	site-state	sera aa	H	0.121306160176664	30
44	site-state	sera aa	Q	0.0	8569
44	site-state	virus aa	H	0.0	19
44	site-state	virus aa	Q	0.0	8580
44	substitution	substitution absent	H44Q	-0.0006882210731295	8569
44	substitution	substitution absent	Q44H	0.0	8580
44	substitution	substitution present	H44Q	0.1781095073898003	30
44	substitution	substitution present	Q44H	0.0	19
45	site-state	change	no	4.562489871891192e-05	7910
45	site-state	change	yes	0.0115143831662683	689
45	site-state	sera aa	G	0.0	28
45	site-state	sera aa	I	0.0	6
45	site-state	sera aa	N	-0.0083194471194397	297
45	site-state	sera aa	S	-0.0001624607941918	8268
45	site-state	virus aa	G	0.0	26
45	site-state	virus aa	I	0.0	6
45	site-state	virus aa	N	0.0526572836573217	436
45	site-state	virus aa	R	0.0	15
45	site-state	virus aa	S	0.0004539202270152	8116
45	substitution	substitution absent	G45R	0.0	8598
45	substitution	substitution absent	G45S	0.0002414856174322	8573
45	substitution	substitution absent	I45S	0.0	8594
45	substitution	substitution absent	N45S	1.0342966795091877e-05	8362
45	substitution	substitution absent	S45G	0.0004353982432152	8574
45	substitution	substitution absent	S45I	0.0	8594
45	substitution	substitution absent	S45N	-0.0073243301137265	8223
45	substitution	substitution absent	S45R	0.0	8585
45	substitution	substitution present	G45R	0.0	1
45	substitution	substitution present	G45S	-0.0520425521873602	26
45	substitution	substitution present	I45S	0.0	5
45	substitution	substitution present	N45S	0.0495075218818565	237
45	substitution	substitution present	S45G	0.0	25
45	substitution	substitution present	S45I	0.0	5
45	substitution	substitution present	S45N	0.2260657957150989	376
45	substitution	substitution present	S45R	0.0	14
46	site-state	change	no	0.0	8599
46	site-state	sera aa	S	0.0	8599
46	site-state	virus aa	S	0.0	8599
47	site-state	change	no	-0.0001969258152254	8300
47	site-state	change	yes	0.0070505657286961	299
47	site-state	sera aa	P	-0.0019886920432219	190
47	site-state	sera aa	S	0.0	8409
47	site-state	virus aa	P	0.1163583537985175	135
47	site-state	virus aa	S	0.0	8464
47	substitution	substitution absent	P47S	0.0	8422
47	substitution	substitution absent	S47P	0.0	8477
47	substitution	substitution present	P47S	0.0	177
47	substitution	substitution present	S47P	0.0	122
48	site-state	change	no	-9.071214450849712e-05	8416
48	site-state	change	yes	0.0153018972813004	183
48	site-state	sera aa	A	0.0	32
48	site-state	sera aa	I	0.0266799000170375	80
48	site-state	sera aa	T	6.846478350187431e-05	8487
48	site-state	virus aa	A	0.0	28
48	site-state	virus aa	I	0.0	73
48	site-state	virus aa	T	-7.856897635079932e-05	8498
48	substitution	substitution absent	A48T	-0.0003733244572849	8574
48	substitution	substitution absent	I48T	-0.0018665856480188	8527
48	substitution	substitution absent	T48A	-0.0001004103412492	8578
48	substitution	substitution absent	T48I	-0.0001514760041186	8534
48	substitution	substitution present	A48T	0.0894438931953435	25
48	substitution	substitution present	I48T	0.2291497046100945	72
48	substitution	substitution present	T48A	0.0	21
48	substitution	substitution present	T48I	0.0620916402473713	65
49	site-state	change	no	1.8840340706749213e-05	8515
49	site-state	change	yes	-2.140184167162896e-05	84
49	site-state	sera aa	G	0.0	8579
49	site-state	sera aa	S	0.0	20
49	site-state	virus aa	D	0.0	26
49	site-state	virus aa	G	3.64513438598101e-05	8531
49	site-state	virus aa	S	0.0	42
49	substitution	substitution absent	G49D	-6.064602970299064e-05	8573
49	substitution	substitution absent	G49S	-0.0002282383674932	8559
49	substitution	substitution absent	S49G	0.0	8581
49	substitution	substitution present	G49D	0.0	26
49	substitution	substitution present	G49S	0.0	40
49	substitution	substitution present	S49G	0.0	18
50	site-state	change	no	-0.0036467388898572	7044
50	site-state	change	yes	0.0180741310755722	1555
50	site-state	sera aa	E	0.0031041558394127	1899
50	site-state	sera aa	G	0.0004055160596979	3246
50	site-state	sera aa	I	0.0551993849926456	32
50	site-state	sera aa	K	0.0	409
50	site-state	sera aa	R	-0.0006345425726596	3013
50	site-state	virus aa	E	0.0039727588346182	1916
50	site-state	virus aa	G	-0.0014319381343883	3421
50	site-state	virus aa	I	0.0	33
50	site-state	virus aa	K	0.0095345928879289	699
50	site-state	virus aa	R	9.46876815871082e-05	2530
50	substitution	substitution absent	E50G	-0.0027411998885892	8356
50	substitution	substitution absent	E50K	0.0	8593
50	substitution	substitution absent	G50E	-0.0038560254514006	8333
50	substitution	substitution absent	G50I	0.0	8594
50	substitution	substitution absent	G50R	-0.0012040921101142	8523
50	substitution	substitution absent	I50G	0.0	8597
50	substitution	substitution absent	I50K	0.0	8597
50	substitution	substitution absent	I50R	3.396446339934128e-05	8572
50	substitution	substitution absent	K50I	0.0	8597
50	substitution	substitution absent	K50R	-1.30630050613492e-05	8429
50	substitution	substitution absent	R50G	0.0004376498852891	8322
50	substitution	substitution absent	R50I	0.0011432772902665	8574
50	substitution	substitution absent	R50K	-0.0015958322607744	8145
50	substitution	substitution present	E50G	0.1174169929332298	243
50	substitution	substitution present	E50K	0.0	6
50	substitution	substitution present	G50E	0.1427759492361953	266
50	substitution	substitution present	G50I	0.0	5
50	substitution	substitution present	G50R	0.1696059735057761	76
50	substitution	substitution present	I50G	0.0	2
50	substitution	substitution present	I50K	0.0	2
50	substitution	substitution present	I50R	-0.0019202014610749	27
50	substitution	substitution present	K50I	0.0	2
50	substitution	substitution present	K50R	0.0035095012160442	170
50	substitution	substitution present	R50G	-0.0044527131232685	277
50	substitution	substitution present	R50I	0.0	25
50	substitution	substitution present	R50K	0.000426910226448	454
51	site-state	change	no	0.0	8586
51	site-state	change	yes	0.0	13
51	site-state	sera aa	I	0.0	8599
51	site-state	virus aa	I	0.0	8586
51	site-state	virus aa	L	0.0	13
51	substitution	substitution absent	I51L	0.0	8586
51	substitution	substitution present	I51L	0.0	13
52	site-state	change	no	0.0	8599
52	site-state	sera aa	C	0.0	8599
52	site-state	virus aa	C	0.0	8599
53	site-state	change	no	-0.0018080981611908	7367
53	site-state	change	yes	0.0153332691715965	1232
53	site-state	sera aa	D	-0.0007134337521	7714
53	site-state	sera aa	G	-0.0005482354793789	105
53	site-state	sera aa	N	0.0023375855189291	780
53	site-state	virus aa	D	-0.0005058575576554	7675
53	site-state	virus aa	E	0.0	6
53	site-state	virus aa	G	0.0	39
53	site-state	virus aa	N	-0.0055766690239766	879
53	substitution	substitution absent	D53E	0.0	8595
53	substitution	substitution absent	D53G	0.0002634291412654	8570
53	substitution	substitution absent	D53N	-0.0040589649961142	8002
53	substitution	substitution absent	G53D	0.0099525647864922	8495
53	substitution	substitution absent	N53D	-0.0007293940425604	8112
53	substitution	substitution absent	N53E	0.0	8597
53	substitution	substitution absent	N53G	0.0	8590
53	substitution	substitution present	D53E	0.0	4
53	substitution	substitution present	D53G	0.0	29
53	substitution	substitution present	D53N	0.07371422747367	597
53	substitution	substitution present	G53D	-0.9292353070538314	104
53	substitution	substitution present	N53D	0.0434992372053121	487
53	substitution	substitution present	N53E	0.0	2
53	substitution	substitution present	N53G	0.0	9
54	site-state	change	no	-0.0005465967166239	8014
54	site-state	change	yes	0.0067240135768559	585
54	site-state	sera aa	N	0.0	409
54	site-state	sera aa	S	0.0	8190
54	site-state	virus aa	G	0.0	16
54	site-state	virus aa	I	0.0	8
54	site-state	virus aa	N	0.0	634
54	site-state	virus aa	S	0.0	7941
54	substitution	substitution absent	N54S	0.0	8431
54	substitution	substitution absent	S54G	0.0	8583
54	substitution	substitution absent	S54I	0.0	8591
54	substitution	substitution absent	S54N	1.656081883086265e-05	8206
54	substitution	substitution present	N54S	0.0	168
54	substitution	substitution present	S54G	0.0	16
54	substitution	substitution present	S54I	0.0	8
54	substitution	substitution present	S54N	-0.0015467939992496	393
55	site-state	change	no	0.0	8588
55	site-state	change	yes	0.0	11
55	site-state	sera aa	P	0.0	8599
55	site-state	virus aa	H	0.0	11
55	site-state	virus aa	P	0.0	8588
55	substitution	substitution absent	P55H	0.0	8588
55	substitution	substitution present	P55H	0.0	11
56	site-state	change	no	0.0	8599
56	site-state	sera aa	H	0.0	8599
56	site-state	virus aa	H	0.0	8599
57	site-state	change	no	-0.0006916622999144	8426
57	site-state	change	yes	0.0591658310714593	173
57	site-state	sera aa	Q	0.0012992909368673	5496
57	site-state	sera aa	R	0.0	3103
57	site-state	virus aa	L	0.0	13
57	site-state	virus aa	Q	-0.0037952794782545	5559
57	site-state	virus aa	R	-0.0049888415229003	3027
57	substitution	substitution absent	Q57L	0.0	8586
57	substitution	substitution absent	Q57R	6.32975313269704e-05	8557
57	substitution	substitution absent	R57Q	0.0017609277134539	8481
57	substitution	substitution present	Q57L	0.0	13
57	substitution	substitution present	Q57R	-0.0844220591309378	42
57	substitution	substitution present	R57Q	-0.2095286073320225	118
58	site-state	change	no	0.0	8589
58	site-state	change	yes	0.0	10
58	site-state	sera aa	I	0.0	8593
58	site-state	sera aa	V	0.0	6
58	site-state	virus aa	I	0.0	8593
58	site-state	virus aa	V	0.0	6
58	substitution	substitution absent	I58V	0.0	8594
58	substitution	substitution absent	V58I	0.0	8594
58	substitution	substitution present	I58V	0.0	5
58	substitution	substitution present	V58I	0.0	5
59	site-state	change	no	0.0	8583
59	site-state	change	yes	0.0	16
59	site-state	sera aa	L	0.0	8599
59	site-state	virus aa	I	0.0	16
59	site-state	virus aa	L	0.0	8583
59	substitution	substitution absent	L59I	0.0	8583
59	substitution	substitution present	L59I	0.0	16
60	site-state	change	no	0.0	8599
60	site-state	sera aa	D	0.0	8599
60	site-state	virus aa	D	0.0	8599
61	site-state	change	no	0.0	8589
61	site-state	change	yes	0.0	10
61	site-state	sera aa	A	0.0	6
61	site-state	sera aa	G	0.0	8593
61	site-state	virus aa	A	0.0	6
61	site-state	virus aa	G	0.0	8593
61	substitution	substitution absent	A61G	0.0	8594
61	substitution	substitution absent	G61A	0.0	8594
61	substitution	substitution present	A61G	0.0	5
61	substitution	substitution present	G61A	0.0	5
62	site-state	change	no	-0.0165047770591577	7254
62	site-state	change	yes	0.0925450087879037	1345
62	site-state	sera aa	E	0.011549768672245	5125
62	site-state	sera aa	I	0.0250616223156749	394
62	site-state	sera aa	K	-0.0027836875929231	3065
62	site-state	sera aa	M	0.0	15
62	site-state	virus aa	E	0.004900490010297	5257
62	site-state	virus aa	I	-0.0021155662321202	556
62	site-state	virus aa	K	0.0003466850613619	2725
62	site-state	virus aa	M	0.0	46
62	site-state	virus aa	V	0.0	15
62	substitution	substitution absent	E62I	0.0	8592
62	substitution	substitution absent	E62K	-0.0280509774713941	8281
62	substitution	substitution absent	I62E	0.0	8586
62	substitution	substitution absent	I62K	0.0002731404937891	8448
62	substitution	substitution absent	I62M	0.0	8581
62	substitution	substitution absent	I62V	0.0	8594
62	substitution	substitution absent	K62E	-0.0090870335976465	8155
62	substitution	substitution absent	K62I	0.0002267033603593	8261
62	substitution	substitution absent	K62M	-0.0003280976533315	8572
62	substitution	substitution absent	K62V	0.0	8589
62	substitution	substitution absent	M62I	0.0	8595
62	substitution	substitution absent	M62K	0.0	8589
62	substitution	substitution present	E62I	0.0	7
62	substitution	substitution present	E62K	0.6318713010975984	318
62	substitution	substitution present	I62E	0.0	13
62	substitution	substitution present	I62K	-0.0704398672461095	151
62	substitution	substitution present	I62M	0.0	18
62	substitution	substitution present	I62V	0.0	5
62	substitution	substitution present	K62E	0.1385759077285255	444
62	substitution	substitution present	K62I	-0.0077912738818807	338
62	substitution	substitution present	K62M	0.0083763630707818	27
62	substitution	substitution present	K62V	0.0	10
62	substitution	substitution present	M62I	0.0	4
62	substitution	substitution present	M62K	0.0	10
63	site-state	change	no	-0.0001287925589308	8214
63	site-state	change	yes	0.0005448206193516	385
63	site-state	sera aa	D	-0.1703751212889061	179
63	site-state	sera aa	N	0.0	8420
63	site-state	virus aa	D	-0.008016106587316	296
63	site-state	virus aa	N	0.0	8303
63	substitution	substitution absent	D63N	0.0060130138973216	8465
63	substitution	substitution absent	N63D	-0.0017074685736247	8348
63	substitution	substitution present	D63N	-0.5891484942189407	134
63	substitution	substitution present	N63D	-0.0081863145228499	251
64	site-state	change	no	0.0	8599
64	site-state	sera aa	C	0.0	8599
64	site-state	virus aa	C	0.0	8599
65	site-state	change	no	0.0	8599
65	site-state	sera aa	T	0.0	8599
65	site-state	virus aa	T	0.0	8599
66	site-state	change	no	0.0	8599
66	site-state	sera aa	L	0.0	8599
66	site-state	virus aa	L	0.0	8599
67	site-state	change	no	-0.0002744021403515	8528
67	site-state	change	yes	0.0311981462041177	71
67	site-state	sera aa	I	0.0	8580
67	site-state	sera aa	V	0.0	19
67	site-state	virus aa	I	-0.0015222587850995	8545
67	site-state	virus aa	V	0.0	54
67	substitution	substitution absent	I67V	0.0005725221834026	8546
67	substitution	substitution absent	V67I	0.0	8581
67	substitution	substitution present	I67V	0.1252420136271303	53
67	substitution	substitution present	V67I	0.0	18
68	site-state	change	no	0.0	8599
68	site-state	sera aa	D	0.0	8599
68	site-state	virus aa	D	0.0	8599
69	site-state	change	no	0.0	8599
69	site-state	sera aa	A	0.0	8599
69	site-state	virus aa	A	0.0	8599
70	site-state	change	no	0.0	8599
70	site-state	sera aa	L	0.0	8599
70	site-state	virus aa	L	0.0	8599
71	site-state	change	no	0.0	8599
71	site-state	sera aa	L	0.0	8599
71	site-state	virus aa	L	0.0	8599
72	site-state	change	no	0.0	8599
72	site-state	sera aa	G	0.0	8599
72	site-state	virus aa	G	0.0	8599
73	site-state	change	no	0.0	8599
73	site-state	sera aa	D	0.0	8599
73	site-state	virus aa	D	0.0	8599
74	site-state	change	no	0.0	8599
74	site-state	sera aa	P	0.0	8599
74	site-state	virus aa	P	0.0	8599
75	site-state	change	no	-0.0064690526260201	8216
75	site-state	change	yes	0.1502114170651138	383
75	site-state	sera aa	H	-0.0003838475814989	3495
75	site-state	sera aa	N	0.0	18
75	site-state	sera aa	Q	0.0	5086
75	site-state	virus aa	H	-0.0002238862973697	3298
75	site-state	virus aa	N	0.0	13
75	site-state	virus aa	Q	0.0	5288
75	substitution	substitution absent	H75N	0.0	8587
75	substitution	substitution absent	H75Q	0.0	8321
75	substitution	substitution absent	N75H	0.0	8582
75	substitution	substitution absent	Q75H	0.0	8523
75	substitution	substitution present	H75N	0.0	12
75	substitution	substitution present	H75Q	0.0	278
75	substitution	substitution present	N75H	0.0	17
75	substitution	substitution present	Q75H	0.0	76
76	site-state	change	no	0.0	8599
76	site-state	sera aa	C	0.0	8599
76	site-state	virus aa	C	0.0	8599
77	site-state	change	no	0.0	8599
77	site-state	sera aa	D	0.0	8599
77	site-state	virus aa	D	0.0	8599
78	site-state	change	no	-0.0010240985478227	8123
78	site-state	change	yes	0.0143965445027468	476
78	site-state	sera aa	D	0.0	32
78	site-state	sera aa	G	0.0	8460
78	site-state	sera aa	S	0.0	18
78	site-state	sera aa	V	0.0025720474443502	89
78	site-state	virus aa	D	-0.0012797098686569	197
78	site-state	virus aa	G	-0.0001724816627188	8224
78	site-state	virus aa	S	0.0	27
78	site-state	virus aa	V	-0.0075758733063019	151
78	substitution	substitution absent	D78G	-0.0001462301634694	8572
78	substitution	substitution absent	G78D	-0.0006915272418248	8407
78	substitution	substitution absent	G78S	-0.0005486052052709	8574
78	substitution	substitution absent	G78V	6.384729161703245e-06	8460
78	substitution	substitution absent	S78G	0.0	8583
78	substitution	substitution absent	V78G	9.491196820820648e-05	8522
78	substitution	substitution present	D78G	0.0437570221145778	27
78	substitution	substitution present	G78D	0.0263604616194749	192
78	substitution	substitution present	G78S	0.0	25
78	substitution	substitution present	G78V	0.0376363291095239	139
78	substitution	substitution present	S78G	0.0	16
78	substitution	substitution present	V78G	-0.019250005423554	77
79	site-state	change	no	-0.0008704328349238	8498
79	site-state	change	yes	0.0963811944000875	101
79	site-state	sera aa	F	0.0	8586
79	site-state	sera aa	L	0.0	13
79	site-state	virus aa	F	-0.0004123012440144	8507
79	site-state	virus aa	L	0.0	92
79	substitution	substitution absent	F79L	-0.001001207333613	8509
79	substitution	substitution absent	L79F	0.0	8588
79	substitution	substitution present	F79L	0.134330756391456	90
79	substitution	substitution present	L79F	0.0	11
80	site-state	change	no	4.475007351556159e-05	8558
80	site-state	change	yes	0.0	41
80	site-state	sera aa	Q	0.0	8599
80	site-state	virus aa	K	0.0	41
80	site-state	virus aa	Q	0.0	8558
80	substitution	substitution absent	Q80K	0.0007663826849758	8558
80	substitution	substitution present	Q80K	-0.0130970364048948	41
81	site-state	change	no	3.833171735677269e-05	8511
81	site-state	change	yes	-0.0027023220022466	73
81	site-state	sera aa	N	0.0	8599
81	site-state	virus aa	D	0.0	73
81	site-state	virus aa	N	0.0	8511
81	substitution	substitution absent	N81D	0.0008303809075928	8526
81	substitution	substitution present	N81D	-0.0945545914899204	73
82	site-state	change	no	-0.0042860835195519	7812
82	site-state	change	yes	0.0616122718102208	787
82	site-state	sera aa	E	-0.0585558190408576	1547
82	site-state	sera aa	K	0.0	7052
82	site-state	virus aa	E	-0.0444650283869684	1166
82	site-state	virus aa	G	0.0	9
82	site-state	virus aa	K	6.389292489285091e-05	7424
82	substitution	substitution absent	E82G	0.0	8590
82	substitution	substitution absent	E82K	0.0008459683962988	8024
82	substitution	substitution absent	K82E	-0.0001096496061708	8396
82	substitution	substitution present	E82G	0.0	9
82	substitution	substitution present	E82K	-0.00603290539794	575
82	substitution	substitution present	K82E	0.0567737974719597	203
83	site-state	change	no	-0.0036479491481129	7040
83	site-state	change	yes	0.0194928607952543	1559
83	site-state	sera aa	E	0.0164083788686551	1952
83	site-state	sera aa	K	-0.0057004241199848	6336
83	site-state	sera aa	N	0.0	67
83	site-state	sera aa	T	0.0236332774468566	244
83	site-state	virus aa	E	0.0008997208339748	2104
83	site-state	virus aa	K	0.0034035109807474	6054
83	site-state	virus aa	N	0.0	36
83	site-state	virus aa	T	-0.0225765136418919	405
83	substitution	substitution absent	E83K	-0.0029501923577809	8186
83	substitution	substitution absent	E83T	0.0002667054837428	8532
83	substitution	substitution absent	K83E	0.0004133384703315	8025
83	substitution	substitution absent	K83N	-0.0008040144436866	8567
83	substitution	substitution absent	K83T	0.0020332303767228	8347
83	substitution	substitution absent	N83K	-0.0004140987383916	8536
83	substitution	substitution absent	T83E	-0.0001637315737516	8541
83	substitution	substitution absent	T83K	-0.0018200105215316	8499
83	substitution	substitution present	E83K	0.0322331595933103	413
83	substitution	substitution present	E83T	-0.0032770049612314	67
83	substitution	substitution present	K83E	-1.866348062465841e-05	574
83	substitution	substitution present	K83N	0.0	32
83	substitution	substitution present	K83T	-0.2061653315482409	252
83	substitution	substitution present	N83K	0.069080343685299	63
83	substitution	substitution present	T83E	0.0257311080576922	58
83	substitution	substitution present	T83K	0.0446932798357077	100
84	site-state	change	no	0.0	8599
84	site-state	sera aa	W	0.0	8599
84	site-state	virus aa	W	0.0	8599
85	site-state	change	no	0.0	8599
85	site-state	sera aa	D	0.0	8599
85	site-state	virus aa	D	0.0	8599
86	site-state	change	no	0.0	8599
86	site-state	sera aa	L	0.0	8599
86	site-state	virus aa	L	0.0	8599
87	site-state	change	no	0.0	8599
87	site-state	sera aa	F	0.0	8599
87	site-state	virus aa	F	0.0	8599
88	site-state	change	no	-0.0023484539195916	8364
88	site-state	change	yes	0.0660662986055691	235
88	site-state	sera aa	I	0.3601527615150419	153
88	site-state	sera aa	V	0.0	8446
88	site-state	virus aa	I	0.0078789884435063	94
88	site-state	virus aa	V	0.0	8505
88	substitution	substitution absent	I88V	0.0038659817595404	8452
88	substitution	substitution absent	V88I	0.0009890858392613	8511
88	substitution	substitution present	I88V	-0.5171945852117216	147
88	substitution	substitution present	V88I	-0.0089953618110961	88
89	site-state	change	no	0.0	8599
89	site-state	sera aa	E	0.0	8599
89	site-state	virus aa	E	0.0	8599
90	site-state	change	no	0.0	8599
90	site-state	sera aa	R	0.0	8599
90	site-state	virus aa	R	0.0	8599
91	site-state	change	no	0.0	8592
91	site-state	change	yes	0.0	7
91	site-state	sera aa	S	0.0	8599
91	site-state	virus aa	R	0.0	7
91	site-state	virus aa	S	0.0	8592
91	substitution	substitution absent	S91R	0.0	8592
91	substitution	substitution present	S91R	0.0	7
92	site-state	change	no	-0.0017837400502195	8293
92	site-state	change	yes	0.0456931298801565	306
92	site-state	sera aa	E	-0.0045789853853062	73
92	site-state	sera aa	K	-0.0008330093519784	8427
92	site-state	sera aa	R	0.0032180039136386	55
92	site-state	sera aa	T	0.0	44
92	site-state	virus aa	E	0.0	20
92	site-state	virus aa	K	-0.0001113770293434	8427
92	site-state	virus aa	R	0.0	50
92	site-state	virus aa	T	0.0502471851263571	102
92	substitution	substitution absent	E92K	0.0023454348717874	8533
92	substitution	substitution absent	E92T	0.0	8593
92	substitution	substitution absent	K92E	0.0	8580
92	substitution	substitution absent	K92R	0.0005878094810324	8557
92	substitution	substitution absent	K92T	-0.0002394590217075	8510
92	substitution	substitution absent	R92K	0.0022776756423099	8552
92	substitution	substitution absent	T92K	-0.0001218829756097	8562
92	substitution	substitution present	E92K	-0.3935797201379827	66
92	substitution	substitution present	E92T	0.0	6
92	substitution	substitution present	K92E	0.0	19
92	substitution	substitution present	K92R	-0.1203913653129645	42
92	substitution	substitution present	K92T	0.083786907595996	89
92	substitution	substitution present	R92K	-0.4229004087335811	47
92	substitution	substitution present	T92K	0.0314972800632859	37
93	site-state	change	no	0.0	8547
93	site-state	change	yes	0.0	52
93	site-state	sera aa	A	0.0	8579
93	site-state	sera aa	T	0.0	20
93	site-state	virus aa	A	0.0	8563
93	site-state	virus aa	T	0.0	36
93	substitution	substitution absent	A93T	0.0	8565
93	substitution	substitution absent	T93A	0.0	8581
93	substitution	substitution present	A93T	0.0	34
93	substitution	substitution present	T93A	0.0	18
94	site-state	change	no	-0.0015279000227933	7163
94	site-state	change	yes	0.0085400059940708	1436
94	site-state	sera aa	F	0.0039879122277375	1203
94	site-state	sera aa	H	-0.0026638593583691	486
94	site-state	sera aa	Y	0.0008654001543664	6910
94	site-state	virus aa	F	-0.0663918638783255	1024
94	site-state	virus aa	H	0.0009859064256085	477
94	site-state	virus aa	Y	0.0007735303760764	7098
94	substitution	substitution absent	F94Y	-0.0033251081247342	8148
94	substitution	substitution absent	H94Y	-0.0003620776735146	8238
94	substitution	substitution absent	Y94F	-0.0004297983381846	8327
94	substitution	substitution absent	Y94H	-0.0044197510237146	8247
94	substitution	substitution present	F94Y	0.056325003551947	451
94	substitution	substitution present	H94Y	0.0273983852177706	361
94	substitution	substitution present	Y94F	0.054798689651795	272
94	substitution	substitution present	Y94H	0.1049661754277169	352
95	site-state	change	no	0.0	8599
95	site-state	sera aa	S	0.0	8599
95	site-state	virus aa	S	0.0	8599
96	site-state	change	no	-0.0009647579453299	8410
96	site-state	change	yes	0.0346898176704493	189
96	site-state	sera aa	D	0.0	20
96	site-state	sera aa	N	-0.0024152625456655	8471
96	site-state	sera aa	S	0.004150549030481	108
96	site-state	virus aa	D	0.0	13
96	site-state	virus aa	N	0.0001104421906261	8527
96	site-state	virus aa	S	-0.0894703417019583	59
96	substitution	substitution absent	D96N	0.0	8580
96	substitution	substitution absent	N96D	0.0	8588
96	substitution	substitution absent	N96S	0.0008936998647742	8544
96	substitution	substitution absent	S96D	0.0	8598
96	substitution	substitution absent	S96N	-0.0010789937743973	8496
96	substitution	substitution present	D96N	0.0	19
96	substitution	substitution present	N96D	0.0	11
96	substitution	substitution present	N96S	-0.0964056925501222	55
96	substitution	substitution present	S96D	0.0	1
96	substitution	substitution present	S96N	0.0799300164321994	103
97	site-state	change	no	0.0	8599
97	site-state	sera aa	C	0.0	8599
97	site-state	virus aa	C	0.0	8599
98	site-state	change	no	0.0	8599
98	site-state	sera aa	Y	0.0	8599
98	site-state	virus aa	Y	0.0	8599
99	site-state	change	no	0.0	8599
99	site-state	sera aa	P	0.0	8599
99	site-state	virus aa	P	0.0	8599
100	site-state	change	no	0.0	8599
100	site-state	sera aa	Y	0.0	8599
100	site-state	virus aa	Y	0.0	8599
101	site-state	change	no	0.0	8599
101	site-state	sera aa	D	0.0	8599
101	site-state	virus aa	D	0.0	8599
102	site-state	change	no	0.0	8599
102	site-state	sera aa	V	0.0	8599
102	site-state	virus aa	V	0.0	8599
103	site-state	change	no	-0.0016544518244392	8527
103	site-state	change	yes	0.1891107551256164	72
103	site-state	sera aa	P	0.0	8566
103	site-state	sera aa	S	0.0	33
103	site-state	virus aa	P	7.357743954511953e-06	8554
103	site-state	virus aa	Q	0.0	11
103	site-state	virus aa	S	-0.0137953270488123	34
103	substitution	substitution absent	P103Q	0.0	8588
103	substitution	substitution absent	P103S	-0.0008342280731409	8568
103	substitution	substitution absent	S103P	-1.3708774359499486e-05	8569
103	substitution	substitution present	P103Q	0.0	11
103	substitution	substitution present	P103S	0.1415687898962425	31
103	substitution	substitution present	S103P	-0.0411343122132332	30
104	site-state	change	no	0.0	8599
104	site-state	sera aa	D	0.0	8599
104	site-state	virus aa	D	0.0	8599
105	site-state	change	no	-0.0003265884102569	8464
105	site-state	change	yes	0.0940535833973574	135
105	site-state	sera aa	H	0.0352176716156633	34
105	site-state	sera aa	Y	0.0	8565
105	site-state	virus aa	H	0.0	111
105	site-state	virus aa	Y	0.0	8488
105	substitution	substitution absent	H105Y	-0.0006509021754371	8570
105	substitution	substitution absent	Y105H	-0.0013969578699782	8493
105	substitution	substitution present	H105Y	0.1310745395670698	29
105	substitution	substitution present	Y105H	0.0499187431282777	106
106	site-state	change	no	0.0003853414273535	8451
106	site-state	change	yes	-0.0053873774946307	148
106	site-state	sera aa	A	-0.0001794802018917	8557
106	site-state	sera aa	V	0.0	42
106	site-state	virus aa	A	0.0001050746672514	8477
106	site-state	virus aa	V	0.0	122
106	substitution	substitution absent	A106V	6.186613329382546e-05	8485
106	substitution	substitution absent	V106A	1.4342065381678442e-06	8565
106	substitution	substitution present	A106V	0.151954010944073	114
106	substitution	substitution present	V106A	-0.0167486660975267	34
107	site-state	change	no	0.0	8578
107	site-state	change	yes	0.0	21
107	site-state	sera aa	S	0.0	8599
107	site-state	virus aa	F	0.0	21
107	site-state	virus aa	S	0.0	8578
107	substitution	substitution absent	S107F	-0.0002287912585367	8578
107	substitution	substitution present	S107F	0.0	21
108	site-state	change	no	0.0	8599
108	site-state	sera aa	L	0.0	8599
108	site-state	virus aa	L	0.0	8599
109	site-state	change	no	0.0	8599
109	site-state	sera aa	R	0.0	8599
109	site-state	virus aa	R	0.0	8599
110	site-state	change	no	0.0	8599
110	site-state	sera aa	S	0.0	8599
110	site-state	virus aa	S	0.0	8599
111	site-state	change	no	0.0	8599
111	site-state	sera aa	L	0.0	8599
111	site-state	virus aa	L	0.0	8599
112	site-state	change	no	0.0004464722138206	7969
112	site-state	change	yes	-0.0072720523924625	630
112	site-state	sera aa	I	-0.0364752616831517	298
112	site-state	sera aa	V	0.0	8301
112	site-state	virus aa	I	0.018901564446398	460
112	site-state	virus aa	V	0.0	8139
112	substitution	substitution absent	I112V	0.002385779178245	8365
112	substitution	substitution absent	V112I	0.0014356248059504	8203
112	substitution	substitution present	I112V	-0.0721689316403653	234
112	substitution	substitution present	V112I	-0.0611970773981214	396
113	site-state	change	no	0.0	8599
113	site-state	sera aa	A	0.0	8599
113	site-state	virus aa	A	0.0	8599
114	site-state	change	no	0.0	8505
114	site-state	change	yes	0.0	13
114	site-state	sera aa	S	0.0	8523
114	site-state	virus aa	A	0.0	13
114	site-state	virus aa	S	0.0	8581
114	substitution	substitution absent	S114A	0.0	8586
114	substitution	substitution present	S114A	0.0	13
115	site-state	change	no	0.0	8599
115	site-state	sera aa	S	0.0	8599
115	site-state	virus aa	S	0.0	8599
116	site-state	change	no	0.0	8599
116	site-state	sera aa	G	0.0	8599
116	site-state	virus aa	G	0.0	8599
117	site-state	change	no	0.0	8599
117	site-state	sera aa	T	0.0	8599
117	site-state	virus aa	T	0.0	8599
118	site-state	change	no	0.0	8599
118	site-state	sera aa	L	0.0	8599
118	site-state	virus aa	L	0.0	8599
119	site-state	change	no	0.0	8599
119	site-state	sera aa	E	0.0	8599
119	site-state	virus aa	E	0.0	8599
120	site-state	change	no	0.0	8599
120	site-state	sera aa	F	0.0	8599
120	site-state	virus aa	F	0.0	8599
121	site-state	change	no	-0.0008765248913366	7697
121	site-state	change	yes	0.0292271427307331	902
121	site-state	sera aa	I	0.0038793979096816	2376
121	site-state	sera aa	N	0.0008041530399013	5609
121	site-state	sera aa	T	-0.0731359292765505	614
121	site-state	virus aa	I	-0.166746078087678	2241
121	site-state	virus aa	N	0.0016398335048249	5661
121	site-state	virus aa	T	-0.0003212666707114	697
121	substitution	substitution absent	I121N	-0.0012952789450757	8538
121	substitution	substitution absent	I121T	-0.0079599660719009	8199
121	substitution	substitution absent	N121I	-0.0002904595070327	8563
121	substitution	substitution absent	N121T	-0.0014069649440146	8555
121	substitution	substitution absent	T121I	0.0073514003516829	8309
121	substitution	substitution absent	T121N	-0.0003011251458437	8528
121	substitution	substitution present	I121N	0.035100305009119	61
121	substitution	substitution present	I121T	0.0996066322679676	400
121	substitution	substitution present	N121I	0.0965469640044211	36
121	substitution	substitution present	N121T	0.3252574254665558	44
121	substitution	substitution present	T121I	-0.284989090573597	290
121	substitution	substitution present	T121N	-0.0116747996236255	71
122	site-state	change	no	-0.0083477089478853	7547
122	site-state	change	yes	0.0395825127075708	1038
122	site-state	sera aa	D	0.0	379
122	site-state	sera aa	K	0.0653959775672433	156
122	site-state	sera aa	N	0.0007045732340481	7975
122	site-state	sera aa	T	0.0	89
122	site-state	virus aa	D	0.0	210
122	site-state	virus aa	K	0.038381146226381	87
122	site-state	virus aa	N	0.0064552394522945	8059
122	site-state	virus aa	S	0.0	9
122	site-state	virus aa	T	-0.0460772835606203	220
122	substitution	substitution absent	D122N	0.0013579537237943	8250
122	substitution	substitution absent	D122S	0.0	8598
122	substitution	substitution absent	K122N	-0.0062701479579798	8454
122	substitution	substitution absent	K122T	0.0	8598
122	substitution	substitution absent	N122D	0.0009779184173334	8418
122	substitution	substitution absent	N122K	-5.417195655588332e-05	8522
122	substitution	substitution absent	N122S	0.0	8591
122	substitution	substitution absent	N122T	0.0014529841193031	8396
122	substitution	substitution absent	T122K	0.0	8598
122	substitution	substitution absent	T122N	-0.0010339423913922	8527
122	substitution	substitution present	D122N	-0.0015452462585239	349
122	substitution	substitution present	D122S	0.0	1
122	substitution	substitution present	K122N	0.3839252071229372	145
122	substitution	substitution present	K122T	0.0	1
122	substitution	substitution present	N122D	0.0	181
122	substitution	substitution present	N122K	0.072557727008549	77
122	substitution	substitution present	N122S	0.0	8
122	substitution	substitution present	N122T	-0.0127793924227021	203
122	substitution	substitution present	T122K	0.0	1
122	substitution	substitution present	T122N	0.1901202202504197	72
123	site-state	change	no	0.0	8599
123	site-state	sera aa	E	0.0	8599
123	site-state	virus aa	E	0.0	8599
124	site-state	change	no	-0.0002816372167175	7135
124	site-state	change	yes	0.0254157659728041	1411
124	site-state	sera aa	D	0.0113056466775024	1195
124	site-state	sera aa	E	0.0039471763332587	107
124	site-state	sera aa	G	-0.0033005551253502	1443
124	site-state	sera aa	N	0.0	190
124	site-state	sera aa	S	0.0003335518941856	5638
124	site-state	virus aa	D	-0.0145275457241842	1435
124	site-state	virus aa	E	0.0	34
124	site-state	virus aa	G	0.0034233129483008	1223
124	site-state	virus aa	N	0.0	135
124	site-state	virus aa	S	0.0015479832617118	5743
124	substitution	substitution absent	D124E	0.0	8584
124	substitution	substitution absent	D124G	0.0001858703318712	8312
124	substitution	substitution absent	D124N	0.0016079688067552	8542
124	substitution	substitution absent	D124S	-0.0017117171717569	8551
124	substitution	substitution absent	E124D	0.0008347889008248	8513
124	substitution	substitution absent	E124G	0.0	8585
124	substitution	substitution absent	E124N	0.0	8598
124	substitution	substitution absent	E124S	0.0	8594
124	substitution	substitution absent	G124D	0.0020943787522409	8147
124	substitution	substitution absent	G124E	0.0	8583
124	substitution	substitution absent	G124N	-0.0001641518226454	8545
124	substitution	substitution absent	G124S	0.0012518058247637	8482
124	substitution	substitution absent	N124D	0.0057916201836241	8513
124	substitution	substitution absent	N124E	0.0	8598
124	substitution	substitution absent	N124G	0.0003714523349329	8526
124	substitution	substitution absent	N124S	0.0	8585
124	substitution	substitution absent	S124D	-0.0001081319242208	8575
124	substitution	substitution absent	S124E	0.0	8598
124	substitution	substitution absent	S124G	0.0028302508512522	8548
124	substitution	substitution absent	S124N	0.0	8590
124	substitution	substitution present	D124E	0.0	15
124	substitution	substitution present	D124G	-0.0060629400201259	287
124	substitution	substitution present	D124N	-0.2967514860266667	57
124	substitution	substitution present	D124S	0.0812910186123072	48
124	substitution	substitution present	E124D	-0.0689827516223279	86
124	substitution	substitution present	E124G	0.0	14
124	substitution	substitution present	E124N	0.0	1
124	substitution	substitution present	E124S	0.0	5
124	substitution	substitution present	G124D	-0.0435392312675119	452
124	substitution	substitution present	G124E	0.0	16
124	substitution	substitution present	G124N	0.0193308729270233	54
124	substitution	substitution present	G124S	-0.2209782815908639	117
124	substitution	substitution present	N124D	-0.6917028477250828	86
124	substitution	substitution present	N124E	0.0	1
124	substitution	substitution present	N124G	-0.0926402583762076	73
124	substitution	substitution present	N124S	0.0	14
124	substitution	substitution present	S124D	0.024167360181104	24
124	substitution	substitution present	S124E	0.0	1
124	substitution	substitution present	S124G	-0.7915687238072904	51
124	substitution	substitution present	S124N	0.0	9
125	site-state	change	no	0.0	8599
125	site-state	sera aa	F	0.0	8599
125	site-state	virus aa	F	0.0	8599
126	site-state	change	no	-0.0003625261487107	7820
126	site-state	change	yes	0.0001640458010717	779
126	site-state	sera aa	D	-0.0290352164402069	107
126	site-state	sera aa	N	-0.0003740075518797	8248
126	site-state	sera aa	T	0.0	244
126	site-state	virus aa	D	0.0223642459387817	235
126	site-state	virus aa	N	-5.555648593470227e-05	7959
126	site-state	virus aa	T	0.0	405
126	substitution	substitution absent	D126N	-0.0012959366419959	8512
126	substitution	substitution absent	N126D	-0.0036705854871933	8384
126	substitution	substitution absent	N126T	0.0029218428991782	8280
126	substitution	substitution absent	T126N	-0.0026572854958932	8441
126	substitution	substitution present	D126N	0.1506744909443974	87
126	substitution	substitution present	N126D	0.1811095349938138	215
126	substitution	substitution present	N126T	-0.1728627960305781	319
126	substitution	substitution present	T126N	-0.0054630995284356	158
127	site-state	change	no	0.0	8599
127	site-state	sera aa	W	0.0	8599
127	site-state	virus aa	W	0.0	8599
128	site-state	change	no	0.0019094667293835	7859
128	site-state	change	yes	-0.0116553525424842	740
128	site-state	sera aa	A	0.0151468145719324	467
128	site-state	sera aa	I	-0.0221783086581952	106
128	site-state	sera aa	T	0.0007650089781502	8026
128	site-state	virus aa	A	-0.0059454042740179	210
128	site-state	virus aa	I	0.0	30
128	site-state	virus aa	P	0.0	8
128	site-state	virus aa	T	0.0002639735971934	8351
128	substitution	substitution absent	A128T	-0.0006974117385901	8171
128	substitution	substitution absent	I128A	0.0	8598
128	substitution	substitution absent	I128T	0.0029385217343372	8495
128	substitution	substitution absent	T128A	-0.000175578106127	8429
128	substitution	substitution absent	T128I	0.003131212247653	8570
128	substitution	substitution absent	T128P	0.0	8591
128	substitution	substitution present	A128T	0.0152577749603314	428
128	substitution	substitution present	I128A	0.0	1
128	substitution	substitution present	I128T	-0.2000963850469695	104
128	substitution	substitution present	T128A	0.0107744398091812	170
128	substitution	substitution present	T128I	0.0	29
128	substitution	substitution present	T128P	0.0	8
129	site-state	change	no	-1.4833774834070105e-05	8572
129	site-state	change	yes	0.0039449538083236	27
129	site-state	sera aa	E	0.0	15
129	site-state	sera aa	G	0.0	8584
129	site-state	virus aa	E	0.0	14
129	site-state	virus aa	G	0.0	8585
129	substitution	substitution absent	E129G	0.0	8585
129	substitution	substitution absent	G129E	0.0	8586
129	substitution	substitution present	E129G	0.0	14
129	substitution	substitution present	G129E	0.0	13
130	site-state	change	no	0.0	8599
130	site-state	sera aa	V	0.0	8599
130	site-state	virus aa	V	0.0	8599
131	site-state	change	no	-0.0075725396912518	7412
131	site-state	change	yes	0.0537014565211719	1187
131	site-state	sera aa	A	0.002498534996525	1980
131	site-state	sera aa	D	0.0	16
131	site-state	sera aa	T	-7.823162306882146e-05	6603
131	site-state	virus aa	A	0.0096959291766046	2122
131	site-state	virus aa	D	0.0	19
131	site-state	virus aa	N	0.0	27
131	site-state	virus aa	T	0.0	6431
131	substitution	substitution absent	A131D	0.0	8584
131	substitution	substitution absent	A131N	0.0	8598
131	substitution	substitution absent	A131T	-0.0185168511865769	8107
131	substitution	substitution absent	D131A	0.0	8586
131	substitution	substitution absent	D131T	0.0	8598
131	substitution	substitution absent	T131A	-0.0044289592458885	7962
131	substitution	substitution absent	T131D	0.0	8597
131	substitution	substitution absent	T131N	-4.6235827489724976e-05	8573
131	substitution	substitution present	A131D	0.0	15
131	substitution	substitution present	A131N	0.0	1
131	substitution	substitution present	A131T	0.2991300909961349	492
131	substitution	substitution present	D131A	0.0	13
131	substitution	substitution present	D131T	0.0	1
131	substitution	substitution present	T131A	0.0579926658027136	637
131	substitution	substitution present	T131D	0.0	2
131	substitution	substitution present	T131N	0.0	26
132	site-state	change	no	0.0	8599
132	site-state	sera aa	Q	0.0	8599
132	site-state	virus aa	Q	0.0	8599
133	site-state	change	no	-0.1115997415248237	7316
133	site-state	change	yes	0.3854458490720142	1283
133	site-state	sera aa	D	-0.0094013623485566	1059
133	site-state	sera aa	N	0.0024421130993387	6147
133	site-state	sera aa	S	-0.0002577700110225	1393
133	site-state	virus aa	D	-0.0021883720954249	968
133	site-state	virus aa	N	-0.0020010210327927	6394
133	site-state	virus aa	S	0.0099055603478254	1237
133	substitution	substitution absent	D133N	-6.933687712002462e-05	8430
133	substitution	substitution absent	D133S	-0.0030234619706216	8330
133	substitution	substitution absent	N133D	-0.0066494552294499	8491
133	substitution	substitution absent	N133S	0.0004601484893126	8443
133	substitution	substitution absent	S133D	-0.0146609960225785	8360
133	substitution	substitution absent	S133N	-0.0009417147784593	8257
133	substitution	substitution present	D133N	0.0574357153578864	169
133	substitution	substitution present	D133S	0.2473073522841304	269
133	substitution	substitution present	N133D	0.630411899438158	108
133	substitution	substitution present	N133S	-0.0456300758893814	156
133	substitution	substitution present	S133D	0.7510872306737415	239
133	substitution	substitution present	S133N	0.0550414185316527	342
134	site-state	change	no	0.0	8599
134	site-state	sera aa	G	0.0	8599
134	site-state	virus aa	G	0.0	8599
135	site-state	change	no	-0.0308513256172676	7260
135	site-state	change	yes	0.2048185206829646	1339
135	site-state	sera aa	E	-0.1827318951467169	290
135	site-state	sera aa	G	-0.0085244284990846	1876
135	site-state	sera aa	K	-0.0022000134658496	616
135	site-state	sera aa	T	0.0057146922756496	5817
135	site-state	virus aa	D	-0.078916843811445	67
135	site-state	virus aa	E	-0.0461267932159246	513
135	site-state	virus aa	G	0.0087820645692877	1669
135	site-state	virus aa	K	0.1220586954766928	461
135	site-state	virus aa	T	0.0388920281341869	5889
135	substitution	substitution absent	E135D	0.0	8587
135	substitution	substitution absent	E135G	-0.0022171218104389	8460
135	substitution	substitution absent	E135K	-0.003262828518909	8547
135	substitution	substitution absent	E135T	0.0	8586
135	substitution	substitution absent	G135D	8.937912498968794e-05	8565
135	substitution	substitution absent	G135E	0.0017048740882244	8308
135	substitution	substitution absent	G135K	-0.0146990899282701	8442
135	substitution	substitution absent	G135T	-0.0001905059363612	8516
135	substitution	substitution absent	K135D	0.0	8583
135	substitution	substitution absent	K135E	0.0010339582067168	8490
135	substitution	substitution absent	K135G	-0.0066952969025877	8432
135	substitution	substitution absent	K135T	-0.0010761188030826	8478
135	substitution	substitution absent	T135D	0.0	8594
135	substitution	substitution absent	T135E	-0.0005294426623407	8560
135	substitution	substitution absent	T135G	-0.0001424382454924	8547
135	substitution	substitution absent	T135K	-0.0047602803980005	8550
135	substitution	substitution present	E135D	0.0	12
135	substitution	substitution present	E135G	0.2961013752656777	139
135	substitution	substitution present	E135K	0.5246457996892306	52
135	substitution	substitution present	E135T	0.0	13
135	substitution	substitution present	G135D	-0.0264338870607481	34
135	substitution	substitution present	G135E	-0.0519265738019806	291
135	substitution	substitution present	G135K	1.0990127156421148	157
135	substitution	substitution present	G135T	0.0527345359620598	83
135	substitution	substitution present	K135D	0.0	16
135	substitution	substitution present	K135E	-0.0225837240356236	109
135	substitution	substitution present	K135G	0.2620450936433467	167
135	substitution	substitution present	K135T	0.1544025828536047	121
135	substitution	substitution present	T135D	0.0	5
135	substitution	substitution present	T135E	0.0556380892649742	39
135	substitution	substitution present	T135G	0.0806245251929489	52
135	substitution	substitution present	T135K	0.9426236581642496	49
136	site-state	change	no	0.0	8599
136	site-state	sera aa	S	0.0	8599
136	site-state	virus aa	S	0.0	8599
137	site-state	change	no	-0.0004189024948243	7541
137	site-state	change	yes	0.0032325594821205	1044
137	site-state	sera aa	C	0.0	106
137	site-state	sera aa	H	-0.0236121177384182	106
137	site-state	sera aa	I	0.0	15
137	site-state	sera aa	N	-0.0177066860209268	248
137	site-state	sera aa	S	0.0049899977176114	5614
137	site-state	sera aa	Y	-0.0078119040567319	2510
137	site-state	virus aa	C	0.0	30
137	site-state	virus aa	G	0.0	14
137	site-state	virus aa	H	0.0	33
137	site-state	virus aa	I	0.0	14
137	site-state	virus aa	N	0.0028846386691052	437
137	site-state	virus aa	S	0.0022809919529063	5725
137	site-state	virus aa	Y	0.0066612329946148	2332
137	substitution	substitution absent	C137H	0.0	8598
137	substitution	substitution absent	C137I	0.0	8598
137	substitution	substitution absent	C137N	0.0	8598
137	substitution	substitution absent	C137S	0.0	8598
137	substitution	substitution absent	C137Y	7.286899932018608e-05	8499
137	substitution	substitution absent	H137C	0.0	8598
137	substitution	substitution absent	H137I	0.0	8598
137	substitution	substitution absent	H137N	0.0	8594
137	substitution	substitution absent	H137S	0.0	8598
137	substitution	substitution absent	H137Y	0.0018608389421757	8504
137	substitution	substitution absent	I137C	0.0	8598
137	substitution	substitution absent	I137H	0.0	8598
137	substitution	substitution absent	I137N	0.0	8596
137	substitution	substitution absent	I137S	0.0	8598
137	substitution	substitution absent	I137Y	0.0	8591
137	substitution	substitution absent	N137C	0.0	8596
137	substitution	substitution absent	N137G	0.0	8596
137	substitution	substitution absent	N137H	0.0	8595
137	substitution	substitution absent	N137I	0.0	8597
137	substitution	substitution absent	N137S	-8.003849607842286e-05	8564
137	substitution	substitution absent	N137Y	-0.0048824447943123	8498
137	substitution	substitution absent	S137C	0.0	8598
137	substitution	substitution absent	S137G	0.0	8596
137	substitution	substitution absent	S137H	0.0	8597
137	substitution	substitution absent	S137I	0.0	8598
137	substitution	substitution absent	S137N	7.0743694886243e-05	8535
137	substitution	substitution absent	S137Y	-0.0015363783784641	8532
137	substitution	substitution absent	Y137C	0.0009741273466767	8576
137	substitution	substitution absent	Y137G	0.0	8591
137	substitution	substitution absent	Y137H	0.0002396358237155	8576
137	substitution	substitution absent	Y137I	0.0	8591
137	substitution	substitution absent	Y137N	-0.0007185347983909	8335
137	substitution	substitution absent	Y137S	-0.0006702262890757	8388
137	substitution	substitution present	C137H	0.0	1
137	substitution	substitution present	C137I	0.0	1
137	substitution	substitution present	C137N	0.0	1
137	substitution	substitution present	C137S	0.0	1
137	substitution	substitution present	C137Y	-0.0071381493713433	100
137	substitution	substitution present	H137C	0.0	1
137	substitution	substitution present	H137I	0.0	1
137	substitution	substitution present	H137N	0.0	5
137	substitution	substitution present	H137S	0.0	1
137	substitution	substitution present	H137Y	-0.1402693954730037	95
137	substitution	substitution present	I137C	0.0	1
137	substitution	substitution present	I137H	0.0	1
137	substitution	substitution present	I137N	0.0	3
137	substitution	substitution present	I137S	0.0	1
137	substitution	substitution present	I137Y	0.0	8
137	substitution	substitution present	N137C	0.0	3
137	substitution	substitution present	N137G	0.0	3
137	substitution	substitution present	N137H	0.0	4
137	substitution	substitution present	N137I	0.0	2
137	substitution	substitution present	N137S	-0.0236991520314584	35
137	substitution	substitution present	N137Y	0.3911249503625293	101
137	substitution	substitution present	S137C	0.0	1
137	substitution	substitution present	S137G	0.0	3
137	substitution	substitution present	S137H	0.0	2
137	substitution	substitution present	S137I	0.0	1
137	substitution	substitution present	S137N	-0.0281102441247802	64
137	substitution	substitution present	S137Y	0.1997045827131728	67
137	substitution	substitution present	Y137C	0.0	23
137	substitution	substitution present	Y137G	0.0	8
137	substitution	substitution present	Y137H	0.0	23
137	substitution	substitution present	Y137I	0.0	8
137	substitution	substitution present	Y137N	0.0201184790342571	264
137	substitution	substitution present	Y137S	0.0680581097691382	211
138	site-state	change	no	-0.0023295771504794	6764
138	site-state	change	yes	0.0025492797034578	1784
138	site-state	sera aa	A	0.0012773101292796	7245
138	site-state	sera aa	S	0.0065764082947018	1190
138	site-state	sera aa	T	0.0023380329233066	146
138	site-state	virus aa	A	-0.000793103524873	7603
138	site-state	virus aa	S	0.0173549025484178	829
138	site-state	virus aa	T	-0.3236569687009025	133
138	substitution	substitution absent	A138S	-0.0073126983479175	8018
138	substitution	substitution absent	A138T	0.0075883857927635	8476
138	substitution	substitution absent	S138A	-0.0057487909912654	7657
138	substitution	substitution absent	S138T	0.0	8598
138	substitution	substitution absent	T138A	0.0016797340337237	8464
138	substitution	substitution absent	T138S	0.0	8597
138	substitution	substitution present	A138S	0.1008020925176692	581
138	substitution	substitution present	A138T	-0.4388306491033296	123
138	substitution	substitution present	S138A	0.0409735273840388	942
138	substitution	substitution present	S138T	0.0	1
138	substitution	substitution present	T138A	-0.1448036663370044	135
138	substitution	substitution present	T138S	0.0	2
139	site-state	change	no	0.0	8599
139	site-state	sera aa	C	0.0	8599
139	site-state	virus aa	C	0.0	8599
140	site-state	change	no	-0.0001371277778269	8154
140	site-state	change	yes	0.0140661386201183	445
140	site-state	sera aa	E	0.0	19
140	site-state	sera aa	I	6.6695136404944e-05	1731
140	site-state	sera aa	K	-0.0001504862621797	6849
140	site-state	virus aa	E	0.0411810648314725	51
140	site-state	virus aa	I	-0.0002311416474929	1802
140	site-state	virus aa	K	-0.0009487942244444	6746
140	substitution	substitution absent	E140K	0.0	8583
140	substitution	substitution absent	I140K	0.0014882611713385	8444
140	substitution	substitution absent	K140E	-0.0013359134236791	8551
140	substitution	substitution absent	K140I	8.35788535774045e-05	8373
140	substitution	substitution present	E140K	0.0	16
140	substitution	substitution present	I140K	0.1184857362741276	155
140	substitution	substitution present	K140E	0.0881738271082404	48
140	substitution	substitution present	K140I	0.0785514140675707	226
141	site-state	change	no	0.0	8599
141	site-state	sera aa	R	0.0	8599
141	site-state	virus aa	R	0.0	8599
142	site-state	change	no	-0.0037264280949241	7947
142	site-state	change	yes	0.0614267166710005	652
142	site-state	sera aa	E	0.0016987921301521	91
142	site-state	sera aa	G	0.0006676210727238	2978
142	site-state	sera aa	K	0.0	7
142	site-state	sera aa	R	-0.000560493033742	5399
142	site-state	sera aa	S	0.1294107786149725	124
142	site-state	virus aa	E	0.0	28
142	site-state	virus aa	G	-0.0001659416203668	3036
142	site-state	virus aa	I	0.0	30
142	site-state	virus aa	K	0.0	26
142	site-state	virus aa	R	-5.221348689400951e-05	5430
142	site-state	virus aa	S	0.0	49
142	substitution	substitution absent	E142G	6.425678910796246e-05	8509
142	substitution	substitution absent	G142E	0.0016196060456025	8572
142	substitution	substitution absent	G142R	-0.0029980319507984	8432
142	substitution	substitution absent	G142S	5.82817613566708e-05	8569
142	substitution	substitution absent	K142R	0.0	8592
142	substitution	substitution absent	R142G	-0.0026472043329897	8455
142	substitution	substitution absent	R142I	-0.000523575836026	8569
142	substitution	substitution absent	R142K	1.6266937379532133e-05	8573
142	substitution	substitution absent	R142S	0.0	8586
142	substitution	substitution absent	S142G	-7.876585711025653e-05	8551
142	substitution	substitution absent	S142R	0.0041033912914714	8529
142	substitution	substitution present	E142G	-0.026307071447242	90
142	substitution	substitution present	G142E	0.0	27
142	substitution	substitution present	G142R	0.1694323195452579	167
142	substitution	substitution present	G142S	0.0	30
142	substitution	substitution present	K142R	0.0	7
142	substitution	substitution present	R142G	0.1631729030195653	144
142	substitution	substitution present	R142I	0.0	30
142	substitution	substitution present	R142K	0.0	26
142	substitution	substitution present	R142S	0.0	13
142	substitution	substitution present	S142G	0.0254123364776939	48
142	substitution	substitution present	S142R	-0.433505191676474	70
143	site-state	change	no	6.46003006019366e-05	8017
143	site-state	change	yes	-0.002233121796288	582
143	site-state	sera aa	P	0.0	528
143	site-state	sera aa	S	0.0	8071
143	site-state	virus aa	P	-0.0016046062766382	631
143	site-state	virus aa	S	0.0	7933
143	site-state	virus aa	T	0.0	35
143	substitution	substitution absent	P143S	-0.0003859535402307	8385
143	substitution	substitution absent	P143T	0.0	8583
143	substitution	substitution absent	S143P	0.0012162752187281	8266
143	substitution	substitution absent	S143T	0.0	8580
143	substitution	substitution present	P143S	-0.0025335943210045	214
143	substitution	substitution present	P143T	0.0	16
143	substitution	substitution present	S143P	-0.0420937810531056	333
143	substitution	substitution present	S143T	0.0	19
144	site-state	change	no	-0.0361154572697955	6610
144	site-state	change	yes	0.1257735902507505	1989
144	site-state	sera aa	D	-0.0228384996251777	671
144	site-state	sera aa	G	0.014353802301475	74
144	site-state	sera aa	I	0.000578975099457	280
144	site-state	sera aa	K	0.0030978178935972	494
144	site-state	sera aa	N	0.0065894363650022	4867
144	site-state	sera aa	V	2.4618559000315937e-06	2213
144	site-state	virus aa	D	-0.0003838951973256	819
144	site-state	virus aa	G	-0.0003156665397807	206
144	site-state	virus aa	I	-0.1904339648726075	156
144	site-state	virus aa	K	-0.0319919431445818	410
144	site-state	virus aa	N	0.0062676970031298	4927
144	site-state	virus aa	V	0.0077587117701141	2081
144	substitution	substitution absent	D144G	0.0040325329213679	8503
144	substitution	substitution absent	D144I	0.0	8584
144	substitution	substitution absent	D144K	0.0	8591
144	substitution	substitution absent	D144N	-0.002490472300893	8518
144	substitution	substitution absent	D144V	-0.0029497954416395	8418
144	substitution	substitution absent	G144D	-0.0016564629632714	8566
144	substitution	substitution absent	G144I	0.0	8593
144	substitution	substitution absent	G144N	0.0	8597
144	substitution	substitution absent	G144V	0.0	8580
144	substitution	substitution absent	I144D	-5.543872068065983e-05	8567
144	substitution	substitution absent	I144G	0.0	8596
144	substitution	substitution absent	I144N	-0.0004304445731596	8471
144	substitution	substitution absent	I144V	0.0007633264128789	8515
144	substitution	substitution absent	K144D	0.0	8580
144	substitution	substitution absent	K144N	-0.0083470486789408	8284
144	substitution	substitution absent	N144D	0.0011290987272807	8405
144	substitution	substitution absent	N144G	0.0	8589
144	substitution	substitution absent	N144I	-2.322848158852744e-05	8568
144	substitution	substitution absent	N144K	-0.0001749142842568	8357
144	substitution	substitution absent	N144V	-1.93251468715274e-05	8562
144	substitution	substitution absent	V144D	-0.0010266398762808	8348
144	substitution	substitution absent	V144G	0.0002004882695773	8516
144	substitution	substitution absent	V144I	0.0003329094037207	8528
144	substitution	substitution absent	V144N	0.0015700876179094	8551
144	substitution	substitution present	D144G	-0.2811396027827263	96
144	substitution	substitution present	D144I	0.0	15
144	substitution	substitution present	D144K	0.0	8
144	substitution	substitution present	D144N	0.2802717991783409	81
144	substitution	substitution present	D144V	0.1444222781532622	181
144	substitution	substitution present	G144D	0.3523829779310814	33
144	substitution	substitution present	G144I	0.0	6
144	substitution	substitution present	G144N	0.0	2
144	substitution	substitution present	G144V	0.0	19
144	substitution	substitution present	I144D	0.0362577204667018	32
144	substitution	substitution present	I144G	0.0	3
144	substitution	substitution present	I144N	0.0149663466649594	128
144	substitution	substitution present	I144V	-0.1388410131532572	84
144	substitution	substitution present	K144D	0.0	19
144	substitution	substitution present	K144N	0.2146630504373198	315
144	substitution	substitution present	N144D	0.0151887926930023	194
144	substitution	substitution present	N144G	0.0	10
144	substitution	substitution present	N144I	-0.0048619151998405	31
144	substitution	substitution present	N144K	0.0208089595325941	242
144	substitution	substitution present	N144V	-0.104233591237615	37
144	substitution	substitution present	V144D	0.0586799800995031	251
144	substitution	substitution present	V144G	-0.0261153186812457	83
144	substitution	substitution present	V144I	-0.0379496801878608	71
144	substitution	substitution present	V144N	-0.0389130138480085	48
145	site-state	change	no	-0.0741752645043482	5874
145	site-state	change	yes	0.1671362368347601	2712
145	site-state	sera aa	C	0.0	19
145	site-state	sera aa	K	-0.0104174681413058	2379
145	site-state	sera aa	N	0.0069618159827849	5639
145	site-state	sera aa	Q	-0.0018502717663034	151
145	site-state	sera aa	S	0.0222491868588195	411
145	site-state	virus aa	C	0.0	18
145	site-state	virus aa	I	0.0363322296911548	42
145	site-state	virus aa	K	-0.0097941074821723	2472
145	site-state	virus aa	N	0.036848499156201	5243
145	site-state	virus aa	Q	0.0035910767138874	207
145	site-state	virus aa	R	-0.0041805476985006	33
145	site-state	virus aa	S	-0.0217628709761049	571
145	substitution	substitution absent	C145K	0.0	8596
145	substitution	substitution absent	C145N	0.0	8587
145	substitution	substitution absent	C145R	0.0	8598
145	substitution	substitution absent	C145S	0.0	8597
145	substitution	substitution absent	K145C	0.0	8596
145	substitution	substitution absent	K145I	0.0	8595
145	substitution	substitution absent	K145N	-0.0309453089351652	7887
145	substitution	substitution absent	K145Q	7.27075217290661e-05	8508
145	substitution	substitution absent	K145R	0.0	8595
145	substitution	substitution absent	K145S	0.0003379865638783	8530
145	substitution	substitution absent	N145C	0.0	8590
145	substitution	substitution absent	N145I	-0.0001048683940172	8578
145	substitution	substitution absent	N145K	-0.0165576776881547	7699
145	substitution	substitution absent	N145Q	-0.0022595619362737	8506
145	substitution	substitution absent	N145R	0.0	8584
145	substitution	substitution absent	N145S	-0.0052734524203184	8234
145	substitution	substitution absent	Q145K	6.097698805964724e-05	8569
145	substitution	substitution absent	Q145N	-0.0012904210758995	8503
145	substitution	substitution absent	Q145S	0.0	8596
145	substitution	substitution absent	S145C	0.0	8594
145	substitution	substitution absent	S145I	0.0	8582
145	substitution	substitution absent	S145K	0.0003229342271763	8551
145	substitution	substitution absent	S145N	-0.0046085238243702	8404
145	substitution	substitution absent	S145Q	0.0	8598
145	substitution	substitution absent	S145R	0.0	8586
145	substitution	substitution present	C145K	0.0	3
145	substitution	substitution present	C145N	0.0	12
145	substitution	substitution present	C145R	0.0	1
145	substitution	substitution present	C145S	0.0	2
145	substitution	substitution present	K145C	0.0	3
145	substitution	substitution present	K145I	0.0	4
145	substitution	substitution present	K145N	0.4074356168448147	712
145	substitution	substitution present	K145Q	0.0100773729170652	91
145	substitution	substitution present	K145R	0.0	4
145	substitution	substitution present	K145S	-0.0365380076993039	69
145	substitution	substitution present	N145C	0.0	9
145	substitution	substitution present	N145I	0.0	21
145	substitution	substitution present	N145K	0.2586241269641387	900
145	substitution	substitution present	N145Q	0.2699508470102182	93
145	substitution	substitution present	N145R	0.0	15
145	substitution	substitution present	N145S	0.1173793489082409	365
145	substitution	substitution present	Q145K	-0.0195653998952228	30
145	substitution	substitution present	Q145N	0.1154186240988335	96
145	substitution	substitution present	Q145S	0.0	3
145	substitution	substitution present	S145C	0.0	5
145	substitution	substitution present	S145I	0.0	17
145	substitution	substitution present	S145K	-0.0849568687894583	48
145	substitution	substitution present	S145N	0.1719573892987669	195
145	substitution	substitution present	S145Q	0.0	1
145	substitution	substitution present	S145R	0.0	13
146	site-state	change	no	2.094971280388773e-05	8028
146	site-state	change	yes	0.0001291366775848	571
146	site-state	sera aa	G	0.0	409
146	site-state	sera aa	S	0.0	8190
146	site-state	virus aa	G	0.0	644
146	site-state	virus aa	S	0.0	7955
146	substitution	substitution absent	G146S	-0.0002838584132615	8431
146	substitution	substitution absent	S146G	-0.001403408600042	8196
146	substitution	substitution present	G146S	-0.0016268674309731	168
146	substitution	substitution present	S146G	0.0633427748238406	403
147	site-state	change	no	0.0	8599
147	site-state	sera aa	F	0.0	8599
147	site-state	virus aa	F	0.0	8599
148	site-state	change	no	0.0	8599
148	site-state	sera aa	F	0.0	8599
148	site-state	virus aa	F	0.0	8599
149	site-state	change	no	0.0	8599
149	site-state	sera aa	S	0.0	8599
149	site-state	virus aa	S	0.0	8599
150	site-state	change	no	0.0	8599
150	site-state	sera aa	R	0.0	8599
150	site-state	virus aa	R	0.0	8599
151	site-state	change	no	0.0	8599
151	site-state	sera aa	L	0.0	8599
151	site-state	virus aa	L	0.0	8599
152	site-state	change	no	0.0	8599
152	site-state	sera aa	N	0.0	8599
152	site-state	virus aa	N	0.0	8599
153	site-state	change	no	0.0	8599
153	site-state	sera aa	W	0.0	8599
153	site-state	virus aa	W	0.0	8599
154	site-state	change	no	0.0	8599
154	site-state	sera aa	L	0.0	8599
154	site-state	virus aa	L	0.0	8599
155	site-state	change	no	-0.0019366150582329	7424
155	site-state	change	yes	0.0105044556243869	1175
155	site-state	sera aa	H	-0.0005245236131922	2384
155	site-state	sera aa	T	0.0014652627657425	5167
155	site-state	sera aa	Y	-0.0309334786018555	1048
155	site-state	virus aa	H	-0.0040057402873282	2316
155	site-state	virus aa	T	-0.0022836533386215	5505
155	site-state	virus aa	Y	0.0172695551012601	778
155	substitution	substitution absent	H155T	-0.0002747840047438	8274
155	substitution	substitution absent	H155Y	-0.0078657546907641	8404
155	substitution	substitution absent	T155H	-0.0024755156059279	8499
155	substitution	substitution absent	T155Y	-0.0017651661481921	8554
155	substitution	substitution absent	Y155H	-0.0079499963316109	8247
155	substitution	substitution absent	Y155T	0.000225062491498	8441
155	substitution	substitution present	H155T	0.0039512821182571	325
155	substitution	substitution present	H155Y	0.2814873776830388	195
155	substitution	substitution present	T155H	0.2720370276419491	100
155	substitution	substitution present	T155Y	0.3161687067916853	45
155	substitution	substitution present	Y155H	0.1730213718497372	352
155	substitution	substitution present	Y155T	-0.0258802627168239	158
156	site-state	change	no	-0.0607575147441982	6460
156	site-state	change	yes	0.1838330942266923	2139
156	site-state	sera aa	E	-0.0269093956041287	1224
156	site-state	sera aa	H	0.0033243018532017	4639
156	site-state	sera aa	K	0.0052297112981452	1756
156	site-state	sera aa	Q	-0.0041841079291718	968
156	site-state	sera aa	R	0.0	12
156	site-state	virus aa	E	0.0034185690289598	1152
156	site-state	virus aa	H	-0.000869619842343	4982
156	site-state	virus aa	K	0.0050253817336013	1796
156	site-state	virus aa	Q	0.0035637543104116	656
156	site-state	virus aa	R	0.0	13
156	substitution	substitution absent	E156K	-0.0153442989505236	8038
156	substitution	substitution absent	E156Q	0.0	8585
156	substitution	substitution absent	H156K	0.0	8597
156	substitution	substitution absent	H156Q	-0.0144045963322485	8327
156	substitution	substitution absent	H156R	0.0	8589
156	substitution	substitution absent	K156E	-0.0173204789744961	8106
156	substitution	substitution absent	K156H	0.0	8589
156	substitution	substitution absent	K156Q	-0.0003707359980442	8516
156	substitution	substitution absent	Q156E	0.0	8589
156	substitution	substitution absent	Q156H	-0.0090011347498216	7991
156	substitution	substitution absent	Q156K	-1.5414868323535694e-06	8536
156	substitution	substitution absent	Q156R	0.0	8597
156	substitution	substitution absent	R156H	0.0	8590
156	substitution	substitution absent	R156Q	0.0	8597
156	substitution	substitution present	E156K	0.2271130705623597	561
156	substitution	substitution present	E156Q	0.0	14
156	substitution	substitution present	H156K	0.0	2
156	substitution	substitution present	H156Q	0.3902413076474124	272
156	substitution	substitution present	H156R	0.0	10
156	substitution	substitution present	K156E	0.2155048177055633	493
156	substitution	substitution present	K156H	0.0	10
156	substitution	substitution present	K156Q	0.3919351457835958	83
156	substitution	substitution present	Q156E	0.0	10
156	substitution	substitution present	Q156H	0.1245930290789144	608
156	substitution	substitution present	Q156K	0.0074084610177901	63
156	substitution	substitution present	Q156R	0.0	2
156	substitution	substitution present	R156H	0.0	9
156	substitution	substitution present	R156Q	0.0	2
157	site-state	change	no	-0.0123043759149471	7473
157	site-state	change	yes	0.0875645406943681	1126
157	site-state	sera aa	L	0.000451538255615	6336
157	site-state	sera aa	S	0.0	2263
157	site-state	virus aa	L	0.0041284681515551	6327
157	site-state	virus aa	P	0.0	9
157	site-state	virus aa	S	-0.0036266643536127	2263
157	substitution	substitution absent	L157S	-0.0085662086730563	8036
157	substitution	substitution absent	S157L	-0.0237702907497821	8045
157	substitution	substitution absent	S157P	0.0	8590
157	substitution	substitution present	L157S	0.1662096332382963	563
157	substitution	substitution present	S157L	0.4024945020777967	554
157	substitution	substitution present	S157P	0.0	9
158	site-state	change	no	-0.0111947236765319	6823
158	site-state	change	yes	0.063572293330323	1776
158	site-state	sera aa	D	-0.5279931156450137	144
158	site-state	sera aa	E	0.0263231312128994	2427
158	site-state	sera aa	G	0.0	409
158	site-state	sera aa	K	0.0009386927229097	4432
158	site-state	sera aa	N	0.0380724450340801	1134
158	site-state	sera aa	R	0.0049331986882174	53
158	site-state	virus aa	D	-0.141054656104638	321
158	site-state	virus aa	E	0.0233677797179316	2002
158	site-state	virus aa	G	-0.0037985878213976	625
158	site-state	virus aa	K	0.0023524497640281	4307
158	site-state	virus aa	N	-0.0022357842840908	1250
158	site-state	virus aa	R	-0.2007468048758629	94
158	substitution	substitution absent	D158E	0.0121566986353812	8475
158	substitution	substitution absent	D158G	0.0	8587
158	substitution	substitution absent	D158K	0.0	8597
158	substitution	substitution absent	E158D	0.0109166804952283	8296
158	substitution	substitution absent	E158G	-0.0044931718982713	8230
158	substitution	substitution absent	E158K	-0.0004584781681584	8507
158	substitution	substitution absent	G158D	0.0	8591
158	substitution	substitution absent	G158E	-0.0023248792256733	8448
158	substitution	substitution absent	G158K	0.0	8586
158	substitution	substitution absent	K158D	0.0	8595
158	substitution	substitution absent	K158E	-0.001282107588231	8535
158	substitution	substitution absent	K158G	0.0	8592
158	substitution	substitution absent	K158N	-0.0280380725130721	8295
158	substitution	substitution absent	K158R	-0.0007925223224814	8511
158	substitution	substitution absent	N158K	-0.0309401502739751	8411
158	substitution	substitution absent	R158K	-0.0057150246014702	8552
158	substitution	substitution present	D158E	-0.8706586489025533	124
158	substitution	substitution present	D158G	0.0	12
158	substitution	substitution present	D158K	0.0	2
158	substitution	substitution present	E158D	-0.4562805852402592	303
158	substitution	substitution present	E158G	0.2584964702222714	369
158	substitution	substitution present	E158K	-0.0115571912097409	92
158	substitution	substitution present	G158D	0.0	8
158	substitution	substitution present	G158E	0.1531417909083441	151
158	substitution	substitution present	G158K	0.0	13
158	substitution	substitution present	K158D	0.0	4
158	substitution	substitution present	K158E	0.123532955052917	64
158	substitution	substitution present	K158G	0.0	7
158	substitution	substitution present	K158N	0.8828327528964391	304
158	substitution	substitution present	K158R	0.1654718895800056	88
158	substitution	substitution present	N158K	1.561411682863215	188
158	substitution	substitution present	R158K	1.027776205638173	47
159	site-state	change	no	-0.0335976417544689	7182
159	site-state	change	yes	0.1326785446754832	1417
159	site-state	sera aa	F	0.0060787241630179	4136
159	site-state	sera aa	H	0.0	30
159	site-state	sera aa	Q	0.0	106
159	site-state	sera aa	R	0.0	15
159	site-state	sera aa	S	-0.0073284698569598	883
159	site-state	sera aa	Y	-0.0018010533606824	3429
159	site-state	virus aa	D	0.0	6
159	site-state	virus aa	F	0.0010338013642433	4351
159	site-state	virus aa	H	0.0	19
159	site-state	virus aa	N	0.0	41
159	site-state	virus aa	Q	0.0	30
159	site-state	virus aa	R	0.0	14
159	site-state	virus aa	S	-0.0222305292229549	902
159	site-state	virus aa	Y	0.0168874082287854	3236
159	substitution	substitution absent	F159S	-0.0015628938661995	8574
159	substitution	substitution absent	F159Y	-0.0087328752857487	8447
159	substitution	substitution absent	H159Q	0.0	8598
159	substitution	substitution absent	H159R	0.0	8598
159	substitution	substitution absent	H159S	0.0	8594
159	substitution	substitution absent	H159Y	0.0	8576
159	substitution	substitution absent	Q159H	0.0	8598
159	substitution	substitution absent	Q159R	0.0	8598
159	substitution	substitution absent	Q159S	0.0	8593
159	substitution	substitution absent	Q159Y	-0.0008264045245319	8502
159	substitution	substitution absent	R159H	0.0	8598
159	substitution	substitution absent	R159Q	0.0	8598
159	substitution	substitution absent	R159S	0.0	8592
159	substitution	substitution absent	R159Y	0.0	8594
159	substitution	substitution absent	S159F	-9.409188073110212e-05	8575
159	substitution	substitution absent	S159H	0.0	8592
159	substitution	substitution absent	S159N	2.11109824243748e-05	8566
159	substitution	substitution absent	S159Q	0.0	8590
159	substitution	substitution absent	S159R	0.0	8593
159	substitution	substitution absent	S159Y	-0.0072545024253283	8328
159	substitution	substitution absent	Y159D	0.0	8593
159	substitution	substitution absent	Y159F	-0.0066928337171055	8231
159	substitution	substitution absent	Y159H	0.0	8589
159	substitution	substitution absent	Y159N	0.0	8591
159	substitution	substitution absent	Y159Q	0.0	8581
159	substitution	substitution absent	Y159R	0.0	8594
159	substitution	substitution absent	Y159S	0.0048968751580681	8273
159	substitution	substitution present	F159S	0.0	25
159	substitution	substitution present	F159Y	0.469198697000506	152
159	substitution	substitution present	H159Q	0.0	1
159	substitution	substitution present	H159R	0.0	1
159	substitution	substitution present	H159S	0.0	5
159	substitution	substitution present	H159Y	0.0	23
159	substitution	substitution present	Q159H	0.0	1
159	substitution	substitution present	Q159R	0.0	1
159	substitution	substitution present	Q159S	0.0	6
159	substitution	substitution present	Q159Y	0.0497602224659717	97
159	substitution	substitution present	R159H	0.0	1
159	substitution	substitution present	R159Q	0.0	1
159	substitution	substitution present	R159S	0.0	7
159	substitution	substitution present	R159Y	0.0	5
159	substitution	substitution present	S159F	0.0061381650319412	24
159	substitution	substitution present	S159H	0.0	7
159	substitution	substitution present	S159N	0.0	33
159	substitution	substitution present	S159Q	0.0	9
159	substitution	substitution present	S159R	0.0	6
159	substitution	substitution present	S159Y	0.3278818581301248	271
159	substitution	substitution present	Y159D	0.0	6
159	substitution	substitution present	Y159F	0.1382248428687396	368
159	substitution	substitution present	Y159H	0.0	10
159	substitution	substitution present	Y159N	0.0	8
159	substitution	substitution present	Y159Q	0.0	18
159	substitution	substitution present	Y159R	0.0	5
159	substitution	substitution present	Y159S	-0.0987807786535491	326
160	site-state	change	no	-0.0003100396182437	7759
160	site-state	change	yes	0.0007023802318031	840
160	site-state	sera aa	A	0.4000188256433229	65
160	site-state	sera aa	K	2.941011125639395e-05	7915
160	site-state	sera aa	R	0.0	156
160	site-state	sera aa	T	-0.011151547363152	463
160	site-state	virus aa	A	0.0	21
160	site-state	virus aa	K	0.0	7852
160	site-state	virus aa	Q	0.0	6
160	site-state	virus aa	R	0.0	75
160	site-state	virus aa	T	0.0008108721227868	645
160	substitution	substitution absent	A160K	-0.0007346866942163	8577
160	substitution	substitution absent	A160T	0.0074404835258051	8557
160	substitution	substitution absent	K160A	0.0	8584
160	substitution	substitution absent	K160Q	0.0	8593
160	substitution	substitution absent	K160R	-0.0004003383098723	8529
160	substitution	substitution absent	K160T	4.2193507583487456e-05	8262
160	substitution	substitution absent	R160K	-0.0004187870071564	8448
160	substitution	substitution absent	T160A	0.0	8594
160	substitution	substitution absent	T160K	0.0028580559917044	8407
160	substitution	substitution present	A160K	0.0670368472029921	22
160	substitution	substitution present	A160T	-1.4638990232122948	42
160	substitution	substitution present	K160A	0.0	15
160	substitution	substitution present	K160Q	0.0	6
160	substitution	substitution present	K160R	0.01794180704735	70
160	substitution	substitution present	K160T	-0.0027596990599989	337
160	substitution	substitution present	R160K	0.0288704639556393	151
160	substitution	substitution present	T160A	0.0	5
160	substitution	substitution present	T160K	-0.1031732684129171	192
161	site-state	change	no	0.0	8599
161	site-state	sera aa	Y	0.0	8599
161	site-state	virus aa	Y	0.0	8599
162	site-state	change	no	0.0	8586
162	site-state	change	yes	0.0	13
162	site-state	sera aa	P	0.0	8599
162	site-state	virus aa	P	0.0	8586
162	site-state	virus aa	S	0.0	13
162	substitution	substitution absent	P162S	0.0	8586
162	substitution	substitution present	P162S	0.0	13
163	site-state	change	no	-0.0054977784387394	7972
163	site-state	change	yes	0.0598066340763751	627
163	site-state	sera aa	A	0.0003342082665317	7821
163	site-state	sera aa	V	0.0	778
163	site-state	virus aa	A	2.2664700216641517e-05	7730
163	site-state	virus aa	E	0.0	13
163	site-state	virus aa	V	0.0	856
163	substitution	substitution absent	A163E	0.0	8586
163	substitution	substitution absent	A163V	-0.0033855561646757	8253
163	substitution	substitution absent	V163A	0.0001356053972945	8331
163	substitution	substitution present	A163E	0.0	13
163	substitution	substitution present	A163V	0.0494815000328944	346
163	substitution	substitution present	V163A	-0.0139718092490022	268
164	site-state	change	no	-0.0005670419538424	8348
164	site-state	change	yes	0.0165002940478621	251
164	site-state	sera aa	L	0.0	8453
164	site-state	sera aa	Q	0.0	146
164	site-state	virus aa	L	7.809700399567453e-05	8442
164	site-state	virus aa	Q	0.0	157
164	substitution	substitution absent	L164Q	-0.0023809321764857	8468
164	substitution	substitution absent	Q164L	-0.0005254172000294	8479
164	substitution	substitution present	L164Q	0.2206920514211367	131
164	substitution	substitution present	Q164L	0.041610595777434	120
165	site-state	change	no	-0.000604991451631	8370
165	site-state	change	yes	0.0095574446402357	229
165	site-state	sera aa	K	0.0063261654458395	112
165	site-state	sera aa	N	0.0008374406477196	8469
165	site-state	sera aa	S	0.0	18
165	site-state	virus aa	K	0.0	82
165	site-state	virus aa	N	0.0004788954916214	8474
165	site-state	virus aa	S	0.0	34
165	site-state	virus aa	T	0.0	9
165	substitution	substitution absent	K165N	-0.0017829945344475	8500
165	substitution	substitution absent	K165S	0.0	8596
165	substitution	substitution absent	N165K	-0.0012775200668268	8528
165	substitution	substitution absent	N165S	0.0013412947638261	8569
165	substitution	substitution absent	N165T	0.0	8590
165	substitution	substitution absent	S165K	0.0	8598
165	substitution	substitution absent	S165N	0.0	8583
165	substitution	substitution present	K165N	0.2035096817981717	99
165	substitution	substitution present	K165S	0.0	3
165	substitution	substitution present	N165K	0.0	71
165	substitution	substitution present	N165S	0.0	30
165	substitution	substitution present	N165T	0.0	9
165	substitution	substitution present	S165K	0.0	1
165	substitution	substitution present	S165N	0.0	16
166	site-state	change	no	0.0	8599
166	site-state	sera aa	V	0.0	8599
166	site-state	virus aa	V	0.0	8599
167	site-state	change	no	-9.190592635842628e-05	8554
167	site-state	change	yes	0.0222536789010995	39
167	site-state	sera aa	T	0.0	8599
167	site-state	virus aa	A	0.0	30
167	site-state	virus aa	S	0.0	9
167	site-state	virus aa	T	0.0	8554
167	substitution	substitution absent	T167A	-0.0001018592659349	8569
167	substitution	substitution absent	T167S	0.0	8590
167	substitution	substitution present	T167A	0.0	30
167	substitution	substitution present	T167S	0.0	9
168	site-state	change	no	-0.0001077639346025	8531
168	site-state	sera aa	M	0.0001585000789468	8552
168	site-state	virus aa	M	-8.210876314128939e-06	8574
169	site-state	change	no	-5.392289171673237e-05	8569
169	site-state	change	yes	0.006237879707031	30
169	site-state	sera aa	P	0.0	8586
169	site-state	sera aa	S	0.0	13
169	site-state	virus aa	P	-7.052066561700074e-05	8578
169	site-state	virus aa	S	0.0	21
169	substitution	substitution absent	P169S	0.0	8580
169	substitution	substitution absent	S169P	0.0	8588
169	substitution	substitution present	P169S	0.0	19
169	substitution	substitution present	S169P	0.0	11
170	site-state	change	no	0.0	8599
170	site-state	sera aa	N	0.0	8599
170	site-state	virus aa	N	0.0	8599
171	site-state	change	no	0.0	8567
171	site-state	change	yes	0.0	32
171	site-state	sera aa	N	0.0	8599
171	site-state	virus aa	K	0.0	16
171	site-state	virus aa	N	0.0	8567
171	site-state	virus aa	T	0.0	16
171	substitution	substitution absent	N171K	0.0	8583
171	substitution	substitution absent	N171T	0.0	8583
171	substitution	substitution present	N171K	0.0	16
171	substitution	substitution present	N171T	0.0	16
172	site-state	change	no	-0.0025625257722075	7298
172	site-state	change	yes	0.0199766071465171	1301
172	site-state	sera aa	D	-0.0275435422209394	1220
172	site-state	sera aa	E	0.0013812487853738	5369
172	site-state	sera aa	G	-0.0013641889924269	2010
172	site-state	virus aa	D	0.0180842025959961	1275
172	site-state	virus aa	E	-0.0004609400147255	5507
172	site-state	virus aa	G	0.0016560983446626	1817
172	substitution	substitution absent	D172E	-0.0002619675350489	8429
172	substitution	substitution absent	D172G	0.0012966687010086	8156
172	substitution	substitution absent	E172D	2.841657416399933e-05	8571
172	substitution	substitution absent	E172G	0.0	8587
172	substitution	substitution absent	G172D	-0.0005260521621694	7959
172	substitution	substitution absent	G172E	0.0	8591
172	substitution	substitution present	D172E	0.0037032989796371	170
172	substitution	substitution present	D172G	-0.004217390719408	443
172	substitution	substitution present	E172D	-0.0031854751525096	28
172	substitution	substitution present	E172G	0.0	12
172	substitution	substitution present	G172D	0.013645865037752	640
172	substitution	substitution present	G172E	0.0	8
173	site-state	change	no	-0.0207015271869099	6663
173	site-state	change	yes	0.0561323278433204	1936
173	site-state	sera aa	E	0.0095327012441099	291
173	site-state	sera aa	K	-0.0014142997274816	6284
173	site-state	sera aa	N	-0.0024152785765501	722
173	site-state	sera aa	Q	0.0003594556699683	1195
173	site-state	sera aa	R	0.0	107
173	site-state	virus aa	E	0.0010436351852281	319
173	site-state	virus aa	K	4.087748215510796e-05	5973
173	site-state	virus aa	N	0.0002172608611599	860
173	site-state	virus aa	Q	0.0041103943617091	1413
173	site-state	virus aa	R	0.0	34
173	substitution	substitution absent	E173K	0.0013424302884288	8389
173	substitution	substitution absent	E173N	0.0	8594
173	substitution	substitution absent	E173Q	0.0	8578
173	substitution	substitution absent	K173E	-0.0015616885887266	8341
173	substitution	substitution absent	K173N	0.0003584285553698	8176
173	substitution	substitution absent	K173Q	-0.0043948348434438	8235
173	substitution	substitution absent	K173R	-1.7996506437569576e-05	8576
173	substitution	substitution absent	N173E	0.0	8597
173	substitution	substitution absent	N173K	0.00306541234284	8342
173	substitution	substitution absent	N173Q	-0.0020106128321278	8554
173	substitution	substitution absent	N173R	0.0	8589
173	substitution	substitution absent	Q173E	0.0	8595
173	substitution	substitution absent	Q173K	1.4834880530248882e-05	8405
173	substitution	substitution absent	Q173N	0.0	8585
173	substitution	substitution absent	R173K	0.0001432016025225	8503
173	substitution	substitution absent	R173N	0.0	8589
173	substitution	substitution present	E173K	-0.0435452075633012	210
173	substitution	substitution present	E173N	0.0	5
173	substitution	substitution present	E173Q	0.0	21
173	substitution	substitution present	K173E	0.0575517145497817	258
173	substitution	substitution present	K173N	0.0390613947485689	423
173	substitution	substitution present	K173Q	0.0719203510447423	364
173	substitution	substitution present	K173R	0.0	23
173	substitution	substitution present	N173E	0.0	2
173	substitution	substitution present	N173K	-0.1601716706608366	257
173	substitution	substitution present	N173Q	0.34676545919785	45
173	substitution	substitution present	N173R	0.0	10
173	substitution	substitution present	Q173E	0.0	4
173	substitution	substitution present	Q173K	-0.210465819010962	194
173	substitution	substitution present	Q173N	0.0	14
173	substitution	substitution present	R173K	-0.0173326420495653	96
173	substitution	substitution present	R173N	0.0	10
174	site-state	change	no	-0.0011330041735662	8322
174	site-state	change	yes	0.0418180539105485	277
174	site-state	sera aa	F	0.0	8447
174	site-state	sera aa	L	0.0	6
174	site-state	sera aa	S	0.0	146
174	site-state	virus aa	F	-5.794631535657498e-05	8420
174	site-state	virus aa	L	0.0	6
174	site-state	virus aa	S	0.0	157
174	site-state	virus aa	V	0.0	16
174	substitution	substitution absent	F174L	0.0	8594
174	substitution	substitution absent	F174S	0.0	8468
174	substitution	substitution absent	F174V	0.0	8583
174	substitution	substitution absent	L174F	0.0	8594
174	substitution	substitution absent	S174F	0.0	8479
174	substitution	substitution present	F174L	0.0	5
174	substitution	substitution present	F174S	0.0	131
174	substitution	substitution present	F174V	0.0	16
174	substitution	substitution present	L174F	0.0	5
174	substitution	substitution present	S174F	0.0	120
175	site-state	change	no	0.0004368305075765	8394
175	site-state	change	yes	-0.036091492440334	205
175	site-state	sera aa	D	0.000825570852085	8437
175	site-state	sera aa	E	0.0	162
175	site-state	virus aa	D	0.0001381630316537	8548
175	site-state	virus aa	E	0.0	51
175	substitution	substitution absent	D175E	0.0010681072906739	8552
175	substitution	substitution absent	E175D	0.003154951321118	8441
175	substitution	substitution present	D175E	0.0967458695692625	47
175	substitution	substitution present	E175D	-0.1535477815210622	158
176	site-state	change	no	0.0	8582
176	site-state	change	yes	0.0	17
176	site-state	sera aa	K	0.0	8599
176	site-state	virus aa	K	0.0	8582
176	site-state	virus aa	R	0.0	17
176	substitution	substitution absent	K176R	0.0	8582
176	substitution	substitution present	K176R	0.0	17
177	site-state	change	no	0.0	8599
177	site-state	sera aa	L	0.0	8599
177	site-state	virus aa	L	0.0	8599
178	site-state	change	no	0.0	8599
178	site-state	sera aa	Y	0.0	8599
178	site-state	virus aa	Y	0.0	8599
179	site-state	change	no	0.0	8599
179	site-state	sera aa	I	0.0	8599
179	site-state	virus aa	I	0.0	8599
180	site-state	change	no	0.0	8599
180	site-state	sera aa	W	0.0	8599
180	site-state	virus aa	W	0.0	8599
181	site-state	change	no	0.0	8599
181	site-state	sera aa	G	0.0	8599
181	site-state	virus aa	G	0.0	8599
182	site-state	change	no	0.0011322072060808	8467
182	site-state	change	yes	-0.0185863712637297	132
182	site-state	sera aa	I	-0.0034378921094465	83
182	site-state	sera aa	V	0.0	8516
182	site-state	virus aa	I	-0.0278573545089926	53
182	site-state	virus aa	V	0.0	8546
182	substitution	substitution absent	I182V	0.0009557418722183	8518
182	substitution	substitution absent	V182I	0.0010294003681123	8548
182	substitution	substitution present	I182V	-0.1421596018436133	81
182	substitution	substitution present	V182I	-0.0621514698642167	51
183	site-state	change	no	-0.0002244041296338	8179
183	site-state	change	yes	-0.0020152512248795	420
183	site-state	sera aa	H	3.0514566842062194e-06	8346
183	site-state	sera aa	L	-0.0045415781704107	245
183	site-state	sera aa	P	0.0	8
183	site-state	virus aa	H	-1.0972646980479156e-05	8381
183	site-state	virus aa	L	0.0040068398077027	215
183	site-state	virus aa	P	0.0	3
183	substitution	substitution absent	H183L	-0.0002816828133968	8409
183	substitution	substitution absent	H183P	0.0	8597
183	substitution	substitution absent	L183H	-0.0011058969075447	8378
183	substitution	substitution absent	P183H	0.0	8593
183	substitution	substitution absent	P183L	0.0	8598
183	substitution	substitution present	H183L	0.0739352167570458	190
183	substitution	substitution present	H183P	0.0	2
183	substitution	substitution present	L183H	0.0437774356331799	221
183	substitution	substitution present	P183H	0.0	6
183	substitution	substitution present	P183L	0.0	1
184	site-state	change	no	0.0	8599
184	site-state	sera aa	H	0.0	8599
184	site-state	virus aa	H	0.0	8599
185	site-state	change	no	0.0	8599
185	site-state	sera aa	P	0.0	8599
185	site-state	virus aa	P	0.0	8599
186	site-state	change	no	-0.0183162084975522	5852
186	site-state	change	yes	0.0316100906688321	2747
186	site-state	sera aa	D	0.0	34
186	site-state	sera aa	G	0.01210485793058	3054
186	site-state	sera aa	I	-0.0807813421103401	136
186	site-state	sera aa	S	0.0018115091904112	3383
186	site-state	sera aa	V	0.0044952056733816	1992
186	site-state	virus aa	D	0.0	76
186	site-state	virus aa	G	-0.0047182282616396	4031
186	site-state	virus aa	I	-0.1151914407802749	59
186	site-state	virus aa	S	0.0044400327191646	3146
186	site-state	virus aa	V	0.0091985364731835	1287
186	substitution	substitution absent	D186G	1.8038555872518834e-05	8576
186	substitution	substitution absent	D186V	0.0	8591
186	substitution	substitution absent	G186D	0.0006299014127153	8562
186	substitution	substitution absent	G186S	-0.0026217033221362	8534
186	substitution	substitution absent	G186V	-0.009071389577432	7976
186	substitution	substitution absent	I186S	0.0019537670774583	8466
186	substitution	substitution absent	I186V	0.0	8598
186	substitution	substitution absent	S186D	0.0	8591
186	substitution	substitution absent	S186G	-0.0011301337438735	8282
186	substitution	substitution absent	S186I	0.0043734698640285	8542
186	substitution	substitution absent	S186V	-0.000839270144875	8530
186	substitution	substitution absent	V186D	-0.0011743263141423	8571
186	substitution	substitution absent	V186G	-0.0396223875973823	7237
186	substitution	substitution absent	V186S	0.0	8583
186	substitution	substitution present	D186G	-0.0022729207719036	23
186	substitution	substitution present	D186V	0.0	8
186	substitution	substitution present	G186D	0.0	37
186	substitution	substitution present	G186S	0.675245515649487	65
186	substitution	substitution present	G186V	0.1261802054244612	623
186	substitution	substitution present	I186S	-0.2979861027897372	133
186	substitution	substitution present	I186V	0.0	1
186	substitution	substitution present	S186D	0.0	8
186	substitution	substitution present	S186G	0.0298705888010434	317
186	substitution	substitution present	S186I	-0.378432605437071	57
186	substitution	substitution present	S186V	0.0967491501601954	69
186	substitution	substitution present	V186D	0.0	28
186	substitution	substitution present	V186G	0.1907639730781979	1362
186	substitution	substitution present	V186S	0.0	16
187	site-state	change	no	0.0	8599
187	site-state	sera aa	T	0.0	8599
187	site-state	virus aa	T	0.0	8599
188	site-state	change	no	-0.0077116300821514	7618
188	site-state	change	yes	0.0340959994410459	981
188	site-state	sera aa	D	-0.0020272553812482	8042
188	site-state	sera aa	E	-0.3806523370644682	72
188	site-state	sera aa	N	0.0572044769297744	412
188	site-state	sera aa	Y	0.0349327517234434	73
188	site-state	virus aa	D	0.0007617026155175	8025
188	site-state	virus aa	E	0.0	62
188	site-state	virus aa	N	-0.012838603570695	437
188	site-state	virus aa	Y	-0.0394097159232188	75
188	substitution	substitution absent	D188E	0.0014060292410319	8540
188	substitution	substitution absent	D188N	0.0015931425295914	8235
188	substitution	substitution absent	D188Y	-0.0001782009821932	8534
188	substitution	substitution absent	E188D	0.0009316648741753	8546
188	substitution	substitution absent	E188N	0.0	8582
188	substitution	substitution absent	N188D	-0.0099823409022733	8246
188	substitution	substitution absent	N188E	0.0	8598
188	substitution	substitution absent	N188Y	0.0	8596
188	substitution	substitution absent	Y188D	-0.0023544052384289	8534
188	substitution	substitution absent	Y188N	0.0	8598
188	substitution	substitution present	D188E	-0.1005284948503147	59
188	substitution	substitution present	D188N	-0.0122785574719721	364
188	substitution	substitution present	D188Y	0.1178155264369807	65
188	substitution	substitution present	E188D	-0.1143936418497894	53
188	substitution	substitution present	E188N	0.0	17
188	substitution	substitution present	N188D	0.2947045799847733	353
188	substitution	substitution present	N188E	0.0	1
188	substitution	substitution present	N188Y	0.0	3
188	substitution	substitution present	Y188D	0.3157194737285552	65
188	substitution	substitution present	Y188N	0.0	1
189	site-state	change	no	-0.3790271498177855	5776
189	site-state	change	yes	0.8993972715817284	2823
189	site-state	sera aa	K	0.0002690324197448	2008
189	site-state	sera aa	N	0.0043998892423472	2880
189	site-state	sera aa	Q	-0.0652449002194362	263
189	site-state	sera aa	R	0.0006934183341708	906
189	site-state	sera aa	S	-0.0018162155308354	2508
189	site-state	sera aa	Y	-0.0188771919595938	34
189	site-state	virus aa	K	0.0151395514112131	1780
189	site-state	virus aa	N	0.0013986983553783	2959
189	site-state	virus aa	Q	0.0004258792889974	468
189	site-state	virus aa	R	-0.001460143785632	1002
189	site-state	virus aa	S	0.0014968441652704	2341
189	site-state	virus aa	Y	0.0	49
189	substitution	substitution absent	K189N	0.0	8411
189	substitution	substitution absent	K189Q	-0.0074120022675549	8338
189	substitution	substitution absent	K189R	-0.0046318054893847	8355
189	substitution	substitution absent	K189S	0.0003067339431591	8539
189	substitution	substitution absent	N189K	0.0	8295
189	substitution	substitution absent	N189S	-0.009036958973953	8318
189	substitution	substitution absent	N189Y	0.000115965307566	8565
189	substitution	substitution absent	Q189K	-0.0024377521147035	8521
189	substitution	substitution absent	Q189R	6.181015090580306e-05	8567
189	substitution	substitution absent	Q189S	5.6797232416417626e-05	8555
189	substitution	substitution absent	R189K	-0.0063861753203395	8498
189	substitution	substitution absent	R189Q	-0.000290915244929	8537
189	substitution	substitution absent	R189S	0.0004370420402132	8328
189	substitution	substitution absent	S189K	-8.47083208170961e-05	8557
189	substitution	substitution absent	S189N	-0.0111912113397874	8113
189	substitution	substitution absent	S189Q	8.299859702917353e-05	8563
189	substitution	substitution absent	S189R	-0.021967711859071	8345
189	substitution	substitution absent	S189Y	0.0	8586
189	substitution	substitution absent	Y189N	-0.0002380592077754	8575
189	substitution	substitution absent	Y189S	0.0	8591
189	substitution	substitution present	K189N	0.0	188
189	substitution	substitution present	K189Q	0.3591895331351077	261
189	substitution	substitution present	K189R	0.1700824035775809	244
189	substitution	substitution present	K189S	-0.0638834525413964	60
189	substitution	substitution present	N189K	0.0	304
189	substitution	substitution present	N189S	0.2438718668132355	281
189	substitution	substitution present	N189Y	0.0	34
189	substitution	substitution present	Q189K	0.3573491506779637	78
189	substitution	substitution present	Q189R	-0.0015034829137404	32
189	substitution	substitution present	Q189S	-0.0056284214089896	44
189	substitution	substitution present	R189K	0.5380101743835596	101
189	substitution	substitution present	R189Q	0.0418562047027091	62
189	substitution	substitution present	R189S	-0.1105868751714157	271
189	substitution	substitution present	S189K	0.0045710522648434	42
189	substitution	substitution present	S189N	0.1802067303484251	486
189	substitution	substitution present	S189Q	-0.0017315803200069	36
189	substitution	substitution present	S189R	1.031192559820898	254
189	substitution	substitution present	S189Y	0.0	13
189	substitution	substitution present	Y189N	0.0341902007541322	24
189	substitution	substitution present	Y189S	0.0	8
190	site-state	change	no	-0.0006894590049361	7619
190	site-state	change	yes	0.0087744913210919	980
190	site-state	sera aa	D	-0.0003644894236119	6560
190	site-state	sera aa	E	0.0013981548928722	2005
190	site-state	sera aa	V	0.0	34
190	site-state	virus aa	D	0.0002958382136103	6518
190	site-state	virus aa	E	-0.0007553535534691	1982
190	site-state	virus aa	N	0.0	23
190	site-state	virus aa	V	0.0	76
190	substitution	substitution absent	D190E	-0.0106309079677332	8183
190	substitution	substitution absent	D190N	0.0	8578
190	substitution	substitution absent	D190V	0.0001004755617348	8526
190	substitution	substitution absent	E190D	-0.0016062749968737	8162
190	substitution	substitution absent	E190N	0.0	8597
190	substitution	substitution absent	V190D	-0.0005802418275337	8568
190	substitution	substitution present	D190E	0.5024801799367057	416
190	substitution	substitution present	D190N	0.0	21
190	substitution	substitution present	D190V	0.0	73
190	substitution	substitution present	E190D	0.0415870107750842	437
190	substitution	substitution present	E190N	0.0	2
190	substitution	substitution present	V190D	0.1838872914958296	31
191	site-state	change	no	0.0	8599
191	site-state	sera aa	Q	0.0	8599
191	site-state	virus aa	Q	0.0	8599
192	site-state	change	no	-0.0004229483990427	8336
192	site-state	change	yes	0.0040010037698623	263
192	site-state	sera aa	I	0.0	5369
192	site-state	sera aa	T	0.0	3230
192	site-state	virus aa	I	-0.0008649892058419	5504
192	site-state	virus aa	T	0.0	3095
192	substitution	substitution absent	I192T	-0.0018817440061182	8535
192	substitution	substitution absent	T192I	0.0016596923264888	8400
192	substitution	substitution present	I192T	0.3342571030026672	64
192	substitution	substitution present	T192I	-0.053741808285944	199
193	site-state	change	no	-0.0385464427589983	6182
193	site-state	change	yes	0.0948163345574762	2417
193	site-state	sera aa	D	0.0116270684170177	39
193	site-state	sera aa	F	0.0169378175923849	2699
193	site-state	sera aa	K	-0.0475663674237914	130
193	site-state	sera aa	N	-0.0034387635341912	1638
193	site-state	sera aa	R	-0.0120965756031198	333
193	site-state	sera aa	S	-0.0003547342550692	3760
193	site-state	virus aa	D	0.0118503033919241	133
193	site-state	virus aa	F	0.0016498260287582	2746
193	site-state	virus aa	K	0.0	70
193	site-state	virus aa	N	0.0955360592860523	1063
193	site-state	virus aa	R	-0.0661140154060344	287
193	site-state	virus aa	S	-0.0014827523345994	4293
193	site-state	virus aa	Y	0.0	7
193	substitution	substitution absent	D193K	0.0	8598
193	substitution	substitution absent	D193N	0.0	8592
193	substitution	substitution absent	D193S	-0.0001696602024866	8576
193	substitution	substitution absent	F193N	0.0	8589
193	substitution	substitution absent	F193R	-0.0046322024892496	8470
193	substitution	substitution absent	F193S	-0.0076085328519404	8446
193	substitution	substitution absent	F193Y	0.0	8592
193	substitution	substitution absent	K193D	0.0	8593
193	substitution	substitution absent	K193N	0.0002157706242001	8570
193	substitution	substitution absent	K193S	0.0099249108865717	8507
193	substitution	substitution absent	N193D	0.0008187517586821	8503
193	substitution	substitution absent	N193F	1.3955534940019096e-05	8575
193	substitution	substitution absent	N193K	0.0023076392853926	8568
193	substitution	substitution absent	N193R	0.0	8587
193	substitution	substitution absent	N193S	-0.001392589847753	7784
193	substitution	substitution absent	R193F	-0.0009496823763024	8472
193	substitution	substitution absent	R193N	0.0	8578
193	substitution	substitution absent	R193S	-0.0003152375350532	8457
193	substitution	substitution absent	S193D	0.0	8576
193	substitution	substitution absent	S193F	-0.0006473063499393	8404
193	substitution	substitution absent	S193K	0.0016918776950318	8564
193	substitution	substitution absent	S193N	-0.0052540731120865	8263
193	substitution	substitution absent	S193R	0.0001750377973474	8496
193	substitution	substitution present	D193K	0.0	1
193	substitution	substitution present	D193N	0.0	7
193	substitution	substitution present	D193S	0.0690811085098247	23
193	substitution	substitution present	F193N	0.0	10
193	substitution	substitution present	F193R	0.3175550203251767	129
193	substitution	substitution present	F193S	0.2615329376561185	153
193	substitution	substitution present	F193Y	0.0	7
193	substitution	substitution present	K193D	0.0	6
193	substitution	substitution present	K193N	-0.0376837889331693	29
193	substitution	substitution present	K193S	-1.1878016396481998	92
193	substitution	substitution present	N193D	-0.0409310331973322	96
193	substitution	substitution present	N193F	-0.0005366214362162	24
193	substitution	substitution present	N193K	0.0	31
193	substitution	substitution present	N193R	0.0	12
193	substitution	substitution present	N193S	0.0169289959147079	815
193	substitution	substitution present	R193F	0.0312641867230415	127
193	substitution	substitution present	R193N	0.0	21
193	substitution	substitution present	R193S	0.0071708686397202	142
193	substitution	substitution present	S193D	0.0	23
193	substitution	substitution present	S193F	0.0209771025988212	195
193	substitution	substitution present	S193K	0.0	35
193	substitution	substitution present	S193N	0.1993956465500282	336
193	substitution	substitution present	S193R	-0.0274451598259736	103
194	site-state	change	no	0.0020896593531154	7449
194	site-state	change	yes	-0.0161311296433682	1150
194	site-state	sera aa	I	-0.0142407128311384	371
194	site-state	sera aa	L	0.004384401808372	7741
194	site-state	sera aa	P	-0.0192846170341696	487
194	site-state	virus aa	I	-0.0159043956582247	177
194	site-state	virus aa	L	0.0029776072817231	8067
194	site-state	virus aa	P	-0.0125633126975565	355
194	substitution	substitution absent	I194L	3.862272560951044e-05	8263
194	substitution	substitution absent	L194I	0.0018702650901583	8457
194	substitution	substitution absent	L194P	0.0040980939934105	8329
194	substitution	substitution absent	P194L	0.0029766146747003	8197
194	substitution	substitution present	I194L	0.0112543679904734	336
194	substitution	substitution present	L194I	-0.1653880580403982	142
194	substitution	substitution present	L194P	0.0471168626250144	270
194	substitution	substitution present	P194L	-0.0103404727315315	402
195	site-state	change	no	3.627491729995087e-05	8524
195	site-state	change	yes	-0.0656129419668582	75
195	site-state	sera aa	H	-0.010012769047036	36
195	site-state	sera aa	Y	0.0	8563
195	site-state	virus aa	H	0.0	43
195	site-state	virus aa	Y	0.0	8556
195	substitution	substitution absent	H195Y	0.0002607805667941	8565
195	substitution	substitution absent	Y195H	-0.0003612401722017	8558
195	substitution	substitution present	H195Y	-0.033648098935598	34
195	substitution	substitution present	Y195H	0.0	41
196	site-state	change	no	0.0001681577823764	7325
196	site-state	change	yes	0.0054545528683	1274
196	site-state	sera aa	A	-0.0003996425636872	5038
196	site-state	sera aa	I	0.0	83
196	site-state	sera aa	T	-0.0018406222693924	428
196	site-state	sera aa	V	-0.0008175708695232	3050
196	site-state	virus aa	A	0.0011203950583799	5301
196	site-state	virus aa	I	-0.2611500261074839	176
196	site-state	virus aa	T	0.0	214
196	site-state	virus aa	V	0.0003278906999688	2908
196	substitution	substitution absent	A196I	0.0	8596
196	substitution	substitution absent	A196T	-0.0017823695454596	8414
196	substitution	substitution absent	A196V	-0.0005669450126534	8417
196	substitution	substitution absent	I196A	0.0	8594
196	substitution	substitution absent	I196V	2.693955534983935e-06	8523
196	substitution	substitution absent	T196A	-0.0023487366909905	8210
196	substitution	substitution absent	T196V	0.0	8582
196	substitution	substitution absent	V196A	-0.0003003555341606	8360
196	substitution	substitution absent	V196I	0.008191471937979	8428
196	substitution	substitution absent	V196T	0.0	8592
196	substitution	substitution present	A196I	0.0	3
196	substitution	substitution present	A196T	0.1260366639092572	185
196	substitution	substitution present	A196V	0.0812340900803654	182
196	substitution	substitution present	I196A	0.0	5
196	substitution	substitution present	I196V	-0.000835336114734	76
196	substitution	substitution present	T196A	0.0398590093783129	389
196	substitution	substitution present	T196V	0.0	17
196	substitution	substitution present	V196A	0.0098897231071496	239
196	substitution	substitution present	V196I	-0.4600193209072703	171
196	substitution	substitution present	V196T	0.0	7
197	site-state	change	no	-0.004113962822066	7562
197	site-state	change	yes	0.0210942096702082	1037
197	site-state	sera aa	Q	0.0	6589
197	site-state	sera aa	R	0.0	2010
197	site-state	virus aa	H	0.0	8
197	site-state	virus aa	Q	0.0028506759703628	6683
197	site-state	virus aa	R	0.0	1908
197	substitution	substitution absent	Q197H	0.0	8592
197	substitution	substitution absent	Q197R	-0.0004400900567215	8135
197	substitution	substitution absent	R197H	0.0	8598
197	substitution	substitution absent	R197Q	-0.0012901398197106	8034
197	substitution	substitution present	Q197H	0.0	7
197	substitution	substitution present	Q197R	0.0206116523125686	464
197	substitution	substitution present	R197H	0.0	1
197	substitution	substitution present	R197Q	0.0094499939483831	565
198	site-state	change	no	0.000166610932968	8214
198	site-state	change	yes	-0.0065371803158746	385
198	site-state	sera aa	A	-0.0025992452209165	8407
198	site-state	sera aa	S	0.0	80
198	site-state	sera aa	T	0.0190302246908568	112
198	site-state	virus aa	A	0.0002757483041507	8360
198	site-state	virus aa	S	0.0	139
198	site-state	virus aa	T	0.0	100
198	substitution	substitution absent	A198S	-0.0004215555089543	8474
198	substitution	substitution absent	A198T	0.0005006103547012	8508
198	substitution	substitution absent	S198A	-6.008177140422167e-06	8533
198	substitution	substitution absent	T198A	-0.0033515964518083	8496
198	substitution	substitution present	A198S	0.0076376256498799	125
198	substitution	substitution present	A198T	0.0491523929449882	91
198	substitution	substitution present	S198A	-0.0119525905100383	66
198	substitution	substitution present	T198A	0.359408754120831	103
199	site-state	change	no	0.000273551390282	7885
199	site-state	change	yes	-0.0055260818923479	714
199	site-state	sera aa	A	-0.0189659821640038	215
199	site-state	sera aa	P	0.0	210
199	site-state	sera aa	S	0.0001006860619275	8174
199	site-state	virus aa	A	-0.0072733794553862	96
199	site-state	virus aa	L	0.0	8
199	site-state	virus aa	P	-0.0211942499210013	295
199	site-state	virus aa	S	-0.0004703960101938	8200
199	substitution	substitution absent	A199S	-0.0005269262803209	8409
199	substitution	substitution absent	P199S	-0.0013014818107406	8419
199	substitution	substitution absent	S199A	-0.0009197832582854	8528
199	substitution	substitution absent	S199L	0.0	8591
199	substitution	substitution absent	S199P	6.553489190983471e-05	8334
199	substitution	substitution present	A199S	0.0218299011330588	190
199	substitution	substitution present	P199S	0.0742605723425276	180
199	substitution	substitution present	S199A	0.1346042808143086	71
199	substitution	substitution present	S199L	0.0	8
199	substitution	substitution present	S199P	0.0666006068979727	265
200	site-state	change	no	0.0	8599
200	site-state	sera aa	G	0.0	8599
200	site-state	virus aa	G	0.0	8599
201	site-state	change	no	-0.0019502267543644	8195
201	site-state	change	yes	0.0436256179823625	404
201	site-state	sera aa	K	0.0062712632312686	234
201	site-state	sera aa	R	0.0	8365
201	site-state	virus aa	G	0.0	22
201	site-state	virus aa	K	-0.0910966705123746	208
201	site-state	virus aa	R	0.0001979108330495	8369
201	substitution	substitution absent	K201R	-0.0062778038031851	8395
201	substitution	substitution absent	R201G	-0.0001647009064579	8577
201	substitution	substitution absent	R201K	0.0021536522881592	8421
201	substitution	substitution present	K201R	0.4261206485549303	204
201	substitution	substitution present	R201G	0.0	22
201	substitution	substitution present	R201K	-0.0962422274160167	178
202	site-state	change	no	3.9692016373743614e-05	8261
202	site-state	change	yes	-0.001676876179152	338
202	site-state	sera aa	I	0.0	5130
202	site-state	sera aa	V	0.0	3469
202	site-state	virus aa	I	0.0	5330
202	site-state	virus aa	V	0.0	3269
202	substitution	substitution absent	I202V	-0.000164312923843	8530
202	substitution	substitution absent	V202I	0.0002386189709361	8330
202	substitution	substitution present	I202V	-0.0024742643443764	69
202	substitution	substitution present	V202I	-0.0047573305876479	269
203	site-state	change	no	-0.0004072321207255	8569
203	site-state	change	yes	0.0	11
203	site-state	sera aa	T	0.0	8586
203	site-state	virus aa	I	0.0	11
203	site-state	virus aa	T	0.0	8581
203	substitution	substitution absent	T203I	0.0	8588
203	substitution	substitution present	T203I	0.0	11
204	site-state	change	no	0.0	8599
204	site-state	sera aa	V	0.0	8599
204	site-state	virus aa	V	0.0	8599
205	site-state	change	no	-0.0008774309693063	8509
205	site-state	change	yes	0.2060633894431456	90
205	site-state	sera aa	F	0.0	29
205	site-state	sera aa	S	0.0	8570
205	site-state	virus aa	A	0.0	12
205	site-state	virus aa	F	0.0	53
205	site-state	virus aa	S	-5.691708932938933e-05	8534
205	substitution	substitution absent	F205S	-0.0005581659661125	8572
205	substitution	substitution absent	S205A	0.0	8587
205	substitution	substitution absent	S205F	-4.336752770646121e-05	8548
205	substitution	substitution present	F205S	0.1336069423254345	27
205	substitution	substitution present	S205A	0.0	12
205	substitution	substitution present	S205F	0.0	51
206	site-state	change	no	0.0	8599
206	site-state	sera aa	T	0.0	8599
206	site-state	virus aa	T	0.0	8599
207	site-state	change	no	0.0005064907653397	8255
207	site-state	change	yes	0.0022101973929132	344
207	site-state	sera aa	K	0.0002549695798587	8478
207	site-state	sera aa	R	0.0	121
207	site-state	virus aa	K	0.0011130654727421	8336
207	site-state	virus aa	R	0.0	263
207	substitution	substitution absent	K207R	0.0005033244365776	8356
207	substitution	substitution absent	R207K	0.0002779277038228	8498
207	substitution	substitution present	K207R	-0.0279885659403085	243
207	substitution	substitution present	R207K	-0.077731846952496	101
208	site-state	change	no	0.0003068217324981	8317
208	site-state	change	yes	0.0032258272148207	282
208	site-state	sera aa	G	0.4810950329945562	71
208	site-state	sera aa	K	-0.0550845520736879	55
208	site-state	sera aa	R	-0.0005216515409968	8473
208	site-state	virus aa	G	0.0	27
208	site-state	virus aa	I	0.0	26
208	site-state	virus aa	K	0.0	111
208	site-state	virus aa	R	0.0014665400019283	8435
208	substitution	substitution absent	G208R	0.0003991058582795	8530
208	substitution	substitution absent	K208R	0.0027076999504543	8546
208	substitution	substitution absent	R208G	0.0002265717621815	8574
208	substitution	substitution absent	R208I	0.0001646082236256	8573
208	substitution	substitution absent	R208K	0.0038241985348145	8490
208	substitution	substitution present	G208R	-0.1361528830383293	69
208	substitution	substitution present	K208R	-0.4650687622552755	53
208	substitution	substitution present	R208G	0.0	25
208	substitution	substitution present	R208I	0.0	26
208	substitution	substitution present	R208K	0.0	109
209	site-state	change	no	0.0	8583
209	site-state	change	yes	0.0	16
209	site-state	sera aa	S	0.0	8599
209	site-state	virus aa	N	0.0	16
209	site-state	virus aa	S	0.0	8583
209	substitution	substitution absent	S209N	0.0	8583
209	substitution	substitution present	S209N	0.0	16
210	site-state	change	no	0.0	8599
210	site-state	sera aa	Q	0.0	8599
210	site-state	virus aa	Q	0.0	8599
211	site-state	change	no	0.0	8599
211	site-state	sera aa	Q	0.0	8599
211	site-state	virus aa	Q	0.0	8599
212	site-state	change	no	0.0009983275347576	7989
212	site-state	change	yes	-0.0060868688475202	610
212	site-state	sera aa	A	-0.0046107038011541	640
212	site-state	sera aa	T	0.0	7959
212	site-state	virus aa	A	-0.0091849340595525	840
212	site-state	virus aa	T	0.0	7759
212	substitution	substitution absent	A212T	0.0042275238967194	8394
212	substitution	substitution absent	T212A	-0.0040290809051049	8194
212	substitution	substitution present	A212T	-0.0919104348635297	205
212	substitution	substitution present	T212A	0.0747341325314193	405
213	site-state	change	no	0.0001395803705249	7702
213	site-state	change	yes	-0.0010278333632803	897
213	site-state	sera aa	A	0.0222023611550011	181
213	site-state	sera aa	I	-0.0141980794713239	592
213	site-state	sera aa	V	0.0001032256299308	7826
213	site-state	virus aa	A	-0.1178269374605981	154
213	site-state	virus aa	I	-0.0304641018215575	602
213	site-state	virus aa	R	0.0	7
213	site-state	virus aa	V	0.0008883240998183	7836
213	substitution	substitution absent	A213V	0.0001967197941232	8457
213	substitution	substitution absent	I213R	0.0	8598
213	substitution	substitution absent	I213V	0.0084106846662621	8288
213	substitution	substitution absent	V213A	0.0012652257093654	8484
213	substitution	substitution absent	V213I	0.0050929239994417	8277
213	substitution	substitution absent	V213R	0.0	8593
213	substitution	substitution present	A213V	0.0373980375373739	142
213	substitution	substitution present	I213R	0.0	1
213	substitution	substitution present	I213V	-0.3615153004039421	311
213	substitution	substitution present	V213A	-0.2864599946452683	115
213	substitution	substitution present	V213I	-0.2298326763844901	322
213	substitution	substitution present	V213R	0.0	6
214	site-state	change	no	0.0001379562682073	7849
214	site-state	change	yes	-0.007111428710367	750
214	site-state	sera aa	I	0.0021831449696832	8149
214	site-state	sera aa	S	-0.0465748749933788	158
214	site-state	sera aa	T	-0.0586380285071975	282
214	site-state	sera aa	V	0.0	10
214	site-state	virus aa	I	0.0028937524324284	8197
214	site-state	virus aa	S	0.0	118
214	site-state	virus aa	T	-0.0586550829994048	259
214	site-state	virus aa	V	0.0	25
214	substitution	substitution absent	I214S	-0.0012378884457862	8494
214	substitution	substitution absent	I214T	0.0027073324216543	8377
214	substitution	substitution absent	I214V	-0.000214511137433	8575
214	substitution	substitution absent	S214I	0.0002644267368169	8454
214	substitution	substitution absent	T214I	0.0047926365974964	8354
214	substitution	substitution absent	V214I	0.0	8590
214	substitution	substitution present	I214S	0.0	105
214	substitution	substitution present	I214T	0.0145115868682876	222
214	substitution	substitution present	I214V	0.0	24
214	substitution	substitution present	S214I	-0.0156319720126786	145
214	substitution	substitution present	T214I	-0.2102335667238852	245
214	substitution	substitution present	V214I	0.0	9
215	site-state	change	no	0.0	8599
215	site-state	sera aa	P	0.0	8599
215	site-state	virus aa	P	0.0	8599
216	site-state	change	no	0.0	8203
216	site-state	change	yes	0.0	396
216	site-state	sera aa	D	0.0	190
216	site-state	sera aa	N	0.0002563922041564	8367
216	site-state	sera aa	S	-0.0149303092805193	42
216	site-state	virus aa	D	0.0	135
216	site-state	virus aa	N	0.0005708963743546	8405
216	site-state	virus aa	S	0.0	59
216	substitution	substitution absent	D216N	0.0020891986903347	8422
216	substitution	substitution absent	N216D	0.003567939600096	8477
216	substitution	substitution absent	N216S	1.7210279851523397e-05	8542
216	substitution	substitution absent	S216N	-4.069176458289541e-05	8559
216	substitution	substitution present	D216N	-0.1412068105302225	177
216	substitution	substitution present	N216D	-0.1758962943592277	122
216	substitution	substitution present	N216S	0.0	57
216	substitution	substitution present	S216N	-0.0028589057133427	40
217	site-state	change	no	-0.0004646345764693	8224
217	site-state	change	yes	0.007577209477359	375
217	site-state	sera aa	I	-0.000829255735139	8334
217	site-state	sera aa	V	0.0	265
217	site-state	virus aa	I	-2.352664622828381e-05	8379
217	site-state	virus aa	S	0.0	8
217	site-state	virus aa	V	0.0	212
217	substitution	substitution absent	I217S	0.0	8591
217	substitution	substitution absent	I217V	0.0026541689794628	8442
217	substitution	substitution absent	V217I	-0.0001730217051794	8389
217	substitution	substitution present	I217S	0.0	8
217	substitution	substitution present	I217V	-0.1627531225187393	157
217	substitution	substitution present	V217I	0.0281197293562803	210
218	site-state	change	no	-0.0004050385495388	8495
218	site-state	change	yes	0.0077669593402029	104
218	site-state	sera aa	G	0.0	8525
218	site-state	sera aa	W	0.0	74
218	site-state	virus aa	G	0.0002981495314615	8565
218	site-state	virus aa	W	0.0	34
218	substitution	substitution absent	G218W	0.0023179967475848	8567
218	substitution	substitution absent	W218G	0.0108684414000866	8527
218	substitution	substitution present	G218W	0.0	32
218	substitution	substitution present	W218G	-1.3855507044485107	72
219	site-state	change	no	0.0034014120933922	6889
219	site-state	change	yes	-0.0088927075184771	1710
219	site-state	sera aa	F	0.0147012035834733	367
219	site-state	sera aa	P	0.0121739276643502	178
219	site-state	sera aa	S	0.0019071534528713	7301
219	site-state	sera aa	Y	0.0099416377204773	753
219	site-state	virus aa	F	-0.0190207902207287	144
219	site-state	virus aa	P	0.0738896609442564	89
219	site-state	virus aa	S	0.0002416119732269	7891
219	site-state	virus aa	Y	0.0282102816195033	475
219	substitution	substitution absent	F219P	0.0	8597
219	substitution	substitution absent	F219S	-0.0022251156000356	8256
219	substitution	substitution absent	F219Y	0.0	8588
219	substitution	substitution absent	P219F	0.0	8594
219	substitution	substitution absent	P219S	0.0023266333593109	8436
219	substitution	substitution absent	P219Y	0.0	8597
219	substitution	substitution absent	S219F	0.0008118029541637	8478
219	substitution	substitution absent	S219P	0.002086695285671	8523
219	substitution	substitution absent	S219Y	-0.000369225852555	8251
219	substitution	substitution absent	Y219F	0.0	8592
219	substitution	substitution absent	Y219P	0.0	8596
219	substitution	substitution absent	Y219S	0.0012829643035622	7970
219	substitution	substitution present	F219P	0.0	2
219	substitution	substitution present	F219S	0.0383640582026204	343
219	substitution	substitution present	F219Y	0.0	11
219	substitution	substitution present	P219F	0.0	5
219	substitution	substitution present	P219S	-0.1281932828774356	163
219	substitution	substitution present	P219Y	0.0	2
219	substitution	substitution present	S219F	0.030808337249306	121
219	substitution	substitution present	S219P	-0.0486644163800009	76
219	substitution	substitution present	S219Y	0.0325278760369463	348
219	substitution	substitution present	Y219F	0.0	7
219	substitution	substitution present	Y219P	0.0	3
219	substitution	substitution present	Y219S	-0.0049417756391701	629
220	site-state	change	no	4.7977637498745536e-05	8354
220	site-state	change	yes	-0.0011900041025788	245
220	site-state	sera aa	I	0.0	166
220	site-state	sera aa	R	0.0002934525165297	8398
220	site-state	sera aa	S	0.0	35
220	site-state	virus aa	I	0.0	15
220	site-state	virus aa	K	0.0	13
220	site-state	virus aa	R	-0.0002711939281057	8549
220	site-state	virus aa	S	0.0	22
220	substitution	substitution absent	I220R	5.00438634903778e-05	8435
220	substitution	substitution absent	R220I	0.0	8586
220	substitution	substitution absent	R220K	0.0	8586
220	substitution	substitution absent	R220S	0.0	8578
220	substitution	substitution absent	S220R	0.0001546738493136	8565
220	substitution	substitution present	I220R	-0.0191259599638945	164
220	substitution	substitution present	R220I	0.0	13
220	substitution	substitution present	R220K	0.0	13
220	substitution	substitution present	R220S	0.0	21
220	substitution	substitution present	S220R	-0.0192698579843284	34
221	site-state	change	no	-0.0002308654844252	8561
221	site-state	sera aa	P	0.0	8577
221	site-state	virus aa	P	0.0	8582
222	site-state	change	no	-0.0010395566470932	8060
222	site-state	change	yes	0.0064709311868973	338
222	site-state	sera aa	R	-6.238464675342847e-05	5020
222	site-state	sera aa	W	0.0	3469
222	site-state	virus aa	R	1.4098457880541011e-05	5237
222	site-state	virus aa	W	0.0	3261
222	substitution	substitution absent	R222W	0.0	8530
222	substitution	substitution absent	W222R	0.0	8330
222	substitution	substitution present	R222W	0.0	69
222	substitution	substitution present	W222R	0.0	269
223	site-state	change	no	0.000249207503977	7755
223	site-state	change	yes	0.0043536271623887	844
223	site-state	sera aa	I	-0.0060991652488862	555
223	site-state	sera aa	V	0.0	8044
223	site-state	virus aa	I	-0.0031280404813714	493
223	site-state	virus aa	V	0.0	8106
223	substitution	substitution absent	I223V	-0.0020195527884044	8146
223	substitution	substitution absent	V223I	-0.0040269588207958	8208
223	substitution	substitution present	I223V	0.0416446140805529	453
223	substitution	substitution present	V223I	0.0977152581978708	391
224	site-state	change	no	0.0	8599
224	site-state	sera aa	R	0.0	8599
224	site-state	virus aa	R	0.0	8599
225	site-state	change	no	-0.0362850030585893	7218
225	site-state	change	yes	0.1783732152484695	1208
225	site-state	sera aa	D	0.0027668118529127	2313
225	site-state	sera aa	G	-0.0079212706774506	3599
225	site-state	sera aa	N	0.0008393271012956	2586
225	site-state	virus aa	D	-3.991277010935789e-05	2549
225	site-state	virus aa	G	-0.0002858881270757	3394
225	site-state	virus aa	N	0.0263961467867834	2576
225	substitution	substitution absent	D225G	-0.0004993611318846	8454
225	substitution	substitution absent	D225N	-0.024410500261613	8255
225	substitution	substitution absent	G225D	0.0008220681252599	8258
225	substitution	substitution absent	G225N	0.0	8589
225	substitution	substitution absent	N225D	-0.0223186892808874	8232
225	substitution	substitution absent	N225G	0.0	8598
225	substitution	substitution present	D225G	0.1901237859615584	145
225	substitution	substitution present	D225N	0.5357336320471854	344
225	substitution	substitution present	G225D	-0.009340185161348	341
225	substitution	substitution present	G225N	0.0	10
225	substitution	substitution present	N225D	0.438493825320053	367
225	substitution	substitution present	N225G	0.0	1
226	site-state	change	no	-0.0087340140696445	6395
226	site-state	change	yes	0.0182615159896724	2204
226	site-state	sera aa	A	0.0	7
226	site-state	sera aa	I	-0.0052784550601932	4966
226	site-state	sera aa	L	0.0103259567681185	2057
226	site-state	sera aa	Q	-0.0589832798099704	481
226	site-state	sera aa	V	0.0165689162370187	1088
226	site-state	virus aa	A	0.0	8
226	site-state	virus aa	I	0.001092962584156	4725
226	site-state	virus aa	L	0.0015521736575842	2186
226	site-state	virus aa	M	0.0	16
226	site-state	virus aa	P	0.0	17
226	site-state	virus aa	Q	-0.3110264036194547	344
226	site-state	virus aa	V	0.027877763025201	1303
226	substitution	substitution absent	A226I	0.0	8597
226	substitution	substitution absent	A226V	0.0	8594
226	substitution	substitution absent	I226A	0.0	8596
226	substitution	substitution absent	I226L	0.0014220109846129	8397
226	substitution	substitution absent	I226Q	0.0031997997075492	8546
226	substitution	substitution absent	I226V	-0.0044244905650692	7959
226	substitution	substitution absent	L226I	0.000341222245733	8520
226	substitution	substitution absent	L226M	0.0	8583
226	substitution	substitution absent	L226P	0.0	8582
226	substitution	substitution absent	L226Q	0.0023435813860332	8408
226	substitution	substitution absent	L226V	-0.0014042546518157	8542
226	substitution	substitution absent	Q226I	0.0001760455759474	8528
226	substitution	substitution absent	Q226L	-0.0041876216554144	8342
226	substitution	substitution absent	Q226V	-0.0012094409438963	8537
226	substitution	substitution absent	V226A	0.0	8594
226	substitution	substitution absent	V226I	-0.000967144621747	8094
226	substitution	substitution absent	V226L	-0.0014075907721406	8569
226	substitution	substitution absent	V226Q	0.0	8590
226	substitution	substitution present	A226I	0.0	2
226	substitution	substitution present	A226V	0.0	5
226	substitution	substitution present	I226A	0.0	3
226	substitution	substitution present	I226L	-0.0233485561030298	202
226	substitution	substitution present	I226Q	-0.5711910381596502	53
226	substitution	substitution present	I226V	0.0564915945508717	640
226	substitution	substitution present	L226I	-0.0419298405683737	79
226	substitution	substitution present	L226M	0.0	16
226	substitution	substitution present	L226P	0.0	17
226	substitution	substitution present	L226Q	-0.1430701379348301	191
226	substitution	substitution present	L226V	0.2281765514700988	57
226	substitution	substitution present	Q226I	0.0059051455655029	71
226	substitution	substitution present	Q226L	0.1499052279419889	257
226	substitution	substitution present	Q226V	0.2850495476057182	62
226	substitution	substitution present	V226A	0.0	5
226	substitution	substitution present	V226I	-0.0005435384906124	505
226	substitution	substitution present	V226L	0.262073960369478	30
226	substitution	substitution present	V226Q	0.0	9
227	site-state	change	no	-0.0039342324998963	7667
227	site-state	change	yes	0.0236292471489886	932
227	site-state	sera aa	P	0.0003883426471376	4002
227	site-state	sera aa	S	0.0	4597
227	site-state	virus aa	P	0.0018043272615764	4150
227	site-state	virus aa	S	0.0	4449
227	substitution	substitution absent	P227S	-0.0121865164609615	8207
227	substitution	substitution absent	S227P	-0.0192073459948095	8059
227	substitution	substitution present	P227S	0.2085045570070712	392
227	substitution	substitution present	S227P	0.2318446083334498	540
228	site-state	change	no	0.0	8599
228	site-state	sera aa	S	0.0	8599
228	site-state	virus aa	S	0.0	8599
229	site-state	change	no	-0.0023437896751802	8278
229	site-state	change	yes	0.0533904991130788	315
229	site-state	sera aa	G	-0.0243447140560498	184
229	site-state	sera aa	I	0.0	6
229	site-state	sera aa	R	-0.0001929879460977	8409
229	site-state	virus aa	G	0.0482628767670025	127
229	site-state	virus aa	I	0.0	24
229	site-state	virus aa	R	-0.0005163500107773	8442
229	substitution	substitution absent	G229R	0.0044721473776233	8427
229	substitution	substitution absent	I229R	0.0	8594
229	substitution	substitution absent	R229G	-0.0001870740406345	8484
229	substitution	substitution absent	R229I	-0.0004258234110121	8576
229	substitution	substitution present	G229R	-0.2222808103275453	172
229	substitution	substitution present	I229R	0.0	5
229	substitution	substitution present	R229G	0.2673014742558782	115
229	substitution	substitution present	R229I	0.0	23
230	site-state	change	no	-0.0013744496816311	7942
230	site-state	change	yes	0.0206833357810143	646
230	site-state	sera aa	I	-0.001955349045987	8196
230	site-state	sera aa	V	0.0	403
230	site-state	virus aa	I	-0.0006242694035269	8109
230	site-state	virus aa	V	0.0007057862984982	479
230	substitution	substitution absent	I230V	0.0008441170902288	8238
230	substitution	substitution absent	V230I	-0.0059828848692667	8314
230	substitution	substitution present	I230V	-0.0058340609964217	361
230	substitution	substitution present	V230I	0.1529804327937439	285
231	site-state	change	no	0.0003261992390593	8333
231	site-state	change	yes	0.2987154365893424	100
231	site-state	sera aa	G	0.0	73
231	site-state	sera aa	S	8.134232758524616e-05	8401
231	site-state	virus aa	G	0.0	33
231	site-state	virus aa	S	0.0007827419217476	8524
231	substitution	substitution absent	G231S	-0.002669149063913	8529
231	substitution	substitution absent	S231G	-0.0009248874485431	8569
231	substitution	substitution present	G231S	0.314228149108877	70
231	substitution	substitution present	S231G	0.0	30
232	site-state	change	no	0.0	8599
232	site-state	sera aa	I	0.0	8599
232	site-state	virus aa	I	0.0	8599
233	site-state	change	no	0.0005814961534156	8154
233	site-state	change	yes	0.010001071602091	279
233	site-state	sera aa	F	0.0	22
233	site-state	sera aa	H	-0.2588461274951442	171
233	site-state	sera aa	Y	0.0017715723567075	8281
233	site-state	virus aa	F	0.0	23
233	site-state	virus aa	H	0.0	102
233	site-state	virus aa	Y	0.0032845876808971	8432
233	substitution	substitution absent	F233Y	0.0	8579
233	substitution	substitution absent	H233Y	0.006022514580974	8446
233	substitution	substitution absent	Y233F	-0.0006597697550141	8578
233	substitution	substitution absent	Y233H	0.0014265493451425	8514
233	substitution	substitution present	F233Y	0.0	20
233	substitution	substitution present	H233Y	-0.3773946625195072	153
233	substitution	substitution present	Y233F	0.0	21
233	substitution	substitution present	Y233H	-0.052816800149295	85
234	site-state	change	no	0.0	8599
234	site-state	sera aa	W	0.0	8599
234	site-state	virus aa	W	0.0	8599
235	site-state	change	no	0.0	8599
235	site-state	sera aa	T	0.0	8599
235	site-state	virus aa	T	0.0	8599
236	site-state	change	no	0.0	8582
236	site-state	change	yes	0.0	17
236	site-state	sera aa	I	0.0	8599
236	site-state	virus aa	I	0.0	8582
236	site-state	virus aa	T	0.0	17
236	substitution	substitution absent	I236T	0.0	8582
236	substitution	substitution present	I236T	0.0	17
237	site-state	change	no	0.0	8599
237	site-state	sera aa	V	0.0	8599
237	site-state	virus aa	V	0.0	8599
238	site-state	change	no	0.0	8599
238	site-state	sera aa	K	0.0	8599
238	site-state	virus aa	K	0.0	8599
239	site-state	change	no	0.0	8599
239	site-state	sera aa	P	0.0	8599
239	site-state	virus aa	P	0.0	8599
240	site-state	change	no	0.0	8599
240	site-state	sera aa	G	0.0	8599
240	site-state	virus aa	G	0.0	8599
241	site-state	change	no	0.0	8599
241	site-state	sera aa	D	0.0	8599
241	site-state	virus aa	D	0.0	8599
242	site-state	change	no	-0.0005382648210126	8026
242	site-state	change	yes	0.0001669872734319	573
242	site-state	sera aa	I	0.0002022321971755	8315
242	site-state	sera aa	L	-0.0041343252918378	35
242	site-state	sera aa	M	-0.0114669468626298	160
242	site-state	sera aa	V	0.0	89
242	site-state	virus aa	I	0.0007784625851272	8256
242	site-state	virus aa	L	0.0	27
242	site-state	virus aa	M	-0.0449286410174868	147
242	site-state	virus aa	V	-0.014200134040812	169
242	substitution	substitution absent	I242L	-0.0003593393566331	8573
242	substitution	substitution absent	I242M	0.0041645632027732	8465
242	substitution	substitution absent	I242V	0.0004813446257441	8443
242	substitution	substitution absent	L242I	-0.0001510868347916	8565
242	substitution	substitution absent	M242I	-0.0027937552982935	8452
242	substitution	substitution absent	V242I	0.0001816564134499	8523
242	substitution	substitution present	I242L	0.0	26
242	substitution	substitution present	I242M	0.0406282007760339	134
242	substitution	substitution present	I242V	-0.0480081946480194	156
242	substitution	substitution present	L242I	0.0219902242733719	34
242	substitution	substitution present	M242I	0.1806361091866185	147
242	substitution	substitution present	V242I	-0.033805806861331	76
243	site-state	change	no	0.0	8599
243	site-state	sera aa	L	0.0	8599
243	site-state	virus aa	L	0.0	8599
244	site-state	change	no	-0.0002590554805594	7927
244	site-state	change	yes	0.001873240579914	672
244	site-state	sera aa	L	-0.0021925612226066	8086
244	site-state	sera aa	S	0.0622704658068521	104
244	site-state	sera aa	V	0.0	409
244	site-state	virus aa	I	0.0	56
244	site-state	virus aa	L	0.0001603632194798	7984
244	site-state	virus aa	S	0.0	13
244	site-state	virus aa	V	0.000460693162357	546
244	substitution	substitution absent	L244I	7.249525715929768e-05	8565
244	substitution	substitution absent	L244S	0.0	8590
244	substitution	substitution absent	L244V	0.0016783982470657	8278
244	substitution	substitution absent	S244L	0.0006799140881789	8517
244	substitution	substitution absent	S244V	0.0	8578
244	substitution	substitution absent	V244I	-6.642795168868824e-06	8577
244	substitution	substitution absent	V244L	0.0013492112099519	8419
244	substitution	substitution absent	V244S	0.0	8596
244	substitution	substitution present	L244I	0.0	34
244	substitution	substitution present	L244S	0.0	9
244	substitution	substitution present	L244V	-0.0054731669366974	321
244	substitution	substitution present	S244L	-0.0439388446764289	82
244	substitution	substitution present	S244V	0.0	21
244	substitution	substitution present	V244I	0.0	22
244	substitution	substitution present	V244L	-0.0339116800614661	180
244	substitution	substitution present	V244S	0.0	3
245	site-state	change	no	-4.624941209908147e-05	8569
245	site-state	change	yes	0.0	30
245	site-state	sera aa	I	0.0	8599
245	site-state	virus aa	I	0.0	8569
245	site-state	virus aa	V	0.0	30
245	substitution	substitution absent	I245V	0.0	8569
245	substitution	substitution present	I245V	0.0	30
246	site-state	change	no	-0.0004719027426704	7887
246	site-state	change	yes	-0.0018910416797674	690
246	site-state	sera aa	K	-0.6372744784739806	92
246	site-state	sera aa	N	-0.0016989485302877	8146
246	site-state	sera aa	S	0.015294505045052	361
246	site-state	virus aa	K	0.0	35
246	site-state	virus aa	N	0.0036620794591695	8245
246	site-state	virus aa	S	-0.058784164604544	297
246	substitution	substitution absent	K246N	0.0077068330113049	8511
246	substitution	substitution absent	K246S	0.0	8597
246	substitution	substitution absent	N246K	0.0012624163168341	8567
246	substitution	substitution absent	N246S	-0.0022188119404948	8347
246	substitution	substitution absent	S246K	0.0	8597
246	substitution	substitution absent	S246N	-0.0006568084139616	8285
246	substitution	substitution present	K246N	-0.941605075167815	88
246	substitution	substitution present	K246S	0.0	2
246	substitution	substitution present	N246K	0.0	32
246	substitution	substitution present	N246S	0.1961707133007584	252
246	substitution	substitution present	S246K	0.0	2
246	substitution	substitution present	S246N	0.0397475343136417	314
247	site-state	change	no	2.3688018775128063e-05	8519
247	site-state	change	yes	0.0099317033175075	80
247	site-state	sera aa	C	0.0	39
247	site-state	sera aa	S	0.0	8560
247	site-state	virus aa	C	-2.703391191013417e-06	47
247	site-state	virus aa	S	0.0	8552
247	substitution	substitution absent	C247S	-0.0007662515821859	8563
247	substitution	substitution absent	S247C	-0.0001626059895014	8555
247	substitution	substitution present	C247S	0.1863334022197519	36
247	substitution	substitution present	S247C	0.012299701827366	44
248	site-state	change	no	-1.649799729631312e-05	7645
248	site-state	change	yes	-0.0016407598604352	795
248	site-state	sera aa	I	-0.001220173270933	134
248	site-state	sera aa	N	-0.0026450325511202	631
248	site-state	sera aa	T	0.0003275953030972	7742
248	site-state	virus aa	I	0.0	74
248	site-state	virus aa	N	0.0	783
248	site-state	virus aa	T	0.0032641475809342	7669
248	substitution	substitution absent	I248N	0.0	8593
248	substitution	substitution absent	I248T	-6.305105207835098e-05	8475
248	substitution	substitution absent	N248I	0.0	8592
248	substitution	substitution absent	N248T	0.0005458547555756	8378
248	substitution	substitution absent	T248I	0.0007190605556541	8536
248	substitution	substitution absent	T248N	0.0016108206488699	8225
248	substitution	substitution present	I248N	0.0	6
248	substitution	substitution present	I248T	0.0040141576771117	124
248	substitution	substitution present	N248I	0.0	7
248	substitution	substitution present	N248T	-0.0314320997735954	221
248	substitution	substitution present	T248I	0.0	63
248	substitution	substitution present	T248N	-0.1081633820556149	374
249	site-state	change	no	0.0	8599
249	site-state	sera aa	G	0.0	8599
249	site-state	virus aa	G	0.0	8599
250	site-state	change	no	0.0	8599
250	site-state	sera aa	N	0.0	8599
250	site-state	virus aa	N	0.0	8599
251	site-state	change	no	0.0	8599
251	site-state	sera aa	L	0.0	8599
251	site-state	virus aa	L	0.0	8599
252	site-state	change	no	0.0	8599
252	site-state	sera aa	I	0.0	8599
252	site-state	virus aa	I	0.0	8599
253	site-state	change	no	0.0	8599
253	site-state	sera aa	A	0.0	8599
253	site-state	virus aa	A	0.0	8599
254	site-state	change	no	0.0	8599
254	site-state	sera aa	P	0.0	8599
254	site-state	virus aa	P	0.0	8599
255	site-state	change	no	0.0	8599
255	site-state	sera aa	R	0.0	8599
255	site-state	virus aa	R	0.0	8599
256	site-state	change	no	0.0	8599
256	site-state	sera aa	G	0.0	8599
256	site-state	virus aa	G	0.0	8599
257	site-state	change	no	0.0	8599
257	site-state	sera aa	Y	0.0	8599
257	site-state	virus aa	Y	0.0	8599
258	site-state	change	no	0.0	8593
258	site-state	change	yes	0.0	6
258	site-state	sera aa	F	0.0	8599
258	site-state	virus aa	F	0.0	8593
258	site-state	virus aa	Y	0.0	6
258	substitution	substitution absent	F258Y	0.0	8593
258	substitution	substitution present	F258Y	0.0	6
259	site-state	change	no	0.0	8599
259	site-state	sera aa	K	0.0	8599
259	site-state	virus aa	K	0.0	8599
260	site-state	change	no	-0.0125298364959741	7814
260	site-state	change	yes	0.1435411181177489	785
260	site-state	sera aa	I	2.819011749436142e-05	8080
260	site-state	sera aa	M	0.0	519
260	site-state	virus aa	I	-1.4831820330140792e-05	7839
260	site-state	virus aa	L	0.0	36
260	site-state	virus aa	M	0.0	724
260	substitution	substitution absent	I260L	-0.0008021386880673	8563
260	substitution	substitution absent	I260M	-0.0014556091461458	8122
260	substitution	substitution absent	M260I	-0.0043374442008435	8327
260	substitution	substitution present	I260L	0.0212038669654488	36
260	substitution	substitution present	I260M	0.0699358252720087	477
260	substitution	substitution present	M260I	0.0784033190324805	272
261	site-state	change	no	-0.0006858393728072	8178
261	site-state	change	yes	0.0111628192469978	421
261	site-state	sera aa	H	0.0	107
261	site-state	sera aa	Q	-0.0929866347793635	151
261	site-state	sera aa	R	-0.0001380506031717	8341
261	site-state	virus aa	H	0.0	39
261	site-state	virus aa	L	0.0	13
261	site-state	virus aa	Q	-0.0161245708391746	141
261	site-state	virus aa	R	8.046688846350249e-05	8406
261	substitution	substitution absent	H261R	-0.0007219169736516	8494
261	substitution	substitution absent	Q261R	0.0043733097146531	8461
261	substitution	substitution absent	R261H	-0.0007093281151361	8562
261	substitution	substitution absent	R261L	0.0	8586
261	substitution	substitution absent	R261Q	-0.0017286605212338	8471
261	substitution	substitution present	H261R	0.1850158408316928	105
261	substitution	substitution present	Q261R	-0.2416964566163824	138
261	substitution	substitution present	R261H	0.0282883837120112	37
261	substitution	substitution present	R261L	0.0	13
261	substitution	substitution present	R261Q	0.1446073534261522	128
262	site-state	change	no	-0.0148678795571394	7586
262	site-state	change	yes	0.1244327554527589	1013
262	site-state	sera aa	N	-0.0121103160345547	967
262	site-state	sera aa	S	0.0	5817
262	site-state	sera aa	T	-0.0034257258535331	1815
262	site-state	virus aa	N	0.0096793311437076	838
262	site-state	virus aa	S	0.0594265796683936	5882
262	site-state	virus aa	T	-0.0002273640051348	1879
262	substitution	substitution absent	N262S	-0.0030529485599408	8438
262	substitution	substitution absent	N262T	-0.0036446578553265	8256
262	substitution	substitution absent	S262N	-0.0015926576998627	8525
262	substitution	substitution absent	S262T	-0.0003403502088894	8521
262	substitution	substitution absent	T262N	-0.0051848954257069	8298
262	substitution	substitution absent	T262S	-0.0003077248176337	8543
262	substitution	substitution present	N262S	0.1785414263571505	161
262	substitution	substitution present	N262T	0.1090861937352921	343
262	substitution	substitution present	S262N	0.2801308895869914	74
262	substitution	substitution present	S262T	0.0394934818161209	78
262	substitution	substitution present	T262N	0.1341367561677092	301
262	substitution	substitution present	T262S	0.0868315366735457	56
263	site-state	change	no	0.0	8599
263	site-state	sera aa	G	0.0	8599
263	site-state	virus aa	G	0.0	8599
264	site-state	change	no	0.0	8583
264	site-state	change	yes	0.0	16
264	site-state	sera aa	K	0.0	8599
264	site-state	virus aa	K	0.0	8583
264	site-state	virus aa	R	0.0	16
264	substitution	substitution absent	K264R	0.0	8583
264	substitution	substitution present	K264R	0.0	16
265	site-state	change	no	0.0	8599
265	site-state	sera aa	S	0.0	8599
265	site-state	virus aa	S	0.0	8599
266	site-state	change	no	0.0	8599
266	site-state	sera aa	S	0.0	8599
266	site-state	virus aa	S	0.0	8599
267	site-state	change	no	8.904875318990211e-05	8502
267	site-state	change	yes	-0.0491637581966306	97
267	site-state	sera aa	I	0.0	8557
267	site-state	sera aa	V	0.0	42
267	site-state	virus aa	I	0.0	8540
267	site-state	virus aa	V	0.0	59
267	substitution	substitution absent	I267V	0.0	8542
267	substitution	substitution absent	V267I	0.0	8559
267	substitution	substitution present	I267V	0.0	57
267	substitution	substitution present	V267I	0.0	40
268	site-state	change	no	-0.003054308847918	8564
268	site-state	change	yes	0.7522521771160012	35
268	site-state	sera aa	I	0.0	8
268	site-state	sera aa	M	0.0	8591
268	site-state	virus aa	I	0.1654010181232755	29
268	site-state	virus aa	M	0.0	8570
268	substitution	substitution absent	I268M	0.0	8592
268	substitution	substitution absent	M268I	-0.0005148172243506	8571
268	substitution	substitution present	I268M	0.0	7
268	substitution	substitution present	M268I	0.0	28
269	site-state	change	no	-0.0001502700935989	8182
269	site-state	change	yes	0.0019212818035502	417
269	site-state	sera aa	K	-0.0037420430823065	208
269	site-state	sera aa	R	0.0	8391
269	site-state	virus aa	K	0.0023325493501921	267
269	site-state	virus aa	R	0.0	8332
269	substitution	substitution absent	K269R	-0.0018622568544563	8420
269	substitution	substitution absent	R269K	-0.0017560518115233	8361
269	substitution	substitution present	K269R	0.1110093221950328	179
269	substitution	substitution present	R269K	0.0721466854608715	238
270	site-state	change	no	0.0	8599
270	site-state	sera aa	S	0.0	8599
270	site-state	virus aa	S	0.0	8599
271	site-state	change	no	9.531969720960984e-05	8568
271	site-state	change	yes	-0.0160807701991782	31
271	site-state	sera aa	D	0.0	8583
271	site-state	sera aa	N	0.0	16
271	site-state	virus aa	D	0.0	8580
271	site-state	virus aa	N	0.0	19
271	substitution	substitution absent	D271N	0.0	8582
271	substitution	substitution absent	N271D	0.0	8585
271	substitution	substitution present	D271N	0.0	17
271	substitution	substitution present	N271D	0.0	14
272	site-state	change	no	0.0021082963426522	8540
272	site-state	change	yes	-0.057127140308179	59
272	site-state	sera aa	A	0.0	8599
272	site-state	virus aa	A	0.0	8540
272	site-state	virus aa	V	0.0	59
272	substitution	substitution absent	A272V	0.002360594684676	8540
272	substitution	substitution present	A272V	-0.0773619744738616	59
273	site-state	change	no	-0.0006680452427654	8529
273	site-state	change	yes	0.1435375615367911	70
273	site-state	sera aa	P	0.0	8584
273	site-state	sera aa	S	0.0	15
273	site-state	virus aa	P	0.0	8538
273	site-state	virus aa	S	0.0035828734442098	46
273	site-state	virus aa	T	0.0	15
273	substitution	substitution absent	P273S	-0.0024884016031554	8556
273	substitution	substitution absent	P273T	0.0	8584
273	substitution	substitution absent	S273P	0.0	8587
273	substitution	substitution present	P273S	0.489100630299359	43
273	substitution	substitution present	P273T	0.0	15
273	substitution	substitution present	S273P	0.0	12
274	site-state	change	no	0.0	8599
274	site-state	sera aa	I	0.0	8599
274	site-state	virus aa	I	0.0	8599
275	site-state	change	no	-0.0059103509898171	8043
275	site-state	change	yes	0.0949708141983174	556
275	site-state	sera aa	D	-0.1036822426907034	233
275	site-state	sera aa	G	-9.900603061330404e-06	8353
275	site-state	sera aa	S	0.0	13
275	site-state	virus aa	D	9.549499226898256e-05	374
275	site-state	virus aa	G	-0.0013116172875336	8209
275	site-state	virus aa	S	0.0	16
275	substitution	substitution absent	D275G	0.0015361206101456	8405
275	substitution	substitution absent	G275D	-0.0008543286435253	8264
275	substitution	substitution absent	G275S	0.0	8584
275	substitution	substitution absent	S275G	0.0	8587
275	substitution	substitution present	D275G	-0.179222615687601	194
275	substitution	substitution present	G275D	0.0484283955383016	335
275	substitution	substitution present	G275S	0.0	15
275	substitution	substitution present	S275G	0.0	12
276	site-state	change	no	-0.0087992138067977	7644
276	site-state	change	yes	0.1121452930082416	955
276	site-state	sera aa	K	0.0	5574
276	site-state	sera aa	N	0.0001409638704408	964
276	site-state	sera aa	T	-0.0018505930102459	2061
276	site-state	virus aa	A	0.0	17
276	site-state	virus aa	K	4.7381978021277686e-05	5600
276	site-state	virus aa	N	-0.0058987882964502	971
276	site-state	virus aa	T	0.0001950704143648	2011
276	substitution	substitution absent	K276N	-0.0009872426208683	8499
276	substitution	substitution absent	K276T	0.0	8577
276	substitution	substitution absent	N276K	-0.0045282577050235	8486
276	substitution	substitution absent	N276T	-0.0062919432509893	8275
276	substitution	substitution absent	T276A	0.0	8582
276	substitution	substitution absent	T276K	6.478802651765248e-05	8564
276	substitution	substitution absent	T276N	0.0013062839082622	8255
276	substitution	substitution present	K276N	0.1321676492965771	100
276	substitution	substitution present	K276T	0.0	22
276	substitution	substitution present	N276K	0.3806546963164841	113
276	substitution	substitution present	N276T	0.2264379681074473	324
276	substitution	substitution present	T276A	0.0	17
276	substitution	substitution present	T276K	-0.0053017137644061	35
276	substitution	substitution present	T276N	-0.1239665771899634	344
277	site-state	change	no	0.0	8599
277	site-state	sera aa	C	0.0	8599
277	site-state	virus aa	C	0.0	8599
278	site-state	change	no	-0.0099526458041952	7338
278	site-state	change	yes	0.0573709568564254	1261
278	site-state	sera aa	I	0.0	263
278	site-state	sera aa	K	-0.0092806979891232	81
278	site-state	sera aa	N	2.8843367664837287e-05	5980
278	site-state	sera aa	S	0.000307323338121	2275
278	site-state	virus aa	I	-0.0772460873334932	449
278	site-state	virus aa	K	0.0012927809746234	157
278	site-state	virus aa	N	0.0217397162670921	5892
278	site-state	virus aa	S	-0.0083248325890393	2096
278	site-state	virus aa	V	0.0	5
278	substitution	substitution absent	I278N	-0.0001523312537517	8577
278	substitution	substitution absent	I278S	-0.0002369946506828	8461
278	substitution	substitution absent	I278V	0.0	8596
278	substitution	substitution absent	K278N	-0.0028850143676753	8526
278	substitution	substitution absent	N278I	0.0	8583
278	substitution	substitution absent	N278K	-0.0056444934362063	8457
278	substitution	substitution absent	N278S	-0.0013154558166934	8324
278	substitution	substitution absent	S278I	-0.0013400721787535	8266
278	substitution	substitution absent	S278K	0.0	8592
278	substitution	substitution absent	S278N	-0.0023407981073267	8349
278	substitution	substitution absent	S278V	0.0	8597
278	substitution	substitution present	I278N	0.0286493020395292	22
278	substitution	substitution present	I278S	0.0429469396718001	138
278	substitution	substitution present	I278V	0.0	3
278	substitution	substitution present	K278N	0.3317948485250296	73
278	substitution	substitution present	N278I	0.0	16
278	substitution	substitution present	N278K	0.3256128227251607	142
278	substitution	substitution present	N278S	0.024567891581186	275
278	substitution	substitution present	S278I	0.0378955369796466	333
278	substitution	substitution present	S278K	0.0	7
278	substitution	substitution present	S278N	0.0298262040027977	250
278	substitution	substitution present	S278V	0.0	2
279	site-state	change	no	-3.4979116492140104e-05	8554
279	site-state	change	yes	0.0035088186630652	45
279	site-state	sera aa	S	0.0	8558
279	site-state	sera aa	Y	0.0	41
279	site-state	virus aa	S	0.0	8591
279	site-state	virus aa	Y	0.0	8
279	substitution	substitution absent	S279Y	0.0	8593
279	substitution	substitution absent	Y279S	-0.0001197488617682	8560
279	substitution	substitution present	S279Y	0.0	6
279	substitution	substitution present	Y279S	-0.002335379486094	39
280	site-state	change	no	0.0001572043889891	8020
280	site-state	change	yes	0.0021759748100828	579
280	site-state	sera aa	A	0.0007176650074418	253
280	site-state	sera aa	E	-4.590026864918812e-05	8207
280	site-state	sera aa	G	0.0	22
280	site-state	sera aa	K	0.0	6
280	site-state	sera aa	T	-0.0100788112885572	111
280	site-state	virus aa	A	0.0040980609839987	308
280	site-state	virus aa	E	-5.841641422948379e-05	8221
280	site-state	virus aa	G	-0.0045795072590505	37
280	site-state	virus aa	K	0.0	22
280	site-state	virus aa	T	0.0	11
280	substitution	substitution absent	A280E	0.0001024618661472	8422
280	substitution	substitution absent	A280T	0.0	8596
280	substitution	substitution absent	E280A	-0.0029889561162817	8396
280	substitution	substitution absent	E280G	0.0005412722034656	8564
280	substitution	substitution absent	E280K	-0.0005156262447238	8578
280	substitution	substitution absent	E280T	0.0	8593
280	substitution	substitution absent	G280E	0.0	8579
280	substitution	substitution absent	K280E	0.0	8594
280	substitution	substitution absent	T280A	3.400498255495767e-05	8567
280	substitution	substitution absent	T280E	0.0004052838440269	8522
280	substitution	substitution present	A280E	0.0089509021860737	177
280	substitution	substitution present	A280T	0.0	3
280	substitution	substitution present	E280A	0.0161872378072882	203
280	substitution	substitution present	E280G	0.0527791564197384	35
280	substitution	substitution present	E280K	0.0	21
280	substitution	substitution present	E280T	0.0	6
280	substitution	substitution present	G280E	0.0	20
280	substitution	substitution present	K280E	0.0	5
280	substitution	substitution present	T280A	-0.0004264962765955	32
280	substitution	substitution present	T280E	-0.0991151681343629	77
281	site-state	change	no	0.0	8599
281	site-state	sera aa	C	0.0	8599
281	site-state	virus aa	C	0.0	8599
282	site-state	change	no	0.0	8599
282	site-state	sera aa	I	0.0	8599
282	site-state	virus aa	I	0.0	8599
283	site-state	change	no	0.0	8599
283	site-state	sera aa	T	0.0	8599
283	site-state	virus aa	T	0.0	8599
284	site-state	change	no	0.0	8599
284	site-state	sera aa	P	0.0	8599
284	site-state	virus aa	P	0.0	8599
285	site-state	change	no	0.0005682578316393	8489
285	site-state	change	yes	-0.0374768589514296	110
285	site-state	sera aa	D	-0.0112803364191406	101
285	site-state	sera aa	N	0.0	8498
285	site-state	virus aa	D	0.0	11
285	site-state	virus aa	N	0.0	8588
285	substitution	substitution absent	D285N	0.0014860815467733	8499
285	substitution	substitution absent	N285D	0.0	8589
285	substitution	substitution present	D285N	-0.1026845959885525	100
285	substitution	substitution present	N285D	0.0	10
286	site-state	change	no	0.0	8599
286	site-state	sera aa	G	0.0	8599
286	site-state	virus aa	G	0.0	8599
287	site-state	change	no	0.0	8599
287	site-state	sera aa	S	0.0	8599
287	site-state	virus aa	S	0.0	8599
288	site-state	change	no	0.0	8599
288	site-state	sera aa	I	0.0	8599
288	site-state	virus aa	I	0.0	8599
289	site-state	change	no	-0.0005138539635403	8569
289	site-state	change	yes	0.1096459611202015	30
289	site-state	sera aa	P	0.0	8599
289	site-state	virus aa	P	0.0	8569
289	site-state	virus aa	S	0.0	30
289	substitution	substitution absent	P289S	-0.0002807191124761	8569
289	substitution	substitution present	P289S	0.0	30
290	site-state	change	no	0.0	8599
290	site-state	sera aa	N	0.0	8599
290	site-state	virus aa	N	0.0	8599
291	site-state	change	no	-0.0016076679788277	8537
291	site-state	change	yes	0.2186482220824794	62
291	site-state	sera aa	D	-0.0001440614351966	8571
291	site-state	sera aa	G	0.0	28
291	site-state	virus aa	D	0.0	8561
291	site-state	virus aa	G	0.0	30
291	site-state	virus aa	N	0.0	8
291	substitution	substitution absent	D291G	-8.409862984125122e-05	8571
291	substitution	substitution absent	D291N	0.0	8591
291	substitution	substitution absent	G291D	-0.0004242812696714	8573
291	substitution	substitution present	D291G	0.0	28
291	substitution	substitution present	D291N	0.0	8
291	substitution	substitution present	G291D	0.0742256636671281	26
292	site-state	change	no	0.0	8583
292	site-state	change	yes	0.0	16
292	site-state	sera aa	K	0.0	8599
292	site-state	virus aa	K	0.0	8583
292	site-state	virus aa	R	0.0	16
292	substitution	substitution absent	K292R	0.0	8583
292	substitution	substitution present	K292R	0.0	16
293	site-state	change	no	0.0	8599
293	site-state	sera aa	P	0.0	8599
293	site-state	virus aa	P	0.0	8599
294	site-state	change	no	0.0	8599
294	site-state	sera aa	F	0.0	8599
294	site-state	virus aa	F	0.0	8599
295	site-state	change	no	0.0	8599
295	site-state	sera aa	Q	0.0	8599
295	site-state	virus aa	Q	0.0	8599
296	site-state	change	no	0.0	8599
296	site-state	sera aa	N	0.0	8599
296	site-state	virus aa	N	0.0	8599
297	site-state	change	no	0.0005713186048757	8481
297	site-state	change	yes	-0.0575828420517631	118
297	site-state	sera aa	I	0.0	111
297	site-state	sera aa	V	0.0	8488
297	site-state	virus aa	I	0.0	11
297	site-state	virus aa	V	0.0	8588
297	substitution	substitution absent	I297V	0.0008881373462265	8490
297	substitution	substitution absent	V297I	0.0	8590
297	substitution	substitution present	I297V	-0.0592681338974357	109
297	substitution	substitution present	V297I	0.0	9
298	site-state	change	no	0.0	8599
298	site-state	sera aa	N	0.0	8599
298	site-state	virus aa	N	0.0	8599
299	site-state	change	no	-0.0028829952346417	7750
299	site-state	change	yes	0.0327397248681385	849
299	site-state	sera aa	K	-0.0094710616345591	1590
299	site-state	sera aa	R	0.0	7009
299	site-state	virus aa	K	-0.0127602981454122	1185
299	site-state	virus aa	R	0.0	7414
299	substitution	substitution absent	K299R	0.0016715979503804	7972
299	substitution	substitution absent	R299K	-0.0021878247479177	8377
299	substitution	substitution present	K299R	-0.0216006726068288	627
299	substitution	substitution present	R299K	0.088397012868477	222
300	site-state	change	no	0.0	8599
300	site-state	sera aa	I	0.0	8599
300	site-state	virus aa	I	0.0	8599
301	site-state	change	no	0.0	8599
301	site-state	sera aa	T	0.0	8599
301	site-state	virus aa	T	0.0	8599
302	site-state	change	no	0.0	8599
302	site-state	sera aa	Y	0.0	8599
302	site-state	virus aa	Y	0.0	8599
303	site-state	change	no	0.0	8599
303	site-state	sera aa	G	0.0	8599
303	site-state	virus aa	G	0.0	8599
304	site-state	change	no	2.9594857528987088e-05	8570
304	site-state	change	yes	0.0280441074630688	29
304	site-state	sera aa	A	0.0	8599
304	site-state	virus aa	A	0.0	8570
304	site-state	virus aa	L	0.0	9
304	site-state	virus aa	P	0.0	20
304	substitution	substitution absent	A304L	0.0	8590
304	substitution	substitution absent	A304P	0.000144464323879	8579
304	substitution	substitution present	A304L	0.0	9
304	substitution	substitution present	A304P	0.0	20
305	site-state	change	no	0.0	8599
305	site-state	sera aa	C	0.0	8599
305	site-state	virus aa	C	0.0	8599
306	site-state	change	no	0.0	8599
306	site-state	sera aa	P	0.0	8599
306	site-state	virus aa	P	0.0	8599
307	site-state	change	no	-0.0001081389036427	7991
307	site-state	change	yes	0.0001095467470321	608
307	site-state	sera aa	K	0.0	631
307	site-state	sera aa	R	0.0	7968
307	site-state	virus aa	K	0.0	783
307	site-state	virus aa	R	0.0	7816
307	substitution	substitution absent	K307R	4.850375229426326e-05	8371
307	substitution	substitution absent	R307K	0.0001002214379077	8219
307	substitution	substitution present	K307R	-0.0054255350788414	228
307	substitution	substitution present	R307K	-0.0032602621261857	380
308	site-state	change	no	0.0	8500
308	site-state	sera aa	Y	0.0	8532
308	site-state	virus aa	Y	0.0	8563
309	site-state	change	no	-0.0002806723219469	8160
309	site-state	change	yes	0.0058295434040463	340
309	site-state	sera aa	I	-0.0216391504340377	187
309	site-state	sera aa	V	0.0006044121454978	8345
309	site-state	virus aa	G	0.0	7
309	site-state	virus aa	I	0.0125809057826377	175
309	site-state	virus aa	V	-0.000611283535956	8381
309	substitution	substitution absent	I309V	-0.0012013814393216	8426
309	substitution	substitution absent	V309G	0.0	8592
309	substitution	substitution absent	V309I	-0.000858628670618	8439
309	substitution	substitution present	I309V	0.0394434166266034	173
309	substitution	substitution present	V309G	0.0	7
309	substitution	substitution present	V309I	-0.01240424487174	160
310	site-state	change	no	-0.000669719791829	8296
310	site-state	change	yes	0.0200545005295802	204
310	site-state	sera aa	K	-0.0005381464209386	8409
310	site-state	sera aa	R	0.0060674858096572	123
310	site-state	virus aa	K	-5.151633983161333e-05	8470
310	site-state	virus aa	R	0.0033797680386144	93
310	substitution	substitution absent	K310R	-0.000705334983909	8512
310	substitution	substitution absent	R310K	-0.0008052196198985	8482
310	substitution	substitution present	K310R	0.106993232557526	87
310	substitution	substitution present	R310K	0.0502778927318288	117
311	site-state	change	no	0.0	8500
311	site-state	sera aa	Q	0.0	8532
311	site-state	virus aa	Q	0.0	8563
312	site-state	change	no	-1.5473671393339554e-05	8188
312	site-state	change	yes	0.0006247231443478	312
312	site-state	sera aa	K	0.0	20
312	site-state	sera aa	N	0.0001338531403706	8387
312	site-state	sera aa	S	0.0	112
312	site-state	sera aa	T	0.0	13
312	site-state	virus aa	K	0.0	36
312	site-state	virus aa	N	0.000388138824315	8348
312	site-state	virus aa	S	-0.0060871013078215	172
312	site-state	virus aa	T	0.0	7
312	substitution	substitution absent	K312N	0.0	8581
312	substitution	substitution absent	N312K	0.0007842234093634	8565
312	substitution	substitution absent	N312S	6.66260829698673e-05	8448
312	substitution	substitution absent	N312T	0.0	8593
312	substitution	substitution absent	S312N	-0.0016205015124356	8508
312	substitution	substitution absent	T312N	0.0	8587
312	substitution	substitution present	K312N	0.0	18
312	substitution	substitution present	N312K	0.0	34
312	substitution	substitution present	N312S	0.0254140485943087	151
312	substitution	substitution present	N312T	0.0	6
312	substitution	substitution present	S312N	0.125966004810088	91
312	substitution	substitution present	T312N	0.0	12
313	site-state	change	no	0.0	8489
313	site-state	change	yes	0.0	11
313	site-state	sera aa	T	0.0	8532
313	site-state	virus aa	N	0.0	11
313	site-state	virus aa	T	-1.7979523464362214e-05	8552
313	substitution	substitution absent	T313N	0.0	8588
313	substitution	substitution present	T313N	0.0	11
314	site-state	change	no	0.0	8500
314	site-state	sera aa	L	0.0	8532
314	site-state	virus aa	L	0.0	8563
315	site-state	change	no	0.0	8500
315	site-state	sera aa	K	0.0	8532
315	site-state	virus aa	K	0.0	8563
316	site-state	change	no	0.0	8500
316	site-state	sera aa	L	0.0	8532
316	site-state	virus aa	L	0.0	8563
317	site-state	change	no	0.0	8500
317	site-state	sera aa	A	0.0	8532
317	site-state	virus aa	A	0.0	8563
318	site-state	change	no	0.0	8500
318	site-state	sera aa	T	0.0	8532
318	site-state	virus aa	T	0.0	8563
319	site-state	change	no	0.0	8500
319	site-state	sera aa	G	0.0	8532
319	site-state	virus aa	G	0.0	8563
320	site-state	change	no	0.0	8500
320	site-state	sera aa	M	0.0	8532
320	site-state	virus aa	M	0.0	8563
321	site-state	change	no	0.0	8491
321	site-state	change	yes	0.0	9
321	site-state	sera aa	R	0.0	8532
321	site-state	virus aa	L	0.0	9
321	site-state	virus aa	R	0.0	8554
321	substitution	substitution absent	R321L	0.0	8590
321	substitution	substitution present	R321L	0.0	9
322	site-state	change	no	0.0	8500
322	site-state	sera aa	N	0.0	8532
322	site-state	virus aa	N	0.0	8563
323	site-state	change	no	-0.0014828149659258	8411
323	site-state	change	yes	0.1502932765306253	79
323	site-state	sera aa	I	0.1199228483645277	66
323	site-state	sera aa	V	0.0	8466
323	site-state	virus aa	I	0.0	15
323	site-state	virus aa	V	5.656937575338811e-05	8538
323	substitution	substitution absent	I323V	-0.0034509948696477	8534
323	substitution	substitution absent	V323I	0.0	8585
323	substitution	substitution present	I323V	0.4783363013495078	65
323	substitution	substitution present	V323I	0.0	14
324	site-state	change	no	0.0	8500
324	site-state	sera aa	P	0.0	8532
324	site-state	virus aa	P	0.0	8563
325	site-state	change	no	0.0003814378889014	8367
325	site-state	change	yes	0.0232347564964784	133
325	site-state	sera aa	D	0.0	107
325	site-state	sera aa	E	-0.0001039137535848	8425
325	site-state	virus aa	D	0.0	28
325	site-state	virus aa	E	0.0003023430141245	8535
325	substitution	substitution absent	D325E	-0.0009177134283122	8493
325	substitution	substitution absent	E325D	0.0031014486494608	8572
325	substitution	substitution present	D325E	0.0488305545362404	106
325	substitution	substitution present	E325D	0.0	27
326	site-state	change	no	-0.000332372684802	8294
326	site-state	change	yes	0.0094184494262388	206
326	site-state	sera aa	K	0.0	8464
326	site-state	sera aa	T	0.0031459467373237	68
326	site-state	virus aa	K	-0.0002930472147518	8409
326	site-state	virus aa	R	0.0	9
326	site-state	virus aa	T	-0.0058570622792003	145
326	substitution	substitution absent	K326R	0.0	8590
326	substitution	substitution absent	K326T	-0.0002326316530002	8462
326	substitution	substitution absent	T326K	-0.0005124970636745	8539
326	substitution	substitution present	K326R	0.0	9
326	substitution	substitution present	K326T	0.0246628210235636	137
326	substitution	substitution present	T326K	0.0869386991098458	60
327	site-state	change	no	0.0	8500
327	site-state	sera aa	Q	0.0	8532
327	site-state	virus aa	Q	0.0	8563
328	site-state	change	no	0.0	8491
328	site-state	change	yes	0.0	9
328	site-state	sera aa	T	0.0	8532
328	site-state	virus aa	N	0.0	9
328	site-state	virus aa	T	0.0	8554
328	substitution	substitution absent	T328N	0.0	8590
328	substitution	substitution present	T328N	0.0	9
329	site-state	change	no	0.0	8493
329	site-state	sera aa	R	0.0	8532
329	site-state	virus aa	R	-8.280516856536623e-05	8555
330	site-state	change	no	-0.0001124766728751	6350
330	site-state	sera aa	G	0.0004992274877965	7524
330	site-state	virus aa	G	-0.0002142538344744	6996
331	site-state	change	no	-0.0049653604525102	5958
331	site-state	change	yes	0.0381626388070001	392
331	site-state	sera aa	I	0.0020087119846706	7345
331	site-state	sera aa	L	0.0	179
331	site-state	virus aa	I	0.0021452720537289	6653
331	site-state	virus aa	L	-0.0125736860461483	343
331	substitution	substitution absent	I331L	-0.0007825698798693	8335
331	substitution	substitution absent	L331I	0.0001858893116314	8471
331	substitution	substitution present	I331L	-0.0640167949703348	264
331	substitution	substitution present	L331I	-0.0366876681867753	128
332	site-state	change	no	0.0	6350
332	site-state	sera aa	F	0.0	7524
332	site-state	virus aa	F	0.0	6996
333	site-state	change	no	0.0	6350
333	site-state	sera aa	G	0.0	7524
333	site-state	virus aa	G	0.0	6996
334	site-state	change	no	0.0001305306993961	6339
334	site-state	sera aa	A	0.0002615026561647	7518
334	site-state	virus aa	A	0.0	6990
335	site-state	change	no	0.0002333378586835	6262
335	site-state	sera aa	I	-0.0004634246562483	7470
335	site-state	virus aa	I	0.0003276264432346	6943
336	site-state	change	no	0.0	6284
336	site-state	sera aa	A	0.0	7488
336	site-state	virus aa	A	8.895087676941295e-05	6964
337	site-state	change	no	-0.0004911655962602	6226
337	site-state	change	yes	-0.0002820506042328	46
337	site-state	sera aa	G	-0.0001178295986439	7459
337	site-state	sera aa	V	0.0106136724365645	29
337	site-state	virus aa	G	-0.0009639610591382	6906
337	site-state	virus aa	V	0.0	42
337	substitution	substitution absent	G337V	-0.0001683862570428	8568
337	substitution	substitution absent	V337G	0.0	8584
337	substitution	substitution present	G337V	0.0	31
337	substitution	substitution present	V337G	0.0	15
338	site-state	change	no	0.0008653183017743	6065
338	site-state	sera aa	F	0.00010382595282	7352
338	site-state	virus aa	F	1.2576110358073772e-05	6772
339	site-state	change	no	0.0025651842875918	6006
339	site-state	sera aa	I	0.0005079405716613	7324
339	site-state	virus aa	I	0.0008263248323886	6718
340	site-state	change	no	0.0014353820542539	5867
340	site-state	change	yes	0.0008811096149666	20
340	site-state	sera aa	A	0.0	18
340	site-state	sera aa	E	0.0017974692115606	7224
340	site-state	virus aa	A	0.0	21
340	site-state	virus aa	E	0.0003223852047544	6594
340	substitution	substitution absent	A340E	0.0	8593
340	substitution	substitution absent	E340A	0.0	8585
340	substitution	substitution present	A340E	0.0	6
340	substitution	substitution present	E340A	0.0	14
341	site-state	change	no	-0.0003794326517768	5633
341	site-state	change	yes	-0.0014540316247105	20
341	site-state	sera aa	K	0.0	18
341	site-state	sera aa	N	0.000603663098875	7006
341	site-state	virus aa	K	0.0	21
341	site-state	virus aa	N	-2.992595552032805e-05	6393
341	substitution	substitution absent	K341N	0.0	8593
341	substitution	substitution absent	N341K	0.0	8585
341	substitution	substitution present	K341N	0.0	6
341	substitution	substitution present	N341K	0.0	14
342	site-state	change	no	-7.520647565343508e-05	5618
342	site-state	sera aa	G	0.0	7006
342	site-state	virus aa	G	3.650206546092567e-05	6380
343	site-state	change	no	0.0	5618
343	site-state	sera aa	W	0.0	7006
343	site-state	virus aa	W	0.0	6380
344	site-state	change	no	4.8873532200146784e-05	5570
344	site-state	sera aa	E	0.000118371772233	6974
344	site-state	virus aa	E	-0.0001072197311851	6323
345	site-state	change	no	1.1088969401711084e-05	5540
345	site-state	sera aa	G	0.0003521199501806	6898
345	site-state	virus aa	G	0.0001532812678703	6318
346	site-state	change	no	-3.734887167883467e-05	5537
346	site-state	sera aa	M	0.0	6898
346	site-state	virus aa	M	-0.0002515510052571	6313
347	site-state	change	no	-0.0018318777489617	4918
347	site-state	change	yes	0.0182084930308017	610
347	site-state	sera aa	I	0.0026398011323432	534
347	site-state	sera aa	M	0.036247987369487	115
347	site-state	sera aa	V	-0.0008954363532343	6243
347	site-state	virus aa	I	0.0	688
347	site-state	virus aa	M	0.0075372340558467	63
347	site-state	virus aa	V	0.0026344968837387	5556
347	substitution	substitution absent	I347M	0.0	8598
347	substitution	substitution absent	I347V	-0.0004041490251796	8395
347	substitution	substitution absent	M347I	0.0	8598
347	substitution	substitution absent	M347V	-0.0004857095537921	8557
347	substitution	substitution absent	V347I	-0.0008876577795894	8281
347	substitution	substitution absent	V347M	-3.603874316459473e-05	8555
347	substitution	substitution present	I347M	0.0	1
347	substitution	substitution present	I347V	0.0391482665727772	204
347	substitution	substitution present	M347I	0.0	1
347	substitution	substitution present	M347V	0.1226463995058775	42
347	substitution	substitution present	V347I	0.041400051986113	318
347	substitution	substitution present	V347M	-0.0008323311468983	44
348	site-state	change	no	0.0001386978373832	5399
348	site-state	sera aa	D	0.0	6865
348	site-state	virus aa	D	-8.100344598406544e-05	6197
349	site-state	change	no	0.0	5392
349	site-state	sera aa	G	0.0	6859
349	site-state	virus aa	G	-7.726469050739093e-05	6191
350	site-state	change	no	-3.644357739641261e-05	5413
350	site-state	sera aa	W	0.0	6877
350	site-state	virus aa	W	-0.0001094758785703	6212
351	site-state	change	no	0.0001994174265179	5312
351	site-state	change	yes	-0.0040842974437073	19
351	site-state	sera aa	L	0.0	18
351	site-state	sera aa	Y	3.4862582667630845e-05	6807
351	site-state	virus aa	L	0.0	21
351	site-state	virus aa	Y	2.6575870995022585e-05	6091
351	substitution	substitution absent	L351Y	0.0	8593
351	substitution	substitution absent	Y351L	0.0	8586
351	substitution	substitution present	L351Y	0.0	6
351	substitution	substitution present	Y351L	0.0	13
352	site-state	change	no	0.0	5291
352	site-state	sera aa	G	0.0	6825
352	site-state	virus aa	G	0.0	6068
353	site-state	change	no	0.0020878520934762	5270
353	site-state	sera aa	F	0.0	6807
353	site-state	virus aa	F	0.0	6047
354	site-state	change	no	0.0	5242
354	site-state	sera aa	R	-8.205838390331115e-05	6780
354	site-state	virus aa	R	-4.72741940048248e-05	6012
355	site-state	change	no	0.0	5242
355	site-state	sera aa	H	0.0	6780
355	site-state	virus aa	H	0.0	6012
356	site-state	change	no	-0.0015201409376729	5209
356	site-state	change	yes	0.1107411744605063	33
356	site-state	sera aa	L	0.0	9
356	site-state	sera aa	Q	-0.0002667058407223	6771
356	site-state	virus aa	H	0.0	5
356	site-state	virus aa	L	0.0	6
356	site-state	virus aa	Q	3.150932317578185e-05	5985
356	site-state	virus aa	R	0.0	16
356	substitution	substitution absent	L356Q	0.0	8591
356	substitution	substitution absent	Q356H	0.0	8595
356	substitution	substitution absent	Q356L	0.0	8594
356	substitution	substitution absent	Q356R	0.0	8583
356	substitution	substitution present	L356Q	0.0	8
356	substitution	substitution present	Q356H	0.0	4
356	substitution	substitution present	Q356L	0.0	5
356	substitution	substitution present	Q356R	0.0	16
357	site-state	change	no	0.0	5242
357	site-state	sera aa	N	0.0	6780
357	site-state	virus aa	N	0.0	6012
358	site-state	change	no	0.0	5242
358	site-state	sera aa	S	0.0	6780
358	site-state	virus aa	S	0.0	6012
359	site-state	change	no	0.0	5242
359	site-state	sera aa	E	0.0	6780
359	site-state	virus aa	E	0.0	6012
360	site-state	change	no	0.0	5263
360	site-state	sera aa	G	0.0	6798
360	site-state	virus aa	G	0.0	6033
361	site-state	change	no	-0.0362334327398563	4619
361	site-state	change	yes	0.0846790460026161	644
361	site-state	sera aa	I	0.0247767128684121	1611
361	site-state	sera aa	N	0.0	18
361	site-state	sera aa	R	6.125217370493672e-05	1162
361	site-state	sera aa	T	-0.000547557993724	4007
361	site-state	virus aa	I	-0.0060447046925292	1143
361	site-state	virus aa	N	0.0	21
361	site-state	virus aa	R	0.0087945143341414	1237
361	site-state	virus aa	T	-0.0024912579995247	3632
361	substitution	substitution absent	I361R	-0.0076279789511914	8297
361	substitution	substitution absent	I361T	-0.0004338900548428	8526
361	substitution	substitution absent	N361T	0.0	8593
361	substitution	substitution absent	R361I	-0.0007807238449097	8411
361	substitution	substitution absent	T361I	1.431117729554408e-05	8537
361	substitution	substitution absent	T361N	0.0	8586
361	substitution	substitution present	I361R	0.2103889326762072	302
361	substitution	substitution present	I361T	-0.0182485596263117	73
361	substitution	substitution present	N361T	0.0	6
361	substitution	substitution present	R361I	-0.0007436910837204	188
361	substitution	substitution present	T361I	0.0033620607867135	62
361	substitution	substitution present	T361N	0.0	13
362	site-state	change	no	0.0	5263
362	site-state	sera aa	G	0.0	6798
362	site-state	virus aa	G	0.0	6033
363	site-state	change	no	0.0	5242
363	site-state	sera aa	Q	0.0	6780
363	site-state	virus aa	Q	0.0	6012
364	site-state	change	no	0.0	5242
364	site-state	sera aa	A	0.0	6780
364	site-state	virus aa	A	0.0	6012
365	site-state	change	no	0.0	5204
365	site-state	sera aa	A	-7.411516034533699e-05	6746
365	site-state	virus aa	A	4.539478900687108e-05	5964
366	site-state	change	no	0.0	5204
366	site-state	sera aa	D	0.0	6746
366	site-state	virus aa	D	0.0	5964
367	site-state	change	no	0.0	5204
367	site-state	sera aa	L	0.0	6746
367	site-state	virus aa	L	0.0	5964
368	site-state	change	no	0.0	5185
368	site-state	sera aa	K	8.60681755005824e-05	6722
368	site-state	virus aa	K	-7.781063885543939e-05	5930
369	site-state	change	no	-7.362448882979695e-05	5136
369	site-state	sera aa	S	0.0002016397937948	6673
369	site-state	virus aa	S	-2.376134898786309e-05	5855
370	site-state	change	no	0.0	5136
370	site-state	sera aa	T	0.0	6673
370	site-state	virus aa	T	0.0	5855
371	site-state	change	no	0.0	5136
371	site-state	sera aa	Q	0.0	6673
371	site-state	virus aa	Q	0.0	5855
372	site-state	change	no	1.2011239551516872e-05	5109
372	site-state	change	yes	0.0	17
372	site-state	sera aa	A	0.0	6673
372	site-state	virus aa	A	-0.0001094928482037	5820
372	site-state	virus aa	T	0.0	17
372	substitution	substitution absent	A372T	0.0	8582
372	substitution	substitution present	A372T	0.0	17
373	site-state	change	no	0.0	5126
373	site-state	sera aa	A	0.0	6673
373	site-state	virus aa	A	0.0	5837
374	site-state	change	no	-0.0001088536921854	5116
374	site-state	change	yes	0.0	10
374	site-state	sera aa	I	0.0	6673
374	site-state	virus aa	I	0.0	5826
374	site-state	virus aa	T	0.0	11
374	substitution	substitution absent	I374T	0.0	8589
374	substitution	substitution present	I374T	0.0	10
375	site-state	change	no	-0.0073425621783154	4430
375	site-state	change	yes	0.0088244549843824	696
375	site-state	sera aa	D	0.0004485056605331	4383
375	site-state	sera aa	N	-0.0045391887286603	2290
375	site-state	virus aa	D	0.0022220956038521	4285
375	site-state	virus aa	N	-0.0227411590002825	1552
375	substitution	substitution absent	D375N	-0.0006589751759686	8236
375	substitution	substitution absent	N375D	0.0004956883908517	8266
375	substitution	substitution present	D375N	0.0574379009439455	363
375	substitution	substitution present	N375D	-0.0026475924172513	333
376	site-state	change	no	0.0	5126
376	site-state	sera aa	Q	0.0	6673
376	site-state	virus aa	Q	0.0	5837
377	site-state	change	no	0.0	5126
377	site-state	sera aa	I	0.0	6673
377	site-state	virus aa	I	0.0	5837
378	site-state	change	no	5.68930267101343e-05	5129
378	site-state	sera aa	N	0.0	6673
378	site-state	virus aa	N	-9.501284585257337e-06	5842
379	site-state	change	no	0.0007766183184407	5083
379	site-state	change	yes	-0.0850487457135645	46
379	site-state	sera aa	G	-0.000263469858314	6641
379	site-state	sera aa	R	0.0	32
379	site-state	virus aa	G	0.0003818067727963	5825
379	site-state	virus aa	R	0.0	17
379	substitution	substitution absent	G379R	0.0	8584
379	substitution	substitution absent	R379G	0.0004157722486573	8568
379	substitution	substitution present	G379R	0.0	15
379	substitution	substitution present	R379G	-0.1465729986227528	31
380	site-state	change	no	0.0	5126
380	site-state	sera aa	K	0.0	6673
380	site-state	virus aa	K	0.0	5837
381	site-state	change	no	0.0	5126
381	site-state	sera aa	L	0.0	6673
381	site-state	virus aa	L	0.0	5837
382	site-state	change	no	0.0	5126
382	site-state	sera aa	N	0.0	6673
382	site-state	virus aa	N	0.0	5837
383	site-state	change	no	7.448897428027937e-05	5014
383	site-state	change	yes	0.0058662918799264	112
383	site-state	sera aa	K	-0.1646545967598232	49
383	site-state	sera aa	R	-0.000236583982771	6624
383	site-state	virus aa	G	0.0	7
383	site-state	virus aa	K	-0.0537239979057114	61
383	site-state	virus aa	R	-2.40958575001259e-05	5769
383	substitution	substitution absent	K383R	0.007577259286433	8553
383	substitution	substitution absent	R383G	0.0	8592
383	substitution	substitution absent	R383K	0.0012012826646475	8540
383	substitution	substitution present	K383R	-1.6547628392693825	46
383	substitution	substitution present	R383G	0.0	7
383	substitution	substitution present	R383K	-0.0893397008317773	59
384	site-state	change	no	-0.0005465885764832	4568
384	site-state	change	yes	0.0146820285122185	558
384	site-state	sera aa	I	0.0	15
384	site-state	sera aa	L	-0.0007101290671774	5936
384	site-state	sera aa	V	-0.0014856131145297	722
384	site-state	virus aa	I	0.0	23
384	site-state	virus aa	L	0.0005963668682256	5014
384	site-state	virus aa	V	-0.0066936690811462	800
384	substitution	substitution absent	I384L	0.0	8593
384	substitution	substitution absent	I384V	0.0	8592
384	substitution	substitution absent	L384I	0.0	8591
384	substitution	substitution absent	L384V	0.0022494845925371	8309
384	substitution	substitution absent	V384I	0.0	8586
384	substitution	substitution absent	V384L	-6.62737825110462e-05	8365
384	substitution	substitution present	I384L	0.0	6
384	substitution	substitution present	I384V	0.0	7
384	substitution	substitution present	L384I	0.0	8
384	substitution	substitution present	L384V	-0.0569905551921383	290
384	substitution	substitution present	V384I	0.0	13
384	substitution	substitution present	V384L	-0.0117928974629748	234
385	site-state	change	no	-0.0004862575044866	4841
385	site-state	change	yes	0.0419997067115263	285
385	site-state	sera aa	I	0.0005691017743261	6483
385	site-state	sera aa	V	0.0	190
385	site-state	virus aa	I	-1.5698618343677074e-05	5702
385	site-state	virus aa	V	0.0	135
385	substitution	substitution absent	I385V	-0.0011708770856449	8483
385	substitution	substitution absent	V385I	0.0006933841249029	8430
385	substitution	substitution present	I385V	0.1393566971889943	116
385	substitution	substitution present	V385I	-0.0920075081611536	169
386	site-state	change	no	-0.0014864968313712	5019
386	site-state	change	yes	-0.0046085346442672	107
386	site-state	sera aa	E	-0.0023962658738831	3259
386	site-state	sera aa	G	7.743375711371135e-05	3414
386	site-state	virus aa	D	0.0	9
386	site-state	virus aa	E	0.0035580982190554	3020
386	site-state	virus aa	G	-0.0017889907905383	2808
386	substitution	substitution absent	E386D	0.0	8592
386	substitution	substitution absent	E386G	-7.576741584931448e-05	8519
386	substitution	substitution absent	G386E	0.0	8579
386	substitution	substitution present	E386D	0.0	7
386	substitution	substitution present	E386G	0.0697544585224823	80
386	substitution	substitution present	G386E	0.0	20
387	site-state	change	no	0.0	5126
387	site-state	sera aa	K	0.0	6673
387	site-state	virus aa	K	0.0	5837
388	site-state	change	no	0.0	5126
388	site-state	sera aa	T	0.0	6673
388	site-state	virus aa	T	0.0	5837
389	site-state	change	no	0.0	5126
389	site-state	sera aa	N	0.0	6673
389	site-state	virus aa	N	0.0	5837
390	site-state	change	no	-0.0005662205417922	5021
390	site-state	change	yes	0.0067109577064883	105
390	site-state	sera aa	E	0.0003117916291487	6572
390	site-state	sera aa	K	0.0	101
390	site-state	virus aa	E	0.0	5826
390	site-state	virus aa	K	0.0	11
390	substitution	substitution absent	E390K	0.0	8590
390	substitution	substitution absent	K390E	0.001126388367441	8503
390	substitution	substitution present	E390K	0.0	9
390	substitution	substitution present	K390E	-0.0434053495830448	96
391	site-state	change	no	0.0	5126
391	site-state	sera aa	K	0.0	6673
391	site-state	virus aa	K	0.0	5837
392	site-state	change	no	0.0	5126
392	site-state	sera aa	F	0.0	6673
392	site-state	virus aa	F	0.0	5837
393	site-state	change	no	0.0	5126
393	site-state	sera aa	H	0.0	6673
393	site-state	virus aa	H	0.0	5837
394	site-state	change	no	0.0	5126
394	site-state	sera aa	Q	0.0	6673
394	site-state	virus aa	Q	0.0	5837
395	site-state	change	no	0.0	5126
395	site-state	sera aa	I	0.0	6673
395	site-state	virus aa	I	0.0	5837
396	site-state	change	no	0.0	5126
396	site-state	sera aa	E	0.0	6673
396	site-state	virus aa	E	0.0	5837
397	site-state	change	no	0.0	5126
397	site-state	sera aa	K	0.0	6673
397	site-state	virus aa	K	0.0	5837
398	site-state	change	no	0.0	5126
398	site-state	sera aa	E	0.0	6673
398	site-state	virus aa	E	0.0	5837
399	site-state	change	no	0.0	5126
399	site-state	sera aa	F	0.0	6673
399	site-state	virus aa	F	0.0	5837
400	site-state	change	no	0.0	5113
400	site-state	change	yes	0.0	13
400	site-state	sera aa	S	0.0	6673
400	site-state	virus aa	L	0.0	13
400	site-state	virus aa	S	-1.8224952251037185e-05	5824
400	substitution	substitution absent	S400L	0.0	8586
400	substitution	substitution present	S400L	0.0	13
401	site-state	change	no	0.0	5126
401	site-state	sera aa	E	0.0	6673
401	site-state	virus aa	E	0.0	5837
402	site-state	change	no	-7.091059706648834e-05	5027
402	site-state	change	yes	0.0061475910433603	99
402	site-state	sera aa	V	0.0	6673
402	site-state	virus aa	A	0.0	8
402	site-state	virus aa	I	-0.012977684700633	91
402	site-state	virus aa	V	0.0001396209276	5738
402	substitution	substitution absent	V402A	0.0	8591
402	substitution	substitution absent	V402I	0.0039863996154345	8508
402	substitution	substitution present	V402A	0.0	8
402	substitution	substitution present	V402I	-0.3075076740306424	91
403	site-state	change	no	0.0	5126
403	site-state	sera aa	E	0.0	6673
403	site-state	virus aa	E	0.0	5837
404	site-state	change	no	0.0	5148
404	site-state	sera aa	G	0.000119759062491	6691
404	site-state	virus aa	G	0.0	5863
405	site-state	change	no	0.0	5148
405	site-state	sera aa	R	0.0	6691
405	site-state	virus aa	R	0.0	5863
406	site-state	change	no	0.0	5126
406	site-state	sera aa	I	0.0	6673
406	site-state	virus aa	I	0.0	5837
407	site-state	change	no	8.853188028538018e-05	5115
407	site-state	change	yes	0.0	11
407	site-state	sera aa	Q	0.0	6673
407	site-state	virus aa	H	0.0	13
407	site-state	virus aa	Q	3.315208155196953e-05	5824
407	substitution	substitution absent	Q407H	0.0	8588
407	substitution	substitution present	Q407H	0.0	11
408	site-state	change	no	0.0	5113
408	site-state	change	yes	0.0	13
408	site-state	sera aa	D	0.0	6673
408	site-state	virus aa	D	0.0	5824
408	site-state	virus aa	N	0.0	13
408	substitution	substitution absent	D408N	0.0	8586
408	substitution	substitution present	D408N	0.0	13
409	site-state	change	no	0.0	5126
409	site-state	sera aa	L	0.0	6673
409	site-state	virus aa	L	0.0	5837
410	site-state	change	no	0.0	5126
410	site-state	sera aa	E	0.0	6673
410	site-state	virus aa	E	0.0	5837
411	site-state	change	no	0.0	5126
411	site-state	sera aa	K	0.0	6673
411	site-state	virus aa	K	0.0	5837
412	site-state	change	no	0.0	5126
412	site-state	sera aa	Y	0.0	6673
412	site-state	virus aa	Y	0.0	5837
413	site-state	change	no	-0.00113582868771	5049
413	site-state	change	yes	0.0033074422015896	77
413	site-state	sera aa	A	0.1069464090303221	84
413	site-state	sera aa	V	-0.0005054237484225	6589
413	site-state	virus aa	A	0.0	23
413	site-state	virus aa	V	-8.848570466641646e-05	5814
413	substitution	substitution absent	A413V	0.0001105432346841	8538
413	substitution	substitution absent	V413A	0.0	8583
413	substitution	substitution present	A413V	0.0554925523231906	61
413	substitution	substitution present	V413A	0.0	16
414	site-state	change	no	0.0	5126
414	site-state	sera aa	E	0.0	6673
414	site-state	virus aa	E	0.0	5837
415	site-state	change	no	-0.0003413014311256	5120
415	site-state	change	yes	0.0	6
415	site-state	sera aa	D	0.0	6673
415	site-state	virus aa	D	-0.0003255040481488	5831
415	site-state	virus aa	N	0.0	6
415	substitution	substitution absent	D415N	0.0	8593
415	substitution	substitution present	D415N	0.0	6
416	site-state	change	no	-0.001330994563894	5050
416	site-state	change	yes	0.0323618697990088	76
416	site-state	sera aa	I	0.0	112
416	site-state	sera aa	T	-1.565506620402227e-05	6561
416	site-state	virus aa	I	0.0	82
416	site-state	virus aa	T	0.0001013587107853	5755
416	substitution	substitution absent	I416T	-6.096497394129095e-05	8563
416	substitution	substitution absent	T416I	0.0	8559
416	substitution	substitution present	I416T	0.0110052105851018	36
416	substitution	substitution present	T416I	0.0	40
417	site-state	change	no	0.0	5126
417	site-state	sera aa	K	0.0	6673
417	site-state	virus aa	K	0.0	5837
418	site-state	change	no	0.0	5126
418	site-state	sera aa	I	0.0	6673
418	site-state	virus aa	I	0.0	5837
419	site-state	change	no	0.0	5126
419	site-state	sera aa	D	0.0	6673
419	site-state	virus aa	D	0.0	5837
420	site-state	change	no	-0.0001897377031053	5117
420	site-state	change	yes	0.0	9
420	site-state	sera aa	L	0.0	6673
420	site-state	virus aa	I	0.0	9
420	site-state	virus aa	L	0.0	5828
420	substitution	substitution absent	L420I	0.0	8590
420	substitution	substitution present	L420I	0.0	9
421	site-state	change	no	0.0	5126
421	site-state	sera aa	W	0.0	6673
421	site-state	virus aa	W	0.0	5837
422	site-state	change	no	0.0	5126
422	site-state	sera aa	S	0.0	6673
422	site-state	virus aa	S	0.0	5837
423	site-state	change	no	0.0	5126
423	site-state	sera aa	Y	0.0	6673
423	site-state	virus aa	Y	0.0	5837
424	site-state	change	no	0.0	5126
424	site-state	sera aa	N	0.0	6673
424	site-state	virus aa	N	0.0	5837
425	site-state	change	no	0.0	5126
425	site-state	sera aa	A	0.0	6673
425	site-state	virus aa	A	0.0	5837
426	site-state	change	no	-0.0005864855312281	5004
426	site-state	change	yes	0.0116087153750642	122
426	site-state	sera aa	E	-0.0006505692696434	6607
426	site-state	sera aa	G	0.0	66
426	site-state	virus aa	E	0.0001416970522671	5773
426	site-state	virus aa	G	-0.1961857170431518	64
426	substitution	substitution absent	E426G	0.0034687941064406	8539
426	substitution	substitution absent	G426E	-0.0004200904278162	8537
426	substitution	substitution present	E426G	-0.3622414774746848	60
426	substitution	substitution present	G426E	0.0250337952838167	62
427	site-state	change	no	0.0	5126
427	site-state	sera aa	L	0.0	6673
427	site-state	virus aa	L	0.0	5837
428	site-state	change	no	-0.0005244010841122	5113
428	site-state	change	yes	0.0	13
428	site-state	sera aa	L	0.0	6673
428	site-state	virus aa	I	0.0	13
428	site-state	virus aa	L	6.42465152584385e-05	5824
428	substitution	substitution absent	L428I	0.0	8586
428	substitution	substitution present	L428I	0.0	13
429	site-state	change	no	0.0	5126
429	site-state	sera aa	V	0.0	6673
429	site-state	virus aa	V	0.0	5837
430	site-state	change	no	0.0	5126
430	site-state	sera aa	A	0.0	6673
430	site-state	virus aa	A	0.0	5837
431	site-state	change	no	0.0	5126
431	site-state	sera aa	L	0.0	6673
431	site-state	virus aa	L	0.0	5837
432	site-state	change	no	0.0	5126
432	site-state	sera aa	E	0.0	6673
432	site-state	virus aa	E	0.0	5837
433	site-state	change	no	0.0	5126
433	site-state	sera aa	N	0.0	6673
433	site-state	virus aa	N	0.0	5837
434	site-state	change	no	0.0	5126
434	site-state	sera aa	Q	0.0	6673
434	site-state	virus aa	Q	0.0	5837
435	site-state	change	no	7.279149935004795e-05	5077
435	site-state	change	yes	-0.0042532002374071	49
435	site-state	sera aa	H	4.915413757491987e-05	6638
435	site-state	sera aa	Y	0.0	35
435	site-state	virus aa	H	0.0019995515914441	5815
435	site-state	virus aa	Y	0.0	22
435	substitution	substitution absent	H435Y	0.0	8582
435	substitution	substitution absent	Y435H	0.0003958694036428	8567
435	substitution	substitution present	H435Y	0.0	17
435	substitution	substitution present	Y435H	-0.0690578645088117	32
436	site-state	change	no	0.0	5126
436	site-state	sera aa	T	0.0	6673
436	site-state	virus aa	T	0.0	5837
437	site-state	change	no	0.0	5126
437	site-state	sera aa	I	0.0	6673
437	site-state	virus aa	I	0.0	5837
438	site-state	change	no	0.0	5126
438	site-state	sera aa	D	0.0	6673
438	site-state	virus aa	D	0.0	5837
439	site-state	change	no	0.0002784990160953	5042
439	site-state	change	yes	0.0010679987423067	84
439	site-state	sera aa	L	0.0001248741870679	6602
439	site-state	sera aa	M	-0.0782073446503167	71
439	site-state	virus aa	L	0.0	5814
439	site-state	virus aa	M	0.0	23
439	substitution	substitution absent	L439M	9.456155022142297e-05	8579
439	substitution	substitution absent	M439L	0.0026382383110403	8535
439	substitution	substitution present	L439M	0.0	20
439	substitution	substitution present	M439L	-0.4821812230511593	64
440	site-state	change	no	0.0	5126
440	site-state	sera aa	T	0.0	6673
440	site-state	virus aa	T	0.0	5837
441	site-state	change	no	0.0	5126
441	site-state	sera aa	D	0.0	6673
441	site-state	virus aa	D	0.0	5837
442	site-state	change	no	0.000137825668137	5086
442	site-state	change	yes	-0.0156212734457379	40
442	site-state	sera aa	A	-0.0008453527844874	23
442	site-state	sera aa	S	-0.0007022404638675	6650
442	site-state	virus aa	A	0.0	22
442	site-state	virus aa	S	0.0002143823322781	5815
442	substitution	substitution absent	A442S	0.0	8578
442	substitution	substitution absent	S442A	0.0	8580
442	substitution	substitution present	A442S	0.0	21
442	substitution	substitution present	S442A	0.0	19
443	site-state	change	no	0.0	5126
443	site-state	sera aa	E	0.0	6673
443	site-state	virus aa	E	0.0	5837
444	site-state	change	no	0.0	5126
444	site-state	sera aa	M	0.0	6673
444	site-state	virus aa	M	0.0	5837
445	site-state	change	no	-0.0003321315853553	5111
445	site-state	change	yes	0.0	15
445	site-state	sera aa	N	0.0	6673
445	site-state	virus aa	N	-0.0002847598996634	5821
445	site-state	virus aa	S	0.0	16
445	substitution	substitution absent	N445S	0.0	8584
445	substitution	substitution present	N445S	0.0	15
446	site-state	change	no	0.0	5126
446	site-state	sera aa	K	0.0	6673
446	site-state	virus aa	K	0.0	5837
447	site-state	change	no	0.0	5126
447	site-state	sera aa	L	0.0	6673
447	site-state	virus aa	L	0.0	5837
448	site-state	change	no	0.0	5126
448	site-state	sera aa	F	0.0	6673
448	site-state	virus aa	F	0.0	5837
449	site-state	change	no	0.0	5126
449	site-state	sera aa	E	0.0	6673
449	site-state	virus aa	E	0.0	5837
450	site-state	change	no	-0.0140198634792734	4114
450	site-state	change	yes	0.0440876177784648	1012
450	site-state	sera aa	K	0.0007049467582651	3794
450	site-state	sera aa	R	-0.0090803149952943	2879
450	site-state	virus aa	G	0.0	11
450	site-state	virus aa	K	0.0003464250047896	3806
450	site-state	virus aa	R	3.925967114846119e-05	2020
450	substitution	substitution absent	K450G	0.0	8595
450	substitution	substitution absent	K450R	-0.0091653536171061	8138
450	substitution	substitution absent	R450G	0.0	8592
450	substitution	substitution absent	R450K	-0.0126157924560846	8059
450	substitution	substitution present	K450G	0.0	4
450	substitution	substitution present	K450R	0.0490233388836398	461
450	substitution	substitution present	R450G	0.0	7
450	substitution	substitution present	R450K	0.1055352022116547	540
451	site-state	change	no	0.0	5126
451	site-state	sera aa	T	0.0	6673
451	site-state	virus aa	T	0.0	5837
452	site-state	change	no	-0.0100410013382544	5030
452	site-state	change	yes	0.0682406925189105	96
452	site-state	sera aa	K	0.0006759532068768	3605
452	site-state	sera aa	R	-0.0088732158892002	3068
452	site-state	virus aa	K	3.668038653419449e-05	2880
452	site-state	virus aa	R	0.0	2957
452	substitution	substitution absent	K452R	8.935294888789968e-06	8575
452	substitution	substitution absent	R452K	-5.734633645789875e-05	8527
452	substitution	substitution present	K452R	-0.0023891640631306	24
452	substitution	substitution present	R452K	0.0194496699137393	72
453	site-state	change	no	-0.0021676681423893	4592
453	site-state	change	yes	0.0442115978966561	534
453	site-state	sera aa	K	0.0014850372820918	6042
453	site-state	sera aa	R	0.0	631
453	site-state	virus aa	K	-0.0007754882132722	5063
453	site-state	virus aa	R	0.0136968293554958	774
453	substitution	substitution absent	K453R	-0.0029231743549562	8277
453	substitution	substitution absent	R453K	0.0006185609907277	8387
453	substitution	substitution present	K453R	0.1368388020807534	322
453	substitution	substitution present	R453K	-0.020911630698623	212
454	site-state	change	no	0.0	5126
454	site-state	sera aa	Q	0.0	6673
454	site-state	virus aa	Q	0.0	5837
455	site-state	change	no	0.0	5126
455	site-state	sera aa	L	0.0	6673
455	site-state	virus aa	L	0.0	5837
456	site-state	change	no	0.0	5126
456	site-state	sera aa	R	0.0	6673
456	site-state	virus aa	R	0.0	5837
457	site-state	change	no	0.0	5126
457	site-state	sera aa	E	0.0	6673
457	site-state	virus aa	E	0.0	5837
458	site-state	change	no	0.0	5126
458	site-state	sera aa	N	0.0	6673
458	site-state	virus aa	N	0.0	5837
459	site-state	change	no	0.0	5126
459	site-state	sera aa	A	0.0	6673
459	site-state	virus aa	A	0.0	5837
460	site-state	change	no	0.0	5126
460	site-state	sera aa	E	0.0	6673
460	site-state	virus aa	E	0.0	5837
461	site-state	change	no	0.0	5126
461	site-state	sera aa	D	0.0	6673
461	site-state	virus aa	D	0.0	5837
462	site-state	change	no	0.0	5126
462	site-state	sera aa	M	0.0	6673
462	site-state	virus aa	M	0.0	5837
463	site-state	change	no	0.0	5126
463	site-state	sera aa	G	0.0	6673
463	site-state	virus aa	G	0.0	5837
464	site-state	change	no	0.0	5126
464	site-state	sera aa	N	0.0	6673
464	site-state	virus aa	N	0.0	5837
465	site-state	change	no	0.0	5126
465	site-state	sera aa	G	0.0	6673
465	site-state	virus aa	G	0.0	5837
466	site-state	change	no	0.0	5126
466	site-state	sera aa	C	0.0	6673
466	site-state	virus aa	C	0.0	5837
467	site-state	change	no	0.0	5126
467	site-state	sera aa	F	0.0	6673
467	site-state	virus aa	F	0.0	5837
468	site-state	change	no	-0.0013522856792564	5038
468	site-state	change	yes	0.0311994084580996	88
468	site-state	sera aa	K	-0.0031202598048076	6602
468	site-state	sera aa	R	0.0	71
468	site-state	virus aa	K	4.053367623067432e-05	5810
468	site-state	virus aa	R	0.0	27
468	substitution	substitution absent	K468R	4.829586859009269e-05	8576
468	substitution	substitution absent	R468K	0.0018826451727739	8534
468	substitution	substitution present	K468R	0.0	23
468	substitution	substitution present	R468K	-0.2772342349823868	65
469	site-state	change	no	0.0	5126
469	site-state	sera aa	I	0.0	6673
469	site-state	virus aa	I	0.0	5837
470	site-state	change	no	0.0	5126
470	site-state	sera aa	Y	0.0	6673
470	site-state	virus aa	Y	0.0	5837
471	site-state	change	no	0.0	5126
471	site-state	sera aa	H	0.0	6673
471	site-state	virus aa	H	0.0	5837
472	site-state	change	no	-2.2536508936106236e-05	5094
472	site-state	change	yes	0.0	32
472	site-state	sera aa	K	0.0	6673
472	site-state	virus aa	K	3.669180820840069e-05	5805
472	site-state	virus aa	R	0.0	32
472	substitution	substitution absent	K472R	0.0001469750812434	8567
472	substitution	substitution present	K472R	0.0123714128960104	32
473	site-state	change	no	0.0	5126
473	site-state	sera aa	C	0.0	6673
473	site-state	virus aa	C	0.0	5837
474	site-state	change	no	0.0	5126
474	site-state	sera aa	D	0.0	6673
474	site-state	virus aa	D	0.0	5837
475	site-state	change	no	0.0	5126
475	site-state	sera aa	N	0.0	6673
475	site-state	virus aa	N	0.0	5837
476	site-state	change	no	-0.0004597931277228	5104
476	site-state	change	yes	0.0	22
476	site-state	sera aa	A	0.0	6673
476	site-state	virus aa	A	0.0	5815
476	site-state	virus aa	V	0.0	22
476	substitution	substitution absent	A476V	-0.0002806326469281	8577
476	substitution	substitution present	A476V	0.0	22
477	site-state	change	no	0.0	5126
477	site-state	sera aa	C	0.0	6673
477	site-state	virus aa	C	0.0	5837
478	site-state	change	no	0.0	5126
478	site-state	sera aa	I	0.0	6673
478	site-state	virus aa	I	0.0	5837
479	site-state	change	no	-0.0007571706221392	4774
479	site-state	change	yes	0.0030787384048877	352
479	site-state	sera aa	E	0.0038475798578895	467
479	site-state	sera aa	G	-0.0010995674586477	6206
479	site-state	virus aa	E	-0.011874248740635	361
479	site-state	virus aa	G	0.0005711643750545	5476
479	substitution	substitution absent	E479G	-0.0002480107164278	8455
479	substitution	substitution absent	G479E	0.0002531873735489	8391
479	substitution	substitution present	E479G	0.0427840320802713	144
479	substitution	substitution present	G479E	0.015829283034843	208
480	site-state	change	no	0.0	5126
480	site-state	sera aa	S	0.0	6673
480	site-state	virus aa	S	0.0	5837
481	site-state	change	no	0.0	5126
481	site-state	sera aa	I	0.0	6673
481	site-state	virus aa	I	0.0	5837
482	site-state	change	no	0.0	5126
482	site-state	sera aa	R	0.0	6673
482	site-state	virus aa	R	0.0	5837
483	site-state	change	no	0.0	5126
483	site-state	sera aa	N	0.0	6673
483	site-state	virus aa	N	0.0	5837
484	site-state	change	no	0.0	5126
484	site-state	sera aa	G	0.0	6673
484	site-state	virus aa	G	0.0	5837
485	site-state	change	no	3.119851742069352e-05	5026
485	site-state	change	yes	-0.0026261962166959	100
485	site-state	sera aa	N	0.0	74
485	site-state	sera aa	T	-6.3338988964422e-05	6599
485	site-state	virus aa	N	0.0	34
485	site-state	virus aa	T	0.0003122210704255	5803
485	substitution	substitution absent	N485T	0.0021322052868929	8530
485	substitution	substitution absent	T485N	1.5109596372170209e-06	8568
485	substitution	substitution present	N485T	-0.2853872653878317	69
485	substitution	substitution present	T485N	0.0	31
486	site-state	change	no	0.0	5126
486	site-state	sera aa	Y	0.0	6673
486	site-state	virus aa	Y	0.0	5837
487	site-state	change	no	-0.0008641275685504	4702
487	site-state	change	yes	-0.0044635340068614	424
487	site-state	sera aa	A	-0.0113238031254373	92
487	site-state	sera aa	D	0.0016968108655087	6508
487	site-state	sera aa	N	-0.1677630201988723	73
487	site-state	virus aa	A	0.0	73
487	site-state	virus aa	D	-0.0001686785817265	5513
487	site-state	virus aa	N	0.0223474995469422	251
487	substitution	substitution absent	A487D	0.0002160209862706	8528
487	substitution	substitution absent	A487N	0.0	8597
487	substitution	substitution absent	D487A	-0.0002380834266638	8536
487	substitution	substitution absent	D487N	-0.0015627323712779	8370
487	substitution	substitution absent	N487D	0.0018825540614084	8540
487	substitution	substitution present	A487D	-0.0036064438227804	71
487	substitution	substitution present	A487N	0.0	2
487	substitution	substitution present	D487A	0.0	63
487	substitution	substitution present	D487N	0.094059052867413	229
487	substitution	substitution present	N487D	-0.2084472743802861	59
488	site-state	change	no	0.0	5126
488	site-state	sera aa	H	0.0	6673
488	site-state	virus aa	H	0.0	5837
489	site-state	change	no	-0.0058919900039342	4698
489	site-state	change	yes	0.0332382151386995	428
489	site-state	sera aa	D	0.0019265452887465	6366
489	site-state	sera aa	N	-0.0848219317631577	307
489	site-state	virus aa	D	0.0014350864256933	5587
489	site-state	virus aa	G	0.0	8
489	site-state	virus aa	N	-0.1288997010071054	242
489	substitution	substitution absent	D489G	0.0	8594
489	substitution	substitution absent	D489N	0.002268565759096	8410
489	substitution	substitution absent	N489D	-0.001883286241726	8366
489	substitution	substitution absent	N489G	0.0	8598
489	substitution	substitution present	D489G	0.0	5
489	substitution	substitution present	D489N	-0.0459197763655111	189
489	substitution	substitution present	N489D	0.0756595377921229	233
489	substitution	substitution present	N489G	0.0	1
490	site-state	change	no	-0.0001378110243445	5120
490	site-state	change	yes	0.0	6
490	site-state	sera aa	V	0.0	6673
490	site-state	virus aa	A	0.0	8
490	site-state	virus aa	V	0.0	5829
490	substitution	substitution absent	V490A	0.0	8593
490	substitution	substitution present	V490A	0.0	6
491	site-state	change	no	0.0	5126
491	site-state	sera aa	Y	0.0	6673
491	site-state	virus aa	Y	0.0	5837
492	site-state	change	no	0.0	5126
492	site-state	sera aa	R	0.0	6673
492	site-state	virus aa	R	0.0	5837
493	site-state	change	no	0.0	5126
493	site-state	sera aa	D	0.0	6673
493	site-state	virus aa	D	0.0	5837
494	site-state	change	no	0.0	5126
494	site-state	sera aa	E	0.0	6673
494	site-state	virus aa	E	0.0	5837
495	site-state	change	no	0.0	5126
495	site-state	sera aa	A	0.0	6673
495	site-state	virus aa	A	0.0	5837
496	site-state	change	no	0.0	5121
496	site-state	change	yes	0.0	5
496	site-state	sera aa	L	0.0	6673
496	site-state	virus aa	L	-0.0002856024733183	5831
496	site-state	virus aa	V	0.0	6
496	substitution	substitution absent	L496V	0.0	8594
496	substitution	substitution present	L496V	0.0	5
497	site-state	change	no	0.0	5126
497	site-state	sera aa	N	0.0	6673
497	site-state	virus aa	N	0.0	5837
498	site-state	change	no	0.0	5126
498	site-state	sera aa	N	0.0	6673
498	site-state	virus aa	N	0.0	5837
499	site-state	change	no	0.0	5126
499	site-state	sera aa	R	0.0	6673
499	site-state	virus aa	R	0.0	5837
500	site-state	change	no	0.0	5126
500	site-state	sera aa	F	0.0	6673
500	site-state	virus aa	F	0.0	5837
501	site-state	change	no	0.0	5126
501	site-state	sera aa	Q	0.0	6673
501	site-state	virus aa	Q	0.0	5837
502	site-state	change	no	0.0	5126
502	site-state	sera aa	I	0.0	6673
502	site-state	virus aa	I	0.0	5837
503	site-state	change	no	0.0	5126
503	site-state	sera aa	K	0.0	6673
503	site-state	virus aa	K	0.0	5837
504	site-state	change	no	0.0	5126
504	site-state	sera aa	G	0.0	6673
504	site-state	virus aa	G	0.0	5837
505	site-state	change	no	0.0	5126
505	site-state	sera aa	V	0.0	6673
505	site-state	virus aa	V	0.0	5837
506	site-state	change	no	0.0	5126
506	site-state	sera aa	E	0.0	6673
506	site-state	virus aa	E	0.0	5837
507	site-state	change	no	0.0	5126
507	site-state	sera aa	L	0.0	6673
507	site-state	virus aa	L	0.0	5837
508	site-state	change	no	0.0	5126
508	site-state	sera aa	K	0.0	6673
508	site-state	virus aa	K	0.0	5837
509	site-state	change	no	0.0	5126
509	site-state	sera aa	S	0.0	6673
509	site-state	virus aa	S	0.0	5837
510	site-state	change	no	0.0	5126
510	site-state	sera aa	G	0.0	6673
510	site-state	virus aa	G	0.0	5837
511	site-state	change	no	0.0	5126
511	site-state	sera aa	Y	0.0	6673
511	site-state	virus aa	Y	0.0	5837
512	site-state	change	no	0.0	5126
512	site-state	sera aa	K	0.0	6673
512	site-state	virus aa	K	0.0	5837
513	site-state	change	no	-1.4200223996138755e-05	5113
513	site-state	change	yes	0.0	13
513	site-state	sera aa	D	0.0	6673
513	site-state	virus aa	D	3.085896777515137e-05	5824
513	site-state	virus aa	E	0.0	13
513	substitution	substitution absent	D513E	0.0	8586
513	substitution	substitution present	D513E	0.0	13
514	site-state	change	no	0.0	5126
514	site-state	sera aa	W	0.0	6673
514	site-state	virus aa	W	0.0	5837
515	site-state	change	no	-0.0001788257191664	5093
515	site-state	change	yes	0.0151842819473242	33
515	site-state	sera aa	F	0.0	22
515	site-state	sera aa	I	-0.0002002729175469	6651
515	site-state	virus aa	F	0.0	11
515	site-state	virus aa	I	-0.0003029084081115	5815
515	site-state	virus aa	L	0.0	11
515	substitution	substitution absent	F515I	0.0	8586
515	substitution	substitution absent	I515F	0.0	8590
515	substitution	substitution absent	I515L	0.0	8588
515	substitution	substitution present	F515I	0.0	13
515	substitution	substitution present	I515F	0.0	9
515	substitution	substitution present	I515L	0.0	11
516	site-state	change	no	0.0	5126
516	site-state	sera aa	L	0.0	6673
516	site-state	virus aa	L	0.0	5837
517	site-state	change	no	0.0	5126
517	site-state	sera aa	W	0.0	6673
517	site-state	virus aa	W	0.0	5837
518	site-state	change	no	0.0	5126
518	site-state	sera aa	I	0.0	6673
518	site-state	virus aa	I	0.0	5837
519	site-state	change	no	0.0	5126
519	site-state	sera aa	S	0.0	6673
519	site-state	virus aa	S	0.0	5837
520	site-state	change	no	0.0	5117
520	site-state	change	yes	0.0	9
520	site-state	sera aa	F	0.0	6673
520	site-state	virus aa	F	0.0	5828
520	site-state	virus aa	L	0.0	9
520	substitution	substitution absent	F520L	0.0	8590
520	substitution	substitution present	F520L	0.0	9
521	site-state	change	no	0.0	5126
521	site-state	sera aa	A	0.0	6673
521	site-state	virus aa	A	0.0	5837
522	site-state	change	no	-0.0007964931240095	5078
522	site-state	change	yes	0.0730003520454331	48
522	site-state	sera aa	I	-7.42666913504434e-06	6664
522	site-state	sera aa	T	0.0	9
522	site-state	virus aa	I	-0.0003845965547616	5793
522	site-state	virus aa	T	0.0400615229817646	44
522	substitution	substitution absent	I522T	-0.0008728285713019	8559
522	substitution	substitution absent	T522I	0.0	8591
522	substitution	substitution present	I522T	0.0681845723363357	40
522	substitution	substitution present	T522I	0.0	8
523	site-state	change	no	0.0	5126
523	site-state	sera aa	S	0.0	6673
523	site-state	virus aa	S	0.0	5837
524	site-state	change	no	0.0	5126
524	site-state	sera aa	C	0.0	6673
524	site-state	virus aa	C	0.0	5837
525	site-state	change	no	0.0	5126
525	site-state	sera aa	F	0.0	6673
525	site-state	virus aa	F	0.0	5837
526	site-state	change	no	0.0	5126
526	site-state	sera aa	L	0.0	6673
526	site-state	virus aa	L	0.0	5837
527	site-state	change	no	0.0	5113
527	site-state	change	yes	0.0	13
527	site-state	sera aa	L	0.0	6673
527	site-state	virus aa	F	0.0	13
527	site-state	virus aa	L	0.0	5824
527	substitution	substitution absent	L527F	0.0	8586
527	substitution	substitution present	L527F	0.0	13
528	site-state	change	no	0.0	5126
528	site-state	sera aa	C	0.0	6673
528	site-state	virus aa	C	0.0	5837
529	site-state	change	no	0.0007076376486563	4983
529	site-state	change	yes	-0.0587998467790846	143
529	site-state	sera aa	F	0.0385902364082062	65
529	site-state	sera aa	I	0.0	16
529	site-state	sera aa	V	-0.0005514299341428	6592
529	site-state	virus aa	F	0.0	30
529	site-state	virus aa	I	-0.1188409169994633	50
529	site-state	virus aa	V	0.0003654026108624	5757
529	substitution	substitution absent	F529V	-0.0004523488412708	8537
529	substitution	substitution absent	I529V	0.0	8587
529	substitution	substitution absent	V529F	0.0028857777329973	8571
529	substitution	substitution absent	V529I	0.0007255027420206	8558
529	substitution	substitution present	F529V	0.1039618065793379	62
529	substitution	substitution present	I529V	0.0	12
529	substitution	substitution present	V529F	0.0	28
529	substitution	substitution present	V529I	-0.3219992091906158	41
530	site-state	change	no	0.0012053782650314	4848
530	site-state	change	yes	-0.0048458756022944	278
530	site-state	sera aa	A	0.0025404545052	3144
530	site-state	sera aa	V	-0.0181941829139896	3529
530	site-state	virus aa	A	0.0064647105560554	2612
530	site-state	virus aa	I	0.0	6
530	site-state	virus aa	V	-0.0045058303202526	3219
530	substitution	substitution absent	A530V	0.0017166481471151	8484
530	substitution	substitution absent	V530A	2.1892422703748272e-05	8441
530	substitution	substitution absent	V530I	0.0	8594
530	substitution	substitution present	A530V	-0.3142562976963189	115
530	substitution	substitution present	V530A	0.0127187925925875	158
530	substitution	substitution present	V530I	0.0	5
531	site-state	change	no	0.0	5126
531	site-state	sera aa	L	0.0	6673
531	site-state	virus aa	L	0.0	5837
532	site-state	change	no	0.0	5126
532	site-state	sera aa	L	0.0	6673
532	site-state	virus aa	L	0.0	5837
533	site-state	change	no	0.0	5126
533	site-state	sera aa	G	0.0	6673
533	site-state	virus aa	G	0.0	5837
534	site-state	change	no	0.0	5111
534	site-state	change	yes	0.0	15
534	site-state	sera aa	F	0.0	6673
534	site-state	virus aa	F	2.101605148620872e-05	5820
534	site-state	virus aa	V	0.0	17
534	substitution	substitution absent	F534V	0.0	8584
534	substitution	substitution present	F534V	0.0	15
535	site-state	change	no	0.0	5126
535	site-state	sera aa	I	0.0	6673
535	site-state	virus aa	I	0.0	5837
536	site-state	change	no	0.0	5126
536	site-state	sera aa	M	0.0	6673
536	site-state	virus aa	M	0.0	5837
537	site-state	change	no	0.0	5126
537	site-state	sera aa	W	0.0	6673
537	site-state	virus aa	W	0.0	5837
538	site-state	change	no	0.0	5126
538	site-state	sera aa	A	0.0	6673
538	site-state	virus aa	A	0.0	5837
539	site-state	change	no	0.0	5126
539	site-state	sera aa	C	0.0	6673
539	site-state	virus aa	C	0.0	5837
540	site-state	change	no	0.0	5126
540	site-state	sera aa	Q	0.0	6673
540	site-state	virus aa	Q	0.0	5837
541	site-state	change	no	4.1734738416968295e-05	4926
541	site-state	change	yes	-0.0043671716450796	200
541	site-state	sera aa	K	-0.0006393916456423	6584
541	site-state	sera aa	R	0.0	89
541	site-state	virus aa	K	0.0003843431645833	5684
541	site-state	virus aa	R	-0.0022005446616096	153
541	substitution	substitution absent	K541R	-0.0005947293506105	8472
541	substitution	substitution absent	R541K	4.877020596819209e-06	8526
541	substitution	substitution present	K541R	0.1030499902026504	127
541	substitution	substitution present	R541K	-0.0018630866408703	73
542	site-state	change	no	0.0	5126
542	site-state	sera aa	G	0.0	6673
542	site-state	virus aa	G	0.0	5837
543	site-state	change	no	0.0	5126
543	site-state	sera aa	N	0.0	6673
543	site-state	virus aa	N	0.0	5837
544	site-state	change	no	0.0	5126
544	site-state	sera aa	I	0.0	6673
544	site-state	virus aa	I	0.0	5837
545	site-state	change	no	0.0	5126
545	site-state	sera aa	R	0.0	6673
545	site-state	virus aa	R	0.0	5837
546	site-state	change	no	0.0	5120
546	site-state	sera aa	C	0.0	6673
546	site-state	virus aa	C	0.0	5829
547	site-state	change	no	0.0030729773833622	5114
547	site-state	change	yes	0.0	6
547	site-state	sera aa	N	0.0	6673
547	site-state	virus aa	N	0.0	5823
547	site-state	virus aa	S	0.0	6
547	substitution	substitution absent	N547S	0.0	8593
547	substitution	substitution present	N547S	0.0	6
548	site-state	change	no	-1.8760719130849087e-05	5115
548	site-state	sera aa	I	0.0	6673
548	site-state	virus aa	I	-3.494308821938624e-05	5824
549	site-state	change	no	0.0	5115
549	site-state	sera aa	C	0.0	6673
549	site-state	virus aa	C	0.0	5824
550	site-state	change	no	0.0	5115
550	site-state	sera aa	I	0.0	6673
550	site-state	virus aa	I	0.0	5824
